isin,as_of,mix
INE002A07809,30/06/2026,"Insurance 81%, PF/Pension 18%, MF 1.1%, Corporates 0.1%, Trusts 0.1%"
INE002A08534,30/06/2026,"Govt 44%, PF/Pension 23%, Insurance 17%, MF 7.4%, Banks 6%, Trusts 1.4%, others 0.6%"
INE002A08542,30/06/2026,"MF 43%, PF/Pension 36%, Insurance 12%, Trusts 6%, FPI 3%, Corporates 0.2%"
INE002A08567,30/06/2026,"PF/Pension 43%, MF 30%, Govt 10%, Insurance 10%, Banks 3.7%, FPI 1.8%, others 1.9%"
INE002A08690,30/06/2026,"Insurance 75%, MF 25%"
INE002L08010,30/06/2026,"Banks 96%, Corporates 2.5%, Insurance 1%"
INE003L07200,30/06/2026,"AIF 47%, Corporates 30%, Individuals 23%"
INE00DJ07052,30/06/2026,"Corporates 60%, Individuals 40%, NRIs 0.2%"
INE00GW07017,30/06/2026,"Corporates 99%, AIF 0.9%"
INE00K807019,30/06/2026,"AIF 83%, Corporates 12%, Individuals 5%"
INE00MX08086,30/06/2026,"Individuals 72%, Corporates 27%, NRIs 0.7%"
INE00V208124,30/06/2026,"MF 88%, Banks 6.2%, NBFC 6.2%"
INE00V208132,30/06/2026,MF 100%
INE00V208140,30/06/2026,"Banks 49%, MF 31%, Insurance 20%"
INE00XL07015,30/06/2026,"Banks 62%, Individuals 25%, Corporates 13%, NRIs 0.1%"
INE010A08156,30/06/2026,MF 100%
INE012I07090,30/06/2026,MF 100%
INE012I07108,30/06/2026,MF 100%
INE012I07116,30/06/2026,MF 100%
INE013A078S5,30/06/2026,"FPI 81%, Corporates 9.4%, AIF 8.9%, Individuals 0.5%"
INE013U08018,30/06/2026,MF 100%
INE013U08026,30/06/2026,MF 100%
INE016A08021,30/06/2026,"MF 60%, Banks 30%, Insurance 10%"
INE016P07211,30/06/2026,"Trusts 51%, Individuals 32%, Corporates 16%"
INE018A08BE9,30/06/2026,"PF/Pension 38%, MF 29%, Insurance 23%, Banks 10%"
INE018A08BF6,30/06/2026,"Insurance 74%, MF 26%, FPI 0.3%"
INE018E08367,30/06/2026,"Trusts 54%, PF/Pension 28%, Insurance 12%, Corporates 5%, Banks 0.6%, Govt 0.4%, others 0.4%"
INE019A08058,30/06/2026,"Insurance 55%, MF 40%, Banks 5%"
INE01A207146,30/06/2026,MF 100%
INE01A207179,30/06/2026,MF 100%
INE01A207187,30/06/2026,MF 100%
INE01A207195,30/06/2026,MF 100%
INE01A207203,30/06/2026,MF 100%
INE01AI07025,30/06/2026,MF 100%
INE01AI07033,30/06/2026,MF 100%
INE01EQ07095,30/06/2026,MF 100%
INE01EQ07103,30/06/2026,MF 100%
INE01HV07528,30/06/2026,"Corporates 65%, Individuals 34%, AIF 0.8%, NRIs 0.6%"
INE01HV07536,30/06/2026,"Corporates 48%, Individuals 46%, NRIs 3.9%, AIF 1.4%"
INE01HV07551,30/06/2026,"Individuals 52%, Corporates 39%, AIF 6.8%, NBFC 2.2%"
INE01HV07569,30/06/2026,"Corporates 77%, Individuals 23%"
INE01HV07577,30/06/2026,"Banks 67%, Corporates 12%, AIF 11%, Individuals 10%"
INE01HV07593,30/06/2026,"Individuals 59%, Banks 33%, Corporates 7.7%, NRIs 0.1%"
INE01HV07601,30/06/2026,"Individuals 55%, Corporates 25%, AIF 20%"
INE01HV07619,30/06/2026,"Corporates 94%, Individuals 5.9%"
INE01HV07627,30/06/2026,"Corporates 54%, Individuals 26%, AIF 19%, NRIs 0.2%"
INE01HV07635,30/06/2026,"Corporates 60%, Individuals 21%, Insurance 19%"
INE01MM08012,30/06/2026,"Trusts 59%, PF/Pension 37%, MF 2.1%, Corporates 1.2%, Individuals 0.1%"
INE01QP08016,30/06/2026,MF 100%
INE01R507058,30/06/2026,"Corporates 85%, Individuals 15%"
INE01R507066,30/06/2026,"Corporates 97%, Individuals 3.3%"
INE01R507074,30/06/2026,"NBFC 75%, Corporates 25%"
INE01TY08012,30/06/2026,"PF/Pension 50%, Corporates 26%, Trusts 19%, Govt 4%, Individuals 0.8%"
INE01WN07128,30/06/2026,"MF 85%, Corporates 15%"
INE01WN07136,30/06/2026,"Corporates 72%, MF 23%, Individuals 4.4%"
INE01XX07034,30/06/2026,"MF 75%, Insurance 15%, Banks 11%"
INE01XX07042,30/06/2026,"MF 95%, Banks 5%"
INE01XX07059,30/06/2026,MF 100%
INE01YL07326,30/06/2026,"Corporates 54%, Individuals 37%, AIF 8.3%, NBFC 0.5%, Clearing members 0.1%"
INE01YL07375,30/06/2026,"NBFC 60%, Individuals 21%, Corporates 19%"
INE01YL07391,30/06/2026,"Individuals 73%, Corporates 24%, AIF 1.8%, NRIs 0.7%, NBFC 0.2%, Clearing members 0.1%"
INE01YL07409,30/06/2026,"Individuals 59%, Corporates 33%, Clearing members 4.3%, AIF 3.3%, NRIs 0.3%"
INE01YL07417,30/06/2026,"Corporates 41%, Individuals 31%, AIF 14%, FPI 6.6%, Trusts 4.1%, NBFC 1.9%, others 0.8%"
INE01YL07433,30/06/2026,"Corporates 57%, AIF 26%, Individuals 11%, Clearing members 6.2%"
INE01YL07441,30/06/2026,"Corporates 57%, AIF 25%, Individuals 15%, Clearing members 2.5%, NBFC 0.2%, NRIs 0.1%"
INE01YL07458,30/06/2026,"Corporates 99%, Individuals 1.5%"
INE01YL07466,30/06/2026,"Banks 57%, Corporates 43%"
INE01ZK08679,30/06/2026,"Corporates 75%, Clearing members 15%, Individuals 10%"
INE020B07GH7,30/06/2026,"Individuals 67%, Corporates 26%, Banks 3.2%, NRIs 1.3%, Trusts 1.1%, Govt 0.5%, others 0.5%"
INE020B07HP8,30/06/2026,"Individuals 59%, Corporates 33%, Trusts 6%, NRIs 0.9%, Clearing members 0.6%, Banks 0.4%, others 0.1%"
INE020B08AA3,30/06/2026,"Govt 48%, MF 16%, Trusts 15%, Insurance 10%, Banks 6%, PF/Pension 2.9%, others 2.9%"
INE020B08AC9,30/06/2026,"Govt 76%, Trusts 9.3%, Insurance 5.8%, MF 5.2%, PF/Pension 2.8%, Corporates 0.5%, others 0.3%"
INE020B08AH8,30/06/2026,"Govt 56%, MF 18%, Trusts 9.2%, PF/Pension 7.5%, Banks 3.6%, Insurance 3.5%, others 2.4%"
INE020B08AQ9,30/06/2026,"Govt 72%, Trusts 13%, MF 6.9%, PF/Pension 4.8%, Insurance 2.9%, Banks 0.3%, others 0.2%"
INE020B08AX5,30/06/2026,"Insurance 29%, Trusts 25%, PF/Pension 25%, MF 9%, Govt 6%, Banks 5.5%"
INE020B08AY3,30/06/2026,"PF/Pension 41%, MF 22%, Insurance 20%, Trusts 14%, Govt 3%, Corporates 0.7%, others 0.2%"
INE020B08AZ0,30/06/2026,"Insurance 36%, PF/Pension 29%, Trusts 23%, MF 13%, Corporates 0.2%, Banks 0.1%"
INE020B08BA1,30/06/2026,"Govt 74%, Trusts 11%, Insurance 4.9%, PF/Pension 3.3%, MF 2.4%, Corporates 2%, others 1.8%"
INE020B08BC7,30/06/2026,"Trusts 41%, Govt 27%, Insurance 15%, MF 13%, Corporates 3.2%, Banks 0.3%"
INE020B08BE3,30/06/2026,"Insurance 31%, Trusts 24%, MF 20%, PF/Pension 16%, Govt 6%, Corporates 1.7%, others 0.1%"
INE020B08BG8,30/06/2026,"Trusts 43%, Insurance 25%, MF 11%, Corporates 6.9%, Banks 5%, Govt 4.9%, others 4.9%"
INE020B08BH6,30/06/2026,"Trusts 31%, MF 27%, Insurance 20%, Corporates 10%, Govt 8.8%, PF/Pension 3.2%, others 0.7%"
INE020B08BJ2,30/06/2026,"Govt 46%, Insurance 21%, PF/Pension 13%, Trusts 10%, MF 10%"
INE020B08BL8,30/06/2026,"Trusts 27%, Insurance 20%, Corporates 18%, PF/Pension 18%, Govt 11%, MF 6.7%"
INE020B08BO2,30/06/2026,"Insurance 27%, Govt 21%, MF 17%, Corporates 14%, Trusts 13%, PF/Pension 5.7%, others 2.1%"
INE020B08BP9,30/06/2026,"Trusts 78%, Govt 6.8%, Insurance 6.2%, Corporates 3.7%, Banks 3.4%, MF 0.8%, others 0.7%"
INE020B08BQ7,30/06/2026,"Insurance 31%, Trusts 20%, MF 19%, Banks 16%, Corporates 8.9%, PF/Pension 3.4%, others 1.3%"
INE020B08BS3,30/06/2026,"Insurance 36%, MF 23%, Trusts 20%, Corporates 10%, Govt 5.4%, PF/Pension 3.7%, others 1.1%"
INE020B08BU9,30/06/2026,"Insurance 35%, Trusts 26%, MF 19%, Corporates 7.6%, Govt 6.3%, PF/Pension 2.7%, others 3.4%"
INE020B08CI2,30/06/2026,"MF 48%, Insurance 20%, Corporates 15%, Govt 7.6%, PF/Pension 6.8%, Trusts 2.1%"
INE020B08CO0,30/06/2026,"Insurance 68%, Trusts 15%, Banks 9.3%, Corporates 3.3%, PF/Pension 2.7%, MF 1.7%, others 0.3%"
INE020B08CU7,30/06/2026,"Govt 37%, Trusts 25%, Insurance 10%, MF 9.2%, Corporates 8.9%, Banks 6.3%, others 3.2%"
INE020B08CX1,30/06/2026,"Trusts 71%, Corporates 7.1%, MF 6.2%, Govt 6.1%, Insurance 5.4%, Individuals 1.7%, others 2.5%"
INE020B08DA7,30/06/2026,"MF 69%, Insurance 10%, PF/Pension 7.9%, Govt 7.4%, Corporates 2.5%, FPI 2.1%, others 2%"
INE020B08DI0,30/06/2026,"Insurance 38%, MF 27%, PF/Pension 15%, Banks 14%, Corporates 3%, Trusts 2.9%"
INE020B08DO8,30/06/2026,"Govt 75%, Trusts 18%, PF/Pension 5.7%, Insurance 0.6%, MF 0.2%, Banks 0.1%"
INE020B08DT7,30/06/2026,"MF 47%, Corporates 40%, Banks 7.5%, Insurance 4.6%, Trusts 1.2%"
INE020B08DV3,30/06/2026,"MF 54%, Insurance 18%, PF/Pension 6.4%, Corporates 6%, Trusts 5.1%, Govt 5%, others 5.1%"
INE020B08EA5,30/06/2026,"MF 72%, Insurance 11%, Banks 7.6%, Trusts 5%, PF/Pension 3%, Corporates 1.2%"
INE020B08EB3,30/06/2026,"Govt 56%, PF/Pension 15%, Trusts 13%, Insurance 8.8%, Corporates 6.8%"
INE020B08EE7,30/06/2026,"Insurance 38%, Govt 19%, Trusts 13%, PF/Pension 10%, MF 8%, Banks 7.5%, others 4.2%"
INE020B08EG2,30/06/2026,"Insurance 39%, MF 31%, PF/Pension 25%, Trusts 2.5%, FPI 1.9%, Individuals 0.3%"
INE020B08EH0,30/06/2026,"MF 54%, Insurance 20%, Banks 11%, PF/Pension 6%, Trusts 5.5%, FPI 3%, others 1%"
INE020B08EK4,30/06/2026,"Insurance 25%, MF 24%, Corporates 16%, Banks 15%, PF/Pension 9%, Govt 7.2%, others 4.5%"
INE020B08EP3,30/06/2026,"MF 47%, Insurance 22%, Banks 21%, Corporates 9.2%, Individuals 0.2%"
INE020B08EQ1,30/06/2026,"Insurance 51%, Corporates 26%, PF/Pension 11%, Trusts 8.5%, MF 2.3%, Banks 0.9%"
INE020B08EW9,30/06/2026,"MF 68%, Insurance 27%, Banks 3.5%, Corporates 1.4%"
INE020B08EX7,30/06/2026,"Govt 31%, MF 27%, Insurance 21%, Banks 19%, Corporates 0.9%"
INE020B08EY5,30/06/2026,"Insurance 50%, Govt 45%, Corporates 4%, MF 1%, Trusts 0.6%"
INE020B08EZ2,30/06/2026,"Insurance 77%, Govt 12%, Trusts 4%, Corporates 4%, MF 1.7%, PF/Pension 1.7%"
INE020B08FA2,30/06/2026,"MF 50%, Insurance 26%, Banks 16%, Govt 6.2%, Corporates 0.8%, Trusts 0.2%, others 0.1%"
INE020B08FB0,30/06/2026,"Insurance 62%, Corporates 19%, MF 8.3%, PF/Pension 7.8%, Trusts 2.4%"
INE020B08FC8,30/06/2026,"MF 66%, Insurance 15%, Corporates 12%, Banks 6.8%"
INE020B08FD6,30/06/2026,"Insurance 33%, MF 32%, PF/Pension 13%, Corporates 8%, Govt 5.5%, Banks 5.2%, others 3%"
INE020B08FE4,30/06/2026,"Insurance 90%, MF 5.7%, PF/Pension 3.1%, Corporates 0.8%, Banks 0.6%, Trusts 0.2%, others 0.1%"
INE020B08FF1,30/06/2026,"MF 67%, Insurance 18%, Banks 7.4%, Govt 3.5%, Trusts 2.9%, Corporates 0.8%"
INE020B08FG9,30/06/2026,"Insurance 58%, PF/Pension 19%, Corporates 10%, Trusts 8%, MF 1.7%, FPI 1.7%, others 1.8%"
INE020B08FH7,30/06/2026,"MF 52%, Insurance 24%, Banks 20%, Corporates 3.8%"
INE020B08FJ3,30/06/2026,"Corporates 60%, Individuals 21%, MF 8%, Govt 7.2%, FPI 1.8%, AIF 1.6%, others 0.2%"
INE020B08FL9,30/06/2026,"MF 23%, Govt 23%, PF/Pension 21%, Banks 16%, Insurance 15%, Corporates 1.7%, others 0.3%"
INE020B08FQ8,30/06/2026,"Govt 47%, Insurance 36%, Trusts 5.9%, MF 4.5%, Corporates 4%, PF/Pension 2.7%"
INE020B08FR6,30/06/2026,"MF 47%, Banks 26%, Insurance 24%, Govt 3.3%"
INE020B08FU0,30/06/2026,"MF 35%, PF/Pension 28%, Banks 21%, Insurance 6.5%, Corporates 5.8%, FPI 2.3%, others 2.1%"
INE020B08FW6,30/06/2026,"MF 62%, Banks 24%, Insurance 11%, FPI 3.3%"
INE020B08FX4,30/06/2026,"Banks 51%, MF 26%, Insurance 18%, Corporates 5.8%"
INE020B08FY2,30/06/2026,"MF 37%, Insurance 34%, Banks 17%, PF/Pension 12%, Trusts 0.1%"
INE020B08FZ9,30/06/2026,"MF 62%, Banks 17%, Insurance 12%, Corporates 7.5%, FPI 1.2%"
INE020B08GA0,30/06/2026,"Insurance 43%, Govt 35%, Trusts 10%, Banks 5.9%, PF/Pension 5.8%, MF 0.5%"
INE020B08GB8,30/06/2026,"MF 43%, Insurance 26%, NBFC 17%, FPI 6.5%, Banks 4.4%, Corporates 2.6%"
INE020B08GC6,30/06/2026,"Govt 97%, Insurance 2.5%, Corporates 0.8%, Trusts 0.1%"
INE020B08GD4,30/06/2026,"MF 49%, Banks 24%, Corporates 20%, Insurance 7.2%"
INE020B08GE2,30/06/2026,"Govt 87%, Insurance 6.8%, Corporates 1.9%, PF/Pension 1.6%, MF 1.2%, Banks 1.1%, others 0.8%"
INE020B08GF9,30/06/2026,"Banks 89%, Corporates 7.9%, Govt 2.5%, Insurance 0.9%"
INE028A08299,30/06/2026,"PF/Pension 36%, Trusts 25%, Corporates 19%, Other FIs 8.1%, Insurance 6.3%, Banks 3.4%, others 2.4%"
INE028A08315,30/06/2026,"PF/Pension 37%, Trusts 27%, Govt 15%, MF 12%, Banks 7.8%, Insurance 0.8%, others 0.4%"
INE028A08364,30/06/2026,"Govt 41%, PF/Pension 20%, Trusts 18%, Insurance 14%, Banks 2.9%, Corporates 2.7%, others 1.3%"
INE028A08372,30/06/2026,"Govt 51%, Insurance 32%, PF/Pension 12%, Banks 3%, MF 1%, Corporates 1%"
INE02JD08015,30/06/2026,"Corporates 64%, Trusts 19%, Insurance 13%, Individuals 3.8%"
INE02KN07022,30/06/2026,"Banks 50%, Corporates 20%, MF 18%, Trusts 12%"
INE02KN08012,30/06/2026,"Corporates 46%, Insurance 27%, Trusts 20%, Clearing members 6.7%, Individuals 0.5%"
INE02PE08036,30/06/2026,"MF 85%, Corporates 14%, Insurance 1.1%, PF/Pension 0.4%"
INE02VP07065,30/06/2026,"Corporates 33%, Individuals 29%, Trusts 19%, NRIs 19%"
INE02VP08022,30/06/2026,"Corporates 48%, AIF 33%, Individuals 19%"
INE031A07915,30/06/2026,"Individuals 68%, Corporates 22%, Banks 4%, Insurance 2.7%, NBFC 1.1%, Govt 0.8%, others 1.3%"
INE031A08616,30/06/2026,"Govt 72%, PF/Pension 9.3%, Trusts 8.2%, Insurance 7.9%, MF 2.5%, Corporates 0.3%"
INE031A08624,30/06/2026,"PF/Pension 39%, Govt 33%, Trusts 19%, Insurance 3.1%, MF 3%, FPI 2.4%, others 0.5%"
INE031A08681,30/06/2026,"Trusts 37%, PF/Pension 26%, Govt 14%, Insurance 11%, Corporates 9.4%, MF 1.2%, others 0.2%"
INE031A08699,30/06/2026,"PF/Pension 31%, Trusts 16%, Govt 15%, Insurance 12%, Banks 10%, Corporates 10%, others 6.3%"
INE031A08707,30/06/2026,"PF/Pension 21%, Insurance 21%, Banks 18%, Trusts 18%, Govt 10%, Corporates 10%, others 1.9%"
INE031A08889,30/06/2026,"Banks 43%, Insurance 17%, MF 17%, PF/Pension 15%, Corporates 6.7%, Trusts 1.3%"
INE031A08897,30/06/2026,"Govt 67%, Insurance 22%, Banks 5.2%, MF 2.6%, PF/Pension 1.6%, Trusts 1.3%"
INE031A08921,30/06/2026,"Banks 30%, Govt 28%, Insurance 26%, MF 12%, Corporates 2.4%"
INE031A08939,30/06/2026,"MF 27%, Insurance 27%, Govt 21%, Banks 12%, PF/Pension 10%, Other FIs 1.7%, others 0.3%"
INE031A08947,30/06/2026,"Insurance 65%, MF 12%, Govt 12%, Trusts 6.6%, Corporates 2.7%, FPI 1.8%, others 1.2%"
INE031A08954,30/06/2026,"Govt 39%, Trusts 29%, PF/Pension 10%, MF 7.5%, Insurance 7.5%, Banks 6.2%"
INE031A08962,30/06/2026,"MF 35%, Banks 29%, PF/Pension 18%, Insurance 14%, Govt 4.1%"
INE031A08996,30/06/2026,"MF 78%, Banks 13%, Insurance 9.2%"
INE031A08AB0,30/06/2026,"Trusts 52%, Banks 18%, Corporates 11%, Insurance 11%, Clearing members 3%, Individuals 2.7%, others 2%"
INE031A08AC8,30/06/2026,"Banks 77%, Insurance 12%, MF 11%"
INE033L07HO3,30/06/2026,"Trusts 54%, Insurance 28%, PF/Pension 6.3%, Corporates 3.7%, Govt 3.5%, Individuals 2.2%, others 2.1%"
INE033L07HQ8,30/06/2026,"Insurance 23%, MF 22%, PF/Pension 18%, Banks 13%, Trusts 12%, Corporates 11%, others 0.6%"
INE033L07HU0,30/06/2026,"MF 65%, Insurance 15%, Corporates 7.7%, PF/Pension 4.7%, Banks 4.4%, Trusts 2.2%"
INE033L07HY2,30/06/2026,"MF 43%, PF/Pension 20%, Corporates 18%, Insurance 13%, Trusts 6%, Individuals 0.3%, others 0.1%"
INE033L07IB8,30/06/2026,"Banks 30%, Insurance 29%, MF 23%, PF/Pension 13%, Trusts 3.1%, Corporates 1.5%, others 0.1%"
INE033L07IC6,30/06/2026,"MF 44%, Insurance 30%, Corporates 25%, Individuals 1.2%"
INE033L07ID4,30/06/2026,"MF 66%, Insurance 13%, Corporates 12%, PF/Pension 6.4%, Trusts 3.2%"
INE033L07IE2,30/06/2026,"MF 77%, Insurance 14%, Banks 5.5%, Corporates 2.8%, Individuals 0.1%"
INE033L07IH5,30/06/2026,"Insurance 40%, MF 29%, PF/Pension 26%, Trusts 4.2%, Banks 0.4%, Corporates 0.4%"
INE033L07IJ1,30/06/2026,"Insurance 41%, MF 28%, PF/Pension 28%, Trusts 2.5%"
INE033L07IK9,30/06/2026,"MF 39%, Insurance 39%, PF/Pension 12%, Corporates 5.1%, Other FIs 2.1%, Trusts 2.1%"
INE033L07IL7,30/06/2026,"Banks 70%, MF 17%, Insurance 13%"
INE033L07IM5,30/06/2026,"Insurance 55%, PF/Pension 28%, MF 8.3%, Trusts 6.1%, Banks 3.3%"
INE033L07IN3,30/06/2026,"MF 66%, Insurance 28%, Banks 3.1%, FPI 3.1%"
INE033L07IO1,30/06/2026,"MF 65%, Insurance 20%, Corporates 10%, Banks 5%"
INE033L07IP8,30/06/2026,"Insurance 34%, MF 29%, PF/Pension 25%, Corporates 8.8%, Trusts 1.8%, Individuals 1.1%"
INE033L07IR4,30/06/2026,MF 100%
INE033L07IT0,30/06/2026,"MF 42%, Corporates 27%, PF/Pension 18%, Insurance 13%"
INE033L07IU8,30/06/2026,"Insurance 38%, Banks 30%, MF 26%, PF/Pension 4.8%, Corporates 1.2%"
INE033L08312,30/06/2026,"Insurance 60%, Trusts 27%, PF/Pension 5.9%, Corporates 2.6%, Banks 2.4%, MF 1.2%, others 0.2%"
INE039A09LL7,30/06/2026,"Trusts 77%, Banks 13%, Individuals 7.9%, Corporates 1.6%, Govt 0.4%"
INE039A09LV6,30/06/2026,"Banks 51%, Corporates 42%, Trusts 4%, Individuals 2.9%"
INE03G407037,30/06/2026,"Corporates 53%, AIF 29%, Individuals 16%, NBFC 2.1%"
INE03K307066,30/06/2026,Corporates 100%
INE03K307074,30/06/2026,"Corporates 68%, Individuals 32%, Clearing members 0.1%, NRIs 0.1%"
INE03K307116,30/06/2026,"Individuals 67%, Corporates 32%, NRIs 0.6%, Clearing members 0.4%"
INE03K307124,30/06/2026,"Individuals 48%, Corporates 29%, AIF 22%, NRIs 0.6%"
INE03K307132,30/06/2026,"Individuals 77%, Corporates 23%, NBFC 0.4%, NRIs 0.3%"
INE03K307140,30/06/2026,"Corporates 54%, Individuals 46%, NBFC 0.3%"
INE03K307157,30/06/2026,"Individuals 63%, Corporates 37%, Clearing members 0.1%"
INE03K307165,30/06/2026,"Corporates 80%, Individuals 11%, NBFC 9.1%"
INE03ST08010,30/06/2026,MF 100%
INE03W107249,30/06/2026,"Corporates 62%, MF 24%, Individuals 14%, Trusts 0.4%"
INE03W107280,30/06/2026,MF 100%
INE040A08369,30/06/2026,"Govt 30%, PF/Pension 22%, Insurance 19%, Trusts 12%, MF 11%, Corporates 3.1%, others 1.7%"
INE040A08393,30/06/2026,"Govt 58%, Insurance 28%, PF/Pension 5.3%, MF 3.2%, Corporates 2.8%, Trusts 1.3%, others 1.4%"
INE040A08401,30/06/2026,"Insurance 54%, PF/Pension 20%, MF 12%, Corporates 11%, Banks 3%"
INE040A08419,30/06/2026,"Insurance 36%, Trusts 24%, Corporates 19%, MF 7.6%, PF/Pension 6.7%, Banks 2.9%, others 3.5%"
INE040A08427,30/06/2026,"Insurance 49%, Govt 36%, PF/Pension 5.1%, Trusts 3.5%, MF 3.2%, Corporates 2.6%, others 0.2%"
INE040A08435,30/06/2026,"Govt 77%, Insurance 8.7%, Corporates 5.3%, MF 4.1%, Trusts 3%, PF/Pension 2.2%, others 0.1%"
INE040A08484,30/06/2026,"Insurance 27%, Corporates 27%, Trusts 23%, PF/Pension 15%, MF 5.5%, Banks 2.5%, others 1%"
INE040A08567,30/06/2026,"Insurance 30%, Trusts 24%, MF 13%, Banks 13%, PF/Pension 13%, Corporates 7.2%, others 0.4%"
INE040A08666,30/06/2026,"Insurance 33%, Govt 16%, PF/Pension 16%, Trusts 14%, Corporates 8.7%, MF 8.1%, others 3.3%"
INE040A08674,30/06/2026,"Insurance 71%, PF/Pension 17%, Trusts 6.5%, MF 3.2%, Corporates 2.2%, Individuals 0.1%"
INE040A08690,30/06/2026,"Insurance 45%, PF/Pension 36%, Trusts 13%, Banks 4.2%, MF 1.7%, Corporates 0.8%, others 0.1%"
INE040A08724,30/06/2026,"Govt 28%, Insurance 25%, MF 18%, PF/Pension 13%, Trusts 11%, Corporates 4.5%, others 0.3%"
INE040A08732,30/06/2026,"Insurance 36%, PF/Pension 26%, Trusts 23%, Corporates 13%, MF 1.5%, Individuals 0.4%, others 0.2%"
INE040A08773,30/06/2026,"Insurance 48%, PF/Pension 20%, Trusts 18%, Corporates 6.4%, MF 5.9%, Individuals 0.7%, others 1%"
INE040A08807,30/06/2026,"Insurance 73%, PF/Pension 12%, Trusts 7.3%, Corporates 3.3%, MF 2%, Individuals 1.4%, others 0.6%"
INE040A08815,30/06/2026,"Insurance 46%, PF/Pension 35%, Trusts 17%, Corporates 1.9%, Govt 0.4%, Individuals 0.2%"
INE040A08823,30/06/2026,"Corporates 36%, Insurance 24%, Banks 21%, PF/Pension 10%, Trusts 6.4%, MF 2.1%, others 1%"
INE040A08831,30/06/2026,"Insurance 43%, Trusts 25%, PF/Pension 23%, Corporates 5.5%, Govt 1.6%, MF 1.3%, others 0.6%"
INE040A08864,30/06/2026,"Insurance 51%, PF/Pension 29%, Trusts 11%, MF 6%, Corporates 2.6%, Banks 0.3%, others 0.3%"
INE040A08872,30/06/2026,"Insurance 86%, MF 12%, Corporates 2%"
INE040A08914,30/06/2026,"Govt 35%, Insurance 33%, PF/Pension 10%, Corporates 9.2%, Trusts 7.3%, MF 4.4%, others 1.1%"
INE040A08930,30/06/2026,"Insurance 65%, PF/Pension 30%, Trusts 2.9%, MF 1.4%, Corporates 0.9%"
INE040A08955,30/06/2026,"Corporates 29%, MF 25%, Insurance 21%, Banks 12%, Trusts 7.8%, Individuals 2.5%, others 2.3%"
INE040A08AB1,30/06/2026,"Govt 56%, Insurance 19%, Trusts 11%, PF/Pension 5.2%, MF 4.5%, Corporates 3.8%, others 0.6%"
INE040A08AC9,30/06/2026,"Insurance 87%, PF/Pension 6.6%, Trusts 4.5%, MF 1.8%, Corporates 0.3%, Individuals 0.2%"
INE040A08AF2,30/06/2026,"Insurance 61%, PF/Pension 17%, Corporates 7.2%, MF 6.4%, Trusts 4.5%, Banks 2.3%, others 2.4%"
INE040A08AI6,30/06/2026,"PF/Pension 64%, MF 11%, Insurance 10%, Trusts 7%, FPI 4.2%, Corporates 1.8%, others 1.9%"
INE040A08AJ4,30/06/2026,"Insurance 92%, PF/Pension 3.7%, Corporates 2.7%, MF 0.7%, Trusts 0.7%, FPI 0.3%"
INE040A08AK2,30/06/2026,"Insurance 73%, PF/Pension 20%, Corporates 3.4%, MF 2.9%"
INE041007068,30/06/2026,"MF 68%, Insurance 32%"
INE041007084,30/06/2026,"MF 56%, Insurance 29%, Corporates 15%"
INE041007092,30/06/2026,"MF 65%, Insurance 25%, Corporates 10%"
INE041007142,30/06/2026,"MF 99%, Insurance 0.6%"
INE041007159,30/06/2026,"Insurance 40%, MF 32%, PF/Pension 28%"
INE041007167,30/06/2026,"MF 97%, Insurance 3.3%"
INE041007175,30/06/2026,MF 100%
INE041007183,30/06/2026,MF 100%
INE041007191,30/06/2026,"Insurance 53%, MF 32%, PF/Pension 16%"
INE041007217,30/06/2026,"MF 93%, PF/Pension 7.1%"
INE046W07289,30/06/2026,"Individuals 88%, AIF 10%, Corporates 1.8%"
INE046W07305,30/06/2026,"Corporates 56%, Individuals 40%, Clearing members 3.6%"
INE046W07321,30/06/2026,"Individuals 85%, Corporates 13%, NRIs 1.5%"
INE046W07339,30/06/2026,"Individuals 89%, AIF 10%, Corporates 0.9%"
INE046W07362,30/06/2026,"Trusts 40%, MF 30%, Corporates 30%"
INE047A08190,30/06/2026,"Banks 30%, PF/Pension 26%, Insurance 20%, MF 18%, Trusts 6%"
INE047A08208,30/06/2026,"Banks 50%, PF/Pension 22%, MF 16%, Insurance 11%"
INE04HY07278,30/06/2026,"Individuals 90%, Corporates 8.2%, NRIs 1.9%, Trusts 0.1%"
INE04HY07286,30/06/2026,"Corporates 80%, Individuals 20%"
INE04HY07294,30/06/2026,"Individuals 57%, Banks 25%, Corporates 17%, NRIs 0.8%"
INE04HY07344,30/06/2026,"Corporates 68%, Individuals 30%, Clearing members 2%, NRIs 0.3%"
INE04HY07377,30/06/2026,"Individuals 80%, Corporates 19%, Banks 0.5%, NRIs 0.4%, NBFC 0.1%, Clearing members 0.1%"
INE04HY07401,30/06/2026,"Individuals 56%, Corporates 24%, Clearing members 20%, NRIs 0.2%"
INE04HY08011,30/06/2026,"Individuals 43%, NRIs 30%, Corporates 27%"
INE04K307016,30/06/2026,Corporates 100%
INE04MH07034,30/06/2026,MF 100%
INE04MH07059,30/06/2026,MF 100%
INE04Q907199,30/06/2026,"Corporates 56%, Individuals 25%, AIF 18%"
INE04UP07170,30/06/2026,"Individuals 73%, Corporates 25%, AIF 1.7%, NRIs 0.3%"
INE04UP07188,30/06/2026,Corporates 100%
INE04UP07196,30/06/2026,"Corporates 86%, AIF 14%"
INE04UP07204,30/06/2026,"Corporates 86%, AIF 14%"
INE04VS07321,30/06/2026,"Individuals 50%, Corporates 36%, AIF 14%, Clearing members 0.1%"
INE04VS07354,30/06/2026,"Corporates 75%, Individuals 13%, AIF 11%, NBFC 0.1%, Clearing members 0.1%"
INE04VS07370,30/06/2026,"Corporates 50%, Individuals 39%, AIF 8.4%, NBFC 2%"
INE04VS07388,30/06/2026,"Corporates 59%, Individuals 33%, Trusts 7.1%, NRIs 0.1%"
INE04VS07438,30/06/2026,"Trusts 39%, Individuals 36%, Corporates 25%, NRIs 0.2%"
INE04VS07495,30/06/2026,MF 100%
INE04VS07511,30/06/2026,"Corporates 62%, Insurance 30%, Individuals 8.4%"
INE053F07538,30/06/2026,"Individuals 53%, Corporates 31%, Banks 11%, NRIs 2.1%, Insurance 1.1%, Trusts 0.5%, others 0.5%"
INE053F07579,30/06/2026,"Individuals 41%, Corporates 27%, Banks 24%, NRIs 3.8%, Insurance 3.5%, Clearing members 1%, others 0.5%"
INE053F07645,30/06/2026,"Banks 53%, Individuals 43%, Corporates 3.6%, NRIs 0.2%"
INE053F07728,30/06/2026,"Individuals 58%, NRIs 17%, Corporates 12%, Banks 12%, Trusts 0.5%, Clearing members 0.1%"
INE053F07983,30/06/2026,"Govt 29%, MF 27%, Insurance 13%, PF/Pension 12%, Trusts 8.6%, Banks 5.4%, others 4.6%"
INE053F07AA7,30/06/2026,"Insurance 43%, MF 17%, PF/Pension 17%, Trusts 15%, Corporates 4.5%, Banks 2.3%, others 1.3%"
INE053F07AB5,30/06/2026,"MF 23%, Insurance 22%, PF/Pension 21%, Corporates 10%, Trusts 10%, Banks 8%, others 6.1%"
INE053F07AC3,30/06/2026,"Insurance 39%, MF 29%, PF/Pension 15%, Corporates 8%, Banks 4.9%, Trusts 4.5%"
INE053F07AD1,30/06/2026,"PF/Pension 31%, Govt 21%, MF 20%, Trusts 13%, Insurance 11%, Corporates 3.4%"
INE053F07AY7,30/06/2026,"Insurance 34%, PF/Pension 25%, MF 24%, Trusts 13%, Corporates 3%, Govt 1.1%, others 0.6%"
INE053F07AZ4,30/06/2026,"Govt 48%, Insurance 20%, PF/Pension 16%, MF 7.7%, Trusts 7.6%, Corporates 0.5%, others 0.1%"
INE053F07BA5,30/06/2026,"PF/Pension 28%, Insurance 25%, Corporates 16%, MF 15%, Trusts 12%, Govt 2.2%, others 1.6%"
INE053F07BC1,30/06/2026,"Insurance 34%, PF/Pension 30%, Trusts 12%, MF 11%, Corporates 10%, Banks 1.7%, others 2.2%"
INE053F07BD9,30/06/2026,"Insurance 32%, PF/Pension 18%, Govt 14%, MF 13%, Trusts 10%, Corporates 10%, others 3.4%"
INE053F07BE7,30/06/2026,"Insurance 30%, Govt 21%, PF/Pension 16%, MF 16%, Banks 7.4%, Trusts 4.7%, others 4.5%"
INE053F07BR9,30/06/2026,"Govt 87%, PF/Pension 8.3%, Insurance 3.5%, MF 1.2%, Trusts 0.2%"
INE053F07BU3,30/06/2026,"PF/Pension 41%, MF 26%, Insurance 20%, Banks 6.8%, Trusts 3.2%, Corporates 1.2%, others 1.5%"
INE053F07BW9,30/06/2026,"MF 38%, PF/Pension 35%, Insurance 16%, Trusts 6.1%, Banks 2.8%, Corporates 2.4%, others 0.1%"
INE053F07BX7,30/06/2026,"Insurance 33%, PF/Pension 28%, MF 18%, Trusts 11%, Banks 5.5%, Corporates 3.3%, others 0.6%"
INE053F07BY5,30/06/2026,"MF 51%, PF/Pension 21%, Insurance 15%, Corporates 8.5%, Trusts 3.2%, Banks 0.6%, others 0.3%"
INE053F07CA3,30/06/2026,"Govt 59%, MF 23%, Insurance 5.7%, PF/Pension 5.7%, Trusts 3.9%, Banks 2%, others 1%"
INE053F07CQ9,30/06/2026,"Insurance 46%, PF/Pension 23%, Trusts 19%, Govt 8%, Corporates 2.4%, Banks 1.7%, others 1.1%"
INE053F07CS5,30/06/2026,"Insurance 44%, Govt 24%, PF/Pension 20%, Trusts 11%, Corporates 0.7%, FPI 0.4%"
INE053F08098,30/06/2026,"Govt 49%, Insurance 28%, PF/Pension 15%, Trusts 8.5%"
INE053F08106,30/06/2026,"Insurance 36%, PF/Pension 30%, Trusts 14%, MF 13%, Govt 5.5%, Corporates 1.3%, others 1.2%"
INE053F08114,30/06/2026,"Insurance 42%, Govt 39%, Trusts 10%, PF/Pension 5.3%, Corporates 2.1%, Banks 1.1%, others 0.2%"
INE053F08122,30/06/2026,"Insurance 43%, MF 18%, Trusts 16%, PF/Pension 9.2%, Corporates 6%, Govt 4.6%, others 2.9%"
INE053F08163,30/06/2026,"MF 66%, PF/Pension 16%, Trusts 9.2%, Insurance 4.7%, Banks 3%, Corporates 0.9%, others 0.1%"
INE053F08205,30/06/2026,"Govt 40%, PF/Pension 25%, Insurance 21%, Corporates 8%, Trusts 4.5%, MF 1.5%"
INE053F08221,30/06/2026,"PF/Pension 42%, Insurance 39%, Corporates 5.3%, Trusts 5.1%, Govt 4%, MF 3.6%, others 0.4%"
INE053F08247,30/06/2026,"Insurance 54%, PF/Pension 21%, MF 13%, Govt 9.4%, Trusts 2.4%"
INE053F08270,30/06/2026,"PF/Pension 36%, Insurance 29%, MF 16%, Govt 13%, Corporates 3.7%, Trusts 3%, others 0.4%"
INE053F08304,30/06/2026,"Banks 31%, Insurance 29%, MF 27%, Corporates 10%, Trusts 1.5%, PF/Pension 1%"
INE053F08312,30/06/2026,"Banks 39%, Insurance 32%, MF 22%, Corporates 5.5%, Trusts 1.8%"
INE053F08320,30/06/2026,"Banks 41%, MF 24%, Insurance 18%, PF/Pension 12%, Trusts 3.1%, Corporates 2.6%"
INE053F08338,30/06/2026,"Banks 45%, Insurance 29%, MF 18%, Corporates 7.5%"
INE053F08346,30/06/2026,"Govt 58%, PF/Pension 24%, Insurance 5.9%, MF 5.4%, Corporates 3.7%, Trusts 3.5%"
INE053F08353,30/06/2026,"MF 61%, Insurance 19%, PF/Pension 11%, FPI 4%, Corporates 2%, Banks 1.6%, others 1%"
INE053F08387,30/06/2026,"Govt 46%, MF 39%, Insurance 11%, PF/Pension 1.9%, Trusts 1.7%, Banks 0.6%"
INE053F08395,30/06/2026,"Insurance 51%, MF 16%, Govt 14%, PF/Pension 10%, Corporates 6.9%, Trusts 1.4%, others 1.2%"
INE053F08403,30/06/2026,"Insurance 51%, PF/Pension 23%, Corporates 15%, MF 11%, Trusts 0.5%"
INE053F08411,30/06/2026,"MF 49%, Insurance 17%, Banks 15%, PF/Pension 9.3%, FPI 6.9%, Corporates 2.5%, others 0.7%"
INE053F08445,30/06/2026,"Insurance 94%, PF/Pension 2.1%, Corporates 2.1%, MF 1.1%, Banks 0.4%, Trusts 0.2%"
INE053F08452,30/06/2026,"Insurance 65%, Govt 33%, Corporates 1.1%, MF 0.9%"
INE053F08478,30/06/2026,"Insurance 58%, PF/Pension 26%, MF 12%, Corporates 2%, Govt 1.7%, Banks 0.7%"
INE053F08486,30/06/2026,"Insurance 35%, MF 25%, Trusts 17%, PF/Pension 8.4%, Govt 6.7%, Banks 5%, others 2.8%"
INE053F08494,30/06/2026,"Insurance 30%, Banks 27%, PF/Pension 23%, MF 20%, Corporates 0.1%"
INE053F08502,30/06/2026,"Banks 31%, MF 30%, Insurance 25%, PF/Pension 6.7%, Corporates 6.7%, Trusts 0.2%"
INE053F08510,30/06/2026,"Banks 50%, MF 44%, Insurance 6%"
INE053F08528,30/06/2026,"Banks 39%, MF 25%, Insurance 20%, Corporates 9%, PF/Pension 5.7%, FPI 1%, others 0.7%"
INE053F08536,30/06/2026,"MF 49%, Corporates 24%, Individuals 18%, Insurance 5.5%, AIF 3.4%, Banks 0.2%"
INE053F09EL2,30/06/2026,"Insurance 36%, Trusts 28%, Banks 19%, PF/Pension 8.1%, MF 5.7%, FPI 2.5%, others 1.2%"
INE053F09EO6,30/06/2026,"Trusts 68%, MF 10%, Insurance 10%, Corporates 6.8%, PF/Pension 3.9%, Individuals 1.1%, others 1.2%"
INE053F09GX2,30/06/2026,"Trusts 52%, Insurance 23%, Govt 19%, PF/Pension 3.4%, MF 1.2%, Corporates 0.7%, others 0.5%"
INE055A08052,30/06/2026,MF 100%
INE055A08060,30/06/2026,"Insurance 45%, MF 40%, Banks 10%, Corporates 5%"
INE05NX24023,30/06/2026,"Trusts 27%, Banks 23%, Other FIs 13%, Govt 13%, Corporates 12%, Individuals 11%, others 0.6%"
INE05NX24031,30/06/2026,"Trusts 27%, Banks 23%, Other FIs 13%, Govt 13%, Corporates 12%, Individuals 12%, others 0.6%"
INE05TX07090,30/06/2026,"Corporates 80%, FPI 20%"
INE05XN08018,30/06/2026,"AIF 58%, Corporates 33%, FPI 6%, Individuals 3%"
INE062A08231,30/06/2026,"Insurance 83%, PF/Pension 6.9%, Trusts 6.9%, MF 2.1%, Banks 0.5%, Corporates 0.2%, others 0.1%"
INE062A08280,30/06/2026,"Corporates 64%, Trusts 25%, Individuals 4.4%, PF/Pension 4.1%, Govt 2%, Banks 0.2%, others 0.2%"
INE062A08298,30/06/2026,"Banks 41%, Corporates 27%, Trusts 19%, PF/Pension 8.4%, Individuals 3.1%, Govt 1.3%, others 0.1%"
INE062A08306,30/06/2026,"Corporates 61%, Trusts 11%, Banks 9.4%, Insurance 6.8%, PF/Pension 4.5%, Govt 3.4%, others 3.7%"
INE062A08314,30/06/2026,"Insurance 33%, Corporates 27%, PF/Pension 16%, Trusts 13%, Banks 6.3%, Individuals 1.6%, others 3%"
INE062A08348,30/06/2026,"Govt 41%, PF/Pension 26%, Insurance 26%, Trusts 3.1%, Corporates 2.6%, MF 0.5%"
INE062A08371,30/06/2026,"Insurance 54%, Trusts 16%, Banks 11%, PF/Pension 11%, Corporates 6.6%, Govt 1.9%, others 0.6%"
INE062A08405,30/06/2026,"Govt 80%, Insurance 8.4%, PF/Pension 5.6%, Trusts 3.2%, MF 2.6%, Banks 0.1%"
INE062A08413,30/06/2026,"Insurance 37%, Corporates 33%, Trusts 17%, Banks 6.5%, PF/Pension 3.6%, Individuals 2.3%, others 0.3%"
INE062A08439,30/06/2026,"Govt 76%, Insurance 21%, PF/Pension 1.8%, MF 1.6%, Corporates 0.2%, Trusts 0.2%"
INE062A08447,30/06/2026,"Govt 75%, MF 14%, PF/Pension 4.5%, Trusts 3%, Banks 2.2%, Insurance 0.7%, others 0.2%"
INE062A08454,30/06/2026,"Govt 62%, MF 25%, Banks 4.1%, PF/Pension 3%, Trusts 2.9%, Insurance 2.7%, others 0.4%"
INE065507BN0,30/06/2026,"Corporates 96%, Individuals 3.6%"
INE06E507371,30/06/2026,"Corporates 75%, Individuals 25%"
INE06E507397,30/06/2026,"Corporates 60%, Individuals 40%"
INE06E507405,30/06/2026,"Corporates 91%, Individuals 8.8%"
INE06E507413,30/06/2026,"Corporates 67%, Individuals 33%"
INE06E507439,30/06/2026,"Corporates 78%, Individuals 22%"
INE06E507454,30/06/2026,"Corporates 63%, Individuals 37%, NRIs 0.4%"
INE06E507462,30/06/2026,"Corporates 64%, Individuals 36%"
INE06E507470,30/06/2026,"Corporates 76%, Individuals 24%"
INE06E507488,30/06/2026,"Individuals 73%, Corporates 27%"
INE06E507496,30/06/2026,"Corporates 56%, Individuals 44%"
INE06WU07064,30/06/2026,"Corporates 73%, Individuals 26%, NRIs 0.3%"
INE06WU07072,30/06/2026,"Individuals 54%, Corporates 45%, Clearing members 0.8%"
INE071G07579,30/06/2026,"Insurance 42%, PF/Pension 42%, MF 17%"
INE071G07603,30/06/2026,"Insurance 48%, MF 13%, PF/Pension 13%, Banks 12%, Corporates 8.4%, Trusts 6.7%"
INE071G07645,30/06/2026,"Insurance 60%, MF 40%"
INE071G07660,30/06/2026,"MF 70%, Insurance 16%, Corporates 14%"
INE071G07694,30/06/2026,"MF 89%, Corporates 11%"
INE071G07728,30/06/2026,"MF 40%, Banks 27%, Insurance 23%, Trusts 8.3%, PF/Pension 1.7%"
INE071G07736,30/06/2026,"PF/Pension 36%, MF 27%, Insurance 27%, Banks 9.1%"
INE071G07751,30/06/2026,MF 100%
INE071G07777,30/06/2026,"MF 94%, Corporates 6.2%"
INE071G07819,30/06/2026,"MF 84%, Insurance 12%, Banks 2.4%, Corporates 2.4%"
INE071G07835,30/06/2026,"Banks 25%, Insurance 21%, Trusts 17%, PF/Pension 15%, Corporates 15%, MF 7%"
INE071G07843,30/06/2026,"MF 98%, Banks 2.5%"
INE071G07868,30/06/2026,MF 100%
INE076I07020,30/06/2026,"Individuals 77%, Corporates 23%, NRIs 0.2%"
INE076I07038,30/06/2026,"Individuals 78%, Corporates 22%, Clearing members 0.1%"
INE07HK07809,30/06/2026,"Individuals 71%, Corporates 29%, NRIs 0.4%, NBFC 0.4%"
INE07HK07817,30/06/2026,"Individuals 57%, Corporates 35%, AIF 4.8%, NBFC 1.4%, MF 1.1%, Trusts 0.4%, others 0.3%"
INE07HK07825,30/06/2026,"Individuals 71%, Corporates 25%, AIF 2.4%, NBFC 0.9%, NRIs 0.3%, Clearing members 0.1%"
INE07HK07841,30/06/2026,"Individuals 41%, Corporates 40%, AIF 18%, NBFC 1.3%"
INE07HK07866,30/06/2026,"Individuals 77%, Corporates 17%, NBFC 2.1%, AIF 2%, NRIs 1.4%, Clearing members 0.1%, others 0.1%"
INE07PX08019,30/06/2026,"Corporates 98%, Banks 0.8%, Individuals 0.8%"
INE07UF07026,30/06/2026,"MF 60%, Trusts 25%, Corporates 15%"
INE07UF07034,30/06/2026,MF 100%
INE07UF07042,30/06/2026,MF 100%
INE07Z507037,30/06/2026,MF 100%
INE081A08322,30/06/2026,"Insurance 70%, PF/Pension 17%, MF 10%, Trusts 3%"
INE081A08330,30/06/2026,"Insurance 62%, Banks 19%, PF/Pension 13%, FPI 2.6%, MF 2.3%, Trusts 1.2%, others 0.5%"
INE081J07010,30/06/2026,MF 100%
INE081J07028,30/06/2026,MF 100%
INE084A08169,30/06/2026,"Banks 33%, Trusts 28%, Corporates 22%, Govt 12%, Individuals 3.1%, MF 0.9%, others 0.7%"
INE084A08185,30/06/2026,"Govt 64%, PF/Pension 28%, Trusts 5.2%, Banks 1.8%, Insurance 0.7%"
INE087M08126,30/06/2026,MF 100%
INE087M08134,30/06/2026,MF 100%
INE087P07451,30/06/2026,"Banks 44%, Insurance 22%, Corporates 18%, MF 16%"
INE087P07469,30/06/2026,MF 100%
INE08BR07011,30/06/2026,"MF 42%, Banks 35%, Trusts 23%"
INE08BR07029,30/06/2026,"Corporates 50%, MF 30%, Banks 20%"
INE08BT07017,30/06/2026,"MF 67%, Banks 23%, Trusts 7.7%, Corporates 2.3%"
INE08BT07025,30/06/2026,"Corporates 58%, MF 41%, Trusts 1.9%"
INE08E807167,30/06/2026,"Corporates 52%, Individuals 28%, Clearing members 19%, NRIs 0.2%"
INE08GI08017,30/06/2026,Corporates 100%
INE08KJ07191,30/06/2026,"Corporates 50%, Clearing members 19%, Individuals 17%, NBFC 15%"
INE08OI07021,30/06/2026,"AIF 71%, Corporates 29%"
INE08X507665,30/06/2026,"Individuals 62%, Corporates 38%"
INE08XA07045,30/06/2026,"Individuals 69%, Corporates 31%, NRIs 0.1%"
INE08XP07324,30/06/2026,"Individuals 67%, Corporates 21%, NRIs 12%"
INE08XP07423,30/06/2026,"Individuals 93%, Corporates 6.4%, NRIs 1%"
INE08XP07464,30/06/2026,"Individuals 74%, Corporates 21%, Trusts 3.5%, NRIs 0.8%, NBFC 0.1%"
INE08XP07480,30/06/2026,"Individuals 66%, Corporates 34%, NRIs 0.3%"
INE08XP07498,30/06/2026,"Individuals 76%, Corporates 22%, AIF 1.9%, Clearing members 0.3%, NRIs 0.2%, NBFC 0.1%"
INE08XP07506,30/06/2026,"Corporates 54%, Individuals 39%, Clearing members 6.6%, NRIs 0.2%"
INE08Z607109,30/06/2026,"MF 50%, Corporates 50%"
INE08Z607117,30/06/2026,MF 100%
INE08Z607125,30/06/2026,MF 100%
INE08Z607133,30/06/2026,MF 100%
INE08Z607141,30/06/2026,MF 100%
INE090A08TY8,30/06/2026,"PF/Pension 72%, Insurance 19%, Trusts 5.8%, Corporates 1.7%, MF 0.9%, FPI 0.9%"
INE090A08UE8,30/06/2026,"PF/Pension 74%, Insurance 14%, MF 12%, Banks 0.4%"
INE090A08UF5,30/06/2026,"PF/Pension 32%, Insurance 24%, MF 21%, Corporates 19%, Banks 3.5%, FPI 1.1%"
INE090A08UG3,30/06/2026,"Insurance 94%, PF/Pension 5.2%, MF 0.3%"
INE090A08UL3,30/06/2026,"Insurance 68%, PF/Pension 28%, Banks 2.5%, FPI 1.7%, Corporates 0.1%"
INE090A08UM1,30/06/2026,"Insurance 48%, Trusts 35%, PF/Pension 14%, FPI 2.5%, Individuals 0.3%"
INE090A08UN9,30/06/2026,"Insurance 44%, PF/Pension 39%, Trusts 6.8%, MF 6.3%, Corporates 4.6%"
INE091A07208,30/06/2026,"MF 99%, PF/Pension 1.2%"
INE092A08071,30/06/2026,"Banks 94%, MF 5.9%"
INE092T08FA3,30/06/2026,"PF/Pension 45%, Insurance 39%, Trusts 7.7%, Corporates 6.1%, Govt 2.4%, NRIs 0.1%"
INE093I07074,30/06/2026,MF 100%
INE093I07082,30/06/2026,MF 100%
INE093J073M3,30/06/2026,"Individuals 89%, Corporates 11%"
INE093J074K5,30/06/2026,Individuals 100%
INE093J077Q5,30/06/2026,"Individuals 92%, Corporates 8.5%"
INE093J078Q3,30/06/2026,Individuals 100%
INE093J08575,30/06/2026,"Corporates 52%, Clearing members 36%, Individuals 12%"
INE093J08625,30/06/2026,"Individuals 91%, Corporates 9%"
INE093J08641,30/06/2026,Individuals 100%
INE093JA70F2,30/06/2026,"Individuals 51%, Corporates 34%, Clearing members 8.3%, NRIs 6.7%"
INE093JA70G0,30/06/2026,"Individuals 78%, Corporates 16%, Clearing members 5.5%"
INE093JA70I6,30/06/2026,Individuals 100%
INE093JA70N6,30/06/2026,"Individuals 92%, Corporates 7.9%"
INE093JA70O4,30/06/2026,Individuals 100%
INE093JA71H6,30/06/2026,Individuals 100%
INE093JA72L6,30/06/2026,"Individuals 81%, Corporates 18%, NRIs 1.2%"
INE093JA72N2,30/06/2026,"Individuals 88%, Corporates 12%"
INE093JA73K6,30/06/2026,Individuals 100%
INE093JA73U5,30/06/2026,"Individuals 88%, Corporates 12%"
INE093JA74A5,30/06/2026,"Individuals 57%, Clearing members 19%, Corporates 14%, NRIs 9.5%"
INE093JA74L2,30/06/2026,"Individuals 97%, Corporates 2.9%"
INE093JA75E4,30/06/2026,"Individuals 77%, Corporates 23%"
INE093JA75L9,30/06/2026,"Individuals 79%, Corporates 16%, NRIs 4.8%, Clearing members 0.7%"
INE093JA75U0,30/06/2026,Individuals 100%
INE093JA76R4,30/06/2026,"Individuals 78%, Corporates 22%, Clearing members 0.6%"
INE093JA77E0,30/06/2026,"Individuals 65%, Corporates 26%, Clearing members 9.2%"
INE093JA77J9,30/06/2026,"Individuals 88%, Corporates 12%"
INE093JA77M3,30/06/2026,Individuals 100%
INE093JA77W2,30/06/2026,Individuals 100%
INE093JA78I9,30/06/2026,"Individuals 95%, Corporates 5%"
INE093JA78O7,30/06/2026,"Individuals 70%, Corporates 30%"
INE093JA79I7,30/06/2026,Individuals 100%
INE093JA79R8,30/06/2026,Corporates 100%
INE093JA7BM6,30/06/2026,"Individuals 94%, Corporates 5.8%"
INE093JA7BP9,30/06/2026,Individuals 100%
INE093JA7V49,30/06/2026,"Individuals 86%, Corporates 13%, Clearing members 1.6%"
INE093JA7W63,30/06/2026,"Individuals 54%, Corporates 23%, Clearing members 23%"
INE093JA7W71,30/06/2026,"Individuals 61%, Corporates 35%, Clearing members 3.4%"
INE093JA7W89,30/06/2026,"Individuals 69%, Clearing members 31%"
INE093JB7053,30/06/2026,Individuals 100%
INE093JB7061,30/06/2026,Individuals 100%
INE093JB7087,30/06/2026,Individuals 100%
INE093JB70K0,30/06/2026,"Individuals 70%, Corporates 28%, Clearing members 2%"
INE093JB71I2,30/06/2026,"Individuals 81%, Corporates 17%, NRIs 2.1%"
INE093JB73A5,30/06/2026,"Individuals 90%, Corporates 7.2%, NRIs 2.7%"
INE093JB73L2,30/06/2026,"Individuals 93%, NRIs 3.6%, Corporates 3.6%"
INE093JB77J7,30/06/2026,"Individuals 94%, Corporates 6.5%"
INE093JB7C81,30/06/2026,Individuals 100%
INE093JB7CX0,30/06/2026,"Individuals 98%, Corporates 1.8%"
INE093JB7E14,30/06/2026,"Individuals 93%, Corporates 7.3%"
INE093JB7FH6,30/06/2026,"Individuals 67%, Corporates 33%"
INE093JB7IA5,30/06/2026,"Individuals 85%, Corporates 12%, NRIs 2.3%"
INE093JB7JD7,30/06/2026,"Corporates 74%, Individuals 26%"
INE093JB7SR8,30/06/2026,"Individuals 96%, Corporates 3.8%"
INE093JB7SU2,30/06/2026,Individuals 100%
INE093JB7TW6,30/06/2026,Individuals 100%
INE093JB7Z35,30/06/2026,"Individuals 91%, Corporates 9.5%"
INE093JC7EF2,30/06/2026,"Individuals 76%, Corporates 24%"
INE094A08150,30/06/2026,"Banks 38%, PF/Pension 24%, MF 19%, Insurance 12%, Trusts 3.6%, Corporates 3%"
INE094A08168,30/06/2026,"MF 55%, Banks 44%, Trusts 1.1%"
INE09B308044,30/06/2026,"Corporates 41%, Individuals 41%, Clearing members 18%, NRIs 0.2%, Trusts 0.1%"
INE0A3007073,30/06/2026,"Corporates 58%, Individuals 42%"
INE0AD507184,30/06/2026,"Trusts 54%, Insurance 46%"
INE0AY207061,30/06/2026,"MF 59%, Corporates 41%"
INE0B3K07033,30/06/2026,"AIF 62%, Individuals 21%, Corporates 17%"
INE0BBH07059,30/06/2026,Corporates 100%
INE0BBH07075,30/06/2026,Corporates 100%
INE0BJR08026,30/06/2026,"Trusts 52%, Corporates 46%, NBFC 2%, Individuals 0.1%"
INE0BUS07BV9,30/06/2026,"Individuals 82%, Corporates 16%, NRIs 1.1%, Clearing members 0.3%"
INE0BUS07BX5,30/06/2026,"Individuals 61%, Corporates 37%, NRIs 1.3%, Clearing members 0.2%"
INE0BUS07CH6,30/06/2026,"Individuals 64%, Corporates 36%"
INE0BUS07CJ2,30/06/2026,"Individuals 47%, FPI 24%, Corporates 20%, AIF 8%, NRIs 1%"
INE0BUS07CK0,30/06/2026,"Individuals 54%, Corporates 44%, NRIs 1.5%, Trusts 0.3%"
INE0BUS07CL8,30/06/2026,"Individuals 52%, Corporates 42%, Clearing members 4.3%, NRIs 0.6%, AIF 0.2%"
INE0BUS07CM6,30/06/2026,"Individuals 52%, Corporates 48%"
INE0BUS07CN4,30/06/2026,"Corporates 99%, Individuals 1.4%"
INE0BUS08047,30/06/2026,"Corporates 72%, Individuals 22%, NBFC 4.7%, NRIs 1%"
INE0BWS07045,30/06/2026,"PF/Pension 27%, Other FIs 21%, Corporates 17%, Insurance 13%, Banks 12%, MF 10%"
INE0C5208022,30/06/2026,"Trusts 54%, Corporates 46%, Individuals 0.1%"
INE0CCU07066,30/06/2026,"Insurance 42%, Corporates 30%, PF/Pension 16%, MF 12%"
INE0CCU07090,30/06/2026,MF 100%
INE0CCU07108,30/06/2026,MF 100%
INE0CCU07116,30/06/2026,"MF 70%, Insurance 20%, PF/Pension 10%"
INE0CCU07132,30/06/2026,MF 100%
INE0CCU07140,30/06/2026,"Insurance 84%, MF 16%"
INE0CCU07165,30/06/2026,MF 100%
INE0CCU07173,30/06/2026,"PF/Pension 79%, MF 21%"
INE0CCU07181,30/06/2026,"MF 98%, Insurance 2.1%"
INE0CCU07199,30/06/2026,"MF 91%, PF/Pension 8.9%"
INE0CTD07074,30/06/2026,"Corporates 74%, NBFC 25%, Individuals 1%"
INE0D4Z07011,30/06/2026,"Individuals 92%, Corporates 6.4%, Clearing members 1.1%, NRIs 0.3%"
INE0DJ207059,30/06/2026,"Corporates 96%, Individuals 3.1%, AIF 1.2%"
INE0E2T07090,30/06/2026,"Individuals 60%, Corporates 39%, NRIs 1.1%"
INE0EZ108066,30/06/2026,"Trusts 72%, Corporates 28%"
INE0FDU07018,30/06/2026,"MF 70%, FPI 30%"
INE0FUJ07056,30/06/2026,AIF 100%
INE0FUJ07072,30/06/2026,"Corporates 48%, Individuals 40%, AIF 12%, Trusts 0.4%"
INE0GCN07047,30/06/2026,"MF 68%, Banks 26%, Corporates 6.3%, Individuals 0.2%"
INE0GCN07054,30/06/2026,"Corporates 76%, Individuals 7.4%, FPI 4.7%, MF 4.6%, Banks 3.3%, Clearing members 2.3%, others 1.9%"
INE0GXL07062,30/06/2026,"Individuals 52%, Corporates 47%, NRIs 0.8%, Clearing members 0.1%"
INE0GXL07070,30/06/2026,"AIF 38%, Individuals 31%, Corporates 31%"
INE0H0207010,30/06/2026,"Corporates 67%, AIF 33%"
INE0H7R07058,30/06/2026,"MF 69%, Insurance 18%, PF/Pension 12%"
INE0H7R07066,30/06/2026,"MF 72%, Insurance 16%, PF/Pension 12%"
INE0H8N07105,30/06/2026,"FPI 76%, AIF 17%, Corporates 6.3%, Individuals 0.4%"
INE0I5X07034,30/06/2026,"Corporates 66%, Individuals 34%"
INE0IX207171,30/06/2026,"Individuals 83%, Trusts 10%, Corporates 5.6%, NRIs 1.4%"
INE0IX207189,30/06/2026,"Corporates 50%, Individuals 40%, Trusts 10%, NRIs 0.4%"
INE0IX207254,30/06/2026,"AIF 44%, Individuals 31%, Trusts 14%, Corporates 11%, NRIs 0.2%"
INE0J4S07028,30/06/2026,"Corporates 88%, Individuals 12%, Trusts 0.3%"
INE0JTP07149,30/06/2026,"Corporates 83%, Individuals 17%"
INE0JTP07164,30/06/2026,"AIF 71%, Individuals 21%, Corporates 7.1%"
INE0JYY07026,30/06/2026,"Individuals 56%, Clearing members 32%, AIF 5.6%, Corporates 5.3%, Banks 1%, NRIs 0.1%"
INE0JZO07024,30/06/2026,"Corporates 66%, Individuals 25%, Clearing members 8.2%"
INE0JZO07040,30/06/2026,"Individuals 51%, Corporates 49%, NRIs 0.3%, Clearing members 0.1%"
INE0JZO07057,30/06/2026,"Corporates 97%, Individuals 1.4%, Clearing members 1.2%"
INE0K0Y07021,30/06/2026,"Individuals 79%, Corporates 21%, NRIs 0.1%"
INE0K2Q07221,30/06/2026,"AIF 40%, NBFC 40%, Corporates 18%, Individuals 1.8%"
INE0K2Q07239,30/06/2026,Corporates 100%
INE0KUG08019,30/06/2026,"PF/Pension 30%, Insurance 22%, Banks 19%, Corporates 15%, Govt 5.1%, MF 4.8%, others 3%"
INE0KUG08043,30/06/2026,"Insurance 40%, PF/Pension 21%, Corporates 21%, Govt 17%, Trusts 0.3%"
INE0KUG08050,30/06/2026,"Insurance 57%, Govt 19%, PF/Pension 9.4%, Banks 6%, MF 4.5%, Corporates 3.7%"
INE0KUG08068,30/06/2026,"Insurance 29%, Govt 21%, Banks 17%, Corporates 12%, PF/Pension 12%, Trusts 6.7%, others 3.2%"
INE0KUG08076,30/06/2026,"Insurance 26%, MF 24%, Govt 23%, PF/Pension 16%, Banks 10%, Trusts 1.7%"
INE0KUG08084,30/06/2026,"Insurance 47%, Govt 30%, Banks 12%, MF 4.1%, Corporates 2.7%, PF/Pension 2.4%, others 0.6%"
INE0KUG08092,30/06/2026,"MF 36%, Banks 32%, Insurance 14%, PF/Pension 10%, Corporates 4.8%, Trusts 2.9%"
INE0KUG08100,30/06/2026,"Banks 44%, Insurance 17%, MF 17%, PF/Pension 14%, Corporates 6%, Trusts 2.1%"
INE0KUG08134,30/06/2026,"Trusts 47%, PF/Pension 23%, Govt 22%, Insurance 7.3%, Corporates 1%, Banks 0.1%"
INE0KUG08142,30/06/2026,"Banks 62%, MF 20%, PF/Pension 16%, Insurance 2.2%"
INE0KUG08159,30/06/2026,"Insurance 44%, Trusts 19%, PF/Pension 17%, Govt 8%, MF 6%, Banks 4%, others 1.6%"
INE0KXY07034,30/06/2026,MF 100%
INE0KXY07059,30/06/2026,MF 100%
INE0L6807179,30/06/2026,"Corporates 73%, Individuals 27%"
INE0L6807187,30/06/2026,"Corporates 51%, Individuals 49%, Clearing members 0.4%, Trusts 0.3%"
INE0L6807211,30/06/2026,"Corporates 71%, Individuals 28%, Trusts 0.7%"
INE0L6807237,30/06/2026,"Corporates 63%, Individuals 37%"
INE0L6807245,30/06/2026,"Corporates 60%, Individuals 20%, AIF 18%, Trusts 1.4%"
INE0L6807260,30/06/2026,"Corporates 43%, Individuals 29%, AIF 28%"
INE0L6807328,30/06/2026,"Corporates 76%, Individuals 24%, Trusts 0.6%"
INE0LN107071,30/06/2026,"Individuals 91%, Corporates 9.3%"
INE0LN107089,30/06/2026,"Corporates 83%, Individuals 17%"
INE0LR407022,30/06/2026,"FPI 95%, Corporates 5%"
INE0M2307065,30/06/2026,"Govt 54%, Trusts 34%, Individuals 8.7%, Corporates 1.8%, Insurance 0.8%, NRIs 0.2%, others 0.1%"
INE0M2307081,30/06/2026,"Govt 54%, Trusts 30%, Individuals 7.9%, Corporates 6.9%, Insurance 0.8%, Banks 0.3%, others 0.2%"
INE0M2307321,30/06/2026,"MF 39%, Corporates 18%, Individuals 13%, Trusts 12%, Banks 11%, Insurance 7.3%, others 0.1%"
INE0M2307339,30/06/2026,"Trusts 28%, Banks 28%, Corporates 25%, Individuals 12%, Insurance 7.3%, NRIs 0.2%"
INE0M2307347,30/06/2026,"Govt 51%, Trusts 20%, Corporates 14%, Insurance 7.3%, Individuals 5.2%, Banks 2.4%, others 0.1%"
INE0M2307354,30/06/2026,"MF 31%, Trusts 27%, Corporates 16%, Individuals 10%, Banks 8.8%, Insurance 7.4%, others 0.1%"
INE0M2307362,30/06/2026,"MF 37%, Corporates 28%, Banks 11%, Individuals 9.4%, Trusts 7.5%, Insurance 7.3%, others 0.6%"
INE0M2307370,30/06/2026,"MF 36%, Corporates 17%, Trusts 16%, Individuals 9.2%, PF/Pension 9.1%, Insurance 7.3%, others 6.1%"
INE0M2307388,30/06/2026,"Corporates 39%, Trusts 29%, Individuals 15%, Banks 11%, Insurance 7.3%, NRIs 0.2%"
INE0M2307396,30/06/2026,"Govt 55%, Trusts 18%, Corporates 10%, Individuals 8.6%, Insurance 7.3%, NRIs 0.9%, others 0.5%"
INE0M2307404,30/06/2026,"Govt 55%, Trusts 19%, Corporates 10%, Insurance 7.3%, Individuals 6.3%, Banks 2.7%"
INE0M2307412,30/06/2026,"Govt 54%, Trusts 21%, Corporates 10%, Insurance 7.3%, Individuals 6.8%, NRIs 0.8%"
INE0M8D08016,30/06/2026,"MF 91%, Corporates 8.6%"
INE0MHC07633,30/06/2026,"Corporates 67%, Individuals 31%, NBFC 1.3%"
INE0MHC07690,30/06/2026,"Corporates 58%, Individuals 29%, FPI 7.9%, AIF 4.8%"
INE0MHC07716,30/06/2026,"AIF 54%, Corporates 42%, Individuals 3.8%"
INE0MHC07724,30/06/2026,"Corporates 55%, Individuals 24%, AIF 21%"
INE0MHC07732,30/06/2026,"NBFC 67%, Corporates 24%, AIF 8.9%"
INE0MIZ07038,30/06/2026,"MF 43%, AIF 43%, Corporates 14%"
INE0MT207015,30/06/2026,MF 100%
INE0MYJ07161,30/06/2026,"Individuals 45%, Corporates 35%, AIF 20%"
INE0MYJ07179,30/06/2026,"Individuals 93%, Corporates 7.1%"
INE0MYJ07187,30/06/2026,"Corporates 64%, Individuals 36%, NRIs 0.4%"
INE0N1Z07015,30/06/2026,MF 100%
INE0N5S07052,30/06/2026,"Corporates 66%, Individuals 34%"
INE0NDH07027,30/06/2026,"Insurance 68%, MF 32%"
INE0NDH07035,30/06/2026,"MF 94%, Insurance 6.2%"
INE0NDH07043,30/06/2026,MF 100%
INE0NDH07050,30/06/2026,MF 100%
INE0NDH07068,30/06/2026,"MF 90%, FPI 10%"
INE0NES07139,30/06/2026,"Corporates 60%, Individuals 40%, NRIs 0.3%, Trusts 0.1%"
INE0NES07147,30/06/2026,"Corporates 32%, MF 28%, Individuals 21%, AIF 11%, Trusts 8.4%, Clearing members 0.2%, others 0.1%"
INE0NES07162,30/06/2026,"Individuals 74%, Corporates 25%, NRIs 0.5%, AIF 0.5%"
INE0NES07188,30/06/2026,"Individuals 91%, Corporates 8.4%, NRIs 0.2%"
INE0NES07220,30/06/2026,"Individuals 51%, Corporates 49%, Trusts 0.6%"
INE0NES07261,30/06/2026,"Individuals 76%, Corporates 23%, NRIs 1.1%"
INE0NES07287,30/06/2026,"Individuals 53%, Corporates 33%, AIF 10%, NBFC 3.4%, NRIs 0.3%"
INE0NES07303,30/06/2026,"Corporates 55%, Clearing members 29%, Individuals 12%, NBFC 4.6%"
INE0NES07329,30/06/2026,"Individuals 68%, Corporates 26%, AIF 4.7%, MF 1.3%, NRIs 0.2%, Clearing members 0.1%"
INE0NES07345,30/06/2026,"Corporates 63%, Individuals 22%, NBFC 14%"
INE0NR607058,30/06/2026,"MF 93%, Insurance 7.2%"
INE0NR607074,30/06/2026,"MF 52%, Banks 36%, Insurance 12%"
INE0OAD07020,30/06/2026,"Corporates 54%, Clearing members 25%, NBFC 21%"
INE0OJ007027,30/06/2026,"Corporates 98%, Individuals 1.5%"
INE0OJ808028,30/06/2026,MF 100%
INE0ONG08016,30/06/2026,"Govt 72%, Insurance 13%, PF/Pension 8.3%, MF 6%"
INE0OOQ07791,30/06/2026,"Corporates 70%, Individuals 21%, AIF 8%, Clearing members 0.8%"
INE0OOQ07825,30/06/2026,"Corporates 63%, Individuals 33%, AIF 3.3%, NBFC 0.7%"
INE0OWY07087,30/06/2026,"Individuals 53%, Corporates 46%, NRIs 0.8%"
INE0P3M07025,30/06/2026,"Corporates 69%, Individuals 31%, NRIs 0.3%"
INE0P3M07033,30/06/2026,"Corporates 74%, Individuals 23%, AIF 3%"
INE0P3M07041,30/06/2026,"Corporates 83%, Individuals 17%"
INE0PM707190,30/06/2026,"Corporates 73%, Individuals 27%"
INE0PM707448,30/06/2026,"Corporates 48%, Individuals 34%, AIF 18%"
INE0PM707539,30/06/2026,"Corporates 64%, Individuals 26%, AIF 11%"
INE0PM707562,30/06/2026,"Corporates 55%, Individuals 45%"
INE0PM707596,30/06/2026,"Corporates 79%, Individuals 21%"
INE0QGP07190,30/06/2026,"Corporates 90%, Individuals 10%"
INE0QGP07216,30/06/2026,Corporates 100%
INE0QGP07240,30/06/2026,Corporates 100%
INE0R8O07036,30/06/2026,MF 100%
INE0REQ08017,30/06/2026,MF 100%
INE0REQ08025,30/06/2026,MF 100%
INE0S3L07099,30/06/2026,Corporates 100%
INE0S8E07028,30/06/2026,"Corporates 100%, Individuals 0.3%"
INE0TLC07044,30/06/2026,"Trusts 47%, Corporates 28%, Individuals 14%, Govt 10%, Banks 0.3%, Clearing members 0.2%, others 0.1%"
INE0TLC07069,30/06/2026,"Trusts 48%, Corporates 34%, Individuals 10%, Banks 7.6%, NRIs 0.1%"
INE0TLC07077,30/06/2026,"Trusts 32%, Banks 25%, Corporates 24%, Individuals 15%, Insurance 2.6%, NRIs 0.4%, others 0.1%"
INE0TLC07085,30/06/2026,"Corporates 38%, Banks 25%, Trusts 13%, Individuals 11%, Govt 10%, MF 2.2%, others 0.1%"
INE0TLC07093,30/06/2026,"Corporates 35%, Banks 29%, Trusts 20%, Individuals 13%, Govt 2.2%, Other FIs 1%, others 0.1%"
INE0TQI07024,30/06/2026,"Corporates 83%, Individuals 17%"
INE0U9A07012,30/06/2026,"FPI 96%, Corporates 2.2%, AIF 1.7%, Individuals 0.4%"
INE0WEL07051,30/06/2026,"Corporates 76%, AIF 20%, Individuals 3.8%"
INE0XK707143,30/06/2026,"Corporates 52%, Individuals 47%, NRIs 0.5%"
INE0XK707200,30/06/2026,"AIF 97%, Individuals 3.3%"
INE0YRB07019,30/06/2026,"Corporates 97%, Trusts 2.5%"
INE0YRB07035,30/06/2026,"Corporates 53%, Trusts 47%"
INE0YRB07050,30/06/2026,MF 100%
INE0YRB07068,30/06/2026,MF 100%
INE0YRB07076,30/06/2026,MF 100%
INE0YTY07033,30/06/2026,"AIF 83%, Corporates 17%"
INE0YTY07041,30/06/2026,"Corporates 94%, Individuals 5.7%"
INE0Z4807015,30/06/2026,"Corporates 53%, Individuals 33%, AIF 10%, FPI 2.8%, NBFC 1.7%, NRIs 0.2%, others 0.1%"
INE101A08088,30/06/2026,"Insurance 29%, MF 26%, Banks 23%, PF/Pension 21%"
INE101Q07AZ8,30/06/2026,"Individuals 70%, Trusts 15%, Corporates 14%, NRIs 0.6%"
INE101Q07BR3,30/06/2026,"Individuals 84%, Corporates 12%, NBFC 2.2%, NRIs 1.5%"
INE101Q07BS1,30/06/2026,"Individuals 82%, Corporates 12%, Trusts 3.4%, NRIs 1.5%, Clearing members 0.9%, NBFC 0.3%"
INE101Q07BU7,30/06/2026,"Individuals 82%, Corporates 17%, Trusts 1.6%"
INE101Q07BV5,30/06/2026,"Trusts 40%, Corporates 36%, MF 24%"
INE101Q07BW3,30/06/2026,"Individuals 81%, Corporates 16%, NRIs 2.1%, Trusts 0.1%"
INE101Q07BX1,30/06/2026,"Individuals 37%, Corporates 37%, AIF 13%, Insurance 12%, NRIs 0.3%, Trusts 0.1%"
INE101Q07BY9,30/06/2026,"Corporates 40%, Individuals 32%, MF 27%, AIF 0.4%, NRIs 0.1%, NBFC 0.1%"
INE101Q07BZ6,30/06/2026,"Individuals 48%, Corporates 47%, Clearing members 4.6%, NRIs 0.8%"
INE101Q07CA7,30/06/2026,"Individuals 56%, Corporates 41%, Clearing members 1.6%, MF 1%, NRIs 0.6%"
INE103C07173,30/06/2026,"Individuals 72%, Corporates 17%, NBFC 10%, NRIs 0.2%"
INE103D08021,30/06/2026,"PF/Pension 34%, Insurance 33%, Banks 13%, Trusts 11%, Corporates 6.5%, MF 1.2%, others 1.1%"
INE103D08039,30/06/2026,"Insurance 46%, Govt 16%, Banks 12%, PF/Pension 12%, Corporates 10%, Trusts 3.6%, others 0.7%"
INE103D08054,30/06/2026,"Insurance 25%, Banks 23%, Trusts 20%, Govt 15%, PF/Pension 8.3%, MF 7.7%"
INE104W07245,30/06/2026,"Corporates 51%, Individuals 49%, NRIs 0.1%"
INE104W07252,30/06/2026,"Corporates 100%, Individuals 0.1%"
INE105A08022,30/06/2026,"MF 92%, Insurance 7.7%"
INE105A08030,30/06/2026,"MF 83%, Insurance 17%"
INE105N07209,30/06/2026,"MF 66%, Corporates 32%, Trusts 2.3%"
INE105N07217,30/06/2026,"Corporates 47%, MF 29%, Trusts 24%"
INE105N07225,30/06/2026,"Trusts 40%, MF 32%, Insurance 27%, Banks 0.7%"
INE109C07139,30/06/2026,"Individuals 87%, Corporates 13%, NRIs 0.2%"
INE109C07147,30/06/2026,"Individuals 56%, Corporates 35%, AIF 5.6%, Clearing members 3.8%, NRIs 0.1%"
INE10A707144,30/06/2026,"Corporates 66%, AIF 33%, Individuals 0.9%"
INE115A07KM9,30/06/2026,"Trusts 30%, Corporates 30%, PF/Pension 25%, MF 10%, Insurance 5%"
INE115A07LO3,30/06/2026,"Insurance 34%, Trusts 26%, MF 21%, PF/Pension 17%, Corporates 1.7%"
INE115A07MC6,30/06/2026,"Insurance 52%, MF 18%, PF/Pension 11%, Trusts 9.3%, Corporates 5.1%, Individuals 5.1%"
INE115A07MQ6,30/06/2026,"MF 38%, Insurance 27%, Banks 12%, Corporates 8%, PF/Pension 7.4%, Trusts 6.7%, others 0.9%"
INE115A07MW4,30/06/2026,"Insurance 48%, MF 19%, Trusts 16%, Corporates 7.2%, Banks 6.2%, PF/Pension 3.8%, others 0.1%"
INE115A07NP6,30/06/2026,"MF 33%, Insurance 24%, Trusts 22%, PF/Pension 13%, Corporates 5.8%, Banks 2.4%, others 0.5%"
INE115A07NU6,30/06/2026,"Insurance 40%, PF/Pension 34%, Trusts 11%, MF 7%, Corporates 6.3%, Banks 1.1%, others 0.4%"
INE115A07OB4,30/06/2026,"Insurance 46%, Trusts 23%, PF/Pension 13%, MF 12%, Corporates 4.7%, Banks 0.9%, others 0.2%"
INE115A07OF5,30/06/2026,"Insurance 52%, Trusts 20%, Corporates 10%, PF/Pension 10%, MF 4.7%, Banks 1.4%, others 0.7%"
INE115A07OR0,30/06/2026,"PF/Pension 45%, Insurance 27%, Trusts 24%, MF 2.5%, Banks 1.4%, Corporates 0.2%, others 0.1%"
INE115A07PI6,30/06/2026,"Insurance 27%, Banks 24%, MF 24%, Corporates 16%, PF/Pension 10%"
INE115A07PN6,30/06/2026,"Insurance 37%, MF 32%, Corporates 27%, Banks 4.1%"
INE115A07PR7,30/06/2026,"MF 35%, Insurance 32%, Banks 21%, FPI 9.3%, Corporates 1.8%"
INE115A07PV9,30/06/2026,"Insurance 58%, MF 18%, Corporates 11%, Trusts 5%, PF/Pension 5%, Banks 2.8%, others 0.5%"
INE115A07PY3,30/06/2026,"Insurance 70%, Trusts 23%, PF/Pension 4.7%, Banks 1%, Corporates 0.6%, Individuals 0.4%, others 0.4%"
INE115A07QC7,30/06/2026,"Insurance 40%, MF 27%, Banks 22%, Corporates 5.8%, Trusts 2.5%, PF/Pension 2.2%"
INE115A07QH6,30/06/2026,"Insurance 75%, Trusts 13%, MF 8.8%, PF/Pension 2.7%, Corporates 0.4%"
INE115A07QI4,30/06/2026,"Insurance 56%, MF 14%, Trusts 11%, PF/Pension 10%, Banks 6.4%, FPI 1%, others 0.6%"
INE115A07QJ2,30/06/2026,"MF 36%, Insurance 30%, Corporates 24%, Trusts 6.1%, PF/Pension 3.3%"
INE115A07QK0,30/06/2026,"Insurance 67%, PF/Pension 11%, Banks 10%, Trusts 8.2%, MF 2.6%, Govt 0.7%, others 0.3%"
INE115A07QL8,30/06/2026,"Insurance 35%, MF 27%, PF/Pension 25%, Trusts 8.2%, Corporates 4%"
INE115A07QM6,30/06/2026,"Banks 59%, Insurance 23%, MF 16%, Trusts 2%, Corporates 0.3%"
INE115A07QN4,30/06/2026,"Insurance 70%, Trusts 14%, PF/Pension 11%, Corporates 3.1%, MF 1.9%, Govt 0.1%"
INE115A07QO2,30/06/2026,"Insurance 33%, MF 22%, Corporates 21%, Banks 17%, Trusts 5.5%, Govt 0.9%, others 0.2%"
INE115A07QP9,30/06/2026,"Insurance 56%, MF 31%, PF/Pension 8.9%, Banks 2.2%, Trusts 1.6%, FPI 0.3%, others 0.2%"
INE115A07QQ7,30/06/2026,"Insurance 45%, Trusts 27%, PF/Pension 12%, Banks 9.3%, MF 6.6%"
INE115A07QR5,30/06/2026,"Insurance 54%, PF/Pension 21%, Trusts 16%, MF 3.8%, Corporates 2%, Govt 1.1%, others 2%"
INE115A07QS3,30/06/2026,"Insurance 51%, MF 21%, Corporates 14%, Banks 8.2%, Trusts 3.3%, PF/Pension 1.9%, others 1%"
INE115A07QT1,30/06/2026,"MF 57%, Insurance 28%, Corporates 14%"
INE115A07QU9,30/06/2026,"Insurance 49%, MF 22%, PF/Pension 12%, Banks 6%, Corporates 5.4%, Trusts 5.1%, others 0.3%"
INE115A07QV7,30/06/2026,"Insurance 47%, PF/Pension 19%, Trusts 19%, MF 7.3%, FPI 4.4%, Banks 3.1%, others 0.3%"
INE115A07QW5,30/06/2026,"MF 47%, Insurance 25%, Corporates 19%, Banks 7.8%, FPI 1.2%, Trusts 0.3%"
INE115A07QX3,30/06/2026,"PF/Pension 42%, MF 28%, Insurance 21%, Banks 6.3%, Corporates 3.1%, FPI 0.6%, others 0.2%"
INE115A07QZ8,30/06/2026,"Insurance 36%, MF 28%, Banks 21%, Corporates 15%"
INE115A07RA9,30/06/2026,"MF 73%, Insurance 24%, Corporates 3.1%"
INE115A07RB7,30/06/2026,"Insurance 64%, PF/Pension 16%, Corporates 7.8%, Trusts 7.5%, MF 2.5%, Banks 2.3%, others 0.4%"
INE115A07RC5,30/06/2026,"Insurance 67%, PF/Pension 19%, MF 5.5%, Corporates 5.5%, Banks 3.3%, FPI 0.4%"
INE115A07RD3,30/06/2026,"Insurance 64%, Banks 9.3%, Trusts 9.2%, PF/Pension 8.1%, MF 4.8%, Corporates 4.3%, others 0.5%"
INE115A07RE1,30/06/2026,"MF 70%, Insurance 20%, Banks 5%, Corporates 5%"
INE115A07RF8,30/06/2026,"MF 73%, PF/Pension 13%, Insurance 11%, FPI 1.8%, Trusts 1.6%, Govt 0.3%"
INE115A07RH4,30/06/2026,"Insurance 45%, MF 21%, Corporates 20%, Banks 14%, Trusts 0.8%"
INE115A07RI2,30/06/2026,"Corporates 51%, PF/Pension 22%, Insurance 18%, Banks 8.7%"
INE115A07RJ0,30/06/2026,"Banks 63%, Corporates 22%, MF 9.3%, Trusts 2.1%, PF/Pension 2.1%, Insurance 1.3%"
INE115A08369,30/06/2026,"PF/Pension 38%, Trusts 33%, Corporates 12%, Insurance 11%, MF 5%, Individuals 1.3%, others 0.5%"
INE115A08377,30/06/2026,"Trusts 38%, Corporates 18%, Insurance 15%, PF/Pension 8.9%, MF 6.7%, Govt 5%, others 8%"
INE118D08045,30/06/2026,"Banks 67%, Individuals 21%, MF 7.4%, Corporates 5.2%, Clearing members 0.1%"
INE118D08078,30/06/2026,"Corporates 44%, MF 35%, Insurance 17%, Banks 4.2%"
INE11BM07016,30/06/2026,"Corporates 62%, AIF 36%, Individuals 2.3%"
INE11G507117,30/06/2026,"Corporates 70%, Individuals 24%, AIF 6.3%"
INE11G507141,30/06/2026,"Corporates 63%, AIF 23%, Individuals 14%"
INE11LM07031,30/06/2026,MF 100%
INE11RT07249,30/06/2026,"Corporates 92%, NBFC 6.8%, Individuals 1.4%"
INE11RT07256,30/06/2026,"Individuals 80%, Corporates 20%"
INE121A07QM4,30/06/2026,"Insurance 61%, PF/Pension 28%, Corporates 7.4%, Banks 3.7%"
INE121A07RD1,30/06/2026,"Individuals 52%, Corporates 44%, Clearing members 3.5%, NRIs 0.2%"
INE121A07RM2,30/06/2026,"Insurance 42%, Trusts 26%, MF 13%, PF/Pension 8.1%, Individuals 7.6%, Corporates 4.2%"
INE121A07RT7,30/06/2026,"Insurance 57%, Corporates 37%, Trusts 2.9%, Individuals 2.7%, MF 0.8%"
INE121A07RV3,30/06/2026,"Insurance 32%, PF/Pension 21%, Banks 16%, MF 13%, Trusts 13%, Corporates 3.6%, others 2.1%"
INE121A07RX9,30/06/2026,"PF/Pension 43%, Insurance 35%, Banks 11%, Corporates 4.1%, Trusts 3%, MF 2.6%, others 0.8%"
INE121A07RY7,30/06/2026,"Insurance 61%, PF/Pension 18%, Trusts 11%, Banks 6.3%, Corporates 2%, MF 1.3%, others 0.9%"
INE121A07SB3,30/06/2026,"Insurance 45%, Corporates 27%, MF 25%, Trusts 3%"
INE121A07SG2,30/06/2026,"NBFC 46%, Insurance 21%, Corporates 18%, MF 10%, FPI 5%"
INE121A07SH0,30/06/2026,"Banks 45%, Insurance 24%, MF 15%, AIF 5.9%, Corporates 4.3%, FPI 3.9%, others 1.8%"
INE121A07SJ6,30/06/2026,"Insurance 73%, Trusts 25%, Banks 1.8%, Corporates 0.1%"
INE121A07SL2,30/06/2026,"Banks 43%, Insurance 25%, Corporates 17%, Trusts 9.1%, MF 4.8%, Govt 0.6%"
INE121A07SN8,30/06/2026,"Banks 65%, MF 14%, Insurance 9%, Corporates 7%, AIF 4.4%, Trusts 0.4%, others 0.2%"
INE121A07SS7,30/06/2026,"Insurance 38%, Banks 34%, Corporates 14%, PF/Pension 8.5%, MF 6.2%"
INE121A07SU3,30/06/2026,"MF 82%, Banks 18%, Insurance 1%"
INE121A08OQ8,30/06/2026,"Trusts 43%, Corporates 33%, Individuals 23%"
INE121A08PB7,30/06/2026,"Trusts 52%, Individuals 32%, Corporates 16%, NRIs 0.2%"
INE121A08PF8,30/06/2026,"Trusts 29%, Insurance 29%, Corporates 23%, Individuals 19%"
INE121A08PH4,30/06/2026,"Corporates 66%, Trusts 24%, Individuals 7%, NRIs 3.2%"
INE121A08PJ0,30/06/2026,MF 100%
INE121A08PP7,30/06/2026,"MF 63%, Insurance 24%, Corporates 5.4%, Trusts 2.7%, Banks 2.6%, Govt 2.6%, others 0.7%"
INE121A08PQ5,30/06/2026,"Corporates 67%, Trusts 21%, Individuals 8.6%, Banks 2.6%, NRIs 0.1%, Clearing members 0.1%"
INE121A08PR3,30/06/2026,"Insurance 38%, MF 30%, Trusts 19%, Corporates 11%, Govt 1.2%, Individuals 0.7%"
INE121A08PS1,30/06/2026,"Insurance 49%, PF/Pension 19%, Trusts 15%, Banks 10%, MF 5%, Corporates 2%, others 0.1%"
INE121A08PT9,30/06/2026,"MF 64%, Insurance 25%, FPI 10%, Trusts 1.1%"
INE121A08PU7,30/06/2026,"MF 72%, Insurance 15%, PF/Pension 11%, Corporates 2%"
INE121A08PV5,30/06/2026,"Insurance 55%, MF 30%, Trusts 10%, Corporates 3.3%, Individuals 1.2%"
INE121A08PX1,30/06/2026,"Trusts 44%, Insurance 33%, Banks 21%, Corporates 1.3%, Individuals 0.8%"
INE121A08PY9,30/06/2026,"MF 46%, Banks 33%, Trusts 13%, Insurance 5%, PF/Pension 2.5%, Individuals 0.1%"
INE121A08PZ6,30/06/2026,"Banks 85%, MF 11%, PF/Pension 2.5%, Insurance 1.2%, Corporates 0.4%"
INE121E08039,30/06/2026,"Banks 54%, MF 36%, Insurance 11%"
INE121E08047,30/06/2026,MF 100%
INE121E08070,30/06/2026,"Insurance 50%, MF 40%, Corporates 10%"
INE124N07697,30/06/2026,"Corporates 43%, MF 37%, Banks 6.7%, Insurance 6.7%, Trusts 4%, Individuals 2.7%"
INE124N07721,30/06/2026,"Corporates 57%, MF 36%, Individuals 6.8%"
INE124N07739,30/06/2026,MF 100%
INE124N07747,30/06/2026,"Corporates 47%, MF 35%, Banks 8%, Individuals 6.5%, AIF 3.3%, Trusts 0.2%"
INE124N07754,30/06/2026,MF 100%
INE124N07762,30/06/2026,"MF 65%, Banks 18%, Corporates 11%, Insurance 3.3%, NRIs 1.7%, AIF 0.7%, others 0.4%"
INE124N07796,30/06/2026,Corporates 100%
INE125T07311,30/06/2026,"Individuals 38%, Corporates 37%, Trusts 22%, NRIs 2.2%"
INE127K08017,30/06/2026,"MF 88%, Banks 12%"
INE128M08086,30/06/2026,"Banks 78%, Corporates 18%, MF 3.5%"
INE128M08094,30/06/2026,"MF 43%, Corporates 36%, PF/Pension 15%, Insurance 6.6%"
INE129A08014,30/06/2026,"Corporates 57%, MF 18%, Banks 13%, PF/Pension 10%, Trusts 0.8%"
INE12FD07014,30/06/2026,"Individuals 60%, Corporates 40%"
INE12VA07579,30/06/2026,"Individuals 53%, Corporates 47%"
INE12VA07751,30/06/2026,"Corporates 79%, Individuals 19%, NRIs 2%"
INE12VA07983,30/06/2026,"Corporates 82%, Individuals 18%"
INE12VA07AB5,30/06/2026,"Individuals 54%, NBFC 44%, Corporates 2.5%"
INE12VA07AF6,30/06/2026,Corporates 100%
INE12VA07AH2,30/06/2026,Corporates 100%
INE12VA07AI0,30/06/2026,"Corporates 100%, Individuals 0.3%"
INE12VA07AK6,30/06/2026,Corporates 100%
INE12VA07AL4,30/06/2026,Corporates 100%
INE12VA07AM2,30/06/2026,Corporates 100%
INE134E07430,30/06/2026,"Individuals 52%, Corporates 45%, NRIs 1.6%, Banks 0.8%, Insurance 0.5%, Trusts 0.4%, others 0.3%"
INE134E07455,30/06/2026,"Individuals 63%, Corporates 36%, NRIs 1.2%, Trusts 0.1%, Clearing members 0.1%"
INE134E07AN1,30/06/2026,"Trusts 34%, Govt 27%, Insurance 25%, Individuals 7.4%, Corporates 4.5%, MF 2%, others 0.4%"
INE134E07AP6,30/06/2026,"Corporates 58%, Insurance 16%, MF 11%, Banks 10%, Trusts 2.3%, Individuals 1.5%, others 0.9%"
INE134E07AT8,30/06/2026,"Trusts 48%, Insurance 20%, Individuals 16%, Corporates 11%, PF/Pension 3.1%, Banks 1.5%, others 0.4%"
INE134E08DU8,30/06/2026,"Insurance 50%, Trusts 25%, Govt 19%, PF/Pension 2.9%, MF 1.5%, Corporates 1.3%, others 0.2%"
INE134E08FL2,30/06/2026,"Insurance 63%, Trusts 13%, PF/Pension 13%, MF 5.6%, Govt 2.7%, Corporates 2.3%, others 0.1%"
INE134E08FQ1,30/06/2026,"Trusts 33%, Govt 30%, Insurance 20%, PF/Pension 10%, MF 3.2%, Corporates 1.9%, others 1%"
INE134E08GH8,30/06/2026,"Trusts 65%, Insurance 16%, MF 7.5%, Govt 3.5%, PF/Pension 3%, Banks 2.8%, others 2.4%"
INE134E08II2,30/06/2026,"Trusts 29%, MF 21%, PF/Pension 18%, Insurance 17%, Govt 6%, FPI 4.5%, others 4.9%"
INE134E08IK8,30/06/2026,"MF 55%, Trusts 19%, Insurance 14%, PF/Pension 12%"
INE134E08IO0,30/06/2026,"Govt 69%, MF 11%, Insurance 8.8%, PF/Pension 4.7%, Trusts 3.5%, Banks 2.1%, others 0.8%"
INE134E08IP7,30/06/2026,"Insurance 61%, Trusts 17%, MF 16%, PF/Pension 5%, AIF 0.8%, Individuals 0.1%"
INE134E08IR3,30/06/2026,"MF 33%, Insurance 27%, Govt 16%, PF/Pension 9%, Trusts 6.5%, Corporates 5.9%, others 3.7%"
INE134E08IT9,30/06/2026,"MF 32%, Insurance 29%, Govt 14%, PF/Pension 13%, Trusts 10%, Corporates 0.8%"
INE134E08IX1,30/06/2026,"MF 41%, Insurance 16%, Trusts 15%, PF/Pension 14%, Govt 12%, Corporates 1.1%"
INE134E08JC3,30/06/2026,"Trusts 38%, MF 38%, Insurance 10%, PF/Pension 5.6%, Banks 5.5%, Corporates 3.6%"
INE134E08JE9,30/06/2026,"Govt 68%, MF 16%, Trusts 8.8%, Banks 6.8%, Insurance 0.4%"
INE134E08JG4,30/06/2026,"Govt 75%, Trusts 13%, PF/Pension 5.1%, MF 3.7%, Insurance 2.8%"
INE134E08JI0,30/06/2026,"MF 44%, Insurance 21%, Trusts 14%, PF/Pension 7.6%, Govt 4.7%, Banks 4.1%, others 4.1%"
INE134E08JP5,30/06/2026,"Trusts 41%, Insurance 20%, PF/Pension 17%, MF 7.8%, Banks 6.7%, Corporates 3.9%, others 3.1%"
INE134E08JQ3,30/06/2026,"Govt 90%, Trusts 7.3%, Corporates 1.2%, Insurance 1.1%, PF/Pension 0.2%, MF 0.2%, others 0.1%"
INE134E08JR1,30/06/2026,"Trusts 56%, PF/Pension 34%, Insurance 5.5%, Govt 3.6%, Corporates 0.2%, Individuals 0.1%, others 0.1%"
INE134E08JX9,30/06/2026,"Trusts 78%, MF 7.8%, Insurance 5.1%, Govt 4%, Corporates 3.2%, Banks 1.1%, others 1%"
INE134E08JZ4,30/06/2026,"Trusts 84%, Insurance 5%, Banks 4.3%, PF/Pension 2.8%, Govt 2%, Corporates 1.1%, others 1.1%"
INE134E08KC1,30/06/2026,"Trusts 28%, Corporates 21%, Insurance 20%, MF 15%, Banks 13%, Govt 1.6%, others 1.6%"
INE134E08KK4,30/06/2026,"MF 51%, Corporates 17%, Insurance 10%, Govt 10%, Trusts 6.6%, PF/Pension 4.2%, others 0.6%"
INE134E08KL2,30/06/2026,"MF 28%, Govt 22%, Trusts 16%, Corporates 13%, Insurance 11%, Banks 7.6%, others 2.1%"
INE134E08KQ1,30/06/2026,"Govt 55%, Banks 22%, Trusts 10%, Insurance 5%, MF 4%, Corporates 3.7%, others 0.9%"
INE134E08KU3,30/06/2026,"Insurance 32%, Trusts 32%, Corporates 17%, Banks 6.7%, PF/Pension 5.7%, Govt 4.3%, others 1.6%"
INE134E08KV1,30/06/2026,"Trusts 40%, Insurance 19%, Corporates 16%, MF 13%, Govt 8.6%, PF/Pension 2.5%, others 0.6%"
INE134E08LA3,30/06/2026,"Trusts 46%, Govt 22%, Corporates 14%, Insurance 8.6%, Banks 6%, MF 1.6%, others 1.6%"
INE134E08LH8,30/06/2026,"MF 43%, Insurance 26%, PF/Pension 21%, Banks 8.8%, Trusts 1.5%"
INE134E08LI6,30/06/2026,"Govt 82%, Trusts 8%, PF/Pension 5.3%, Insurance 1.8%, Corporates 1%, Banks 0.7%, others 0.9%"
INE134E08LK2,30/06/2026,"MF 43%, Corporates 32%, Banks 16%, Insurance 5.9%, Trusts 3.1%"
INE134E08LM8,30/06/2026,"Trusts 40%, Insurance 20%, PF/Pension 13%, Corporates 12%, Banks 8.4%, MF 5.3%, others 1%"
INE134E08LN6,30/06/2026,"MF 62%, Insurance 14%, Govt 11%, Trusts 5%, PF/Pension 3.8%, Corporates 2.6%, others 2.2%"
INE134E08LS5,30/06/2026,"PF/Pension 44%, MF 33%, Insurance 11%, Trusts 7.5%, Corporates 3.8%"
INE134E08LT3,30/06/2026,"PF/Pension 52%, MF 45%, Trusts 3.6%"
INE134E08LX5,30/06/2026,"MF 52%, Insurance 17%, Banks 17%, PF/Pension 6.3%, Corporates 3%, Trusts 2.8%, others 1.3%"
INE134E08MA1,30/06/2026,"Insurance 42%, MF 33%, PF/Pension 21%, Trusts 3.8%, Banks 0.1%, Corporates 0.1%"
INE134E08MD5,30/06/2026,"Insurance 39%, MF 24%, Govt 18%, Trusts 7.8%, PF/Pension 6.7%, Corporates 4%"
INE134E08ME3,30/06/2026,"MF 45%, Insurance 23%, Govt 19%, PF/Pension 6.9%, Trusts 6.2%"
INE134E08MF0,30/06/2026,"MF 50%, Govt 19%, Insurance 14%, Trusts 10%, PF/Pension 6.9%, Corporates 0.8%"
INE134E08MG8,30/06/2026,"MF 55%, Govt 18%, Insurance 16%, PF/Pension 6.7%, Trusts 3.3%"
INE134E08MI4,30/06/2026,"Insurance 54%, MF 29%, Corporates 8.9%, Trusts 3.7%, PF/Pension 3.4%, Govt 0.9%"
INE134E08MJ2,30/06/2026,"Insurance 44%, MF 39%, Corporates 5.8%, Banks 5.4%, FPI 5.4%, Govt 0.4%"
INE134E08MK0,30/06/2026,"MF 85%, Insurance 8.3%, Corporates 4.2%, Banks 2.1%"
INE134E08MQ7,30/06/2026,"Insurance 80%, Corporates 6.3%, PF/Pension 4.9%, Trusts 4.1%, MF 3.1%, Govt 1%, others 0.2%"
INE134E08MR5,30/06/2026,"Insurance 43%, Trusts 18%, Corporates 15%, Govt 10%, PF/Pension 7.4%, MF 7.1%, others 0.7%"
INE134E08MS3,30/06/2026,"MF 60%, Corporates 39%, AIF 1%, Individuals 0.5%"
INE134E08MT1,30/06/2026,"MF 53%, Corporates 23%, Banks 21%, Insurance 3.2%"
INE134E08MU9,30/06/2026,"Insurance 72%, Govt 19%, PF/Pension 2.9%, Corporates 2.9%, Trusts 1.9%, MF 1%"
INE134E08MX3,30/06/2026,"MF 57%, Banks 15%, Insurance 15%, PF/Pension 6.7%, Corporates 4.2%, FPI 1.5%, others 0.8%"
INE134E08MZ8,30/06/2026,"Govt 50%, Banks 21%, Insurance 19%, MF 7.4%, Trusts 2%, PF/Pension 0.2%"
INE134E08ND3,30/06/2026,"Insurance 29%, PF/Pension 27%, MF 22%, Banks 13%, Trusts 8.1%, Corporates 1%, others 0.7%"
INE134E08NH4,30/06/2026,"Insurance 61%, PF/Pension 25%, MF 7.7%, Banks 5.7%, Trusts 0.4%"
INE134E08NJ0,30/06/2026,"Insurance 67%, Corporates 11%, MF 7.4%, PF/Pension 6.2%, Trusts 5.9%, FPI 2%, others 1%"
INE134E08NL6,30/06/2026,"MF 52%, Insurance 34%, Corporates 6.2%, Banks 3.2%, FPI 2.6%, Govt 1.2%, others 1.1%"
INE134E08NM4,30/06/2026,"Insurance 46%, MF 23%, PF/Pension 22%, Govt 4.5%, Banks 2.7%, Corporates 0.9%, others 0.2%"
INE134E08NN2,30/06/2026,"Insurance 54%, MF 18%, Trusts 10%, PF/Pension 8.1%, Corporates 7.8%, Banks 1.6%"
INE134E08NO0,30/06/2026,"Insurance 42%, MF 41%, PF/Pension 12%, Banks 1.5%, Govt 1.5%, Corporates 1.5%"
INE134E08NP7,30/06/2026,"MF 57%, Insurance 20%, Banks 8.1%, Corporates 8.1%, Govt 3.8%, PF/Pension 2.5%, others 0.1%"
INE134E08NR3,30/06/2026,"Banks 33%, Insurance 25%, MF 17%, PF/Pension 17%, Corporates 7%, FPI 0.4%"
INE134E08NS1,30/06/2026,"MF 39%, Banks 31%, Insurance 24%, Corporates 4.1%, FPI 2%"
INE134E08NT9,30/06/2026,"Banks 38%, MF 34%, Insurance 22%, Corporates 6.1%"
INE134E08NU7,30/06/2026,"Insurance 30%, PF/Pension 25%, MF 23%, Banks 12%, Govt 8.9%, Corporates 1.7%"
INE134E08NV5,30/06/2026,"Trusts 55%, Insurance 22%, Corporates 14%, NBFC 5.6%, Govt 3.1%"
INE134E08NW3,30/06/2026,"Banks 42%, Insurance 25%, MF 24%, Corporates 7.5%, Govt 1.4%"
INE134E08NZ6,30/06/2026,"Govt 53%, Insurance 29%, MF 8.8%, PF/Pension 3.8%, Banks 2.5%, Corporates 2.5%, others 0.3%"
INE134E08OA7,30/06/2026,"MF 69%, Banks 14%, Insurance 14%, NBFC 2.5%, FPI 1.2%"
INE134E08OB5,30/06/2026,"Govt 82%, Trusts 9.3%, Insurance 5.7%, Banks 2%, PF/Pension 1.1%, Corporates 0.2%"
INE134E08OC3,30/06/2026,"MF 72%, Insurance 14%, Banks 10%, Corporates 4.2%"
INE140A07831,30/06/2026,"Corporates 48%, MF 40%, Individuals 11%, Trusts 0.1%"
INE140R08072,30/06/2026,"Corporates 86%, Trusts 7.9%, Individuals 6%"
INE140R08080,30/06/2026,"Individuals 55%, Corporates 44%, NRIs 1.2%"
INE146O07508,30/06/2026,"MF 59%, Corporates 41%"
INE146O07557,30/06/2026,"MF 97%, Corporates 3.3%"
INE146O07565,30/06/2026,"Banks 85%, Corporates 15%"
INE146O08266,30/06/2026,"Corporates 43%, Individuals 35%, Trusts 12%, Banks 10%, NRIs 0.3%, Clearing members 0.1%"
INE146O08308,30/06/2026,"Trusts 75%, Corporates 20%, Individuals 5.1%"
INE146O08340,30/06/2026,"Trusts 83%, Individuals 10%, Corporates 6.9%"
INE146O08399,30/06/2026,"MF 61%, Corporates 24%, Trusts 9.4%, Individuals 5.6%, NRIs 0.1%"
INE146O08415,30/06/2026,"Corporates 42%, Trusts 29%, Clearing members 24%, Individuals 4.9%"
INE148I07HX6,30/06/2026,Insurance 100%
INE148I07IQ8,30/06/2026,Insurance 100%
INE148I07PK6,30/06/2026,"Corporates 71%, Banks 20%, AIF 8.6%, Individuals 0.2%"
INE148I07SY1,30/06/2026,"Corporates 88%, Banks 10%, FPI 1.3%, Individuals 1.2%"
INE148I07TY9,30/06/2026,"Corporates 86%, Individuals 11%, Trusts 1.7%, Clearing members 1.4%, NRIs 0.1%"
INE148I07UE9,30/06/2026,"Individuals 54%, Corporates 46%, AIF 0.6%"
INE148I07UK6,30/06/2026,"Corporates 56%, Individuals 26%, NBFC 8.9%, Trusts 8.9%"
INE148I07XA1,30/06/2026,"Individuals 63%, Corporates 22%, Clearing members 14%, Trusts 1.2%, NRIs 0.2%"
INE148I07XM6,30/06/2026,"Corporates 57%, Trusts 43%"
INE148I07YC5,30/06/2026,"Corporates 77%, Individuals 20%, Trusts 2.6%, Clearing members 0.8%, NBFC 0.1%"
INE148I07YF8,30/06/2026,"Corporates 35%, Insurance 25%, Clearing members 18%, Trusts 18%, NBFC 2.2%, Individuals 2%"
INE148I07YK8,30/06/2026,"Trusts 52%, Clearing members 29%, Corporates 19%, Individuals 0.4%"
INE148I08298,30/06/2026,"Banks 68%, Trusts 18%, Individuals 7%, Corporates 5.5%, PF/Pension 1.7%, NRIs 0.1%"
INE14H407116,30/06/2026,"Individuals 55%, Corporates 45%, Trusts 0.3%, NRIs 0.1%"
INE14H407124,30/06/2026,"Corporates 67%, Individuals 33%, NRIs 0.1%"
INE14H407132,30/06/2026,"Corporates 73%, Individuals 26%, NRIs 0.8%"
INE151A08349,30/06/2026,"MF 99%, Corporates 1.4%"
INE151A08356,30/06/2026,"MF 62%, Banks 28%, Insurance 10%"
INE152D08010,30/06/2026,"Corporates 62%, Govt 28%, Insurance 4.8%, Trusts 2.8%, Banks 1.2%, MF 0.8%"
INE153A08089,30/06/2026,"Trusts 34%, Corporates 16%, Govt 15%, Banks 14%, MF 11%, PF/Pension 8.6%, others 1.3%"
INE153A08097,30/06/2026,"Trusts 45%, Govt 21%, PF/Pension 17%, Insurance 6.6%, Banks 4.1%, Clearing members 2.7%, others 2.8%"
INE153A08105,30/06/2026,"Trusts 46%, Banks 26%, PF/Pension 12%, Govt 5.6%, Corporates 3.9%, MF 3.2%, others 2.9%"
INE153A08113,30/06/2026,"Govt 40%, Trusts 27%, PF/Pension 19%, MF 10%, FPI 1.5%, Banks 0.9%, others 0.5%"
INE153A08170,30/06/2026,"Trusts 50%, MF 26%, Banks 8.6%, PF/Pension 4.2%, Corporates 4.1%, Insurance 3.2%, others 3.1%"
INE154Z07011,30/06/2026,"MF 57%, Corporates 43%"
INE157D07EJ4,30/06/2026,"Individuals 48%, Corporates 41%, AIF 10%, NBFC 0.5%, Clearing members 0.1%"
INE157D07EM8,30/06/2026,"Corporates 46%, Individuals 45%, AIF 6.9%, NBFC 1.9%"
INE157D07EN6,30/06/2026,"Individuals 44%, Corporates 37%, AIF 18%, NBFC 0.6%, Clearing members 0.1%"
INE157D07EP1,30/06/2026,"Corporates 54%, Trusts 35%, Individuals 11%"
INE15PI07023,30/06/2026,"AIF 62%, Corporates 26%, Individuals 12%"
INE160A08191,30/06/2026,"Trusts 61%, Insurance 19%, Banks 10%, MF 5.5%, Govt 4.6%, Corporates 0.1%"
INE160A08225,30/06/2026,"Corporates 35%, Banks 26%, Trusts 19%, Other FIs 12%, Govt 2.9%, PF/Pension 1.7%, others 3%"
INE160A08282,30/06/2026,"Banks 46%, Trusts 19%, Corporates 11%, Insurance 10%, Govt 5.4%, PF/Pension 5.3%, others 2.6%"
INE160A08290,30/06/2026,"Corporates 51%, Insurance 19%, Banks 13%, Trusts 11%, Govt 3.5%, PF/Pension 1.4%, others 0.2%"
INE160A08324,30/06/2026,"Insurance 51%, MF 23%, PF/Pension 17%, Banks 8.5%, Trusts 0.3%"
INE163K07139,30/06/2026,MF 100%
INE163K07147,30/06/2026,MF 100%
INE163K07154,30/06/2026,MF 100%
INE163K07162,30/06/2026,MF 100%
INE163N08289,30/06/2026,"Banks 49%, MF 47%, Corporates 2.8%, Trusts 1.1%"
INE163N08313,30/06/2026,"MF 94%, Trusts 6.2%"
INE163N08321,30/06/2026,"MF 86%, Banks 8.3%, Insurance 6.1%"
INE165U08016,30/06/2026,"Govt 42%, Trusts 37%, Corporates 8.7%, Insurance 5.5%, PF/Pension 5.5%, Banks 0.9%, others 0.2%"
INE171A08032,30/06/2026,"Insurance 86%, MF 6.3%, Banks 3.7%, Trusts 2.7%, Corporates 1.5%"
INE179P07613,30/06/2026,"Individuals 81%, NBFC 10%, Corporates 8.6%, Clearing members 0.1%"
INE179P07621,30/06/2026,"Corporates 59%, Individuals 41%"
INE180C07171,30/06/2026,"Banks 54%, Individuals 24%, Corporates 20%, NRIs 2.3%"
INE180C07221,30/06/2026,"Banks 57%, Individuals 36%, Corporates 7.2%, Clearing members 0.2%"
INE180C07254,30/06/2026,"Corporates 65%, AIF 25%, Insurance 10%"
INE180C07288,30/06/2026,"Banks 58%, Corporates 17%, Individuals 15%, MF 10%"
INE180C07304,30/06/2026,"Individuals 47%, Corporates 34%, Insurance 18%, Clearing members 2.2%"
INE180C07312,30/06/2026,"Corporates 64%, Trusts 17%, FPI 11%, Individuals 8.4%"
INE186K07098,30/06/2026,MF 100%
INE186K07122,30/06/2026,"MF 50%, PF/Pension 41%, FPI 9.1%"
INE18UV07012,30/06/2026,"MF 43%, Banks 20%, Corporates 18%, Insurance 15%, AIF 4%"
INE18UV07020,30/06/2026,"MF 61%, Banks 31%, Insurance 8%"
INE192U07350,30/06/2026,MF 100%
INE192U07368,30/06/2026,"MF 75%, Insurance 12%, Individuals 6.3%, Corporates 6.2%"
INE192U07376,30/06/2026,MF 100%
INE192U07384,30/06/2026,MF 100%
INE192U07392,30/06/2026,MF 100%
INE1BC007010,30/06/2026,"Individuals 61%, Corporates 33%, NBFC 4.7%, Clearing members 0.6%, NRIs 0.6%"
INE1BEC07011,30/06/2026,"MF 94%, Corporates 5.7%, Individuals 0.5%"
INE1C3207016,30/06/2026,"Trusts 47%, Govt 41%, Banks 4.4%, Individuals 3.9%, Corporates 3.8%"
INE1C3207040,30/06/2026,"Trusts 40%, Govt 24%, Corporates 16%, Banks 12%, Individuals 7.8%"
INE1C3207057,30/06/2026,"MF 29%, Banks 25%, Trusts 20%, Corporates 15%, Individuals 6.3%, Govt 3.3%, others 1.2%"
INE1C3207065,30/06/2026,"Trusts 57%, Banks 17%, Individuals 9.1%, Corporates 8.6%, Govt 7.2%, NRIs 0.1%, others 0.1%"
INE1C3207081,30/06/2026,"Trusts 38%, Corporates 24%, Banks 18%, Individuals 7.6%, Govt 7.1%, FPI 4.4%, others 1%"
INE1CRA07015,30/06/2026,"NBFC 40%, Individuals 31%, Corporates 29%"
INE1D4O08012,30/06/2026,"MF 97%, FPI 2.8%"
INE1D4P08019,30/06/2026,"MF 81%, Corporates 10%, FPI 8.7%"
INE1FPT07012,30/06/2026,"FPI 80%, Corporates 20%"
INE1FPT07020,30/06/2026,"FPI 80%, Corporates 20%"
INE1FPT07038,30/06/2026,"FPI 80%, Corporates 20%"
INE1JAR07010,30/06/2026,MF 100%
INE1JAR07028,30/06/2026,"MF 72%, PF/Pension 28%"
INE1JAR07036,30/06/2026,MF 100%
INE1JJ007163,30/06/2026,"Corporates 88%, Individuals 12%, Clearing members 0.4%"
INE1JJ007189,30/06/2026,Corporates 100%
INE1JJ007205,30/06/2026,"Corporates 87%, Individuals 13%, NRIs 0.4%"
INE1JJ007213,30/06/2026,"Corporates 95%, Individuals 5.4%"
INE1JJ007221,30/06/2026,Corporates 100%
INE1JJ007239,30/06/2026,NBFC 100%
INE1JJ007247,30/06/2026,"Individuals 60%, Corporates 40%"
INE1QWF07063,30/06/2026,"Individuals 85%, Corporates 15%"
INE1QWF07089,30/06/2026,Corporates 100%
INE1TAE08049,30/06/2026,MF 100%
INE1TAE08056,30/06/2026,MF 100%
INE1VM207010,30/06/2026,Corporates 100%
INE1VXE07015,30/06/2026,"Individuals 81%, Corporates 19%"
INE1VXE07023,30/06/2026,"Corporates 82%, Individuals 12%, AIF 5.5%"
INE1Z4L07014,30/06/2026,"AIF 44%, Corporates 41%, Individuals 15%"
INE201P08209,30/06/2026,MF 100%
INE202B07JP8,30/06/2026,"Corporates 80%, MF 20%"
INE202B07JR4,30/06/2026,"MF 81%, Corporates 19%"
INE202B07JS2,30/06/2026,"MF 67%, Corporates 33%"
INE202B07JT0,30/06/2026,"MF 58%, Corporates 32%, Insurance 3.6%, Individuals 3.5%, Trusts 2.9%"
INE202B07JV6,30/06/2026,"Corporates 81%, Insurance 15%, Individuals 4.5%"
INE202B07JW4,30/06/2026,"Corporates 48%, MF 39%, NBFC 4.5%, Insurance 3.4%, Individuals 2.6%, FPI 2%, others 0.2%"
INE202E07195,30/06/2026,"Individuals 41%, Banks 36%, Corporates 18%, NBFC 2.9%, AIF 0.9%, Trusts 0.2%, others 0.3%"
INE202E07252,30/06/2026,"Trusts 49%, Govt 35%, Banks 10%, FPI 6%"
INE202E08185,30/06/2026,"Banks 45%, Govt 22%, PF/Pension 18%, Trusts 6%, Insurance 4.5%, FPI 4.5%"
INE202E08193,30/06/2026,"Insurance 75%, MF 19%, Trusts 3.8%, PF/Pension 2.3%"
INE202E08235,30/06/2026,"Govt 53%, Banks 18%, Insurance 16%, PF/Pension 9%, Trusts 2%, FPI 1.7%"
INE202E08284,30/06/2026,"Trusts 75%, Corporates 12%, Insurance 10%, Individuals 1.8%, Govt 1.4%"
INE202E08292,30/06/2026,"Insurance 52%, Trusts 37%, Banks 7%, Corporates 2.6%, Govt 1.1%, Individuals 0.2%"
INE205A08020,30/06/2026,"MF 79%, FPI 12%, Insurance 9.3%"
INE205A08038,30/06/2026,"MF 91%, Insurance 7.3%, FPI 1.2%, Trusts 0.5%"
INE205A08046,30/06/2026,"MF 91%, Insurance 7.3%, NBFC 1.2%, Corporates 0.4%"
INE205A08053,30/06/2026,"Corporates 41%, MF 31%, Insurance 13%, NBFC 6.9%, FPI 5.7%, Banks 2.9%, others 0.3%"
INE205A08095,30/06/2026,"MF 48%, Corporates 26%, NBFC 10%, FPI 10%, PF/Pension 4.9%, Insurance 1.9%"
INE206D08196,30/06/2026,"Trusts 29%, PF/Pension 23%, Govt 20%, Insurance 17%, MF 11%"
INE206D08204,30/06/2026,"Insurance 36%, PF/Pension 25%, Govt 21%, Trusts 15%, MF 2.5%, Banks 0.4%"
INE206D08220,30/06/2026,"PF/Pension 37%, Insurance 17%, Govt 16%, Trusts 15%, MF 14%, Banks 0.5%"
INE206D08279,30/06/2026,"PF/Pension 48%, MF 27%, Insurance 16%, Trusts 5.8%, Corporates 1.6%, Banks 1.2%"
INE206D08360,30/06/2026,"PF/Pension 30%, Govt 28%, Trusts 18%, Insurance 14%, MF 8.8%, Banks 1.2%"
INE206D08410,30/06/2026,"PF/Pension 36%, Banks 20%, Insurance 18%, Trusts 15%, Govt 6%, MF 5%"
INE206D08428,30/06/2026,"Banks 32%, PF/Pension 27%, Insurance 18%, Trusts 12%, Govt 6%, MF 5%"
INE206D08501,30/06/2026,"MF 51%, Govt 20%, Insurance 12%, PF/Pension 10%, Banks 5.8%, Trusts 0.1%"
INE213W07277,30/06/2026,MF 100%
INE213W07285,30/06/2026,MF 100%
INE213W07293,30/06/2026,"MF 91%, Banks 8.7%"
INE213W07319,30/06/2026,MF 100%
INE213W07327,30/06/2026,"MF 50%, Banks 50%"
INE213W07335,30/06/2026,MF 100%
INE216P07217,30/06/2026,MF 100%
INE216P07258,30/06/2026,MF 100%
INE216P07266,30/06/2026,MF 100%
INE216P07274,30/06/2026,MF 100%
INE216P07282,30/06/2026,MF 100%
INE219X07306,30/06/2026,"MF 88%, Banks 8.2%, Insurance 4.1%"
INE219X07363,30/06/2026,"Insurance 85%, MF 10%, PF/Pension 5%"
INE219X07439,30/06/2026,"MF 59%, Insurance 40%, PF/Pension 1%"
INE219X07447,30/06/2026,"Banks 50%, MF 40%, Insurance 10%"
INE219X07454,30/06/2026,"MF 56%, Banks 38%, Insurance 5.4%"
INE219X07462,30/06/2026,MF 100%
INE219X07512,30/06/2026,"Banks 60%, MF 40%"
INE219X07520,30/06/2026,"PF/Pension 33%, Insurance 30%, Banks 20%, MF 15%, Govt 2.1%"
INE219X07538,30/06/2026,"MF 50%, Banks 50%"
INE220B08126,30/06/2026,MF 100%
INE220B08134,30/06/2026,MF 100%
INE220B08142,30/06/2026,"MF 75%, Banks 25%"
INE225R08014,30/06/2026,"Insurance 73%, MF 13%, PF/Pension 6.7%, FPI 4%, Corporates 2.7%"
INE229U07178,30/06/2026,"Corporates 63%, Individuals 37%, NRIs 0.2%"
INE229U07186,30/06/2026,"Corporates 43%, Individuals 32%, AIF 17%, Clearing members 7.7%"
INE233A08089,30/06/2026,"MF 86%, PF/Pension 12%, Corporates 1.2%"
INE233A08113,30/06/2026,"MF 73%, Corporates 12%, PF/Pension 5%, FPI 5%, Trusts 3%, Banks 2%"
INE233A08121,30/06/2026,"MF 63%, Corporates 30%, Banks 7%"
INE233A08139,30/06/2026,"MF 58%, Insurance 15%, Banks 12%, FPI 10%, PF/Pension 3%, Corporates 2%"
INE233A08147,30/06/2026,"Insurance 53%, MF 22%, Corporates 14%, PF/Pension 11%"
INE233A08154,30/06/2026,"MF 53%, Banks 29%, Insurance 10%, PF/Pension 5%, Corporates 3%"
INE233A08170,30/06/2026,"MF 90%, Trusts 10%"
INE233A08204,30/06/2026,"MF 94%, Insurance 3%, PF/Pension 2.5%"
INE233A08212,30/06/2026,"MF 94%, Insurance 3%, PF/Pension 2.5%"
INE235P07498,30/06/2026,"Corporates 46%, PF/Pension 38%, MF 15%"
INE238A08450,30/06/2026,"PF/Pension 70%, Trusts 14%, Insurance 12%, MF 3.5%, Corporates 0.3%"
INE238A08468,30/06/2026,"PF/Pension 53%, Insurance 38%, Banks 3.5%, Trusts 2.5%, MF 1.9%, FPI 0.7%, others 0.6%"
INE238A08518,30/06/2026,"PF/Pension 67%, MF 15%, Insurance 13%, Corporates 3%, Banks 1.5%, Trusts 0.5%"
INE242A08437,30/06/2026,"Govt 38%, MF 31%, PF/Pension 15%, Insurance 8.2%, Banks 5.3%, Trusts 1.1%, others 0.8%"
INE242A08502,30/06/2026,"PF/Pension 47%, MF 28%, Banks 11%, Govt 10%, Trusts 1.8%, Corporates 1.7%, others 0.7%"
INE242A08536,30/06/2026,"Govt 64%, PF/Pension 25%, Banks 10%, MF 1%"
INE242A08544,30/06/2026,"Govt 29%, PF/Pension 27%, Banks 26%, MF 15%, Corporates 2.1%, Trusts 0.8%, others 0.4%"
INE242A08551,30/06/2026,"MF 47%, Banks 38%, Corporates 8%, PF/Pension 5.5%, FPI 1%"
INE242A08569,30/06/2026,"PF/Pension 46%, MF 31%, Banks 22%, Trusts 0.8%, Corporates 0.2%"
INE244B07243,30/06/2026,"Corporates 57%, Individuals 42%, NRIs 0.5%, Clearing members 0.1%"
INE244L07598,30/06/2026,Corporates 100%
INE244L08034,30/06/2026,"Corporates 55%, Trusts 42%, Banks 1.5%, Individuals 1.1%"
INE245A08281,30/06/2026,Banks 100%
INE246R07855,30/06/2026,"Insurance 55%, PF/Pension 22%, Trusts 12%, Banks 11%"
INE248U07EW8,30/06/2026,"MF 40%, Corporates 39%, Individuals 11%, FPI 5.5%, AIF 5%, NRIs 0.1%"
INE248U07FU9,30/06/2026,MF 100%
INE248U07FV7,30/06/2026,"Corporates 77%, Individuals 17%, MF 5.6%"
INE248U07FW5,30/06/2026,MF 100%
INE248U07FY1,30/06/2026,MF 100%
INE248U07GA9,30/06/2026,"MF 96%, Corporates 4.4%"
INE248U07GB7,30/06/2026,MF 100%
INE248U07GC5,30/06/2026,"MF 67%, Corporates 33%"
INE248U07GG6,30/06/2026,"MF 91%, Corporates 6.9%, Trusts 1.9%"
INE248U07GI2,30/06/2026,"MF 53%, Corporates 27%, AIF 19%, Clearing members 0.6%, Individuals 0.4%"
INE248U07GJ0,30/06/2026,"MF 96%, Corporates 4.3%"
INE248U07GK8,30/06/2026,Insurance 100%
INE261F07032,30/06/2026,"Individuals 83%, Corporates 15%, NRIs 0.9%, AIF 0.5%, Trusts 0.2%, Clearing members 0.1%, others 0.1%"
INE261F08691,30/06/2026,"PF/Pension 37%, Corporates 16%, Insurance 15%, Trusts 12%, Banks 11%, FPI 5%, others 3%"
INE261F08931,30/06/2026,"Insurance 62%, PF/Pension 19%, Trusts 17%, MF 2.2%"
INE261F08980,30/06/2026,"Govt 44%, Trusts 37%, Insurance 15%, MF 3.7%, PF/Pension 0.3%"
INE261F08AA4,30/06/2026,"Trusts 42%, Insurance 23%, PF/Pension 23%, Govt 5.2%, Corporates 3.7%, MF 1.6%, others 1.3%"
INE261F08AD8,30/06/2026,"Trusts 34%, PF/Pension 29%, Insurance 23%, Govt 7.4%, Corporates 5.4%, MF 1.3%, others 0.1%"
INE261F08AE6,30/06/2026,"PF/Pension 40%, Trusts 25%, Insurance 21%, Govt 5.5%, Corporates 3.5%, MF 2.8%, others 2.1%"
INE261F08AJ5,30/06/2026,"PF/Pension 36%, Trusts 28%, Govt 18%, Insurance 13%, Corporates 3.2%, Banks 0.8%"
INE261F08AV0,30/06/2026,"Corporates 28%, PF/Pension 26%, Trusts 19%, Insurance 16%, Govt 6.5%, Banks 3.3%, others 0.8%"
INE261F08AX6,30/06/2026,"PF/Pension 32%, Insurance 32%, Trusts 12%, Corporates 12%, MF 6.3%, Govt 2.8%, others 2.5%"
INE261F08BC8,30/06/2026,"Insurance 47%, Trusts 30%, PF/Pension 11%, Corporates 7%, Govt 3.6%, MF 1.8%"
INE261F08BE4,30/06/2026,"Insurance 50%, Trusts 21%, Govt 12%, PF/Pension 8.4%, Corporates 5.2%, MF 2.1%, others 0.9%"
INE261F08BF1,30/06/2026,"Insurance 30%, PF/Pension 23%, Corporates 19%, Trusts 19%, Banks 6.1%, Govt 3%, others 0.9%"
INE261F08BH7,30/06/2026,"PF/Pension 36%, Insurance 29%, Trusts 19%, MF 8.5%, Corporates 6.1%, Banks 1%, others 0.5%"
INE261F08BM7,30/06/2026,"Trusts 39%, Insurance 23%, Banks 22%, PF/Pension 8.1%, Govt 4.5%, MF 3.3%, others 0.2%"
INE261F08BV8,30/06/2026,"Govt 80%, PF/Pension 12%, Trusts 7.1%, Insurance 0.8%, MF 0.1%, Corporates 0.1%"
INE261F08BX4,30/06/2026,"PF/Pension 32%, Insurance 22%, Govt 15%, Trusts 11%, Corporates 10%, MF 7.3%, others 2%"
INE261F08CF9,30/06/2026,"MF 42%, Insurance 19%, Banks 16%, PF/Pension 11%, Govt 9.1%, Trusts 2.3%"
INE261F08CH5,30/06/2026,"PF/Pension 40%, Trusts 22%, Insurance 21%, Govt 16%"
INE261F08CJ1,30/06/2026,"MF 70%, PF/Pension 11%, Govt 9.5%, Corporates 5.3%, Insurance 3.2%, Banks 1.4%"
INE261F08CM5,30/06/2026,"Insurance 35%, MF 33%, Banks 15%, PF/Pension 7.5%, Corporates 6.8%, Trusts 2.3%"
INE261F08CN3,30/06/2026,"Insurance 34%, Govt 15%, Corporates 14%, PF/Pension 14%, Trusts 12%, Banks 10%, others 0.3%"
INE261F08CO1,30/06/2026,"Insurance 36%, PF/Pension 23%, Govt 18%, Corporates 9.2%, Trusts 8.4%, Banks 5.2%, others 0.1%"
INE261F08CP8,30/06/2026,"Insurance 34%, PF/Pension 25%, Banks 17%, Trusts 13%, Corporates 8.6%, Govt 2.9%"
INE261F08CQ6,30/06/2026,"Insurance 39%, Corporates 17%, PF/Pension 14%, Banks 12%, Trusts 12%, Govt 3.7%, others 2.5%"
INE261F08CR4,30/06/2026,"Govt 94%, Banks 4.9%, PF/Pension 1%"
INE261F08CZ7,30/06/2026,"Govt 76%, Insurance 13%, Trusts 3.7%, PF/Pension 3.6%, Banks 1.5%, Corporates 1.2%, others 0.1%"
INE261F08DH3,30/06/2026,"PF/Pension 54%, Insurance 25%, Trusts 15%, Govt 6%, MF 0.2%"
INE261F08DV4,30/06/2026,"MF 32%, Trusts 16%, Insurance 15%, Corporates 13%, PF/Pension 12%, Banks 9.1%, others 2.8%"
INE261F08DZ5,30/06/2026,"PF/Pension 31%, Corporates 26%, Insurance 22%, Trusts 18%, Govt 2.3%"
INE261F08EA6,30/06/2026,"MF 34%, Insurance 20%, Corporates 16%, Banks 14%, Govt 8.3%, PF/Pension 5.1%, others 3.1%"
INE261F08EB4,30/06/2026,"Corporates 29%, Insurance 26%, Banks 19%, MF 13%, PF/Pension 5.4%, Trusts 4.3%, others 3.8%"
INE261F08EC2,30/06/2026,"Govt 46%, Corporates 16%, Trusts 11%, PF/Pension 10%, Insurance 9.1%, Banks 5.3%, others 2.5%"
INE261F08ED0,30/06/2026,"Govt 31%, MF 25%, Banks 13%, Insurance 12%, Corporates 7.5%, Trusts 6.6%, others 5.4%"
INE261F08EE8,30/06/2026,"Govt 75%, Insurance 23%, PF/Pension 1.3%, Trusts 1.1%, Corporates 0.1%"
INE261F08EF5,30/06/2026,"MF 38%, Insurance 22%, Govt 18%, Corporates 8.7%, Banks 7.9%, Trusts 2.7%, others 3.6%"
INE261F08EG3,30/06/2026,"Govt 53%, MF 11%, PF/Pension 10%, Trusts 8.3%, Insurance 7.8%, Banks 6.5%, others 3.7%"
INE261F08EH1,30/06/2026,"Insurance 31%, MF 22%, Banks 13%, Corporates 12%, PF/Pension 12%, Trusts 4.9%, others 4.4%"
INE261F08EI9,30/06/2026,"MF 39%, Banks 22%, Insurance 15%, Corporates 12%, Trusts 4.9%, FPI 3.6%, others 3.4%"
INE261F08EJ7,30/06/2026,"Insurance 29%, MF 24%, PF/Pension 19%, Banks 12%, Govt 5.6%, Corporates 5.1%, others 5%"
INE261F08EK5,30/06/2026,"MF 43%, Govt 26%, Banks 11%, Trusts 8.5%, Insurance 8.4%, Corporates 2.1%, others 2.3%"
INE261F08EL3,30/06/2026,"PF/Pension 27%, Insurance 26%, Banks 16%, MF 12%, Govt 12%, Corporates 3.8%, others 3.1%"
INE261F08EM1,30/06/2026,"MF 62%, Banks 12%, Insurance 11%, Govt 5.2%, Corporates 3.8%, Trusts 3.1%, others 3.2%"
INE261F08EN9,30/06/2026,"Govt 33%, PF/Pension 24%, Insurance 20%, MF 10%, Corporates 4.9%, Trusts 4.4%, others 3.7%"
INE261F08EO7,30/06/2026,"MF 43%, Banks 24%, Insurance 16%, Corporates 9.1%, PF/Pension 3.8%, Govt 1.6%, others 2.2%"
INE261F08EP4,30/06/2026,"Banks 42%, MF 31%, Insurance 19%, PF/Pension 3.6%, Corporates 2.9%, NBFC 1.2%, others 0.8%"
INE261F08EQ2,30/06/2026,"Banks 38%, Govt 29%, MF 15%, Insurance 11%, Corporates 6.4%, FPI 1%, others 0.3%"
INE261F08ER0,30/06/2026,"Govt 84%, MF 8.2%, Insurance 4%, PF/Pension 2.3%, Banks 1.5%, Trusts 0.2%"
INE261F08ES8,30/06/2026,"Govt 59%, MF 14%, Insurance 10%, Corporates 6%, Banks 5.5%, FPI 4.4%, others 1.9%"
INE261F08ET6,30/06/2026,"Govt 61%, Banks 16%, MF 12%, PF/Pension 4%, Insurance 3.9%, Corporates 3.5%"
INE261F08EU4,30/06/2026,"Banks 41%, MF 23%, Trusts 11%, Corporates 8.9%, Insurance 8.7%, PF/Pension 6.3%, others 1.6%"
INE263M07109,30/06/2026,MF 100%
INE267A08038,30/06/2026,"MF 75%, Insurance 25%"
INE267A08046,30/06/2026,"MF 97%, Corporates 3.3%"
INE281B07013,30/06/2026,"Insurance 26%, Corporates 21%, Banks 19%, NBFC 17%, Trusts 13%, AIF 2.7%, others 2.2%"
INE282H07018,30/06/2026,"MF 80%, Banks 10%, Corporates 10%"
INE282H07026,30/06/2026,"MF 28%, Insurance 22%, Banks 18%, FPI 15%, PF/Pension 8.3%, Corporates 8.3%"
INE282H07034,30/06/2026,"MF 50%, Corporates 28%, FPI 22%"
INE282H07059,30/06/2026,"Banks 64%, Insurance 21%, Corporates 8%, Trusts 4.5%, PF/Pension 2.5%"
INE282H07067,30/06/2026,"MF 30%, Corporates 25%, PF/Pension 25%, Insurance 9%, Trusts 5.1%, Banks 5%"
INE285J07058,30/06/2026,MF 100%
INE289B07115,30/06/2026,"Corporates 48%, MF 28%, Insurance 25%"
INE289B07123,30/06/2026,"Insurance 43%, MF 37%, Corporates 20%"
INE289B07131,30/06/2026,"MF 67%, Insurance 17%, Corporates 17%"
INE28BJ07016,30/06/2026,"Corporates 98%, Individuals 1.9%"
INE292A07046,30/06/2026,MF 100%
INE295J08022,30/06/2026,"MF 49%, Banks 36%, Insurance 8.5%, Trusts 6.2%"
INE296A07RD1,30/06/2026,"Insurance 47%, Trusts 21%, PF/Pension 21%, Banks 8%, MF 0.9%, Corporates 0.7%, others 0.6%"
INE296A07RS9,30/06/2026,"Insurance 40%, PF/Pension 25%, Corporates 17%, Trusts 15%, MF 1.9%, Individuals 0.1%"
INE296A07RW1,30/06/2026,"Insurance 44%, Trusts 27%, PF/Pension 23%, Corporates 4.7%, Govt 0.9%, Banks 0.4%, others 0.2%"
INE296A07RZ4,30/06/2026,"PF/Pension 37%, Insurance 29%, Trusts 13%, Banks 10%, Corporates 8.1%, MF 3.5%"
INE296A07SC1,30/06/2026,"PF/Pension 33%, Banks 24%, Corporates 14%, MF 12%, Insurance 12%, Trusts 3.2%, others 0.2%"
INE296A07SI8,30/06/2026,"Banks 26%, Insurance 25%, Corporates 19%, PF/Pension 18%, Trusts 6.5%, MF 4.7%"
INE296A07SO6,30/06/2026,"Banks 46%, PF/Pension 24%, Insurance 14%, Corporates 6.9%, MF 5.9%, Trusts 3.5%"
INE296A07SP3,30/06/2026,"PF/Pension 46%, Trusts 32%, Insurance 18%, FPI 2.5%, MF 0.5%, Corporates 0.4%, others 0.3%"
INE296A07SR9,30/06/2026,"Banks 31%, Corporates 23%, FPI 20%, Insurance 19%, MF 6.8%"
INE296A07SU3,30/06/2026,"Insurance 49%, PF/Pension 20%, Trusts 16%, MF 8.2%, Corporates 5.4%, Banks 0.3%"
INE296A07SV1,30/06/2026,"MF 34%, Insurance 25%, PF/Pension 17%, Corporates 12%, Banks 5.7%, Trusts 5.6%, others 0.2%"
INE296A07SW9,30/06/2026,"Insurance 98%, Corporates 0.9%, MF 0.6%"
INE296A07SX7,30/06/2026,"Insurance 51%, Corporates 19%, MF 14%, FPI 13%, Trusts 2%, Banks 1%, others 0.2%"
INE296A07SY5,30/06/2026,"Insurance 43%, PF/Pension 23%, MF 16%, Trusts 10%, Corporates 6.6%, Banks 1.1%"
INE296A07SZ2,30/06/2026,"Insurance 33%, Banks 25%, Trusts 20%, PF/Pension 11%, MF 4.9%, Corporates 3.2%, others 2.7%"
INE296A07TC9,30/06/2026,"MF 37%, Corporates 21%, Banks 20%, Insurance 17%, Individuals 2.2%, AIF 2.1%, others 0.2%"
INE296A07TD7,30/06/2026,"Insurance 39%, Banks 23%, Trusts 21%, PF/Pension 10%, Corporates 4.4%, MF 2.3%, others 0.2%"
INE296A07TF2,30/06/2026,"MF 33%, Insurance 28%, FPI 27%, Corporates 12%"
INE296A07TG0,30/06/2026,"MF 31%, Insurance 28%, Corporates 19%, FPI 15%, Banks 5%, AIF 1.5%"
INE296A07TH8,30/06/2026,"MF 48%, Insurance 26%, Trusts 22%, PF/Pension 2%, Corporates 1.5%, Banks 1.2%, others 0.1%"
INE296A07TI6,30/06/2026,"Insurance 33%, PF/Pension 27%, MF 25%, Banks 9.2%, Corporates 4.5%, Trusts 1.2%, others 0.2%"
INE296A07TJ4,30/06/2026,"MF 29%, Banks 23%, Corporates 21%, Insurance 20%, FPI 5.9%, Trusts 1.2%"
INE296A07TK2,30/06/2026,"MF 46%, Corporates 30%, Banks 12%, Insurance 8%, Trusts 2.5%"
INE296A07TL0,30/06/2026,"Insurance 42%, PF/Pension 23%, Banks 13%, MF 10%, Trusts 5.7%, Corporates 5.2%, others 0.8%"
INE296A07TM8,30/06/2026,"Insurance 34%, Corporates 24%, MF 22%, Banks 20%"
INE296A07TN6,30/06/2026,"MF 29%, Banks 29%, Insurance 25%, FPI 9.2%, Corporates 7.1%, Individuals 0.5%, others 0.1%"
INE296A07TT3,30/06/2026,"MF 30%, Banks 25%, Insurance 20%, FPI 15%, Corporates 10%"
INE296A07TV9,30/06/2026,"Banks 51%, MF 22%, Insurance 17%, Corporates 10%"
INE296A07TW7,30/06/2026,"Banks 45%, Insurance 21%, MF 18%, Corporates 14%, FPI 1.6%"
INE296A07TX5,30/06/2026,"Insurance 24%, PF/Pension 22%, Banks 16%, Trusts 15%, Corporates 15%, MF 4.3%, others 3.1%"
INE296A07TZ0,30/06/2026,"FPI 63%, Banks 23%, Insurance 14%, MF 0.2%, Corporates 0.1%"
INE296A07UA1,30/06/2026,"Banks 76%, Corporates 19%, Insurance 4.4%, MF 0.9%"
INE296G07192,30/06/2026,"Individuals 71%, Corporates 28%, NRIs 0.2%"
INE296G07226,30/06/2026,"MF 98%, Individuals 1.9%, Clearing members 0.5%"
INE296G07283,30/06/2026,"Corporates 48%, Individuals 46%, NRIs 6%"
INE296G07325,30/06/2026,"Clearing members 67%, Corporates 33%"
INE296Q07076,30/06/2026,"Corporates 44%, Individuals 30%, AIF 25%"
INE296Q07167,30/06/2026,"Corporates 96%, Clearing members 2.5%, Individuals 1.8%"
INE2BA907020,30/06/2026,"Corporates 87%, AIF 10%, Individuals 3.7%"
INE2BA907038,30/06/2026,"AIF 86%, Corporates 11%, Individuals 3.3%"
INE2BFH07023,30/06/2026,Corporates 100%
INE2GLH07020,30/06/2026,"AIF 44%, FPI 23%, Corporates 21%, NBFC 12%"
INE2H9D07011,30/06/2026,Individuals 100%
INE2M2107016,30/06/2026,"Corporates 64%, Individuals 36%"
INE2QI808033,30/06/2026,"MF 88%, FPI 9.4%, Insurance 1.4%, Trusts 0.6%, Corporates 0.3%"
INE2QMV07010,30/06/2026,"Corporates 57%, Individuals 37%, NBFC 5.3%, NRIs 0.7%"
INE2QMV07028,30/06/2026,"Individuals 53%, Clearing members 47%"
INE2T2Q07014,30/06/2026,"Govt 27%, Other FIs 27%, Corporates 23%, Trusts 15%, Individuals 5.8%, NBFC 1.7%"
INE2T2Q07022,30/06/2026,"Govt 39%, Corporates 27%, Other FIs 27%, Trusts 2.9%, Individuals 2.7%, NBFC 1%, others 0.1%"
INE2T2Q07030,30/06/2026,"Trusts 31%, Other FIs 27%, Corporates 25%, Govt 16%, NBFC 1%, Individuals 0.1%, others 0.1%"
INE2T2Q07055,30/06/2026,"Corporates 32%, Other FIs 27%, Banks 26%, Govt 9.3%, Trusts 3%, Individuals 2.7%, others 0.1%"
INE2T2Q07071,30/06/2026,"Govt 39%, Other FIs 27%, Corporates 27%, Trusts 4.5%, Individuals 1.9%, Clearing members 0.2%"
INE2T2Q07089,30/06/2026,"Corporates 31%, Other FIs 27%, Banks 26%, Govt 9.3%, Trusts 3.6%, Individuals 2.6%"
INE2T2Q07097,30/06/2026,"Corporates 31%, Other FIs 27%, Banks 27%, Govt 9.3%, Trusts 4.2%, Individuals 1.9%"
INE2T2Q07121,30/06/2026,"Govt 31%, Other FIs 27%, Corporates 24%, Trusts 16%, Individuals 2.1%"
INE2T2Q07139,30/06/2026,"Govt 32%, Other FIs 27%, Corporates 26%, Trusts 11%, Individuals 2.5%, NRIs 0.6%"
INE2T2Q07147,30/06/2026,"Govt 41%, Other FIs 27%, Corporates 23%, Trusts 6.5%, NBFC 1%, Individuals 0.4%, others 0.1%"
INE2T2Q07154,30/06/2026,"Govt 42%, Other FIs 27%, Corporates 24%, Trusts 6.5%, NBFC 0.5%, Clearing members 0.2%"
INE2T2Q07162,30/06/2026,"Govt 31%, Corporates 30%, Other FIs 27%, Trusts 9.3%, Clearing members 2.6%, Individuals 0.3%"
INE2T2Q07170,30/06/2026,"Govt 32%, Corporates 28%, Other FIs 27%, Trusts 12%, Individuals 1.7%"
INE2T2Q07188,30/06/2026,"Corporates 70%, Trusts 16%, Other FIs 9.5%, Banks 3.1%, Individuals 1.4%, AIF 0.1%"
INE2T2Q07196,30/06/2026,"Corporates 58%, Banks 31%, Other FIs 9.5%, Trusts 1.6%"
INE2T2Q07204,30/06/2026,"Corporates 58%, Banks 31%, Other FIs 9.5%, Trusts 1.8%, Individuals 0.3%, Clearing members 0.1%"
INE2T2Q07212,30/06/2026,"Corporates 86%, Other FIs 9.5%, Banks 3.1%, Trusts 1.9%"
INE2T2Q07220,30/06/2026,"Corporates 85%, Other FIs 9.5%, Banks 3.1%, Trusts 1.9%, Individuals 0.1%"
INE2T2Q07238,30/06/2026,"Corporates 85%, Other FIs 9.5%, Banks 3.1%, Trusts 2.3%"
INE2T2Q07246,30/06/2026,"Corporates 85%, Other FIs 9.5%, Banks 3.1%, Trusts 2.6%"
INE2T2Q07253,30/06/2026,"Corporates 85%, Other FIs 9.5%, Banks 3.1%, Trusts 1.9%, Individuals 0.5%, Clearing members 0.1%"
INE2T2Q07261,30/06/2026,"Corporates 86%, Other FIs 9.5%, Banks 3.1%, Trusts 1.9%"
INE2T2Q07279,30/06/2026,"Corporates 85%, Other FIs 9.5%, Banks 3.1%, Trusts 2.1%"
INE2T2Q07287,30/06/2026,"Corporates 84%, Other FIs 9.5%, Banks 3.1%, Trusts 2.9%, Individuals 0.6%, NRIs 0.3%, others 0.1%"
INE2T2Q07295,30/06/2026,"Corporates 83%, Other FIs 9.5%, Trusts 4.5%, Banks 3.1%"
INE2T2Q07303,30/06/2026,"Corporates 86%, Other FIs 9.5%, Banks 3.1%, Trusts 1.9%"
INE2T2Q07311,30/06/2026,"Corporates 85%, Other FIs 9.5%, Banks 3.1%, Trusts 2.1%"
INE2T2Q07329,30/06/2026,"Corporates 55%, Trusts 19%, Banks 16%, Other FIs 9.5%, Individuals 0.3%"
INE2T2Q07337,30/06/2026,"Corporates 67%, Trusts 20%, Other FIs 9.5%, Banks 3.1%, NRIs 0.3%, Individuals 0.2%, others 0.1%"
INE2T2Q07345,30/06/2026,"Corporates 57%, Banks 17%, Trusts 17%, Other FIs 9.5%, Individuals 0.4%, Clearing members 0.3%"
INE2TAC08017,30/06/2026,Corporates 100%
INE2VGA07016,30/06/2026,Corporates 100%
INE2VY607016,30/06/2026,"Corporates 52%, Individuals 48%"
INE303K07016,30/06/2026,"FPI 64%, Corporates 23%, NBFC 14%"
INE306N07LO1,30/06/2026,"PF/Pension 33%, Insurance 28%, Corporates 17%, MF 13%, Trusts 8.8%, Individuals 0.8%"
INE306N07MX0,30/06/2026,"Corporates 33%, Insurance 25%, Banks 20%, MF 7.1%, PF/Pension 5.8%, Trusts 4.1%, others 4.7%"
INE306N07NA6,30/06/2026,"Banks 62%, Corporates 24%, Insurance 6.4%, PF/Pension 4.7%, MF 1.9%, Trusts 0.9%"
INE306N07ND0,30/06/2026,"Corporates 36%, Banks 23%, Insurance 15%, MF 12%, Trusts 7.9%, PF/Pension 5.6%, others 0.8%"
INE306N07NI9,30/06/2026,"MF 63%, Corporates 11%, Insurance 8.5%, PF/Pension 7.8%, Trusts 7%, Banks 2.1%, others 0.2%"
INE306N07NM1,31/12/2025,"Corporates 50%, Banks 45%, Individuals 5%"
INE306N07NN9,30/06/2026,"Trusts 49%, Insurance 23%, Corporates 17%, PF/Pension 8.7%, FPI 2.4%, Individuals 0.5%, others 0.5%"
INE306N07NO7,30/06/2026,"Corporates 71%, Trusts 17%, Insurance 6.7%, MF 4.3%, Banks 0.7%, Individuals 0.6%"
INE306N07NP4,30/06/2026,"Insurance 27%, Corporates 21%, MF 17%, Banks 14%, Trusts 11%, PF/Pension 10%, others 1.1%"
INE306N07NT6,30/06/2026,"Banks 33%, Trusts 19%, Insurance 19%, Corporates 15%, PF/Pension 10%, FPI 1.9%, others 2.2%"
INE306N08359,30/06/2026,"Trusts 71%, Govt 24%, Individuals 3.2%, Corporates 2.4%"
INE306N08516,30/06/2026,"Insurance 50%, Trusts 31%, Corporates 12%, PF/Pension 4.9%, Govt 0.9%, Individuals 0.8%, others 0.3%"
INE310L07993,30/06/2026,"Corporates 53%, Insurance 38%, Trusts 8.5%, MF 0.1%"
INE310L07AB7,30/06/2026,"Insurance 57%, Trusts 23%, Corporates 20%"
INE310L07AC5,30/06/2026,"Insurance 47%, Corporates 34%, Trusts 10%, PF/Pension 8.5%, MF 0.3%"
INE312X08026,30/06/2026,"Banks 63%, Corporates 16%, Trusts 13%, Individuals 7%"
INE312X08034,30/06/2026,"Corporates 54%, Banks 33%, Individuals 12%, Trusts 0.3%"
INE316W07146,30/06/2026,Corporates 100%
INE316Z08014,30/06/2026,MF 100%
INE316Z08022,30/06/2026,MF 100%
INE316Z08030,30/06/2026,MF 100%
INE316Z08048,30/06/2026,MF 100%
INE316Z08055,30/06/2026,MF 100%
INE316Z08063,30/06/2026,MF 100%
INE321N07368,30/06/2026,"Corporates 66%, Individuals 32%, AIF 1.7%, NRIs 0.3%"
INE321N07434,30/06/2026,"Corporates 45%, Individuals 20%, Banks 17%, AIF 14%, NBFC 4.1%, Clearing members 0.1%"
INE321N07483,30/06/2026,"Corporates 40%, Individuals 28%, Banks 22%, AIF 5.9%, NBFC 3.4%"
INE321N07509,30/06/2026,"Corporates 72%, Individuals 19%, Trusts 6.4%, AIF 2.7%"
INE321N07525,30/06/2026,"Corporates 39%, Individuals 35%, AIF 27%"
INE321N07533,30/06/2026,"Corporates 53%, NBFC 13%, Trusts 11%, MF 8.8%, Individuals 7.7%, Banks 6.2%, others 0.8%"
INE321N07574,30/06/2026,"Individuals 57%, Corporates 43%"
INE321N07590,30/06/2026,"Corporates 83%, Individuals 17%, NRIs 0.2%"
INE321N07608,30/06/2026,"Individuals 79%, Corporates 21%"
INE321N07616,30/06/2026,"MF 86%, Corporates 12%, Individuals 1.8%, Clearing members 0.1%"
INE321N07624,30/06/2026,"Trusts 48%, Corporates 46%, Individuals 5.4%"
INE321N07632,30/06/2026,"Corporates 56%, Insurance 35%, Individuals 4.3%, Banks 3.5%, FPI 1.5%"
INE321N07665,30/06/2026,MF 100%
INE321N07681,30/06/2026,"Corporates 98%, Individuals 2.2%"
INE321N07699,30/06/2026,"Corporates 81%, Banks 19%"
INE338I07180,30/06/2026,MF 100%
INE338I07198,30/06/2026,MF 100%
INE342T07429,30/06/2026,"Individuals 60%, Banks 25%, Corporates 14%, NRIs 0.5%"
INE342T07445,30/06/2026,"Individuals 87%, Corporates 13%, NRIs 0.4%, Trusts 0.1%"
INE342T07494,30/06/2026,"Individuals 61%, Corporates 30%, AIF 4%, NRIs 2.8%, Clearing members 1.2%"
INE342T07536,30/06/2026,"Corporates 64%, Individuals 29%, Trusts 6.5%, NRIs 0.2%"
INE342T07544,30/06/2026,"Individuals 66%, Corporates 19%, Banks 5.2%, NBFC 3.4%, Insurance 2.6%, Clearing members 1.4%, others 2.1%"
INE342T07569,30/06/2026,"Individuals 75%, Corporates 24%, NRIs 0.3%, Trusts 0.1%, Clearing members 0.1%"
INE342T07601,30/06/2026,"Individuals 92%, Corporates 6.1%, NRIs 1.5%, Trusts 0.2%"
INE342T07619,30/06/2026,"Individuals 47%, Corporates 46%, AIF 4%, Clearing members 2%, Trusts 0.8%, NRIs 0.3%"
INE342T07627,30/06/2026,"MF 54%, Corporates 22%, Trusts 19%, Individuals 4.8%"
INE342T07635,30/06/2026,"Individuals 82%, Corporates 14%, AIF 3.3%, NRIs 0.4%, Clearing members 0.1%, Trusts 0.1%"
INE342T07668,30/06/2026,"Individuals 81%, Corporates 16%, NRIs 1.3%, AIF 0.7%, Trusts 0.5%, Clearing members 0.2%, others 0.1%"
INE342T07684,30/06/2026,"Individuals 57%, Corporates 34%, Insurance 8.3%"
INE342T07718,30/06/2026,"Corporates 67%, Individuals 20%, AIF 6.2%, Clearing members 5.9%, NRIs 0.3%"
INE342T07726,30/06/2026,"Corporates 91%, Individuals 9.2%, NRIs 0.1%"
INE342T08096,30/06/2026,"Corporates 86%, Individuals 13%, NRIs 0.3%"
INE348L07290,30/06/2026,"Corporates 67%, Banks 20%, Individuals 6.7%, Trusts 6%"
INE348L07316,30/06/2026,"Corporates 42%, Individuals 36%, AIF 21%, NBFC 1.5%"
INE348L07324,30/06/2026,MF 100%
INE348L07381,30/06/2026,"Corporates 93%, Insurance 7.1%"
INE357L07457,30/06/2026,"MF 50%, Corporates 50%"
INE357L07481,30/06/2026,MF 100%
INE357L07499,30/06/2026,"MF 80%, Corporates 12%, Individuals 8%"
INE357L07507,30/06/2026,MF 100%
INE357L07515,30/06/2026,MF 100%
INE365D07085,30/06/2026,MF 100%
INE367Y07160,30/06/2026,"NBFC 82%, Corporates 14%, Individuals 3.3%"
INE377Y07300,30/06/2026,"Insurance 39%, Banks 19%, MF 18%, PF/Pension 13%, Trusts 9.3%, Corporates 1.8%, others 0.3%"
INE377Y07359,30/06/2026,"Insurance 56%, PF/Pension 23%, Trusts 15%, MF 4.7%, Banks 1.1%, Corporates 1.1%"
INE377Y07367,30/06/2026,"PF/Pension 51%, Insurance 34%, MF 8.4%, Trusts 4.4%, NRIs 1%, Corporates 1%"
INE377Y07383,30/06/2026,"MF 39%, PF/Pension 30%, Insurance 30%, Trusts 0.5%, Individuals 0.3%"
INE377Y07417,30/06/2026,"Insurance 45%, Trusts 30%, MF 13%, Banks 12%"
INE377Y07433,30/06/2026,"Insurance 52%, MF 26%, PF/Pension 10%, Corporates 5.2%, Trusts 4.8%, Banks 2%"
INE377Y07441,30/06/2026,"MF 48%, Banks 40%, Insurance 12%"
INE377Y07458,30/06/2026,"Insurance 52%, MF 43%, Corporates 3.1%, PF/Pension 1.4%, Trusts 0.3%"
INE377Y07474,30/06/2026,"MF 48%, Insurance 40%, PF/Pension 10%, Trusts 2%"
INE377Y07482,30/06/2026,"MF 60%, Insurance 25%, Corporates 14%, FPI 0.8%"
INE377Y07490,30/06/2026,"MF 72%, Insurance 22%, Banks 3.3%, Corporates 3%"
INE377Y07508,30/06/2026,"Insurance 64%, MF 20%, PF/Pension 8.1%, Trusts 7.4%, Corporates 0.7%"
INE377Y07516,30/06/2026,"Insurance 65%, PF/Pension 16%, MF 8%, Corporates 7.4%, Trusts 1.8%, Banks 1.5%"
INE377Y07532,30/06/2026,"MF 83%, Banks 13%, Insurance 4.6%"
INE377Y07540,30/06/2026,"Insurance 37%, MF 34%, Banks 14%, Trusts 6.8%, Corporates 6%, PF/Pension 2%"
INE377Y07557,30/06/2026,"MF 50%, Insurance 20%, Banks 18%, FPI 5%, Corporates 5%, Trusts 2.5%"
INE377Y07565,30/06/2026,"MF 39%, Banks 33%, Insurance 28%"
INE377Y07573,30/06/2026,"Insurance 65%, Banks 13%, PF/Pension 11%, Corporates 6.4%, MF 4.9%, Trusts 0.3%"
INE377Y07599,30/06/2026,"Banks 42%, Insurance 30%, MF 25%, Corporates 2.5%"
INE377Y07607,30/06/2026,"MF 35%, Banks 35%, Insurance 27%, Corporates 1.6%, Trusts 1.2%"
INE377Y07615,30/06/2026,"MF 72%, Insurance 15%, Banks 12%"
INE377Y07623,30/06/2026,"MF 40%, Banks 31%, Insurance 29%"
INE377Y07631,30/06/2026,"Insurance 69%, MF 13%, PF/Pension 12%, Banks 5.2%, Trusts 1%"
INE377Y07649,30/06/2026,"MF 63%, Insurance 24%, Corporates 6%, Banks 4.4%, FPI 2%"
INE377Y07656,30/06/2026,"MF 34%, Insurance 32%, Banks 19%, Corporates 8.7%, PF/Pension 5%, Trusts 1.7%"
INE385W07059,30/06/2026,"Corporates 76%, NBFC 20%, Individuals 4.1%"
INE385W07067,30/06/2026,"Corporates 98%, Individuals 2.4%"
INE389Z07054,30/06/2026,"Corporates 78%, Individuals 19%, AIF 2.8%, NBFC 0.2%"
INE389Z07070,30/06/2026,"Corporates 62%, Individuals 20%, AIF 18%"
INE389Z07096,30/06/2026,"Corporates 67%, AIF 28%, Individuals 5%"
INE389Z07104,30/06/2026,"Corporates 64%, AIF 30%, Individuals 6.5%"
INE389Z07112,30/06/2026,"Individuals 72%, AIF 28%, Corporates 0.5%"
INE389Z07120,30/06/2026,"Corporates 45%, Individuals 31%, AIF 19%, NBFC 2.6%, Clearing members 2.4%"
INE393T07026,30/06/2026,"AIF 95%, Corporates 4%, Individuals 1.2%"
INE401Y07019,30/06/2026,MF 100%
INE401Y07027,30/06/2026,"MF 80%, Insurance 20%"
INE403D08199,30/06/2026,"Insurance 97%, Corporates 2.2%, FPI 0.8%, MF 0.2%"
INE403D08207,30/06/2026,"MF 46%, Insurance 20%, FPI 16%, Corporates 14%, Trusts 3.3%, Banks 0.3%"
INE403D08215,30/06/2026,"Insurance 50%, PF/Pension 39%, Trusts 7.7%, MF 2.7%, FPI 0.7%"
INE403D08231,30/06/2026,"MF 52%, Insurance 22%, Corporates 14%, FPI 12%"
INE403D08249,30/06/2026,"Insurance 86%, PF/Pension 11%, MF 2%, Corporates 0.3%, Trusts 0.3%"
INE403D08256,30/06/2026,"Insurance 47%, MF 40%, PF/Pension 10%, Corporates 3.3%"
INE403D08264,30/06/2026,"MF 42%, Insurance 37%, PF/Pension 13%, Corporates 7%, Trusts 0.8%, FPI 0.7%, others 0.2%"
INE403D08272,30/06/2026,"MF 61%, FPI 24%, Corporates 7.8%, Insurance 6.3%, Trusts 0.9%"
INE403D08280,30/06/2026,"MF 47%, Insurance 34%, PF/Pension 18%, Corporates 1.1%, Trusts 0.6%"
INE403D08298,30/06/2026,"MF 40%, Insurance 32%, Corporates 19%, PF/Pension 5.8%, FPI 3.5%"
INE403D08306,30/06/2026,"MF 91%, FPI 6.7%, Insurance 1.5%, Corporates 0.8%"
INE403D08314,30/06/2026,"MF 89%, Insurance 7.3%, Corporates 4%"
INE403D08322,30/06/2026,"Insurance 48%, PF/Pension 31%, MF 19%, FPI 2.5%"
INE403Q07FE2,30/06/2026,"Individuals 77%, Corporates 22%, NRIs 0.5%, Trusts 0.4%"
INE403Q07FN3,30/06/2026,"Individuals 86%, Corporates 13%, NRIs 1.8%"
INE403Q07GD2,30/06/2026,"Individuals 84%, Corporates 11%, Trusts 2.4%, NRIs 2.3%"
INE403Q07GF7,30/06/2026,"Corporates 41%, Individuals 29%, Trusts 13%, AIF 8.2%, MF 7.9%, NRIs 0.2%"
INE403Q07GO9,30/06/2026,MF 100%
INE403Q07GU6,30/06/2026,"Individuals 71%, Corporates 27%, NRIs 1.4%, Clearing members 0.9%"
INE403Q07HB4,30/06/2026,"Corporates 59%, Individuals 37%, Clearing members 4.2%, AIF 0.3%, NRIs 0.1%"
INE403Q08340,30/06/2026,"Individuals 37%, Corporates 32%, Trusts 30%, NRIs 0.5%"
INE403Q08357,30/06/2026,"Corporates 53%, Individuals 46%, NRIs 1.4%"
INE405E08044,30/06/2026,MF 100%
INE405E08051,30/06/2026,MF 100%
INE406M08011,30/06/2026,"MF 79%, Banks 21%"
INE406M08029,30/06/2026,"MF 64%, Banks 36%"
INE410P08016,30/06/2026,MF 100%
INE410P08024,30/06/2026,"Insurance 55%, MF 35%, Corporates 10%"
INE412L08011,30/06/2026,MF 100%
INE412L08029,30/06/2026,MF 100%
INE413U07426,30/06/2026,"Individuals 85%, Corporates 12%, AIF 2.7%, Banks 1%, NRIs 0.1%"
INE413U07434,30/06/2026,"Individuals 49%, Corporates 48%, Banks 2.5%, NBFC 0.2%, NRIs 0.2%, Clearing members 0.1%"
INE413U07442,30/06/2026,"Individuals 54%, Corporates 44%, Banks 1.1%, NRIs 0.2%, Trusts 0.2%, Clearing members 0.2%"
INE413U07459,30/06/2026,"Corporates 56%, Individuals 43%, AIF 1.5%"
INE413U07467,30/06/2026,"Corporates 83%, Individuals 14%, Trusts 1.8%, Clearing members 1.4%, Banks 0.5%"
INE413U07475,30/06/2026,Corporates 100%
INE413U08093,30/06/2026,"Corporates 59%, Individuals 37%, AIF 3.6%, NBFC 0.1%, NRIs 0.1%"
INE414G07IF1,30/06/2026,"Insurance 45%, MF 19%, PF/Pension 19%, Trusts 9.3%, Govt 7.1%, Corporates 0.1%"
INE414G07II5,30/06/2026,"MF 30%, Corporates 26%, PF/Pension 22%, Insurance 15%, Trusts 3.8%, Banks 0.9%, others 0.9%"
INE414G07IQ8,30/06/2026,"MF 44%, Insurance 32%, Corporates 24%"
INE414G07IR6,30/06/2026,"MF 80%, Corporates 9.2%, Trusts 4%, Banks 2.5%, Insurance 2.5%, AIF 1.3%, others 0.5%"
INE414G07IS4,30/06/2026,"Banks 25%, MF 24%, PF/Pension 19%, Insurance 14%, Trusts 10%, Corporates 5.6%, others 2.5%"
INE414G07IV8,30/06/2026,"Individuals 56%, Corporates 18%, FPI 17%, AIF 6.8%, NRIs 2.1%"
INE414G07JB8,30/06/2026,"MF 80%, Insurance 9.1%, Corporates 8.7%, PF/Pension 1.5%, Trusts 0.8%, Individuals 0.3%"
INE414G07JD4,30/06/2026,"Insurance 41%, Corporates 32%, MF 27%"
INE414G07JF9,30/06/2026,"MF 72%, Corporates 25%, Trusts 2.9%"
INE414G07JG7,30/06/2026,"MF 65%, Insurance 26%, Trusts 5%, Corporates 2.3%, PF/Pension 1.7%"
INE414G07JH5,30/06/2026,"Corporates 38%, MF 27%, FPI 18%, Trusts 10%, Individuals 7.8%"
INE414G07JI3,30/06/2026,"Corporates 31%, MF 30%, Insurance 23%, PF/Pension 10%, AIF 2%, FPI 1.6%, others 1.6%"
INE414G07JJ1,30/06/2026,"Insurance 47%, Corporates 27%, PF/Pension 13%, Trusts 10%, FPI 1.5%, Banks 1%, others 1%"
INE414G07JK9,30/06/2026,"Insurance 55%, Trusts 28%, Corporates 11%, PF/Pension 5.8%"
INE414G07JL7,30/06/2026,"Corporates 48%, MF 39%, Banks 4.8%, PF/Pension 4.8%, Insurance 3.4%, Clearing members 0.2%"
INE414G07JM5,30/06/2026,"MF 70%, Insurance 16%, FPI 13%, Trusts 1.1%"
INE414G07JN3,30/06/2026,"MF 63%, Insurance 14%, Banks 9.3%, Corporates 6.5%, Trusts 2.8%, AIF 1.7%, others 2.6%"
INE414G07JO1,30/06/2026,"Insurance 44%, Corporates 19%, MF 18%, NBFC 11%, FPI 4.2%, Banks 3.2%, others 1.1%"
INE414G07JP8,30/06/2026,"Insurance 26%, Corporates 24%, PF/Pension 17%, Trusts 15%, FPI 10%, Banks 4.1%, others 3.9%"
INE414G07JQ6,30/06/2026,"MF 66%, Corporates 19%, FPI 8.7%, Banks 4.6%, Trusts 0.7%, Individuals 0.6%, others 0.4%"
INE414G07JS2,30/06/2026,"Insurance 33%, MF 32%, Banks 20%, Corporates 6.3%, PF/Pension 5.6%, Trusts 2.2%, others 0.7%"
INE414G07JU8,30/06/2026,"Banks 64%, Insurance 20%, MF 8.6%, PF/Pension 4.7%, FPI 3.2%"
INE414G07JV6,30/06/2026,"MF 60%, Insurance 34%, Corporates 6%"
INE414G07JW4,30/06/2026,MF 100%
INE414G07JX2,30/06/2026,"MF 71%, Insurance 11%, PF/Pension 6.6%, Banks 6.4%, Corporates 2.9%, Trusts 1%, others 0.9%"
INE414G07JY0,30/06/2026,"Corporates 50%, PF/Pension 18%, Insurance 11%, Trusts 10%, Banks 9.4%, Clearing members 0.8%"
INE414G07JZ7,30/06/2026,"MF 79%, Banks 14%, Corporates 6.7%"
INE414G07KB6,30/06/2026,"Banks 50%, Insurance 37%, PF/Pension 11%, Corporates 1.7%, Trusts 0.6%"
INE414G08355,30/06/2026,"Trusts 49%, Corporates 44%, Govt 6.2%, Individuals 0.4%"
INE417C08019,30/06/2026,"Insurance 80%, MF 20%"
INE420C07163,30/06/2026,"Corporates 52%, Banks 38%, Individuals 10%, NRIs 0.5%"
INE420C07189,30/06/2026,"Individuals 59%, Corporates 38%, Banks 1.4%, Clearing members 1.3%, NRIs 0.1%"
INE423A07328,30/06/2026,"Individuals 55%, Banks 16%, Corporates 15%, MF 11%, AIF 3.2%, Clearing members 0.4%, others 0.2%"
INE423A07476,30/06/2026,MF 100%
INE423A07484,30/06/2026,"Individuals 73%, Corporates 21%, Banks 5.6%, Trusts 0.1%"
INE423A07492,30/06/2026,"Individuals 57%, Corporates 42%, Banks 1.7%, Trusts 0.2%, NRIs 0.1%"
INE423A07526,30/06/2026,"Individuals 85%, Corporates 8.3%, Banks 4.6%, Trusts 1.4%, Clearing members 0.9%, NRIs 0.2%"
INE423A07534,30/06/2026,"Corporates 47%, Individuals 43%, Banks 9.1%, Clearing members 0.7%, Trusts 0.3%, NRIs 0.1%"
INE423Y07104,30/06/2026,MF 100%
INE427F07021,30/06/2026,MF 100%
INE432R07380,30/06/2026,"Corporates 34%, Insurance 20%, MF 18%, Individuals 16%, Clearing members 8%, Trusts 3.1%, others 0.2%"
INE432R07414,30/06/2026,MF 100%
INE432R07455,30/06/2026,"MF 52%, Corporates 48%"
INE432R07489,30/06/2026,MF 100%
INE432R07505,30/06/2026,MF 100%
INE441Q07011,30/06/2026,Corporates 100%
INE443L07174,30/06/2026,"Corporates 87%, Individuals 13%, NRIs 0.3%"
INE448U07216,30/06/2026,"Trusts 51%, Corporates 27%, Individuals 22%"
INE448U07240,30/06/2026,"MF 60%, Trusts 40%"
INE448U07307,30/06/2026,"Corporates 80%, Clearing members 20%"
INE448U07349,30/06/2026,MF 100%
INE460K08053,30/06/2026,MF 100%
INE461R07017,30/06/2026,"Corporates 55%, Banks 45%"
INE463Y07027,30/06/2026,"Corporates 72%, Individuals 28%, NRIs 0.3%"
INE468N07BM4,30/06/2026,"Individuals 54%, Corporates 46%, Banks 0.6%"
INE473K08023,30/06/2026,"Corporates 68%, NBFC 29%, Individuals 2.2%"
INE476A08175,30/06/2026,"Govt 81%, PF/Pension 10%, Trusts 8.6%, Banks 0.2%, Corporates 0.1%"
INE476A08217,30/06/2026,"Trusts 53%, PF/Pension 13%, Corporates 11%, Banks 8.6%, Insurance 5.9%, Other FIs 3.6%, others 4.8%"
INE476A08225,30/06/2026,"Insurance 46%, Trusts 34%, Corporates 7.2%, PF/Pension 6.9%, Banks 4.7%, Govt 0.7%, others 0.7%"
INE476A08241,30/06/2026,"Trusts 34%, Banks 18%, Insurance 18%, PF/Pension 14%, Govt 6.2%, Corporates 5.4%, others 4.9%"
INE476A08266,30/06/2026,"Trusts 28%, PF/Pension 19%, Banks 19%, Insurance 14%, Corporates 13%, MF 3.6%, others 2.7%"
INE476A08274,30/06/2026,"Govt 94%, PF/Pension 2.2%, Corporates 2%, Banks 1%, Trusts 1%"
INE477A07381,30/06/2026,"Insurance 63%, MF 20%, PF/Pension 10%, Trusts 5.5%, Banks 1%, Corporates 0.1%"
INE477A07415,30/06/2026,"MF 69%, Insurance 26%, Banks 2.8%, Corporates 2.8%"
INE477A07423,30/06/2026,"Banks 49%, MF 20%, Insurance 17%, Corporates 7.6%, Other FIs 3.3%, FPI 1.7%, others 1.3%"
INE477L07AZ3,30/06/2026,"Insurance 57%, Corporates 23%, MF 13%, Individuals 3.5%, Banks 1.8%, Trusts 1.8%"
INE477L07BC0,30/06/2026,"Individuals 84%, Corporates 16%, Trusts 0.3%"
INE481G07190,30/06/2026,"PF/Pension 76%, MF 16%, Insurance 4%, Corporates 4%"
INE481G08123,30/06/2026,"Banks 45%, MF 42%, Insurance 10%, PF/Pension 2.5%"
INE483Z08012,30/06/2026,MF 100%
INE484J08055,30/06/2026,"MF 87%, FPI 6.5%, PF/Pension 3%, Corporates 3%, Individuals 0.5%"
INE484J08071,30/06/2026,"Insurance 53%, MF 25%, Banks 13%, Trusts 4.6%, PF/Pension 2.9%, Individuals 0.9%, others 0.4%"
INE484J08089,30/06/2026,"MF 80%, FPI 7.5%, PF/Pension 6.5%, Corporates 3.7%, Insurance 2.7%"
INE487N07037,30/06/2026,"Corporates 76%, Individuals 15%, AIF 8.9%"
INE487N07045,30/06/2026,"Corporates 58%, Individuals 27%, AIF 11%, NBFC 3.5%"
INE487N07052,30/06/2026,"Corporates 96%, Individuals 4%"
INE487N07060,30/06/2026,"Corporates 67%, Individuals 32%, AIF 0.2%"
INE487N07078,30/06/2026,"Corporates 72%, Individuals 21%, AIF 7.3%"
INE498L07038,30/06/2026,"Corporates 56%, Insurance 16%, MF 14%, Trusts 10%, Banks 4.4%"
INE498L07129,30/06/2026,"Corporates 58%, MF 20%, Trusts 8%, Insurance 7.6%, Banks 6%"
INE498L07137,30/06/2026,"Banks 34%, Corporates 32%, MF 30%, Insurance 4.5%"
INE498L07145,30/06/2026,"Corporates 53%, MF 22%, Insurance 22%, Banks 2.8%"
INE498L07152,30/06/2026,"Individuals 43%, Corporates 32%, Insurance 22%, AIF 2.7%"
INE498L07178,30/06/2026,"Banks 50%, Corporates 40%, MF 10%"
INE498L07202,30/06/2026,"Corporates 33%, Trusts 26%, Banks 16%, PF/Pension 14%, Insurance 10%, Individuals 0.2%"
INE498L07210,30/06/2026,"Banks 50%, Insurance 27%, MF 20%, PF/Pension 1.8%, Trusts 1%"
INE501X07588,30/06/2026,"Individuals 78%, Corporates 22%, NRIs 0.4%"
INE501X07646,30/06/2026,"Individuals 48%, Corporates 39%, Trusts 13%, NRIs 0.4%, Clearing members 0.3%"
INE501X07711,30/06/2026,"Banks 50%, Corporates 25%, Individuals 16%, Clearing members 5.9%, Trusts 2.7%, NRIs 0.1%"
INE501X07729,30/06/2026,"Individuals 54%, Corporates 41%, NRIs 3%, Trusts 2.1%, Clearing members 0.3%"
INE504H07AS7,30/06/2026,"Individuals 96%, Corporates 4.3%"
INE504H07AV1,30/06/2026,"Individuals 99%, Corporates 1%"
INE504H07AX7,30/06/2026,"Individuals 88%, Corporates 12%"
INE504H07AZ2,30/06/2026,"Individuals 76%, Corporates 24%"
INE504H07BB1,30/06/2026,Individuals 100%
INE507T07070,30/06/2026,"MF 88%, Banks 7.7%, FPI 3.8%"
INE507T07088,30/06/2026,"Corporates 60%, MF 40%"
INE507T07096,30/06/2026,"Banks 52%, MF 27%, Corporates 21%, AIF 0.5%"
INE507T07104,30/06/2026,"MF 30%, Trusts 27%, Banks 20%, Corporates 19%, FPI 4.2%"
INE507T07112,30/06/2026,"MF 67%, Banks 33%"
INE507T07120,30/06/2026,"Banks 77%, MF 23%"
INE507T07138,30/06/2026,"MF 57%, Banks 42%, Corporates 0.8%"
INE507T07146,30/06/2026,MF 100%
INE507T07153,30/06/2026,"MF 98%, FPI 2.5%"
INE511C07847,30/06/2026,"MF 86%, Banks 14%"
INE511C07854,30/06/2026,"MF 98%, Corporates 2.2%"
INE511C07862,30/06/2026,"Insurance 33%, Banks 24%, Corporates 23%, MF 17%, PF/Pension 2.2%, Govt 1.7%"
INE511C07870,30/06/2026,"MF 75%, Corporates 25%"
INE511C07896,30/06/2026,"Corporates 34%, Banks 25%, Trusts 18%, PF/Pension 16%, Insurance 7.5%, Individuals 0.6%"
INE511C07912,30/06/2026,"MF 33%, Insurance 32%, Corporates 26%, Banks 8.3%, Individuals 1.7%"
INE511C07920,30/06/2026,"Corporates 43%, MF 29%, Insurance 21%, Banks 7.1%"
INE511C07938,30/06/2026,"MF 45%, Banks 32%, Insurance 18%, Corporates 6%"
INE511C07946,30/06/2026,"MF 98%, Corporates 1.8%, Insurance 0.6%"
INE511C07953,30/06/2026,"Corporates 70%, Trusts 14%, PF/Pension 10%, Banks 5%, Insurance 0.5%, Individuals 0.1%"
INE511C07979,30/06/2026,"Banks 57%, Corporates 19%, Insurance 13%, MF 11%"
INE511C07995,30/06/2026,"Corporates 55%, MF 42%, Insurance 2.5%"
INE511C07AA1,30/06/2026,"Insurance 37%, Corporates 24%, Banks 24%, MF 14%"
INE511C08AN2,30/06/2026,"Trusts 94%, Corporates 6.4%"
INE511N08016,30/06/2026,"PF/Pension 62%, Insurance 30%, Corporates 7.6%, Trusts 0.5%"
INE514E08ED5,30/06/2026,"PF/Pension 56%, MF 16%, Insurance 15%, Trusts 12%, FPI 1.4%, Individuals 0.1%"
INE514E08FG5,30/06/2026,"MF 46%, PF/Pension 37%, Trusts 8%, Banks 4.4%, Insurance 4.1%, FPI 0.9%"
INE514E08FH3,30/06/2026,"Banks 24%, Insurance 24%, Trusts 21%, MF 19%, PF/Pension 11%"
INE514E08FJ9,30/06/2026,"MF 71%, PF/Pension 21%, Insurance 7.1%"
INE514E08FN1,30/06/2026,"PF/Pension 58%, MF 25%, Trusts 17%"
INE514E08FP6,30/06/2026,"MF 82%, Trusts 8.3%, Banks 7.7%, PF/Pension 1.6%, Insurance 0.1%"
INE514E08FQ4,30/06/2026,"MF 46%, Insurance 29%, Trusts 15%, PF/Pension 8.8%, Corporates 1.4%"
INE514E08GB4,30/06/2026,"MF 37%, Banks 36%, PF/Pension 17%, Corporates 9.3%, Insurance 1.2%"
INE514E08GC2,30/06/2026,"PF/Pension 39%, MF 29%, Banks 22%, FPI 6.2%, Insurance 3.8%"
INE514E08GD0,30/06/2026,"MF 38%, PF/Pension 37%, Banks 21%, Corporates 3%, Insurance 1%, Trusts 0.1%"
INE514E08GE8,30/06/2026,"MF 57%, Banks 28%, Insurance 5%, FPI 4%, Corporates 3.1%, PF/Pension 2%, others 0.5%"
INE514E08GF5,30/06/2026,"MF 36%, PF/Pension 33%, Banks 23%, Insurance 6.4%, Corporates 2.1%, Trusts 0.4%"
INE514E08GG3,30/06/2026,"Govt 75%, PF/Pension 14%, MF 5%, Corporates 3.1%, Banks 1.9%, Trusts 0.8%, others 0.1%"
INE515Q08275,30/06/2026,"Individuals 67%, Corporates 32%, Trusts 0.4%, NRIs 0.1%"
INE515Q08283,30/06/2026,"Individuals 64%, Corporates 35%, NRIs 1.4%"
INE516Q07473,30/06/2026,"Corporates 92%, Individuals 7.3%, Clearing members 0.1%"
INE516Q07481,30/06/2026,"Corporates 86%, Individuals 13%, NRIs 0.1%"
INE516Q08497,30/06/2026,"Corporates 100%, Individuals 0.2%"
INE516Y07444,30/06/2026,"Banks 44%, Corporates 19%, Insurance 12%, Govt 7.1%, Trusts 7.1%, Individuals 6.3%, others 4.2%"
INE522D07CH7,30/06/2026,"MF 45%, Corporates 32%, Banks 22%, Individuals 1.1%"
INE522D07CI5,30/06/2026,"MF 60%, Corporates 40%"
INE522D07CK1,30/06/2026,"MF 41%, Corporates 38%, Banks 17%, FPI 3.8%, Individuals 0.2%"
INE522D07CL9,30/06/2026,"MF 85%, Banks 15%"
INE523H07CB9,30/06/2026,"MF 66%, FPI 33%, Corporates 0.8%, Individuals 0.2%"
INE523L07983,30/06/2026,"Individuals 83%, Corporates 17%"
INE523L07AL4,30/06/2026,"MF 94%, Corporates 5.9%"
INE523L07AM2,30/06/2026,"Corporates 68%, Individuals 25%, FPI 5.7%, NRIs 0.7%, AIF 0.4%"
INE523L07AN0,30/06/2026,MF 100%
INE523L07AO8,30/06/2026,MF 100%
INE523L07AQ3,30/06/2026,"Corporates 86%, MF 14%"
INE523L07AR1,30/06/2026,"Corporates 57%, AIF 30%, Individuals 6.3%, NBFC 6.2%, Clearing members 1%"
INE523L07AS9,30/06/2026,MF 100%
INE523L07AU5,30/06/2026,"Corporates 95%, AIF 5%"
INE523L07AV3,30/06/2026,MF 100%
INE526E07015,30/06/2026,MF 100%
INE526E07023,30/06/2026,MF 100%
INE528G08345,30/06/2026,"MF 38%, Govt 23%, Insurance 11%, PF/Pension 8.9%, Corporates 7%, Trusts 6.3%, others 5.2%"
INE528G08352,30/06/2026,"MF 38%, Insurance 16%, Individuals 15%, Trusts 10%, Corporates 8.3%, Banks 8.2%, others 4.7%"
INE528G08394,30/06/2026,"MF 48%, Corporates 31%, Individuals 8.8%, Insurance 7.2%, FPI 2.8%, Trusts 1.2%, others 1.2%"
INE530B07310,30/06/2026,"Individuals 90%, Corporates 7.1%, Trusts 2.3%, NRIs 0.9%, Banks 0.2%"
INE530B07468,30/06/2026,"Corporates 46%, Individuals 28%, AIF 24%, NBFC 2.3%"
INE530B07617,30/06/2026,"Corporates 50%, Individuals 39%, AIF 6%, NBFC 3.4%, Banks 1.2%"
INE530B07658,30/06/2026,"Corporates 57%, Individuals 43%"
INE530B07666,30/06/2026,"Banks 31%, FPI 31%, Corporates 20%, AIF 11%, Individuals 6.3%, Trusts 0.6%, others 0.3%"
INE530B08185,30/06/2026,"Trusts 94%, Corporates 5.4%, Individuals 0.4%"
INE530B08193,30/06/2026,"Corporates 38%, Trusts 29%, FPI 16%, AIF 11%, Individuals 4.5%, NBFC 1.6%"
INE530B08201,30/06/2026,"Corporates 55%, Trusts 33%, Individuals 7.4%, FPI 4.2%"
INE530B08227,30/06/2026,"Individuals 64%, Corporates 21%, AIF 12%, Trusts 2.3%"
INE530B08235,30/06/2026,"Corporates 79%, Trusts 15%, NBFC 3.8%, Individuals 2.8%"
INE530B08243,30/06/2026,"Govt 60%, Corporates 40%"
INE530B08250,30/06/2026,"Corporates 85%, Individuals 12%, Trusts 3%"
INE530L07BJ1,30/06/2026,Corporates 100%
INE535H07CH0,30/06/2026,"MF 86%, FPI 10%, Insurance 4.8%"
INE535H07CJ6,30/06/2026,"MF 66%, Banks 31%, Insurance 2.9%"
INE535H07CQ1,30/06/2026,"MF 57%, Banks 25%, Corporates 16%, Insurance 2.2%"
INE535H07CU3,30/06/2026,MF 100%
INE537P07745,30/06/2026,"PF/Pension 37%, Insurance 25%, Trusts 20%, Corporates 6.2%, Banks 5.7%, Govt 5.6%, others 0.1%"
INE537P07752,30/06/2026,"MF 67%, Insurance 14%, AIF 7%, Trusts 7%, Banks 3.5%, Corporates 1.4%"
INE537P07828,30/06/2026,"Insurance 39%, Trusts 29%, Corporates 12%, MF 10%, Banks 6.7%, Govt 3.3%, others 0.1%"
INE537P07844,30/06/2026,"Banks 46%, Insurance 27%, Trusts 13%, MF 5.5%, Corporates 4.7%, PF/Pension 2.2%, others 0.8%"
INE537P07877,30/06/2026,"Insurance 53%, Banks 20%, PF/Pension 14%, Trusts 7.6%, MF 4.5%, Govt 1.8%"
INE537P07885,30/06/2026,"Insurance 38%, Trusts 31%, Banks 23%, PF/Pension 3.8%, Govt 3.4%, Corporates 1.2%"
INE538F07157,30/06/2026,"AIF 49%, Corporates 39%, Individuals 9.3%, NBFC 2.4%, Trusts 0.3%"
INE539K07189,30/06/2026,"Trusts 79%, Banks 10%, PF/Pension 10%, Individuals 0.8%, Corporates 0.1%"
INE539K07320,30/06/2026,"MF 50%, Corporates 33%, Insurance 17%, Individuals 0.3%"
INE539K07338,30/06/2026,"Corporates 67%, MF 20%, Insurance 10%, Individuals 3.3%"
INE539K07346,30/06/2026,"Insurance 52%, Banks 35%, Trusts 10%, Corporates 2.3%, Individuals 1.3%"
INE539K07353,30/06/2026,"Corporates 66%, MF 23%, Banks 5.6%, Insurance 5.6%"
INE539K08187,30/06/2026,"Trusts 86%, Corporates 8.1%, Individuals 5.5%"
INE539K08203,30/06/2026,"Trusts 49%, Govt 21%, PF/Pension 15%, Corporates 14%, Banks 0.5%, Individuals 0.5%"
INE539K08211,30/06/2026,"Trusts 84%, Govt 8.8%, Corporates 5.8%, Banks 0.6%, Individuals 0.6%"
INE539K08237,30/06/2026,"Trusts 85%, PF/Pension 7.6%, Corporates 5.1%, Individuals 2%"
INE540P07384,30/06/2026,"Individuals 34%, Corporates 28%, Banks 18%, Trusts 11%, Insurance 6.8%, MF 1.5%, others 0.5%"
INE540P07392,30/06/2026,"Individuals 39%, Trusts 19%, Banks 17%, Corporates 15%, Insurance 6.8%, Govt 2.4%, others 2.1%"
INE540P07400,30/06/2026,"Individuals 37%, Trusts 18%, Corporates 18%, Banks 17%, Insurance 6.8%, MF 1.5%, others 1.4%"
INE540P07418,30/06/2026,"Individuals 49%, Banks 18%, Trusts 14%, Corporates 11%, Insurance 6.8%, MF 0.8%, others 1.1%"
INE540P07426,30/06/2026,"Individuals 37%, Corporates 20%, Trusts 18%, Banks 11%, Insurance 6.8%, PF/Pension 3%, others 3.7%"
INE540P07434,30/06/2026,"Individuals 43%, Trusts 25%, Corporates 14%, Insurance 6.9%, Banks 6.1%, PF/Pension 2%, others 2.4%"
INE540P07467,30/06/2026,"Corporates 41%, Individuals 37%, Trusts 20%, MF 1.5%, NRIs 0.4%, Clearing members 0.3%, others 0.1%"
INE540P07475,30/06/2026,"Individuals 39%, Corporates 38%, Trusts 21%, MF 1.4%, Banks 0.6%, NRIs 0.3%, others 0.1%"
INE540P07483,30/06/2026,"Individuals 46%, Corporates 29%, Trusts 23%, MF 1.4%, NRIs 0.7%, Banks 0.2%, others 0.1%"
INE540P07491,30/06/2026,"Individuals 37%, Trusts 31%, Corporates 24%, Govt 5.7%, MF 1.4%, NRIs 0.8%, others 0.1%"
INE540P07509,30/06/2026,"Individuals 40%, Corporates 32%, Trusts 26%, MF 0.9%, NRIs 0.4%, Banks 0.2%"
INE540P07517,30/06/2026,"Individuals 61%, Corporates 26%, Trusts 11%, MF 0.9%, NRIs 0.7%, Banks 0.5%"
INE545L07044,30/06/2026,"Individuals 41%, Clearing members 41%, Corporates 16%, Trusts 1.4%, NRIs 0.3%"
INE549K07GE3,30/06/2026,"Corporates 56%, Individuals 36%, Banks 8.4%, Clearing members 0.4%"
INE549K07HA9,30/06/2026,"Corporates 81%, Banks 16%, Individuals 3%, NRIs 0.2%"
INE549K07HB7,30/06/2026,"Corporates 88%, Individuals 12%"
INE549K07HD3,30/06/2026,"Corporates 68%, Individuals 31%, Clearing members 0.4%, AIF 0.3%, Trusts 0.1%"
INE549K07HK8,30/06/2026,"Individuals 46%, Banks 29%, Clearing members 15%, Corporates 10%, Trusts 0.3%"
INE549K07HQ5,30/06/2026,"Corporates 74%, FPI 14%, Banks 8.5%, Individuals 4.1%"
INE549K07IF6,30/06/2026,"Individuals 68%, Corporates 22%, MF 6.7%, Clearing members 3%, NRIs 0.1%"
INE549K07IJ8,30/06/2026,"Individuals 59%, Corporates 40%, Trusts 1%, Banks 0.6%"
INE549K08269,30/06/2026,"Individuals 89%, Corporates 10%, NRIs 0.8%, Trusts 0.2%"
INE549K08541,30/06/2026,"Individuals 59%, Corporates 36%, NRIs 3.8%, Trusts 0.8%"
INE549K08558,30/06/2026,"Individuals 94%, Corporates 6%"
INE549K08574,30/06/2026,"Individuals 60%, Corporates 38%, Trusts 1%, NRIs 1%"
INE549K08582,30/06/2026,"Individuals 90%, Corporates 8%, NRIs 2%"
INE549K08590,30/06/2026,"Corporates 68%, MF 15%, Individuals 8%, Banks 7.7%, Clearing members 0.6%, NRIs 0.2%"
INE549K08608,30/06/2026,"Individuals 72%, Corporates 20%, NRIs 8%"
INE556F08KH1,30/06/2026,"MF 42%, Banks 28%, Corporates 13%, Insurance 8.2%, PF/Pension 5.9%, Trusts 2.2%, others 1.2%"
INE556F08KI9,30/06/2026,"MF 63%, Corporates 14%, Insurance 7.2%, Banks 5.7%, PF/Pension 5.1%, Govt 2.5%, others 2.3%"
INE556F08KJ7,30/06/2026,"MF 34%, Banks 26%, PF/Pension 18%, Corporates 10%, Insurance 8.3%, Govt 3%, others 1.5%"
INE556F08KK5,30/06/2026,"MF 36%, Banks 18%, Insurance 15%, Corporates 14%, PF/Pension 11%, Trusts 5.8%, others 0.5%"
INE556F08KL3,30/06/2026,"MF 50%, Govt 11%, Corporates 11%, Banks 9.4%, Insurance 6.4%, Trusts 6.2%, others 5.4%"
INE556F08KM1,30/06/2026,"MF 54%, Corporates 17%, Insurance 9.5%, Trusts 7.1%, Banks 4.9%, FPI 4.4%, others 3.3%"
INE556F08KN9,30/06/2026,"MF 42%, Govt 27%, Banks 15%, Insurance 5.8%, Corporates 5.3%, Trusts 3.4%, others 1.6%"
INE556F08KO7,30/06/2026,"Govt 78%, MF 7.5%, Trusts 3.3%, Banks 3.1%, PF/Pension 2.6%, Corporates 2%, others 3.5%"
INE556F08KP4,30/06/2026,"MF 51%, Corporates 16%, Banks 8.5%, Trusts 8.2%, FPI 6.4%, Govt 4.7%, others 5.2%"
INE556F08KQ2,30/06/2026,"MF 40%, Trusts 32%, Govt 7.8%, Insurance 7.1%, Banks 6.3%, Corporates 5%, others 2.4%"
INE556F08KR0,30/06/2026,"MF 32%, Govt 20%, PF/Pension 18%, Banks 17%, Corporates 5.8%, Insurance 5.1%, others 2.2%"
INE556F08KS8,30/06/2026,"MF 46%, PF/Pension 17%, Banks 15%, Insurance 7.2%, Corporates 6.8%, FPI 3.2%, others 5.8%"
INE556F08KT6,30/06/2026,"MF 30%, Govt 30%, Trusts 21%, Banks 13%, PF/Pension 3.2%, Insurance 1.9%, others 0.9%"
INE556F08KU4,30/06/2026,"MF 66%, Govt 10%, Trusts 8.1%, Banks 7.4%, Insurance 4.6%, PF/Pension 1.6%, others 1.6%"
INE556F08KV2,30/06/2026,"Govt 62%, MF 10%, Corporates 9.5%, Insurance 8.8%, PF/Pension 8.8%, Trusts 0.8%"
INE556F08KW0,30/06/2026,"MF 46%, PF/Pension 25%, Govt 8.1%, Insurance 7.9%, Banks 4.2%, Corporates 3.3%, others 5.2%"
INE556F08KX8,30/06/2026,"MF 33%, Banks 24%, PF/Pension 13%, Insurance 11%, Govt 7.9%, Corporates 5.4%, others 5.3%"
INE556F08KY6,30/06/2026,"MF 40%, PF/Pension 26%, Govt 15%, Banks 13%, Corporates 2.8%, Insurance 2.5%, others 0.8%"
INE556F08KZ3,30/06/2026,"Banks 38%, PF/Pension 24%, MF 15%, Insurance 13%, FPI 5.6%, Corporates 4.8%, others 0.3%"
INE556F08LA4,30/06/2026,"MF 42%, Banks 41%, Corporates 4.8%, PF/Pension 4%, FPI 3.6%, Insurance 2.9%, others 1.7%"
INE556F08LB2,30/06/2026,"Govt 40%, MF 37%, Banks 9.1%, PF/Pension 8.7%, Insurance 2.5%, Corporates 1.5%, others 0.8%"
INE556F08LC0,30/06/2026,"Govt 36%, MF 29%, Banks 14%, PF/Pension 12%, Insurance 6.4%, FPI 1.5%, others 1.2%"
INE556F08LD8,30/06/2026,"Banks 26%, PF/Pension 22%, MF 17%, Insurance 16%, Govt 9.2%, Corporates 5.5%, others 3.8%"
INE556F08LE6,30/06/2026,"MF 76%, Banks 17%, Corporates 4.2%, FPI 3.3%"
INE556F08LF3,30/06/2026,"MF 30%, Govt 23%, Banks 19%, PF/Pension 16%, Corporates 7.1%, Insurance 5.4%, others 0.2%"
INE557F07108,30/06/2026,"Individuals 59%, Corporates 26%, Insurance 13%, AIF 0.5%, NRIs 0.5%, Trusts 0.5%, others 0.3%"
INE557F07157,30/06/2026,"Individuals 64%, Corporates 32%, Insurance 1.2%, AIF 1.2%, NRIs 1%, Banks 0.3%"
INE557F08FT4,30/06/2026,"Insurance 30%, Govt 30%, MF 30%, PF/Pension 6.5%, Corporates 4%"
INE557F08FX6,30/06/2026,"Govt 43%, MF 25%, Insurance 16%, PF/Pension 7.8%, Corporates 4.6%, Banks 3.3%, others 0.5%"
INE557F08FY4,30/06/2026,"Banks 27%, Insurance 27%, MF 26%, Govt 13%, NBFC 3.4%, Corporates 2.1%, others 2%"
INE557F08FZ1,30/06/2026,"MF 49%, Banks 24%, Insurance 21%, Corporates 3.1%, Trusts 1.2%, FPI 0.6%"
INE557F08GA2,30/06/2026,"Insurance 40%, PF/Pension 37%, Govt 16%, MF 3.9%, Banks 2.1%, Trusts 1%"
INE557F08GB0,30/06/2026,"Insurance 60%, PF/Pension 13%, Govt 8.9%, MF 8.5%, Banks 5.5%, Corporates 3.1%, others 1%"
INE557F08GC8,30/06/2026,"Insurance 40%, PF/Pension 27%, Govt 16%, MF 12%, Banks 4.5%"
INE557F08GD6,30/06/2026,"Insurance 51%, MF 26%, Banks 10%, PF/Pension 10%, Govt 2.1%, Trusts 0.1%"
INE557F08GE4,30/06/2026,"MF 29%, Insurance 28%, Banks 24%, PF/Pension 15%, Govt 2%, Trusts 1%, others 1.1%"
INE563J08023,30/06/2026,MF 100%
INE572E07183,30/06/2026,"MF 50%, Banks 25%, Insurance 17%, Corporates 8.3%"
INE572J07760,30/06/2026,"AIF 53%, Corporates 24%, Individuals 14%, NBFC 9.5%"
INE572J07786,30/06/2026,"Individuals 36%, FPI 25%, Corporates 17%, AIF 11%, MF 11%"
INE572J07794,30/06/2026,"Corporates 52%, Individuals 48%"
INE572J07810,30/06/2026,"Individuals 57%, Corporates 39%, MF 3.1%, AIF 0.5%, NRIs 0.3%, Trusts 0.1%"
INE573D07019,30/06/2026,"AIF 50%, NBFC 44%, Individuals 4.3%, Corporates 1.3%"
INE579F24040,30/06/2026,"Trusts 39%, Corporates 24%, Other FIs 21%, Banks 6.4%, Individuals 5.4%, Insurance 3%, others 0.3%"
INE579F24065,30/06/2026,"Trusts 40%, Other FIs 21%, Corporates 18%, Banks 6.4%, Individuals 5.6%, Clearing members 5.6%, others 3%"
INE579F24073,30/06/2026,"Trusts 38%, Corporates 25%, Other FIs 21%, Banks 6.4%, Individuals 5.3%, Insurance 3%, others 0.4%"
INE579F24107,30/06/2026,"Trusts 33%, Corporates 27%, Other FIs 21%, Banks 6.4%, Individuals 6%, Clearing members 3.3%, others 3%"
INE582L08078,30/06/2026,MF 100%
INE583D07570,30/06/2026,"Individuals 69%, Corporates 30%, Trusts 0.4%, NRIs 0.2%"
INE583D07612,30/06/2026,"Individuals 67%, Insurance 17%, Corporates 16%, Trusts 0.1%"
INE583D07620,30/06/2026,"Corporates 58%, Individuals 37%, AIF 5.3%"
INE583D07638,30/06/2026,"Corporates 57%, Individuals 29%, AIF 14%, Clearing members 0.4%, NRIs 0.2%"
INE583D07661,30/06/2026,"Corporates 78%, Individuals 18%, AIF 2.4%, Clearing members 1.8%"
INE583D08081,30/06/2026,"Individuals 51%, Corporates 48%, NRIs 0.8%, Trusts 0.6%"
INE583D08115,30/06/2026,"Corporates 94%, Individuals 6%, Clearing members 0.3%, NRIs 0.1%"
INE597F07054,30/06/2026,"FPI 66%, AIF 25%, Corporates 9.1%"
INE598T07061,30/06/2026,"Corporates 65%, Individuals 35%"
INE598T07087,30/06/2026,"Corporates 80%, Individuals 19%, AIF 0.6%"
INE601U08143,30/06/2026,"Individuals 80%, Corporates 17%, NRIs 2.3%, Trusts 1%, Clearing members 0.1%"
INE601U08275,30/06/2026,"Corporates 53%, Individuals 46%, NBFC 0.8%"
INE601U08309,30/06/2026,"MF 59%, Corporates 35%, Individuals 5.1%, Insurance 0.7%"
INE605Y07148,30/06/2026,"Corporates 71%, Individuals 26%, AIF 2.1%, NBFC 1.5%, Clearing members 0.1%, NRIs 0.1%"
INE605Y07205,30/06/2026,"Corporates 47%, Individuals 47%, AIF 6.2%"
INE605Y07213,30/06/2026,"Corporates 41%, Individuals 24%, NBFC 15%, AIF 11%, Trusts 9.1%"
INE605Y07239,30/06/2026,"MF 62%, Trusts 20%, Corporates 18%"
INE607M08097,30/06/2026,"Banks 61%, MF 30%, PF/Pension 9%"
INE607M08105,30/06/2026,"MF 50%, Insurance 50%"
INE607M08121,30/06/2026,"Corporates 85%, Insurance 15%"
INE614A07033,30/06/2026,MF 100%
INE620H07019,30/06/2026,"Corporates 90%, AIF 7.8%, Individuals 2%"
INE634S07025,30/06/2026,"MF 70%, Insurance 28%, Corporates 2%"
INE634S07033,30/06/2026,"Insurance 84%, MF 14%, PF/Pension 1.4%, FPI 0.4%"
INE635M08015,30/06/2026,"Corporates 67%, Trusts 20%, Banks 12%, Individuals 1.5%"
INE635M08023,30/06/2026,Banks 100%
INE651J07960,30/06/2026,MF 100%
INE651J07978,30/06/2026,MF 100%
INE651J07986,30/06/2026,MF 100%
INE651J07AA0,30/06/2026,MF 100%
INE651J07AB8,30/06/2026,MF 100%
INE657H08035,30/06/2026,"Banks 67%, MF 27%, Corporates 6.7%"
INE657H08043,30/06/2026,"Corporates 53%, Banks 38%, MF 8.1%, Trusts 1.2%"
INE657N07613,30/06/2026,"FPI 50%, AIF 38%, Corporates 12%, Individuals 0.9%"
INE658F08300,30/06/2026,"Trusts 47%, Individuals 31%, Banks 18%, Corporates 4.3%, NRIs 0.6%"
INE658F08425,30/06/2026,"Trusts 43%, Individuals 33%, Corporates 14%, Govt 5.4%, Banks 3%, NRIs 1.1%"
INE658F08433,30/06/2026,"Corporates 56%, Trusts 26%, Individuals 15%, Clearing members 2.8%, Banks 0.3%, NRIs 0.1%"
INE658F08458,30/06/2026,"Corporates 63%, Trusts 20%, Individuals 16%, Banks 0.6%, Clearing members 0.3%, NRIs 0.1%"
INE658F08474,30/06/2026,"Corporates 51%, Individuals 23%, Trusts 19%, Banks 5.6%, Other FIs 1%, NRIs 0.3%"
INE658F08482,30/06/2026,"Corporates 58%, Individuals 19%, Trusts 17%, Clearing members 3.4%, Other FIs 2%, Banks 0.6%, others 0.3%"
INE658F08508,30/06/2026,"Trusts 40%, Individuals 35%, Banks 15%, Corporates 10%, NRIs 0.3%"
INE658F08516,30/06/2026,"Trusts 53%, Corporates 23%, Individuals 17%, Clearing members 5.9%, NRIs 0.9%, Banks 0.8%"
INE658F08524,30/06/2026,"Individuals 46%, Trusts 39%, Corporates 10%, Banks 5%, NRIs 0.8%"
INE658F08532,30/06/2026,"Trusts 35%, Corporates 23%, Banks 21%, Individuals 19%, Clearing members 3.5%, NRIs 0.1%"
INE658F08540,30/06/2026,"Trusts 56%, Corporates 27%, Individuals 11%, Banks 5.5%, NRIs 0.3%"
INE658F08557,30/06/2026,"Individuals 45%, Trusts 37%, Corporates 16%, Banks 1.4%, NRIs 0.2%"
INE658F08565,30/06/2026,"Individuals 29%, Corporates 29%, Trusts 25%, Banks 10%, Clearing members 6.3%, NRIs 0.3%"
INE658R07430,30/06/2026,MF 100%
INE658R07448,30/06/2026,MF 100%
INE660A07RI7,30/06/2026,"Corporates 54%, MF 25%, Insurance 19%, Individuals 1.7%, AIF 0.1%"
INE660A07RN7,30/06/2026,"Insurance 47%, PF/Pension 21%, MF 15%, Trusts 11%, Banks 6.7%"
INE660A07RQ0,30/06/2026,"Corporates 55%, Banks 24%, MF 12%, Insurance 9%"
INE660A07RT4,30/06/2026,"Corporates 44%, Insurance 43%, MF 13%"
INE660A07RU2,30/06/2026,"Banks 72%, Corporates 16%, MF 8.7%, Insurance 2.5%"
INE660A07RV0,30/06/2026,Banks 100%
INE660A07RW8,30/06/2026,"Insurance 61%, Corporates 28%, MF 7.3%, Trusts 3.3%"
INE660A07RY4,30/06/2026,"Corporates 52%, MF 20%, Insurance 18%, Banks 10%"
INE660A07SA2,30/06/2026,"Insurance 48%, Banks 24%, FPI 16%, MF 6.4%, Corporates 6%"
INE660A07SB0,30/06/2026,"MF 76%, Insurance 17%, Corporates 4.4%, Banks 3.1%"
INE660A07SD6,30/06/2026,"MF 61%, Insurance 22%, PF/Pension 10%, Banks 5.2%, Corporates 1.3%"
INE660A07SE4,30/06/2026,"Banks 44%, MF 38%, FPI 13%, Insurance 5.7%"
INE667F07IG4,30/06/2026,"MF 85%, Corporates 15%"
INE667F07II0,30/06/2026,"Corporates 88%, MF 12%"
INE667F07IT7,30/06/2026,MF 100%
INE667F07IU5,30/06/2026,"MF 92%, Insurance 8.2%"
INE667F07IV3,30/06/2026,"MF 87%, Insurance 13%"
INE667F07IW1,30/06/2026,"Insurance 73%, MF 25%, Corporates 1.7%"
INE667F07IZ4,30/06/2026,"MF 50%, Corporates 33%, Insurance 17%"
INE667F07JA5,30/06/2026,MF 100%
INE667F07JB3,30/06/2026,"MF 50%, Insurance 38%, Corporates 12%"
INE670K07273,30/06/2026,MF 100%
INE670K07281,30/06/2026,MF 100%
INE670K07299,30/06/2026,"Banks 83%, MF 17%"
INE670K07315,30/06/2026,"Banks 57%, MF 43%"
INE670K07364,30/06/2026,MF 100%
INE674K07028,30/06/2026,"MF 53%, Corporates 16%, Banks 13%, PF/Pension 13%, Trusts 4%"
INE674K07036,30/06/2026,"Corporates 58%, Banks 21%, MF 17%, Insurance 4.2%"
INE674K07069,30/06/2026,"Banks 48%, Corporates 22%, Insurance 10%, NBFC 4.5%, FPI 4.5%, Clearing members 3.7%, others 7.4%"
INE674K07135,30/06/2026,"Corporates 65%, Trusts 10%, Banks 10%, PF/Pension 8.5%, Insurance 6.3%, Individuals 0.4%"
INE674K07143,30/06/2026,"Banks 60%, MF 18%, Corporates 9.4%, Trusts 7.6%, Insurance 5%"
INE674K07150,30/06/2026,"Corporates 71%, Insurance 29%"
INE674K08018,30/06/2026,"Trusts 43%, Corporates 31%, Insurance 22%, Govt 2.5%, Individuals 0.9%, NRIs 0.2%"
INE674K08083,30/06/2026,"Corporates 55%, Trusts 23%, Clearing members 17%, Individuals 4.8%"
INE676J08023,30/06/2026,"Corporates 95%, Individuals 5%"
INE676J08031,30/06/2026,"Corporates 56%, Individuals 44%"
INE681R08141,30/06/2026,"Individuals 77%, Corporates 23%"
INE685A07132,30/06/2026,"MF 59%, Insurance 41%"
INE685A07157,30/06/2026,"Insurance 47%, MF 25%, PF/Pension 14%, FPI 14%"
INE685A07165,30/06/2026,"PF/Pension 52%, Insurance 45%, MF 2.8%"
INE685A07173,30/06/2026,"Insurance 57%, PF/Pension 32%, MF 7.3%, Corporates 2.9%, Trusts 0.6%"
INE692A08029,30/06/2026,"Trusts 60%, MF 16%, Individuals 14%, Corporates 7.3%, Insurance 1.6%, PF/Pension 1%, others 0.5%"
INE692A08169,30/06/2026,"Banks 55%, Trusts 19%, Corporates 18%, Other FIs 2.5%, Individuals 2.5%, Govt 2.3%, others 0.7%"
INE692A08177,30/06/2026,"Banks 56%, Trusts 27%, Corporates 8.4%, Insurance 4.7%, Other FIs 3.4%, Individuals 0.1%"
INE692A08193,30/06/2026,"Corporates 41%, Banks 25%, Other FIs 15%, Trusts 14%, MF 2.3%, Individuals 1.4%, others 1.4%"
INE692A08201,30/06/2026,"Trusts 54%, Govt 27%, MF 15%, Banks 3.7%"
INE692Q07449,30/06/2026,"MF 96%, Insurance 4%"
INE692Q07480,30/06/2026,"MF 62%, Corporates 23%, Banks 15%"
INE692Q07498,30/06/2026,MF 100%
INE692Q07563,30/06/2026,"MF 92%, NBFC 5%, Insurance 3%"
INE692Q07589,30/06/2026,MF 100%
INE692Q07613,30/06/2026,"MF 38%, Banks 33%, FPI 17%, Insurance 12%"
INE697K07136,30/06/2026,AIF 100%
INE718F07049,30/06/2026,"Individuals 74%, Corporates 26%"
INE721A07QO7,30/06/2026,Trusts 100%
INE721A07RC0,30/06/2026,"Trusts 73%, Individuals 10%, Insurance 8.6%, Corporates 6.8%, Banks 1.1%, NRIs 0.3%"
INE721A07RL1,30/06/2026,"Trusts 22%, Corporates 19%, PF/Pension 15%, Banks 14%, Insurance 13%, FPI 7.1%, others 9.2%"
INE721A07RQ0,30/06/2026,"Corporates 28%, Insurance 21%, PF/Pension 21%, FPI 12%, MF 9.4%, NBFC 4.7%, others 3.7%"
INE721A07RR8,30/06/2026,"FPI 50%, Corporates 25%, MF 17%, Insurance 8.3%"
INE721A07RV0,30/06/2026,"Insurance 36%, Corporates 29%, Banks 27%, PF/Pension 5.6%, Trusts 1.7%, Individuals 0.3%, others 0.3%"
INE721A07RY4,30/06/2026,"Insurance 57%, PF/Pension 17%, Corporates 17%, Trusts 6.2%, FPI 1.3%, Govt 0.5%, others 0.4%"
INE721A07RZ1,30/06/2026,"Insurance 36%, Corporates 22%, Banks 19%, PF/Pension 8.5%, FPI 8.4%, MF 3.3%, others 3.5%"
INE721A07SA2,30/06/2026,"Insurance 45%, PF/Pension 20%, Trusts 18%, Corporates 12%, Individuals 2.7%, Banks 1.1%, others 0.1%"
INE721A07SD6,30/06/2026,"Insurance 70%, PF/Pension 18%, Banks 5.6%, MF 2.6%, Corporates 1.3%, Trusts 1.3%, others 1.4%"
INE721A07SF1,30/06/2026,"MF 92%, Insurance 7.7%"
INE721A07SI5,30/06/2026,"Corporates 82%, Individuals 11%, Insurance 5%, Banks 1.7%"
INE721A07SK1,30/06/2026,"PF/Pension 40%, Insurance 23%, FPI 13%, Trusts 11%, Corporates 7.4%, Banks 5.4%, others 0.3%"
INE721A07SL9,30/06/2026,"Banks 30%, Corporates 29%, Insurance 27%, MF 6.4%, NBFC 4.9%, Govt 1.9%, others 0.7%"
INE721A07SQ8,30/06/2026,"Corporates 50%, Individuals 45%, AIF 5.5%"
INE721A08CY4,30/06/2026,"Trusts 51%, Corporates 18%, MF 15%, Insurance 12%, Individuals 3.2%, Banks 0.9%"
INE721A08DA2,30/06/2026,"Trusts 55%, Insurance 34%, Corporates 6%, Individuals 5.1%, Banks 0.1%, NRIs 0.1%"
INE721A08DD6,30/06/2026,"Corporates 70%, Trusts 30%"
INE723X07166,30/06/2026,"Corporates 56%, Trusts 44%"
INE723X07208,30/06/2026,"Trusts 73%, Banks 20%, Corporates 7.2%"
INE723X07224,30/06/2026,Corporates 100%
INE723X07273,30/06/2026,"Corporates 69%, Banks 31%"
INE723X07281,30/06/2026,"Trusts 71%, Corporates 29%"
INE725H08162,30/06/2026,MF 100%
INE725H08170,30/06/2026,MF 100%
INE725H08188,30/06/2026,"MF 90%, Banks 10%"
INE725H08196,30/06/2026,"MF 70%, Corporates 30%"
INE725H08204,30/06/2026,"Banks 64%, MF 36%"
INE725H08238,30/06/2026,"Banks 60%, MF 20%, Insurance 10%, Corporates 10%"
INE725H08246,30/06/2026,MF 100%
INE725H08287,30/06/2026,"MF 82%, Corporates 18%"
INE726G08022,30/06/2026,"PF/Pension 69%, MF 17%, Trusts 10%, Corporates 2.3%, Banks 0.8%"
INE726G08030,30/06/2026,"PF/Pension 83%, Trusts 11%, MF 6.1%, Corporates 0.4%"
INE729N08048,30/06/2026,"MF 50%, Corporates 33%, Trusts 17%"
INE729N08055,30/06/2026,"MF 95%, Corporates 5.1%"
INE729N08063,30/06/2026,"MF 77%, Corporates 23%"
INE729N08071,30/06/2026,MF 100%
INE729N08089,30/06/2026,MF 100%
INE729N08097,30/06/2026,"MF 50%, Insurance 50%"
INE729N08105,30/06/2026,"MF 83%, Corporates 12%, Insurance 5%"
INE729N08113,30/06/2026,MF 100%
INE732I07010,30/06/2026,MF 100%
INE733E07JG5,30/06/2026,"Individuals 65%, Corporates 30%, NRIs 4.1%, Trusts 0.2%, Clearing members 0.2%, Banks 0.2%, others 0.2%"
INE733E07KE8,30/06/2026,"Banks 47%, MF 25%, Insurance 14%, PF/Pension 8.8%, Corporates 3.1%, Trusts 2.5%"
INE733E07KF5,30/06/2026,"MF 75%, Banks 25%"
INE733E07KI9,30/06/2026,"Govt 56%, Insurance 23%, PF/Pension 11%, Trusts 6.7%, Banks 4%, Corporates 0.1%"
INE733E07KJ7,30/06/2026,"Insurance 50%, PF/Pension 30%, MF 12%, Trusts 4.3%, Banks 3.8%, Corporates 0.2%, others 0.1%"
INE733E07KL3,30/06/2026,"PF/Pension 46%, MF 35%, Insurance 11%, Banks 3.5%, Trusts 3.3%, Corporates 1.3%"
INE733E08171,30/06/2026,"Govt 80%, PF/Pension 16%, MF 2.4%, Trusts 1.5%"
INE733E08189,30/06/2026,"Govt 55%, PF/Pension 29%, Insurance 9.3%, Trusts 5.7%, Corporates 0.8%"
INE733E08197,30/06/2026,"PF/Pension 68%, Insurance 24%, MF 3.7%, Banks 2.2%, Trusts 1.4%, FPI 1%, others 0.3%"
INE733E08262,30/06/2026,"Insurance 35%, PF/Pension 28%, Banks 21%, Trusts 7.2%, Govt 6.3%, MF 2.4%"
INE733E08270,30/06/2026,"Insurance 50%, PF/Pension 33%, Banks 13%, MF 3.8%, Trusts 0.6%"
INE733E08288,30/06/2026,"Insurance 64%, PF/Pension 15%, Govt 15%, Banks 5%, FPI 0.6%"
INE734I07107,30/06/2026,"Individuals 79%, Corporates 21%"
INE734I07115,30/06/2026,"Corporates 87%, Individuals 13%"
INE735W08053,30/06/2026,"Banks 48%, Individuals 35%, Corporates 16%, Clearing members 0.4%, NRIs 0.2%, Trusts 0.1%"
INE741K07496,30/06/2026,"Individuals 85%, AIF 7.8%, Corporates 6.3%, NRIs 0.6%, Trusts 0.4%, Clearing members 0.1%"
INE741K07611,30/06/2026,"Corporates 92%, Insurance 7.7%"
INE746L07014,30/06/2026,MF 100%
INE752E07IW4,30/06/2026,"Insurance 35%, Govt 32%, Corporates 14%, Trusts 12%, MF 4.9%, PF/Pension 2.7%"
INE752E07IX2,30/06/2026,"Insurance 35%, Trusts 32%, Corporates 16%, Govt 10%, MF 4.9%, PF/Pension 2.7%"
INE752E07IY0,30/06/2026,"Insurance 37%, Corporates 33%, Govt 15%, MF 10%, Trusts 3.1%, PF/Pension 2.5%"
INE752E07JM3,30/06/2026,"Insurance 30%, Govt 29%, Trusts 20%, Corporates 13%, MF 6%, PF/Pension 1.3%"
INE752E07JN1,30/06/2026,"Trusts 56%, Insurance 27%, PF/Pension 5.7%, MF 5.5%, Banks 3%, Corporates 3%"
INE752E07KA6,30/06/2026,"Insurance 41%, Govt 36%, Trusts 11%, MF 7.5%, Banks 1.5%, PF/Pension 1.5%, others 1.1%"
INE752E07KL3,30/06/2026,"Insurance 52%, Trusts 19%, MF 18%, Corporates 6.5%, PF/Pension 5%"
INE752E07KY6,30/06/2026,"Govt 74%, Trusts 10%, PF/Pension 6%, Insurance 6%, MF 3.9%"
INE752E07KZ3,30/06/2026,"Govt 73%, Insurance 14%, PF/Pension 4.7%, Trusts 4%, MF 3.8%, Corporates 0.8%"
INE752E07LR8,30/06/2026,"Insurance 48%, PF/Pension 21%, Trusts 13%, Govt 11%, MF 3.8%, Banks 1.9%, others 2.3%"
INE752E07MA2,30/06/2026,"PF/Pension 27%, Insurance 25%, Corporates 20%, Trusts 16%, MF 9.1%, Govt 2.3%"
INE752E07MH7,30/06/2026,"Insurance 39%, PF/Pension 25%, MF 18%, Trusts 17%, FPI 0.8%, Govt 0.8%"
INE752E07MU0,30/06/2026,"PF/Pension 41%, MF 17%, Insurance 16%, Banks 11%, Trusts 7.4%, Govt 4.4%, others 2.2%"
INE752E07MV8,30/06/2026,"PF/Pension 29%, Trusts 28%, MF 22%, Insurance 14%, Govt 6.6%"
INE752E07NT0,30/06/2026,"Govt 57%, Banks 17%, Insurance 12%, Corporates 4.5%, Trusts 4.5%, MF 3%, others 2.9%"
INE752E07NU8,30/06/2026,"Govt 57%, Banks 15%, Insurance 12%, MF 6%, PF/Pension 5.9%, Trusts 4.5%"
INE752E07NV6,30/06/2026,"Govt 57%, PF/Pension 16%, Insurance 14%, Banks 7.5%, MF 3%, Trusts 3%"
INE752E07NW4,30/06/2026,"Govt 57%, Insurance 29%, MF 7.5%, Trusts 3.6%, PF/Pension 2.4%"
INE752E07OC4,30/06/2026,"Banks 43%, PF/Pension 17%, Insurance 15%, Trusts 11%, MF 8%, Corporates 5.6%"
INE752E07OE0,30/06/2026,"Govt 58%, PF/Pension 13%, Banks 12%, MF 8.6%, Trusts 4.4%, Insurance 4.3%"
INE752E07OF7,30/06/2026,"Banks 35%, PF/Pension 33%, Insurance 15%, MF 6.6%, Trusts 4.4%, Govt 2.7%, others 2.5%"
INE752E07OG5,30/06/2026,"Banks 33%, PF/Pension 28%, Insurance 18%, MF 8.4%, Trusts 5.3%, Corporates 4.4%, others 3%"
INE752E08551,30/06/2026,"Insurance 37%, PF/Pension 31%, MF 20%, Banks 10%, Trusts 1.2%, Corporates 0.5%, others 0.4%"
INE752E08601,30/06/2026,"Govt 52%, MF 24%, PF/Pension 20%, Insurance 4%"
INE752E08668,30/06/2026,"Corporates 94%, Trusts 2.8%, Banks 1.9%, MF 0.9%"
INE752E08676,30/06/2026,"PF/Pension 42%, MF 29%, Govt 18%, Insurance 8%, Trusts 2.1%, Banks 0.5%"
INE752E08684,30/06/2026,"PF/Pension 61%, Insurance 20%, MF 18%, Trusts 0.8%"
INE752E08692,30/06/2026,"MF 66%, Insurance 27%, PF/Pension 7.1%"
INE752E08718,30/06/2026,"PF/Pension 42%, MF 29%, Insurance 20%, Corporates 4.3%, Trusts 4.3%"
INE752E08726,30/06/2026,"Insurance 40%, MF 24%, Banks 23%, PF/Pension 12%"
INE752E08742,30/06/2026,"Insurance 83%, MF 7%, PF/Pension 5.8%, Banks 1.7%, Trusts 1.7%, Corporates 0.8%"
INE752E08759,30/06/2026,"Banks 79%, Insurance 13%, PF/Pension 4.8%, MF 1.8%, Trusts 0.7%"
INE752E08767,30/06/2026,"Govt 54%, Insurance 23%, PF/Pension 14%, MF 3.5%, Banks 3%, FPI 1%, others 2%"
INE752E08775,30/06/2026,"Insurance 48%, Govt 18%, PF/Pension 16%, Banks 11%, MF 6.9%"
INE752E08783,30/06/2026,"PF/Pension 47%, Insurance 21%, Banks 20%, Govt 8%, MF 1.6%, FPI 1.2%, others 1%"
INE752E08791,30/06/2026,"Govt 37%, PF/Pension 32%, Banks 15%, Insurance 14%, MF 1%, FPI 1%, others 0.2%"
INE752E08809,30/06/2026,"Govt 89%, PF/Pension 4.3%, MF 2.7%, Trusts 2.1%, Insurance 1.2%, Corporates 0.6%"
INE755L07015,30/06/2026,MF 100%
INE756I07DX5,30/06/2026,"Corporates 44%, MF 30%, Banks 11%, Insurance 6.6%, Trusts 5.6%, PF/Pension 3.3%, others 0.1%"
INE756I07EJ2,30/06/2026,"Corporates 39%, MF 27%, Insurance 12%, Banks 8.1%, Trusts 7.6%, FPI 5.8%, others 0.3%"
INE756I07EU9,30/06/2026,"Banks 36%, MF 27%, Trusts 24%, Corporates 11%, Insurance 1.6%, NRIs 0.2%"
INE756I07EX3,30/06/2026,"Corporates 54%, NBFC 19%, Banks 16%, MF 6.7%, Trusts 4.4%, Insurance 0.4%"
INE756I07EY1,30/06/2026,"Corporates 30%, Insurance 23%, MF 19%, Trusts 18%, Banks 5.2%, Individuals 2.3%, others 1.9%"
INE756I07EZ8,30/06/2026,"Corporates 66%, Trusts 14%, Insurance 8.7%, PF/Pension 7%, MF 2.7%, Banks 1.7%, others 0.7%"
INE756I07FA8,30/06/2026,"Corporates 63%, Insurance 12%, MF 10%, Banks 8%, Trusts 6.3%, Individuals 0.2%, others 0.1%"
INE756I07FB6,30/06/2026,"Corporates 39%, Insurance 20%, MF 20%, Banks 11%, Trusts 5.4%, FPI 3.9%, others 0.3%"
INE756I07FE0,30/06/2026,"Corporates 24%, Banks 23%, Trusts 19%, Insurance 18%, PF/Pension 13%, MF 3.1%"
INE756I07FG5,30/06/2026,"MF 41%, Corporates 33%, Banks 20%, Insurance 6%"
INE756I07FH3,30/06/2026,"MF 44%, Banks 31%, Corporates 22%, Insurance 2.9%"
INE756I07FI1,30/06/2026,"Corporates 55%, Individuals 41%, AIF 3.8%, NRIs 0.5%"
INE756I07FJ9,30/06/2026,"Corporates 49%, Insurance 28%, Banks 12%, MF 11%"
INE756I07FM3,30/06/2026,"Corporates 64%, FPI 13%, Insurance 12%, Banks 6.6%, Trusts 3.8%, Individuals 0.7%"
INE756I07FN1,30/06/2026,"Corporates 85%, Banks 15%"
INE756I07FO9,30/06/2026,"Corporates 92%, MF 8.3%"
INE756I07FQ4,30/06/2026,"MF 57%, Banks 33%, Insurance 10%"
INE756I08306,30/06/2026,"Trusts 41%, Corporates 31%, Govt 11%, Insurance 11%, MF 3.6%, Individuals 1.9%"
INE760I07037,30/06/2026,"Trusts 70%, Individuals 22%, Corporates 7.5%, NRIs 0.4%"
INE763G08967,30/06/2026,"MF 54%, PF/Pension 23%, Corporates 23%"
INE774D07UM6,30/06/2026,"Insurance 40%, Corporates 23%, MF 15%, Banks 10%, Trusts 9.4%, PF/Pension 2.3%, others 0.5%"
INE774D07VD3,30/06/2026,"Corporates 72%, Insurance 28%"
INE774D07VE1,30/06/2026,"Corporates 36%, Insurance 24%, Trusts 15%, Banks 13%, MF 11%, Individuals 0.7%, others 0.5%"
INE774D07VF8,30/06/2026,"Insurance 33%, Banks 23%, MF 23%, Trusts 7.5%, Corporates 6.8%, FPI 6.6%, others 0.4%"
INE774D07VG6,30/06/2026,"MF 29%, Banks 28%, Insurance 23%, Corporates 12%, Trusts 7.4%"
INE774D07VH4,30/06/2026,"Trusts 29%, Insurance 29%, Banks 17%, MF 14%, Corporates 9%, Individuals 2.1%"
INE774D07VI2,30/06/2026,"MF 40%, Corporates 31%, Banks 14%, Trusts 10%, Insurance 5.3%"
INE774D07VJ0,30/06/2026,"MF 43%, Banks 34%, Corporates 23%"
INE774D07VK8,30/06/2026,"Insurance 29%, MF 29%, Banks 23%, Corporates 20%"
INE774D07VM4,30/06/2026,"MF 44%, Banks 40%, Corporates 11%, Insurance 4.4%"
INE774D07VN2,30/06/2026,"Banks 68%, Insurance 30%, Corporates 2%"
INE774D07VO0,30/06/2026,MF 100%
INE774D07VP7,30/06/2026,MF 100%
INE774D07VQ5,30/06/2026,"Banks 48%, MF 27%, Corporates 13%, Insurance 6.4%, FPI 5.3%"
INE774D08MM1,30/06/2026,"Trusts 55%, Insurance 30%, Individuals 7.7%, Corporates 6.3%, Govt 0.5%, Banks 0.3%, others 0.1%"
INE776C08075,30/06/2026,"FPI 36%, MF 31%, Corporates 29%, NBFC 3.4%, Individuals 0.1%, Trusts 0.1%"
INE776C08083,30/06/2026,"MF 65%, FPI 22%, Corporates 13%, Trusts 0.3%, Individuals 0.2%"
INE787H07057,30/06/2026,"Trusts 64%, Insurance 20%, Corporates 14%, PF/Pension 1.4%, MF 0.5%, Govt 0.5%, others 0.4%"
INE787H07156,30/06/2026,"Individuals 85%, Corporates 11%, NRIs 1.3%, AIF 1.3%, Trusts 1.2%, Banks 0.4%, others 0.2%"
INE787H07214,30/06/2026,"Corporates 82%, Individuals 18%, NRIs 0.2%, NBFC 0.1%"
INE787H07255,30/06/2026,"Corporates 69%, Individuals 30%, Clearing members 0.2%, NRIs 0.2%"
INE787H07347,30/06/2026,"Individuals 80%, Corporates 17%, NRIs 1.9%, Banks 0.4%, AIF 0.2%, Clearing members 0.1%, others 0.2%"
INE787H08154,30/06/2026,"Govt 50%, MF 16%, Banks 13%, Insurance 13%, FPI 6.7%, Trusts 0.7%"
INE787H08212,30/06/2026,"Banks 41%, MF 29%, PF/Pension 13%, Insurance 10%, Corporates 6.7%, Trusts 1.3%"
INE790Z07061,30/06/2026,"Banks 67%, MF 33%"
INE800X07071,30/06/2026,MF 100%
INE800X07097,30/06/2026,MF 100%
INE800X07105,30/06/2026,MF 100%
INE802J07035,30/06/2026,"Corporates 81%, MF 19%"
INE804I08734,30/06/2026,"Corporates 78%, Trusts 21%, Individuals 0.5%"
INE812V07013,30/06/2026,"Trusts 48%, Govt 33%, Banks 15%, MF 1.7%, FPI 1.7%, Corporates 0.8%"
INE813H07192,30/06/2026,MF 100%
INE813H07226,30/06/2026,MF 100%
INE813H07234,30/06/2026,MF 100%
INE813H07242,30/06/2026,"MF 86%, Individuals 13%, Trusts 0.4%, Corporates 0.2%"
INE813H07283,30/06/2026,MF 100%
INE813H07309,30/06/2026,"MF 50%, Insurance 50%"
INE813H07333,30/06/2026,"MF 85%, FPI 15%"
INE813H07341,30/06/2026,"MF 71%, Banks 29%"
INE813H07366,30/06/2026,"MF 71%, Insurance 29%"
INE813H07374,30/06/2026,"Insurance 57%, MF 37%, PF/Pension 5.7%"
INE813H07382,30/06/2026,"Banks 57%, MF 43%"
INE813H07408,30/06/2026,"PF/Pension 49%, Insurance 44%, Trusts 4.4%, Corporates 3%"
INE813H07416,30/06/2026,"Other FIs 70%, Insurance 15%, PF/Pension 12%, Banks 2.7%"
INE813H07424,30/06/2026,"Insurance 51%, PF/Pension 43%, Corporates 4.4%, Trusts 1.2%"
INE813H07432,30/06/2026,"MF 69%, Insurance 23%, PF/Pension 4.7%, NBFC 3.3%"
INE813H07440,30/06/2026,"MF 75%, PF/Pension 10%, Insurance 8.5%, Banks 7%"
INE814H07182,30/06/2026,"Banks 51%, Insurance 44%, PF/Pension 3.7%, Trusts 0.4%"
INE814H07190,30/06/2026,"MF 93%, Banks 6.1%, Insurance 0.9%"
INE814H07208,30/06/2026,"MF 87%, Banks 13%"
INE814H07216,30/06/2026,"Banks 78%, Trusts 13%, Insurance 7.1%, Corporates 0.7%, Individuals 0.4%"
INE814O07618,30/06/2026,"Corporates 93%, Individuals 6.8%"
INE818W08172,30/06/2026,Corporates 100%
INE831R07318,30/06/2026,"MF 50%, Insurance 30%, Banks 20%"
INE831R07367,30/06/2026,"Banks 72%, Trusts 23%, Corporates 5.7%"
INE831R07391,30/06/2026,"Banks 53%, Insurance 32%, Trusts 11%, Corporates 5.3%"
INE831R07425,30/06/2026,"MF 88%, Insurance 12%"
INE831R07441,30/06/2026,"Banks 73%, Trusts 12%, MF 6.9%, Corporates 5%, Insurance 3.4%"
INE831R07458,30/06/2026,"Banks 69%, Insurance 14%, MF 11%, Govt 5%, Trusts 1.2%"
INE831R07466,30/06/2026,"Banks 67%, MF 19%, Insurance 7.8%, Corporates 5.4%, Trusts 0.8%"
INE831R07474,30/06/2026,"MF 92%, Insurance 8.3%"
INE831R07482,30/06/2026,"MF 38%, Banks 38%, Insurance 19%, Corporates 5.7%"
INE831R07516,30/06/2026,"Banks 49%, Insurance 29%, MF 13%, Corporates 5%, Trusts 4.3%"
INE831R07540,30/06/2026,MF 100%
INE831R07557,30/06/2026,"MF 90%, Banks 10%"
INE831R07565,30/06/2026,"Corporates 43%, FPI 22%, Trusts 17%, MF 9.5%, Insurance 8.6%"
INE831R07573,30/06/2026,"MF 57%, Insurance 28%, Banks 15%"
INE831R07581,30/06/2026,"Banks 45%, MF 35%, Corporates 20%"
INE831R07607,30/06/2026,"Banks 50%, MF 45%, Corporates 5%"
INE831R07631,30/06/2026,"MF 50%, Insurance 33%, Corporates 17%"
INE831R07656,30/06/2026,"Banks 43%, MF 40%, Insurance 16%, Trusts 1%"
INE836B07915,30/06/2026,"Individuals 74%, Corporates 26%, NRIs 0.3%"
INE836B08319,30/06/2026,"Individuals 77%, Corporates 14%, Clearing members 8.7%, NRIs 0.2%"
INE836B08327,30/06/2026,"Corporates 90%, Individuals 10%"
INE836K07262,30/06/2026,"Individuals 75%, Corporates 18%, Banks 3.5%, Clearing members 3.1%, NRIs 0.4%"
INE848E07385,30/06/2026,"Insurance 47%, Govt 31%, MF 16%, Banks 3.4%, Trusts 2.4%"
INE848E07534,30/06/2026,"Individuals 50%, Corporates 42%, Clearing members 7.2%, NRIs 0.6%"
INE848E07872,30/06/2026,"MF 44%, Insurance 36%, PF/Pension 16%, Banks 2.9%, Trusts 1.5%"
INE848E07922,30/06/2026,"PF/Pension 67%, Banks 21%, Trusts 5.6%, MF 4.2%, Insurance 2.8%"
INE848E07AC9,30/06/2026,"Banks 31%, Trusts 24%, PF/Pension 19%, MF 17%, Insurance 10%"
INE848E07AL0,30/06/2026,"Govt 71%, MF 17%, Insurance 6.7%, Trusts 5.6%"
INE848E07AM8,30/06/2026,"Govt 71%, Banks 23%, Trusts 5.6%"
INE848E07AP1,30/06/2026,"PF/Pension 45%, Banks 33%, MF 15%, Insurance 3.3%, Trusts 3.3%"
INE848E07AQ9,30/06/2026,"PF/Pension 38%, Insurance 22%, Corporates 17%, Banks 13%, MF 10%"
INE848E07AR7,30/06/2026,"PF/Pension 37%, Trusts 27%, Banks 20%, Insurance 10%, MF 6.7%"
INE848E07AS5,30/06/2026,"PF/Pension 53%, MF 23%, Banks 18%, Insurance 3.3%, Trusts 1.7%"
INE848E07AU1,30/06/2026,"MF 33%, PF/Pension 32%, Insurance 25%, Banks 10%"
INE848E07AV9,30/06/2026,"MF 43%, PF/Pension 32%, Insurance 25%"
INE848E07AW7,30/06/2026,"PF/Pension 58%, Insurance 30%, Banks 10%, MF 2%"
INE848E07BA1,30/06/2026,"Govt 31%, Banks 25%, PF/Pension 23%, Trusts 7.7%, Insurance 7%, MF 6.7%"
INE848E07BK0,30/06/2026,"Banks 70%, Insurance 17%, PF/Pension 10%, MF 3.3%"
INE848E08136,30/06/2026,"PF/Pension 50%, Insurance 26%, MF 17%, Banks 3.2%, Govt 2.5%, Trusts 1.5%, others 0.1%"
INE848E08375,30/06/2026,"Banks 89%, MF 8.8%, Insurance 1.2%, Corporates 1.2%"
INE848E08482,30/06/2026,"Govt 98%, Corporates 1%, Trusts 0.5%"
INE848E08540,30/06/2026,"Govt 98%, Corporates 1%, Trusts 0.5%"
INE848E08557,30/06/2026,"Govt 98%, Corporates 1%, Trusts 0.5%"
INE848E08565,30/06/2026,"Govt 98%, Corporates 1%, Trusts 0.5%"
INE849K07091,30/06/2026,Corporates 100%
INE852O07139,30/06/2026,MF 100%
INE852O07147,30/06/2026,MF 100%
INE852O07154,30/06/2026,"Insurance 80%, MF 12%, Trusts 7.5%"
INE852O07162,30/06/2026,"MF 93%, Corporates 6.7%"
INE857Q07273,30/06/2026,"Corporates 41%, Insurance 37%, MF 13%, Trusts 6.5%, Banks 2.4%, Individuals 0.1%"
INE859C07196,30/06/2026,"MF 66%, Trusts 17%, Corporates 12%, Individuals 5%"
INE859C07212,30/06/2026,"Corporates 58%, Individuals 23%, Trusts 19%, NRIs 0.2%"
INE859C07220,30/06/2026,"MF 29%, Individuals 28%, Banks 26%, Corporates 17%, AIF 0.4%"
INE859C07238,30/06/2026,"Banks 65%, NBFC 25%, Corporates 6.7%, Trusts 2.2%, Individuals 0.9%"
INE859C07246,30/06/2026,MF 100%
INE859C07253,30/06/2026,"Corporates 89%, Insurance 8%, Banks 2.4%, Individuals 0.6%"
INE859C08103,30/06/2026,"Corporates 57%, MF 43%"
INE860H07GM3,30/06/2026,"Trusts 61%, Corporates 29%, Insurance 5.5%, Govt 4.4%, Individuals 0.1%"
INE860H07HQ2,30/06/2026,"Corporates 63%, Banks 27%, MF 4.8%, Insurance 4.8%"
INE860H07IG1,30/06/2026,"Banks 31%, MF 30%, Corporates 26%, Insurance 10%, Trusts 3.1%"
INE860H07II7,30/06/2026,"Banks 39%, Trusts 31%, Insurance 12%, MF 9.4%, Corporates 8.4%, Individuals 0.1%"
INE860H07IJ5,30/06/2026,"Corporates 51%, MF 37%, Trusts 5.8%, Insurance 4.9%, Govt 1%"
INE860H07IM9,30/06/2026,"Banks 75%, Corporates 13%, Trusts 6.2%, Insurance 5.7%, Individuals 0.1%"
INE860H07IO5,30/06/2026,"Banks 52%, MF 18%, Corporates 17%, Trusts 9.1%, PF/Pension 2.1%, Govt 0.9%"
INE860H07IQ0,30/06/2026,"Corporates 56%, Individuals 24%, MF 18%, Banks 1.6%, NRIs 0.1%"
INE860H07IW8,30/06/2026,"Corporates 36%, Trusts 26%, Banks 23%, Insurance 12%, Clearing members 1.1%, Individuals 0.6%, others 0.4%"
INE860H07IX6,30/06/2026,"Corporates 67%, MF 33%"
INE860H07IY4,30/06/2026,"Corporates 64%, Trusts 11%, MF 8.8%, Insurance 8.5%, Banks 7.6%, Individuals 0.1%"
INE860H07JA2,30/06/2026,"Banks 48%, Trusts 33%, Insurance 15%, Corporates 3.8%"
INE860H07JC8,30/06/2026,"Banks 34%, MF 32%, Corporates 20%, Insurance 10%, PF/Pension 3.2%, Trusts 0.5%"
INE860H08DZ0,30/06/2026,"Trusts 97%, Corporates 1.9%, Individuals 1.1%"
INE860H08EL8,30/06/2026,"Insurance 33%, Trusts 25%, Corporates 25%, MF 10%, Govt 5.9%, Individuals 0.9%"
INE861G08027,30/06/2026,"Govt 78%, Trusts 8.6%, Insurance 6.6%, MF 4.3%, FPI 1.6%, PF/Pension 0.9%, others 0.3%"
INE861G08043,30/06/2026,"Trusts 56%, Insurance 26%, PF/Pension 8.1%, Corporates 4.7%, Banks 3%, MF 2.1%, others 0.1%"
INE861G08050,30/06/2026,"Banks 37%, Trusts 24%, PF/Pension 18%, Insurance 14%, MF 2.4%, Govt 2.3%, others 3.1%"
INE861G08068,30/06/2026,"Trusts 31%, Banks 30%, Insurance 16%, PF/Pension 16%, Corporates 2.2%, Govt 1.9%, others 1.6%"
INE861G08076,30/06/2026,"Insurance 24%, PF/Pension 20%, Govt 19%, Trusts 14%, Banks 12%, Corporates 7.4%, others 3.9%"
INE861G08084,30/06/2026,"Insurance 47%, PF/Pension 27%, Trusts 13%, Corporates 5.4%, Banks 5.3%, Govt 1.9%, others 0.2%"
INE882Z08015,30/06/2026,"Individuals 54%, Corporates 44%, NRIs 0.8%, Trusts 0.8%, Clearing members 0.5%"
INE882Z08049,30/06/2026,Corporates 100%
INE883F07314,30/06/2026,"MF 92%, Insurance 5%, Corporates 3%"
INE883F07330,30/06/2026,"MF 80%, Corporates 15%, Trusts 5%"
INE883F07363,30/06/2026,MF 100%
INE883F07389,30/06/2026,"MF 78%, Insurance 12%, FPI 10%"
INE883F07397,30/06/2026,"MF 78%, Insurance 22%"
INE883F07405,30/06/2026,"MF 75%, Insurance 25%"
INE883F07413,30/06/2026,MF 100%
INE884Q07814,30/06/2026,"Individuals 86%, Corporates 6.6%, NBFC 6.5%, NRIs 0.4%"
INE884Q07822,30/06/2026,"Individuals 76%, Corporates 24%, NRIs 0.1%"
INE884Q07830,30/06/2026,"Individuals 97%, Corporates 2.7%"
INE884Q07855,30/06/2026,"Corporates 62%, Individuals 34%, AIF 3.7%"
INE884Q07863,30/06/2026,"Individuals 79%, Corporates 21%"
INE884Z07013,30/06/2026,"AIF 50%, Corporates 33%, Individuals 14%, Banks 2%, Clearing members 0.3%"
INE891F08018,30/06/2026,"Trusts 75%, Banks 11%, Insurance 7.3%, Individuals 3.9%, Corporates 1.1%, PF/Pension 0.9%, others 0.3%"
INE891K07721,30/06/2026,"Banks 61%, Corporates 26%, MF 7.1%, Insurance 5.7%"
INE891K07853,30/06/2026,"Corporates 42%, Trusts 33%, Banks 20%, Insurance 5%, Individuals 0.5%"
INE891K07937,30/06/2026,"Trusts 58%, Corporates 36%, MF 5.3%, Clearing members 1.1%, Individuals 0.1%"
INE891K07952,30/06/2026,"Corporates 38%, Banks 28%, Trusts 22%, Insurance 8.8%, MF 3.9%, Individuals 0.3%"
INE891K07AF9,30/06/2026,"MF 47%, Corporates 41%, Insurance 8.1%, Banks 3.4%"
INE891K07AG7,30/06/2026,"Banks 44%, MF 28%, Corporates 16%, Trusts 6%, Insurance 5.5%, Individuals 1%"
INE891K07AK9,30/06/2026,"Trusts 65%, Corporates 33%, Banks 2.2%"
INE891K07AM5,30/06/2026,"Banks 59%, MF 38%, Corporates 3.1%"
INE891K08083,30/06/2026,"Individuals 35%, Corporates 29%, Trusts 25%, PF/Pension 10%"
INE894F08103,30/06/2026,"Trusts 76%, Individuals 13%, Corporates 8.9%, PF/Pension 2%, NRIs 0.2%"
INE896L07975,30/06/2026,"MF 68%, Corporates 20%, Individuals 12%, NRIs 0.5%"
INE896L07983,30/06/2026,"MF 40%, Corporates 37%, Individuals 19%, Insurance 3.4%"
INE896L07AE9,30/06/2026,"Corporates 55%, Banks 33%, Individuals 9.2%, AIF 2.7%, NRIs 0.1%"
INE896L07AF6,30/06/2026,MF 100%
INE896L07AG4,30/06/2026,MF 100%
INE896L07AJ8,30/06/2026,MF 100%
INE896L07AK6,30/06/2026,MF 100%
INE896L07AL4,30/06/2026,"MF 93%, Trusts 4.4%, Corporates 2.2%"
INE896L07AM2,30/06/2026,MF 100%
INE896L07AN0,30/06/2026,MF 100%
INE896L07AO8,30/06/2026,"Corporates 77%, Clearing members 23%"
INE896L07AP5,30/06/2026,MF 100%
INE896L07AQ3,30/06/2026,"MF 33%, Corporates 27%, NBFC 18%, Individuals 10%, Insurance 9.1%, AIF 2%"
INE896L07AR1,30/06/2026,MF 100%
INE906B07CB9,30/06/2026,"Individuals 73%, Corporates 17%, Banks 5.8%, NRIs 2.3%, Insurance 1%, Trusts 0.4%, others 0.4%"
INE906B07EF6,30/06/2026,"Corporates 56%, Individuals 25%, Banks 12%, Insurance 6.6%, NRIs 0.5%, AIF 0.1%"
INE906B07EI0,30/06/2026,"Individuals 51%, Corporates 27%, Banks 19%, Clearing members 1.6%, Insurance 0.8%, NRIs 0.7%, others 0.6%"
INE906B07EJ8,30/06/2026,"Individuals 88%, Corporates 4.5%, Insurance 3.1%, Clearing members 1.7%, Banks 1.4%, NRIs 1.1%, others 0.5%"
INE906B07GN5,30/06/2026,"Govt 26%, MF 22%, Insurance 19%, PF/Pension 17%, Trusts 6.1%, Banks 6%, others 4.2%"
INE906B07GO3,30/06/2026,"Govt 45%, PF/Pension 21%, Insurance 10%, MF 9.2%, Corporates 7.8%, Trusts 7%"
INE906B07GP0,30/06/2026,"PF/Pension 30%, Govt 21%, MF 14%, Corporates 12%, Trusts 11%, Insurance 10%, others 3.5%"
INE906B07HG7,30/06/2026,"PF/Pension 45%, MF 22%, Trusts 11%, Insurance 8.7%, Corporates 7.7%, Banks 4.6%, others 0.5%"
INE906B07HH5,30/06/2026,"PF/Pension 29%, MF 24%, Trusts 16%, Corporates 12%, Insurance 11%, Banks 4.7%, others 3.6%"
INE906B07HJ1,30/06/2026,"Insurance 96%, Corporates 3%, Trusts 1.3%, Govt 0.1%, Individuals 0.1%"
INE906B07HM5,30/06/2026,"Insurance 93%, Corporates 3.1%, Trusts 2.7%, PF/Pension 1.5%, Individuals 0.1%"
INE906B07HP8,30/06/2026,"Banks 33%, PF/Pension 29%, Govt 14%, Trusts 11%, MF 10%, Insurance 1.7%, others 0.3%"
INE906B07IC4,30/06/2026,"PF/Pension 50%, Govt 17%, Insurance 15%, Trusts 7%, Banks 5.3%, Corporates 4.9%, others 0.7%"
INE906B07ID2,30/06/2026,"Govt 45%, PF/Pension 28%, Trusts 13%, Insurance 11%, Corporates 1.4%, Banks 1.2%"
INE906B07IE0,30/06/2026,"MF 80%, PF/Pension 12%, Corporates 4.9%, Insurance 3.2%, Trusts 0.4%"
INE906B07IH3,30/06/2026,"Govt 59%, Trusts 15%, Insurance 15%, PF/Pension 8%, Corporates 2.9%, Individuals 0.3%, others 0.1%"
INE906B07IZ5,30/06/2026,"Govt 89%, Corporates 5%, Trusts 3%, PF/Pension 2%, Insurance 0.5%, Banks 0.2%, others 0.1%"
INE909H08360,30/06/2026,MF 100%
INE909H08378,30/06/2026,MF 100%
INE909H08386,30/06/2026,"MF 55%, Corporates 20%, Insurance 20%, Individuals 4.8%, NRIs 0.1%"
INE909H08394,30/06/2026,"MF 60%, Corporates 34%, Individuals 4.9%, Trusts 1.5%"
INE909H08469,30/06/2026,Corporates 100%
INE911L07154,30/06/2026,"Corporates 97%, Individuals 2.7%"
INE915D08DC0,30/06/2026,MF 100%
INE916DA7RS0,30/06/2026,"Corporates 54%, Insurance 22%, MF 11%, Banks 11%, PF/Pension 1.7%"
INE916DA7RX0,30/06/2026,"MF 33%, Corporates 26%, Trusts 24%, Insurance 8.5%, Banks 7.7%, PF/Pension 0.8%"
INE916DA7SE8,30/06/2026,"Insurance 35%, Banks 29%, PF/Pension 17%, MF 15%, Corporates 2.9%, Trusts 1.2%"
INE916DA7SJ7,30/06/2026,"Insurance 40%, Corporates 26%, Banks 17%, MF 11%, Trusts 4.9%, PF/Pension 0.7%"
INE916DA7SL3,30/06/2026,"Corporates 63%, Insurance 14%, PF/Pension 10%, MF 8.3%, Banks 4.2%"
INE916DA7SN9,30/06/2026,"Corporates 45%, Insurance 35%, PF/Pension 8.5%, Banks 7.7%, MF 3.8%"
INE916DA7SO7,30/06/2026,"Corporates 42%, Insurance 29%, MF 15%, Trusts 10%, Banks 3.8%"
INE916DA7SP4,30/06/2026,"Banks 38%, Insurance 22%, MF 22%, Corporates 18%"
INE916DA7SR0,30/06/2026,"MF 38%, Banks 38%, FPI 10%, Corporates 10%, Insurance 4.8%"
INE916DA7SU4,30/06/2026,"MF 46%, Insurance 28%, Corporates 22%, Banks 3.8%"
INE916DA7SW0,30/06/2026,"Insurance 40%, PF/Pension 38%, MF 16%, Corporates 3.8%, Trusts 1.5%"
INE916DA7SZ3,30/06/2026,"Insurance 35%, MF 31%, Corporates 27%, NBFC 7.7%"
INE916DA7TB2,30/06/2026,"Banks 41%, MF 28%, Insurance 18%, Corporates 10%, FPI 2.9%"
INE916DA7TD8,30/06/2026,"Insurance 37%, FPI 22%, Corporates 15%, MF 13%, Banks 13%"
INE916DA7TE6,30/06/2026,"Banks 33%, MF 29%, FPI 13%, PF/Pension 11%, Corporates 7.4%, Insurance 6.6%"
INE916DA7TJ5,30/06/2026,"PF/Pension 33%, Corporates 32%, Banks 20%, Insurance 11%, MF 3%, Trusts 2.1%"
INE916DA7TL1,30/06/2026,"Insurance 39%, Corporates 24%, PF/Pension 13%, Trusts 12%, Banks 12%"
INE916DA7TM9,30/06/2026,"Banks 48%, MF 46%, Insurance 5.6%"
INE916U08012,30/06/2026,"MF 93%, Insurance 6.9%"
INE916Y07073,30/06/2026,"Individuals 58%, Corporates 41%, AIF 1.4%, NRIs 0.3%"
INE916Y07081,30/06/2026,"Corporates 100%, Individuals 0.1%"
INE918K07JU0,30/06/2026,"Corporates 60%, Individuals 40%"
INE918K07KA0,30/06/2026,"Individuals 54%, Corporates 44%, NRIs 2.8%"
INE918K07KG7,30/06/2026,"Corporates 59%, Individuals 41%"
INE918K07KR4,30/06/2026,"Individuals 93%, Corporates 4.1%, NRIs 3.1%"
INE918K07KW4,30/06/2026,Individuals 100%
INE918K07PR3,30/06/2026,"Corporates 45%, Individuals 34%, AIF 20%, NBFC 0.8%"
INE918K07PT9,30/06/2026,"Individuals 91%, Corporates 4.4%, Trusts 3.7%, NRIs 0.7%"
INE918K07PV5,30/06/2026,"Individuals 49%, Corporates 33%, AIF 18%"
INE918K07PW3,30/06/2026,MF 100%
INE918K07PY9,30/06/2026,MF 100%
INE918K07PZ6,30/06/2026,MF 100%
INE918K07QF6,30/06/2026,MF 100%
INE918K07QK6,30/06/2026,"Corporates 62%, MF 38%"
INE918K07QS9,30/06/2026,"Corporates 97%, Individuals 2.5%"
INE918K07QT7,30/06/2026,"Individuals 76%, Corporates 24%, Clearing members 0.6%"
INE918T07145,30/06/2026,"Corporates 84%, Individuals 14%, AIF 2%"
INE918T07152,30/06/2026,"Corporates 66%, Individuals 34%"
INE918T07186,30/06/2026,"Corporates 88%, Individuals 12%"
INE926R07027,30/06/2026,"Individuals 62%, Corporates 38%, Clearing members 0.2%, NBFC 0.1%, NRIs 0.1%"
INE926R07035,30/06/2026,"Individuals 71%, Corporates 27%, Clearing members 1.8%, NRIs 0.2%"
INE926X08015,30/06/2026,MF 100%
INE936D07174,30/06/2026,"Banks 37%, MF 31%, PF/Pension 29%, Trusts 2.9%"
INE936D07182,30/06/2026,"MF 81%, Trusts 10%, PF/Pension 6%, Banks 1.9%, Govt 1%, Corporates 0.6%"
INE936D07190,30/06/2026,"MF 90%, Trusts 6.3%, PF/Pension 3.3%"
INE939L08039,30/06/2026,"PF/Pension 77%, Insurance 18%, Corporates 5%"
INE939X07176,30/06/2026,"Individuals 51%, Corporates 49%, NRIs 0.1%"
INE939X07242,30/06/2026,"AIF 80%, Corporates 17%, Individuals 2.8%"
INE939X07259,30/06/2026,"Corporates 56%, Individuals 44%"
INE941D07158,30/06/2026,"Banks 30%, Corporates 25%, PF/Pension 22%, Insurance 15%, MF 6.5%, Trusts 1.5%, others 1%"
INE941D07166,30/06/2026,"Banks 36%, Corporates 29%, MF 12%, PF/Pension 12%, Insurance 9%, FPI 1.5%, others 0.6%"
INE949L08442,30/06/2026,"Insurance 53%, Trusts 17%, PF/Pension 13%, MF 10%, Banks 7.1%"
INE949L08459,30/06/2026,"Insurance 42%, Banks 33%, Trusts 14%, Corporates 7.8%, PF/Pension 3.2%, Individuals 0.5%"
INE950O07388,30/06/2026,"Trusts 61%, MF 39%, Individuals 0.4%"
INE950O07396,30/06/2026,"Trusts 62%, MF 35%, Individuals 2.3%"
INE950O07438,30/06/2026,"MF 88%, Insurance 12%"
INE950O07446,30/06/2026,"MF 88%, Trusts 8.2%, Corporates 2.4%, Individuals 1.4%"
INE950O07453,30/06/2026,MF 100%
INE950O07495,30/06/2026,MF 100%
INE950O07511,30/06/2026,"MF 98%, Corporates 2%"
INE950O07529,30/06/2026,"MF 92%, Insurance 7.5%"
INE950O07537,30/06/2026,"Trusts 32%, MF 30%, Corporates 24%, Insurance 10%, Govt 4%, Clearing members 0.4%"
INE950O07545,30/06/2026,MF 100%
INE950O07560,30/06/2026,MF 100%
INE950O07578,30/06/2026,"Banks 96%, Corporates 2.4%, Trusts 1.2%, Individuals 0.1%"
INE950O08303,30/06/2026,"MF 93%, Corporates 6.7%"
INE957N07799,30/06/2026,"Corporates 85%, Banks 14%, Trusts 0.6%"
INE957N08201,30/06/2026,"Trusts 58%, Govt 21%, Corporates 19%, Individuals 1.4%, NBFC 0.2%"
INE964R07069,30/06/2026,"Individuals 74%, Corporates 20%, NBFC 5.2%, Clearing members 0.5%, AIF 0.1%"
INE964R07093,30/06/2026,"Corporates 70%, Individuals 30%, NRIs 0.6%"
INE975F07IM9,30/06/2026,"Corporates 58%, Insurance 19%, Trusts 14%, MF 8.5%"
INE975F07IO5,30/06/2026,"Corporates 41%, MF 29%, Trusts 22%, Insurance 8.3%"
INE975F07IP2,30/06/2026,"MF 34%, Banks 32%, Corporates 24%, Trusts 8.8%, Insurance 1.6%"
INE975F07IQ0,30/06/2026,"MF 38%, Corporates 35%, Insurance 19%, Trusts 7.7%"
INE975F07IR8,30/06/2026,"MF 68%, Corporates 27%, Individuals 5.1%"
INE975F07IS6,30/06/2026,"Corporates 47%, Trusts 24%, Insurance 21%, MF 4.4%, PF/Pension 2.9%, FPI 0.9%, others 0.4%"
INE975F07IU2,30/06/2026,"Corporates 46%, MF 44%, Banks 10%"
INE975F07IW8,30/06/2026,"Corporates 43%, Banks 29%, MF 21%, Trusts 7.1%"
INE975F07IX6,30/06/2026,"Banks 60%, MF 20%, Insurance 18%, Corporates 2%"
INE975F07JB0,30/06/2026,"MF 58%, Corporates 42%"
INE975F07JC8,30/06/2026,"Corporates 75%, MF 20%, Banks 5%"
INE976I07CT9,30/06/2026,"Corporates 46%, Insurance 19%, MF 15%, Trusts 13%, PF/Pension 2.7%, Individuals 2.4%, others 2.1%"
INE976I07CX1,30/06/2026,"Insurance 39%, Trusts 33%, Corporates 15%, Banks 8.5%, MF 4.6%, FPI 0.1%, others 0.1%"
INE976I07CY9,30/06/2026,"Corporates 38%, MF 28%, Insurance 15%, Banks 10%, FPI 8.3%, AIF 0.3%"
INE976I07CZ6,30/06/2026,"PF/Pension 34%, Corporates 26%, Insurance 23%, Trusts 12%, MF 1.8%, Govt 1.8%, others 1.2%"
INE976I07DB5,30/06/2026,"Corporates 49%, Insurance 34%, MF 7.5%, PF/Pension 6.2%, Banks 3.1%"
INE976I07DC3,30/06/2026,"Banks 34%, MF 33%, Corporates 20%, Insurance 12%, Trusts 1.3%"
INE976I07DD1,30/06/2026,"Banks 29%, PF/Pension 27%, Corporates 22%, Trusts 14%, Insurance 8.9%, Individuals 0.4%"
INE976I07DE9,30/06/2026,"MF 95%, Corporates 5.1%"
INE976I07DF6,30/06/2026,"MF 47%, PF/Pension 28%, Banks 14%, Corporates 10%, Insurance 2.5%"
INE996U07248,30/06/2026,"Individuals 78%, Corporates 22%"
INE996U07339,30/06/2026,"Corporates 63%, Banks 35%, Clearing members 1.7%"
INE996U07461,30/06/2026,"AIF 69%, Corporates 20%, NBFC 11%"
INE996U07511,30/06/2026,"Clearing members 45%, Corporates 40%, Individuals 15%"
INE996U07537,30/06/2026,Corporates 100%
INE998Y07188,30/06/2026,"Individuals 94%, Corporates 4.8%, Clearing members 1%, NRIs 0.1%"
