isin,yield,as_of,holders,source,mf_rating,instrument_name
IN000127C018,5.82,2026-09-30,HDFC (2),HDFC,Sovereign,GOI STRIPS - Mat 020127^
IN000130C012,7.15,2026-09-30,HDFC (8),HDFC,Sovereign,GOI STRIPS - Mat 020130^
IN000227C024,5.98,2026-09-30,HDFC (151); SBI (64); Nippon (40),HDFC,Sovereign,GOI STRIPS - Mat 220227^
IN000227C032,5.9554,2026-09-30,Axis (10),Axis,Sovereign,Government of India (05/02/2027)
IN000228C030,6.567,2026-09-30,Axis (10),Axis,Sovereign,Government of India (05/02/2028)
IN000229C020,7.0409,2026-09-30,SBI (4),SBI,Sovereign,GOI 22.02.2029 GOV
IN000230C028,7.16,2026-09-30,HDFC (24),HDFC,Sovereign,GOI STRIPS - Mat 220230^
IN000327C048,6.04,2026-09-30,HDFC (6); SBI (25); Nippon (2),HDFC,Sovereign,GOI STRIPS - Mat 190327^
IN000327C055,6.0261,2026-09-30,SBI (9); Nippon (24),SBI,Sovereign,GOI 12.03.2027 GOV
IN000329C044,7.0415,2026-09-30,SBI (3); Nippon (0),SBI,Sovereign,GOI 19.03.2029 GOV
IN000329C051,7.0414,2026-09-30,SBI (1),SBI,Sovereign,GOI 12.03.2029 GOV
IN000330C042,7.17,2026-09-30,HDFC (66),HDFC,Sovereign,GOI STRIPS - Mat 190330^
IN000330C059,7.17,2026-09-30,HDFC (4),HDFC,Sovereign,GOI STRIPS - Mat 120330^
IN000427C020,6.2,2026-09-30,HDFC (5),HDFC,Sovereign,GOI STRIPS - Mat 100427^
IN000427C038,6.2017,2026-09-30,SBI (6),SBI,Sovereign,GOI 22.04.2027 GOV
IN000427C046,6.2017,2026-09-30,SBI (15),SBI,Sovereign,GOI 15.04.2027 GOV
IN000429C042,7.0476,2026-09-30,Nippon (55),Nippon,SOVEREIGN,GOI Strips (MD 15/04/2029)
IN000430C016,7.19,2026-09-30,HDFC (20),HDFC,Sovereign,GOI STRIPS - Mat 260430^
IN000430C032,7.1878,2026-09-30,SBI (1),SBI,Sovereign,GOI 22.04.2030 GOV
IN000430C040,7.1856,2026-09-30,Nippon (63),Nippon,SOVEREIGN,6.90% GOI Strips (c)-MD(15/04/30)
IN000435C031,7.62,2026-09-30,HDFC (8),HDFC,Sovereign,GOI STRIPS - Mat 220435^
IN000528C025,6.7289,2026-09-30,Axis (9),Axis,Sovereign,Government of India (06/05/2028)
IN000529C023,7.0481,2026-09-30,SBI (3),SBI,Sovereign,GOI 06.05.2029 GOV
IN000535C020,7.62,2026-09-30,HDFC (41),HDFC,Sovereign,GOI STRIPS - Mat 250535^
IN000627C033,6.2703,2026-09-30,Nippon (1); UTI (66),Nippon,SOVEREIGN,7.63% GOI (MD17/06/2059)-Strips (C)-(MD17/06/2027)
IN000627C041,6.2531,2026-09-30,SBI (12); Nippon (9),SBI,Sovereign,GOI 12.06.2027 GOV
IN000627C058,6.2634,2026-09-30,SBI (9); Nippon (10),SBI,Sovereign,GOI 15.06.2027 GOV
IN000627C074,6.2669,2026-09-30,SBI (8); Nippon (1),SBI,Sovereign,GOI 16.06.2027 GOV
IN000627C090,6.2772,2026-09-30,SBI (2); Nippon (2),SBI,Sovereign,GOI 19.06.2027 GOV
IN000628C031,6.8093,2026-09-30,Nippon (1),Nippon,SOVEREIGN,7.63% GOI (MD17/06/2059)-Strips (C)-(MD17/06/2028)
IN000628C049,6.8002,2026-09-30,SBI (6); Nippon (5),SBI,Sovereign,GOI 12.06.2028 GOV
IN000628C072,6.8031,2026-09-30,Nippon (5),Nippon,SOVEREIGN,GOI STRIPS (MD16/06/2028)
IN000635C044,7.63,2026-09-30,HDFC (13),HDFC,Sovereign,GOI STRIPS - Mat 120635^
IN000728C013,6.8736,2026-09-30,Nippon (2),Nippon,SOVEREIGN,GOI STRIPS (MD 02/07/2028)
IN000827C021,6.4317,2026-09-30,Axis (16),Axis,Sovereign,6.76% Government of India (22/08/2027)
IN000827C039,6.4317,2026-09-30,Axis (10),Axis,Sovereign,Government of India (05/08/2027)
IN000832C039,7.5117,2026-09-30,Axis (17),Axis,Sovereign,Government of India (05/08/2032)
IN000927C052,6.5153,2026-09-30,Axis (24),Axis,Sovereign,7.36% Government of India (12/09/2027)
IN000929C041,7.08,2026-09-30,HDFC (30); SBI (3),HDFC,Sovereign,GOI STRIPS - Mat 190929^
IN001026C011,5.5388,2026-09-30,SBI (4),SBI,Sovereign,GOI 26.10.2026 GOV
IN001026C037,5.5469,2026-09-30,SBI (25),SBI,Sovereign,GOI 22.10.2026 GOV
IN001028C033,6.9396,2026-09-30,Axis (13),Axis,Sovereign,Government of India (22/10/2028)
IN001029C049,7.0821,2026-09-30,Nippon (51),Nippon,SOVEREIGN,6.90% GOI Strips (c)-MD(15/10/29)
IN001032C043,7.5203,2026-09-30,Axis (16),Axis,Sovereign,Government of India (15/10/2032)
IN001035C038,7.64,2026-09-30,HDFC (10),HDFC,Sovereign,GOI STRIPS - Mat 221035^
IN001126C027,5.5597,2026-09-30,SBI (4),SBI,Sovereign,GOI 06.11.2026 GOV
IN001128C023,6.9399,2026-09-30,SBI (3),SBI,Sovereign,GOI 06.11.2028 GOV
IN001135C028,7.65,2026-09-30,HDFC (39),HDFC,Sovereign,GOI STRIPS - Mat 251135^
IN001226C033,5.6536,2026-09-30,SBI (52),SBI,Sovereign,GOI 17.12.2026 GOV
IN001226C041,5.6418,2026-09-30,SBI (27),SBI,Sovereign,GOI 12.12.2026 GOV
IN001226C058,5.6489,2026-09-30,SBI (63),SBI,Sovereign,GOI 15.12.2026 GOV
IN001226C066,5.6678,2026-09-30,SBI (5),SBI,Sovereign,GOI 23.12.2026 GOV
IN001226C074,5.6513,2026-09-30,SBI (66),SBI,Sovereign,GOI 16.12.2026 GOV
IN001226C082,5.6158,2026-09-30,SBI (10),SBI,Sovereign,GOI 01.12.2026 GOV
IN001226C090,5.6584,2026-09-30,SBI (17),SBI,Sovereign,GOI 19.12.2026 GOV
IN001227C056,6.48,2026-09-30,UTI (6),UTI,SOV,GS - C STRIP MAT- 15/12/2027 STRIPS
IN001228C039,6.941,2026-09-30,SBI (2),SBI,Sovereign,GOI 17.12.2028 GOV
IN001228C047,6.9409,2026-09-30,SBI (3),SBI,Sovereign,GOI 12.12.2028 GOV
IN001228C070,6.941,2026-09-30,SBI (7),SBI,Sovereign,GOI 16.12.2028 GOV
IN001228C096,6.9411,2026-09-30,SBI (2),SBI,Sovereign,GOI 19.12.2028 GOV
IN001229C052,7.1177,2026-09-30,SBI (1),SBI,Sovereign,GOI 15.12.2029 GOV
IN001235C042,7.65,2026-09-30,HDFC (13),HDFC,Sovereign,GOI STRIPS - Mat 121235^
IN0020020106,7.19,2026-09-30,HDFC (14); Nippon (208),HDFC,Sovereign,7.95% GOI MAT 280832
IN0020050012,7.296,2026-09-30,Nippon (2),Nippon,SOVEREIGN,7.4% Government of India
IN0020060029,6.36,2026-09-30,Nippon (75),Nippon,SOVEREIGN,8.23% Government of India
IN0020060045,7.3652,2026-09-30,Nippon (4),Nippon,SOVEREIGN,8.33% Government of India
IN0020060078,6.0147,2026-09-30,Nippon (55); Tata (25),Nippon,SOVEREIGN,8.24% Government of India
IN0020070036,6.3329,2026-09-30,Nippon (16),Nippon,SOVEREIGN,8.26% Government of India
IN0020070044,7.3,2026-09-30,HDFC (0),HDFC,Sovereign,8.32% GOI MAT 020832^
IN0020070069,6.3299,2026-09-30,SBI (1); Nippon (48),SBI,Sovereign,8.28% CGL 2027
IN0020080050,7.3516,2026-09-30,Nippon (24),Nippon,SOVEREIGN,6.83% Government of India
IN0020110055,7.02,2026-09-30,HDFC (30); ICICI Pru (523); Axis (0); Nippon (161),HDFC,Sovereign,8.97% GOI MAT 051230^
IN0020110063,7.633,2026-09-30,Nippon (4),Nippon,SOVEREIGN,8.83% Government of India
IN0020120062,7.6282,2026-09-30,Nippon (10),Nippon,SOVEREIGN,8.3% Government of India
IN0020130053,7.09,2026-09-30,ICICI Pru (197); Axis (5),ICICI Pru,SOV,Government Securities
IN0020130079,7.7495,2026-09-30,Nippon (594),Nippon,SOVEREIGN,9.23% Government of India
IN0020140011,6.7138,2026-09-30,Axis (1); Nippon (24),Axis,Sovereign,8.60% Government of India (02/06/2028)
IN0020140060,5.3,2026-09-30,HDFC (117); Axis (2); Tata (56),HDFC,Sovereign,8.15% GOI MAT 241126
IN0020140078,7.7029,2026-09-30,Nippon (452),Nippon,SOVEREIGN,8.17% Government of India
IN0020150028,6.89,2026-09-30,ICICI Pru (24); Axis (2),ICICI Pru,SOV,Government Securities
IN0020150044,7.7029,2026-09-30,"Nippon (1,014)",Nippon,SOVEREIGN,8.13% Government of India
IN0020150051,7.285,2026-09-30,Nippon (9),Nippon,SOVEREIGN,7.73% Government of India
IN0020150069,6.79,2026-09-30,HDFC (31); SBI (5); Nippon (7),HDFC,Sovereign,7.59% GOI MAT 200329
IN0020160019,7.09,2026-09-30,ICICI Pru (7); Nippon (308),ICICI Pru,SOV,Government Securities
IN0020160068,7.7833,2026-09-30,Nippon (765),Nippon,SOVEREIGN,7.06% Government of India
IN0020160092,7.8802,2026-09-30,"Nippon (1,200)",Nippon,SOVEREIGN,6.62% Government of India
IN0020160118,6.84,2026-09-30,HDFC (0); SBI (5); Axis (1); Nippon (3); Tata (60),HDFC,Sovereign,6.79% GOI MAT 261229^
IN0020170026,6.2,2026-09-30,HDFC (117); Axis (2); Nippon (99); UTI (25),HDFC,Sovereign,6.79% GOI MAT 150527^
IN0020170042,7.0885,2026-09-30,Nippon (2); Tata (2),Nippon,SOVEREIGN,6.68% Government of India
IN0020170174,6.2989,2026-09-30,Nippon (52),Nippon,SOVEREIGN,7.17% Government of India
IN0020180041,6.1,2026-09-30,HDFC (226); SBI (26); ICICI Pru (931); Nippon (51),HDFC,Sovereign,6.64% GOI MAT 071231^
IN0020180454,6.8113,2026-09-30,Axis (3); Nippon (29),Axis,Sovereign,7.26% Government of India (14/01/2029)
IN0020190032,7.7443,2026-09-30,Nippon (5),Nippon,SOVEREIGN,7.72% Government of India
IN0020190040,7.7124,2026-09-30,Nippon (15); Tata (1),Nippon,SOVEREIGN,7.69% Government of India
IN0020190065,7.2709,2026-09-30,Axis (3),Axis,Sovereign,7.57% Government of India (17/06/2033)
IN0020200054,7.8401,2026-09-30,Nippon (86),Nippon,SOVEREIGN,7.16% Government of India
IN0020200070,7.0,2026-09-30,HDFC (16); ICICI Pru (0); Axis (5),HDFC,Sovereign,5.79% GOI MAT 110530^
IN0020200096,7.2923,2026-09-30,Axis (1),Axis,Sovereign,6.19% Government of India (16/09/2034)
IN0020200120,6.29,2026-09-30,"HDFC (443); SBI (203); ICICI Pru (1,094); Axis (12); Nippon (73); UTI (1)",HDFC,Sovereign,Floating Rate GOI 2033
IN0020200153,6.98,2026-09-30,HDFC (22); ICICI Pru (9); Nippon (48),HDFC,Sovereign,5.77% GOI MAT 030830
IN0020200187,7.8806,2026-09-30,Nippon (53),Nippon,SOVEREIGN,6.8% Government of India
IN0020200252,7.8161,2026-09-30,Nippon (533),Nippon,SOVEREIGN,6.67% Government of India
IN0020200294,7.0,2026-09-30,HDFC (3); ICICI Pru (10),HDFC,Sovereign,5.85% GOI MAT 011230
IN0020200401,7.87,2026-09-30,HDFC (0),HDFC,Sovereign,6.76% GOI MAT 220261
IN0020210020,7.2927,2026-09-30,Axis (4); Nippon (1),Axis,Sovereign,6.64% Government of India (16/06/2035)
IN0020210095,7.0,2026-09-30,HDFC (534); SBI (15); Axis (2),HDFC,Sovereign,6.1% GOI MAT 120731
IN0020210137,6.1,2026-09-30,ICICI Pru (414); Nippon (113),ICICI Pru,SOV,Government Securities
IN0020210152,7.3,2026-09-30,HDFC (164); Axis (4); Nippon (95),HDFC,Sovereign,6.67% GOI MAT 151235^
IN0020210160,5.9,2026-09-30,SBI (403); ICICI Pru (310); Axis (175); Nippon (1); UTI (76),ICICI Pru,Sovereign,6.17% CGL 2028
IN0020210186,5.33,2026-09-30,HDFC (773); SBI (45); Axis (6); Nippon (125); Tata (13),HDFC,Sovereign,5.74% GOI MAT 151126
IN0020210194,7.82,2026-09-30,HDFC (3); Nippon (925),HDFC,Sovereign,6.99% GOI MAT 151251^
IN0020210244,7.15,2026-09-30,HDFC (21); Nippon (10); UTI (2),HDFC,Sovereign,6.54% GOI MAT 170132
IN0020220011,6.76,2026-09-30,"HDFC (114); SBI (1,867); Axis (5); Nippon (82); Tata (66)",HDFC,Sovereign,7.1% GOI MAT 180429^
IN0020220029,7.34,2026-09-30,"HDFC (731); SBI (2,479); Nippon (466)",HDFC,Sovereign,7.54% GOI MAT 230536
IN0020220037,6.23,2026-09-30,HDFC (477); SBI (121); Axis (20); Nippon (305); UTI (50); Tata (19),HDFC,Sovereign,7.38% GOI MAT 200627
IN0020220060,7.19,2026-09-30,HDFC (571); Axis (44); Nippon (50); UTI (4),HDFC,Sovereign,7.26% GOI MAT 220832
IN0020220086,7.7977,2026-09-30,Axis (32); Tata (10),Axis,Sovereign,7.36% Government of India (12/09/2052)
IN0020220136,6.55,2026-09-30,HDFC (10),HDFC,Sovereign,7.1% GOI MAT 270128^
IN0020220151,7.24,2026-09-30,ICICI Pru (0); Axis (17),ICICI Pru,SOV,Government Securities
IN0020230010,6.5397,2026-09-30,Axis (120); Nippon (63); UTI (126),Axis,Sovereign,7.06% Government of India (10/04/2028)
IN0020230036,6.9891,2026-09-30,SBI (1); Axis (8); Nippon (15); Tata (15),SBI,Sovereign,7.17% CGL 2030
IN0020230044,7.8757,2026-09-30,Axis (38); Nippon (94),Axis,Sovereign,7.25% Government of India (12/06/2063)
IN0020230051,7.8,2026-09-30,HDFC (120); Axis (143); Nippon (67); UTI (0),HDFC,Sovereign,7.3% GOI MAT 190653
IN0020230077,7.36,2026-09-30,HDFC (30); SBI (239); ICICI Pru (2); Axis (30); Nippon (144); UTI (826),HDFC,Sovereign,7.18% GOI MAT 240737
IN0020230085,7.24,2026-09-30,HDFC (176); SBI (10); Axis (68); UTI (57); Tata (25),HDFC,Sovereign,7.18% GOI MAT 140833
IN0020230101,6.6537,2026-09-30,Axis (5); Nippon (81),Axis,Sovereign,7.37% Government of India (23/10/2028)
IN0020230119,5.39,2026-09-30,ICICI Pru (0); Nippon (305); Tata (310),ICICI Pru,SOV,Government Securities
IN0020230127,7.8797,2026-09-30,Axis (5),Axis,Sovereign,7.46% Government of India (06/11/2073)
IN0020230135,6.9925,2026-09-30,Axis (4); Nippon (85); UTI (620); Tata (102),Axis,Sovereign,7.32% Government of India (13/11/2030)
IN0020230150,7.26,2026-09-30,HDFC (30),HDFC,Sovereign,7.24% GOI MAT 111233^
IN0020240019,7.2726,2026-09-30,Axis (37); UTI (56); Tata (25),Axis,Sovereign,7.1% Government of India (08/04/2034)
IN0020240027,7.3952,2026-09-30,Axis (4); UTI (1),Axis,Sovereign,7.23% Government of India (15/04/2039)
IN0020240035,7.89,2026-09-30,"HDFC (320); ICICI Pru (2,860); Axis (66); Nippon (136); UTI (71); Tata (0)",HDFC,Sovereign,7.34% GOI MAT 220464
IN0020240050,6.7893,2026-09-30,Axis (5); Nippon (4); UTI (99),Axis,Sovereign,7.04% Government of India (03/06/2029)
IN0020240076,7.03,2026-09-30,HDFC (25); SBI (8); Nippon (25),HDFC,Sovereign,7.02% GOI MAT 180631
IN0020240118,7.81,2026-09-30,HDFC (23); ICICI Pru (771); Axis (84); Nippon (37); UTI (9); Tata (47),HDFC,Sovereign,7.09% GOI MAT 050854
IN0020240126,7.2987,2026-09-30,SBI (98); ICICI Pru (4); Axis (28); Nippon (0); UTI (15); Tata (34),SBI,Sovereign,6.79% CGL 2034
IN0020240134,7.39,2026-09-30,ICICI Pru (0); Axis (5); UTI (49),ICICI Pru,SOV,Government Securities
IN0020240142,7.89,2026-09-30,ICICI Pru (23); Axis (1),ICICI Pru,SOV,Government Securities
IN0020240183,6.8739,2026-09-30,Axis (3); Nippon (3); UTI (120),Axis,Sovereign,6.75% Government of India (23/12/2029)
IN0020250018,7.89,2026-09-30,"HDFC (1,458); SBI (283); ICICI Pru (4,306); Axis (41); Nippon (117); UTI (713); Tata (345)",HDFC,Sovereign,6.9% GOI MAT 150465
IN0020250026,7.2483,2026-09-30,Axis (4); Nippon (6); UTI (52),Axis,Sovereign,6.33% Government of India (05/05/2035)
IN0020250042,7.4559,2026-09-30,SBI (104); ICICI Pru (106); Axis (27); Nippon (85); UTI (0),SBI,Sovereign,6.68% CGL 2040
IN0020250059,7.1868,2026-09-30,Axis (33); Nippon (34); UTI (170),Axis,Sovereign,6.28% Government of India (14/07/2032)
IN0020250067,6.9682,2026-09-30,SBI (107); Nippon (24),SBI,Sovereign,6.01% CGL 2030
IN0020250075,7.83,2026-09-30,"HDFC (166); SBI (270); ICICI Pru (1,471); Axis (118); Nippon (33); UTI (1,043)",HDFC,Sovereign,7.24% GOI MAT 180855
IN0020250091,7.2912,2026-09-30,SBI (287); Axis (34); Nippon (680); UTI (115),SBI,Sovereign,6.48% CGL 2035
IN0020250117,7.8768,2026-09-30,SBI (320),SBI,Sovereign,7.43% CGL 2076
IN0020250133,7.2483,2026-09-30,Axis (6); Nippon (15),Axis,Sovereign,6.68% Government of India (27/01/2033)
IN0020250141,6.9865,2026-09-30,SBI (29); ICICI Pru (20); Nippon (457); UTI (26); Tata (20),SBI,Sovereign,6.36% CGL 2031
IN002025Z278,4.9282,2026-09-30,SBI (525); ICICI Pru (270); Axis (20); Nippon (50),SBI,Sovereign,364 DAY T-BILL 02.10.26
IN002025Z286,5.2,2026-09-30,"HDFC (10); SBI (1,014); ICICI Pru (315); UTI (25); Tata (15)",HDFC,Sovereign,364 Days Tbill MAT 081026
IN002025Z294,5.23,2026-09-30,HDFC (30); Axis (35); UTI (5),HDFC,Sovereign,364 Days Tbill MAT 151026^
IN002025Z302,5.1542,2026-09-30,SBI (548); Axis (35),SBI,Sovereign,364 DAY T-BILL 23.10.26
IN002025Z310,5.15,2026-09-30,HDFC (5),HDFC,Sovereign,364 Days TBILL MAT 291026
IN002025Z328,5.28,2026-09-30,Axis (4); Nippon (25),Axis,Sovereign,364 Days Tbill (MD 06/11/2026)
IN002025Z336,5.2801,2026-09-30,"SBI (2,057)",SBI,Sovereign,364 DAY T-BILL 12.11.26
IN002025Z344,5.3459,2026-09-30,Nippon (84); Tata (26),Nippon,,364 Days Tbill
IN002025Z351,5.35,2026-09-30,ICICI Pru (50); Nippon (248); UTI (198),ICICI Pru,SOV,364 Days Treasury Bills
IN002025Z369,5.37,2026-09-30,HDFC (144); SBI (30); ICICI Pru (30); Nippon (124),HDFC,Sovereign,364 Days Tbill Mat 031226
IN002025Z377,5.37,2026-09-30,HDFC (346); Axis (25); Nippon (381); UTI (198),HDFC,Sovereign,364 Days T Bill Mat 101226
IN002025Z385,5.4997,2026-09-30,SBI (10); Nippon (99); Tata (311),SBI,Sovereign,364 DAY T-BILL 17.12.26
IN002025Z393,5.5,2026-09-30,HDFC (336),HDFC,Sovereign,364 Days Tbill Mat 251226
IN002025Z435,5.7135,2026-09-30,SBI (49); Axis (113),SBI,Sovereign,364 DAY T-BILL 28.01.27
IN002025Z443,5.75,2026-09-30,Axis (83); Nippon (441),Axis,Sovereign,364 Days Tbill (MD 04/02/2027)
IN002025Z468,5.8,2026-09-30,Nippon (34),Nippon,,364 Days Tbill
IN002025Z484,5.81,2026-09-30,SBI (195); UTI (2),SBI,Sovereign,364 DAY T-BILL 04.03.27
IN0020260025,7.31,2026-09-30,"HDFC (167); SBI (10,439); ICICI Pru (7,253); Axis (875); Nippon (1,644); UTI (323); Tata (177)",HDFC,Sovereign,6.94% GOI MAT 110536
IN0020260033,7.86,2026-09-30,"HDFC (55); SBI (2,225); Axis (28); Nippon (25); UTI (130); Tata (75)",HDFC,Sovereign,7.71% GOI MAT 180566
IN0020260041,7.5075,2026-09-30,SBI (321); ICICI Pru (24); Axis (17); Nippon (126); Tata (384),SBI,Sovereign,7.06% CGL 2041
IN0020260058,6.7968,2026-09-30,Nippon (49),Nippon,SOVEREIGN,6.2% Government of India
IN0020260074,6.9665,2026-09-30,Nippon (39),Nippon,SOVEREIGN,6.53% Government of India
IN0020260082,7.81,2026-09-30,ICICI Pru (764); Axis (37); Nippon (50),ICICI Pru,SOV,Government Securities
IN002026X131,5.3,2026-09-30,HDFC (50); SBI (440); ICICI Pru (500); Axis (150); Nippon (160); UTI (120); Tata (100),HDFC,Sovereign,91 Days TBILL MAT 011026^
IN002026X149,5.2,2026-09-30,HDFC (574); SBI (400); ICICI Pru (101); Axis (200); Nippon (879); UTI (115); Tata (50),HDFC,Sovereign,91 Days TBILL MAT 081026
IN002026X156,5.23,2026-09-30,"HDFC (1,717); SBI (2,151); ICICI Pru (808); Axis (1,512); Nippon (210)",HDFC,Sovereign,91 Days TBill Mat 151026
IN002026X164,5.21,2026-09-30,"HDFC (997); SBI (1,194); ICICI Pru (1,336); Axis (608); Nippon (1,186)",HDFC,Sovereign,91 Days TBill Mat 221026
IN002026X172,5.15,2026-09-30,HDFC (199); SBI (254); ICICI Pru (986); Nippon (593); UTI (50); Tata (304),HDFC,Sovereign,91 Days TBILL MAT 291026
IN002026X180,5.28,2026-09-30,"HDFC (132); SBI (2,686); Nippon (50); Tata (274)",HDFC,Sovereign,91 Days TBILL MAT 051126
IN002026X198,5.2801,2026-09-30,"SBI (1,397); ICICI Pru (929); Tata (621)",SBI,Sovereign,91 DAY T-BILL 12.11.26
IN002026X206,5.35,2026-09-30,"HDFC (74); SBI (496); ICICI Pru (675); Axis (998); UTI (1,241); Tata (1,052)",HDFC,Sovereign,91 Days TBILL MAT 191126^
IN002026X214,5.3457,2026-09-30,"SBI (248); ICICI Pru (2,289); Axis (5); Nippon (446); Tata (183)",SBI,Sovereign,91 DAY T-BILL 27.11.26
IN002026X222,5.37,2026-09-30,"HDFC (2,522); Nippon (396); UTI (546); Tata (669)",HDFC,Sovereign,91 Days TBILL MAT 031226^
IN002026X230,5.37,2026-09-30,"HDFC (262); ICICI Pru (3,746); Axis (25); UTI (247); Tata (817)",HDFC,Sovereign,91 Days TBILL MAT 101226^
IN002026X248,5.5,2026-09-30,"HDFC (2,817); SBI (20); Tata (811)",HDFC,Sovereign,91 Days TBILL MAT 171226^
IN002026X255,5.5,2026-09-30,"HDFC (1,481); UTI (494)",HDFC,Sovereign,91 Days TBILL MAT 241226
IN002026X263,5.5,2026-09-30,"HDFC (493); Axis (2,217)",HDFC,Sovereign,91 Days Tbill Mat 311226
IN002026Y014,5.1986,2026-09-30,SBI (20),SBI,Sovereign,182 DAY T-BILL 08.10.26
IN002026Y022,5.23,2026-09-30,HDFC (75); SBI (100); Axis (85),HDFC,Sovereign,182 Days TBILL MAT 151026^
IN002026Y030,5.21,2026-09-30,HDFC (703); UTI (100),HDFC,Sovereign,182 Days TBILL MAT 221026^
IN002026Y055,5.2805,2026-09-30,SBI (184); ICICI Pru (249),SBI,Sovereign,182 DAY T-BILL 05.11.26
IN002026Y063,5.2801,2026-09-30,SBI (547); UTI (323),SBI,Sovereign,182 DAY T-BILL 12.11.26
IN002026Y071,5.35,2026-09-30,HDFC (963); ICICI Pru (338); Axis (74); Nippon (149); Tata (25),HDFC,Sovereign,182 Days TBILL MAT 19112026^
IN002026Y089,5.35,2026-09-30,ICICI Pru (645); Nippon (397),ICICI Pru,SOV,182 Days Treasury Bills
IN002026Y113,5.5,2026-09-30,"HDFC (905); ICICI Pru (1,236); Axis (109); Nippon (247); Tata (311)",HDFC,Sovereign,182 Days TBILL MAT 171226^
IN002026Y121,5.5,2026-09-30,"HDFC (494); SBI (1,817); ICICI Pru (395); Axis (230); Tata (99)",HDFC,Sovereign,182 Days Tbill ISD 250626 MAT 241226^
IN002026Y139,5.51,2026-09-30,HDFC (178); SBI (986); Nippon (296),HDFC,Sovereign,182 Days Tbill Mat 311226
IN002026Y154,5.71,2026-09-30,HDFC (590); ICICI Pru (310); Tata (152),HDFC,Sovereign,182 Days TBILL MAT 140127^
IN002026Y162,5.72,2026-09-30,HDFC (246); Axis (197); Nippon (688); Tata (285),HDFC,Sovereign,182 Days TBILL MAT 210127^
IN002026Y170,5.71,2026-09-30,HDFC (736); ICICI Pru (373); Tata (834),HDFC,Sovereign,182 Days TBILL MAT 280127^
IN002026Y188,5.75,2026-09-30,HDFC (686); ICICI Pru (83); Axis (196); Nippon (343); UTI (490); Tata (25),HDFC,Sovereign,182 Days TBILL MAT 040227^
IN002026Y204,5.8,2026-09-30,HDFC (598); UTI (342); Tata (220),HDFC,Sovereign,182 Days TBILL MAT 180227^
IN002026Y212,5.8,2026-09-30,"Tata (1,075)",Tata,SOV,** TREASURY BILL 182 DAYS (26/02/2027)
IN002026Y220,5.81,2026-09-30,Tata (98),Tata,SOV,** TREASURY BILL 182 DAYS (04/03/2027)
IN002026Y238,5.81,2026-09-30,Tata (293),Tata,SOV,** TREASURY BILL 182 DAYS (11/03/2027)
IN002026Z011,5.96,2026-09-30,HDFC (1),HDFC,Sovereign,364 Days TBILL ISD 080426 MAT 080427^
IN1020140134,7.5904,2026-09-30,Nippon (0),Nippon,SOVEREIGN,8.5% State Government Securities
IN1020160231,5.7115,2026-09-30,Axis (10),Axis,Sovereign,7.35% Andhra Pradesh State Development Loans Uday (18/10/2026)
IN1020160371,5.66,2026-09-30,HDFC (40); SBI (35),HDFC,Sovereign,7.42% Andhra Pradesh SDL Mat 091126^
IN1020160405,5.73,2026-09-30,ICICI Pru (1),ICICI Pru,SOV,State Government of Andhra Pradesh
IN1020160413,5.7348,2026-09-30,SBI (26),SBI,Sovereign,7.25% State Government of Andhra Pradesh 2026
IN1020160421,6.16,2026-09-30,HDFC (4),HDFC,Sovereign,7.14% Andhra Pradesh SDL - Mat 110127^
IN1020160439,6.18,2026-09-30,HDFC (80),HDFC,Sovereign,7.61% Andhra Pradesh SDL - Mat 150227^
IN1020160454,6.2022,2026-09-30,SBI (50); Nippon (10),SBI,Sovereign,7.88% State Government of Andhra Pradesh 2027
IN1020160462,6.2022,2026-09-30,SBI (20),SBI,Sovereign,7.62% State Government of Andhra Pradesh 2027
IN1020170016,6.3487,2026-09-30,Nippon (1),Nippon,SOVEREIGN,7.6% State Government Securities
IN1020170040,6.36,2026-09-30,ICICI Pru (20),ICICI Pru,SOV,State Government of Andhra Pradesh
IN1020170131,7.0268,2026-09-30,Nippon (35); UTI (5),Nippon,SOVEREIGN,7.77% State Government Securities
IN1020180080,7.1211,2026-09-30,Nippon (8),Nippon,SOVEREIGN,8.39% State Government Securities
IN1020180098,6.3693,2026-09-30,SBI (5); ICICI Pru (10),SBI,Sovereign,8.34% State Government of Andhra Pradesh 2027
IN1020180213,6.55,2026-09-30,ICICI Pru (5),ICICI Pru,SOV,State Government of Andhra Pradesh
IN1020190501,7.5534,2026-09-30,Nippon (30),Nippon,SOVEREIGN,7.06% State Government Securities
IN1020190584,7.71,2026-09-30,UTI (10),UTI,SOV,7.80% AP SDL 31/03/2033
IN1020200086,6.24,2026-09-30,UTI (5),UTI,SOV,6.90% AP SDL MAT - 22/04/27
IN1020200110,6.25,2026-09-30,UTI (5),UTI,SOV,6.35% AP SDL MAT - 06/05/2027
IN1020200144,6.98,2026-09-30,Tata (42),Tata,SOV,SDL ANDHRA PRADESH 6.55% (27/05/2028)
IN1020210234,8.0221,2026-09-30,Axis (2),Axis,Sovereign,7.05% Andhra Pradesh State Development Loans (01/09/2035)
IN1020220100,6.36,2026-09-30,ICICI Pru (10),ICICI Pru,SOV,State Government of Andhra Pradesh
IN1020220589,7.36,2026-09-30,ICICI Pru (10),ICICI Pru,SOV,State Government of Andhra Pradesh
IN1020220613,7.4124,2026-09-30,Nippon (0); Tata (5),Nippon,SOVEREIGN,7.54% State Government Securities
IN1020220696,7.0587,2026-09-30,Nippon (12),Nippon,SOVEREIGN,7.7% State Government Securities
IN1020220720,7.41,2026-09-30,ICICI Pru (5); Nippon (5),ICICI Pru,SOV,State Government of Andhra Pradesh
IN1020230034,7.71,2026-09-30,UTI (7),UTI,SOV,7.71% AP SGS MAT - 06/04/2033
IN1020230620,7.35,2026-09-30,Tata (10),Tata,SOV,SGS ANDHRA PRADESH 7.70% (06/12/2029) #
IN1020230752,7.41,2026-09-30,ICICI Pru (15),ICICI Pru,SOV,State Government of Andhra Pradesh
IN1020240017,7.57,2026-09-30,HDFC (50),HDFC,Sovereign,7.39% Andhra Pradesh SDL ISD 030424 MAT 030430^
IN1020240330,7.87,2026-09-30,UTI (2),UTI,SOV,7.34% ANDHRA SGS MAT - 26/06/2035
IN1020240785,8.02,2026-09-30,HDFC (48),HDFC,Sovereign,7.09% Andhra Pradesh SDL ISD 260325 MAT 260335^
IN1020240801,8.0741,2026-09-30,Axis (2); UTI (132),Axis,Sovereign,7.08% Andhra Pradesh State Development Loans (26/03/2037)
IN1020250040,8.08,2026-09-30,HDFC (46),HDFC,Sovereign,6.88% Andhra Pradesh SDL ISD 040425 MAT 040440^
IN1020250099,8.0322,2026-09-30,Nippon (23),Nippon,SOVEREIGN,6.79% State Government Securities
IN1020250123,7.88,2026-09-30,UTI (139),UTI,SOV,6.82% ANDHRA  SGS MAT -04/06/2036
IN1020250255,7.5,2026-09-30,Tata (53),Tata,SOV,SGS ANDHRA PRADESH 6.77% (06/08/2031)
IN1020250271,7.79,2026-09-30,UTI (95),UTI,SOV,6.96% AP SDL MAT - 06/08/2034
IN1020250289,7.86,2026-09-30,HDFC (35),HDFC,Sovereign,7.48% Andhra Pradesh SDL ISD 030925 MAT 030933^
IN1020250297,7.95,2026-09-30,HDFC (26),HDFC,Sovereign,7.48% Andhra Pradesh SDL ISD 030925 MAT 030934^
IN1020250305,8.04,2026-09-30,HDFC (46); Nippon (25),HDFC,Sovereign,7.62% Andhra Pradesh SDL ISD 030925 MAT 030936^
IN1020250313,8.07,2026-09-30,HDFC (69); ICICI Pru (225),HDFC,Sovereign,7.63% Andhra Pradesh SDL ISD 030925 MAT 030937^
IN1020250321,8.12,2026-09-30,ICICI Pru (238),ICICI Pru,SOV,State Government of Andhra Pradesh
IN1020250339,8.12,2026-09-30,ICICI Pru (109),ICICI Pru,SOV,State Government of Andhra Pradesh
IN1020250347,7.86,2026-09-30,HDFC (24),HDFC,Sovereign,7.14% Andhra Pradesh SDL ISD 081025 MAT 081033^
IN1020250354,8.04,2026-09-30,HDFC (10),HDFC,Sovereign,7.27% Andhra Pradesh SDL ISD 081025 MAT 081036^
IN1020250610,7.96,2026-09-30,UTI (5),UTI,SOV,7.88% ANDHRA PRADESH SGS 25/03/2046
IN1020260015,8.0767,2026-09-30,Nippon (5),Nippon,SOVEREIGN,7.96% State Government Securities
IN1020260072,7.791,2026-09-30,SBI (779),SBI,Sovereign,7.28% State Government of Andhra Pradesh 2032
IN1220160023,5.6991,2026-09-30,SBI (39); Nippon (40),SBI,Sovereign,7.42% State Government of Assam 2026
IN1220170014,6.36,2026-09-30,ICICI Pru (5),ICICI Pru,SOV,State Government of Assam
IN1220170030,6.36,2026-09-30,ICICI Pru (50),ICICI Pru,SOV,State Government of Assam
IN1220170048,6.54,2026-09-30,ICICI Pru (50),ICICI Pru,SOV,State Government of Assam
IN1220170063,6.54,2026-09-30,ICICI Pru (5),ICICI Pru,SOV,State Government of Assam
IN1220190186,7.5604,2026-09-30,SBI (99),SBI,Sovereign,7.11% State Government of Assam 2030
IN1220220157,7.67,2026-09-30,UTI (5),UTI,SOV,7.62% ASSAM SDL -30/11/2032
IN1220230016,7.72,2026-09-30,UTI (3),UTI,SOV,07.58% ASSAM SDL 12/04/2033
IN1320160113,5.67,2026-09-30,HDFC (75); Axis (5),HDFC,Sovereign,6.89% Bihar SDL - Mat 231126
IN1320160121,5.6937,2026-09-30,Nippon (15),Nippon,SOVEREIGN,7.1% State Government Securities
IN1320160147,6.1317,2026-09-30,Nippon (5),Nippon,SOVEREIGN,7.12% State Government Securities
IN1320160162,6.1567,2026-09-30,Nippon (25),Nippon,SOVEREIGN,7.59% State Government Securities
IN1320160170,6.18,2026-09-30,ICICI Pru (55),ICICI Pru,SOV,State Government of Bihar
IN1320180053,7.448,2026-09-30,Nippon (16),Nippon,SOVEREIGN,8.36% State Government Securities
IN1320180061,7.45,2026-09-30,ICICI Pru (82),ICICI Pru,SOV,State Government of Bihar
IN1320180079,7.448,2026-09-30,SBI (15),SBI,Sovereign,8.39% State Government of Bihar 2029
IN1320190227,7.7893,2026-09-30,Nippon (1),Nippon,SOVEREIGN,6.92% State Government Securities
IN1320200141,7.1119,2026-09-30,Nippon (10),Nippon,SOVEREIGN,6.89% State Government Securities
IN1320210025,6.36,2026-09-30,ICICI Pru (70),ICICI Pru,SOV,State Government of Bihar
IN1320210033,6.56,2026-09-30,ICICI Pru (95),ICICI Pru,SOV,State Government of Bihar
IN1320210041,7.34,2026-09-30,HDFC (40),HDFC,Sovereign,6.82% Bihar SDL - ISD 140721 Mat 140728^
IN1320220164,7.67,2026-09-30,UTI (15),UTI,SOV,07.64% BIHAR SDL 21/12/2032
IN1320220172,7.72,2026-09-30,UTI (1),UTI,SOV,07.66% BIHAR SDL 08/02/2033
IN1320250021,8.0025,2026-09-30,SBI (94); UTI (47),SBI,Sovereign,6.90% State Government of Bihar 2035
IN1320250047,8.1,2026-09-30,HDFC (47),HDFC,Sovereign,7.22% Bihar SDL ISD 060825 Mat 060840^
IN1320250070,7.65,2026-09-30,ICICI Pru (470); Nippon (65),ICICI Pru,SOV,State Government of Bihar
IN1320250088,7.88,2026-09-30,HDFC (49); Axis (12),HDFC,Sovereign,7.54% BIHAR SDL ISD 030925 Mat 030933^
IN1320250104,7.9581,2026-09-30,Axis (0),Axis,Sovereign,7.45% Bihar State Development Loans (10/09/2034)
IN1320250112,8.05,2026-09-30,ICICI Pru (424),ICICI Pru,SOV,State Government of Bihar
IN1320250146,8.1,2026-09-30,ICICI Pru (2),ICICI Pru,SOV,State Government of Bihar
IN1320250211,7.88,2026-09-30,HDFC (100); Axis (4),HDFC,Sovereign,7.65% BIHAR SDL ISD 241225 Mat 241233^
IN1320250229,7.6991,2026-09-30,Axis (119),Axis,Sovereign,7.42% Bihar State Development Loans (31/12/2031)
IN1320250294,8.1,2026-09-30,HDFC (74); Axis (3),HDFC,Sovereign,7.72% Bihar SDL - MAT 250241^
IN1320260020,8.01,2026-09-30,HDFC (51),HDFC,Sovereign,7.69% BIHAR SDL Mat 290435^
IN1320260053,8.098,2026-09-30,SBI (73),SBI,Sovereign,7.66% State Government of Bihar 2041
IN1420180144,7.4336,2026-09-30,Nippon (0),Nippon,SOVEREIGN,8.36% State Government Securities
IN1520160152,5.6906,2026-09-30,SBI (5),SBI,Sovereign,7.05% State Government of Gujarat 2026
IN1520160160,5.69,2026-09-30,HDFC (4); Nippon (5),HDFC,Sovereign,7.24% Gujarat SDL Mat 281226^
IN1520160178,6.07,2026-09-30,HDFC (5); SBI (40),HDFC,Sovereign,7.14% Gujarat SDL - Mat 110127^
IN1520160186,6.07,2026-09-30,ICICI Pru (2); Nippon (105),ICICI Pru,SOV,State Government of Gujarat
IN1520160194,6.1,2026-09-30,HDFC (52); Nippon (166); UTI (25),HDFC,Sovereign,7.59% Gujarat SDL - Mat 150227^
IN1520160202,6.115,2026-09-30,Axis (40); Nippon (91),Axis,Sovereign,7.71% Gujarat State Development Loans (01/03/2027)
IN1520170045,6.29,2026-09-30,HDFC (76); SBI (25); ICICI Pru (5); Axis (272); Nippon (45); UTI (10),HDFC,Sovereign,7.52% Gujarat SDL - Mat 240527^
IN1520170052,6.2937,2026-09-30,SBI (5); UTI (1),SBI,Sovereign,7.20% State Government of Gujarat 2027
IN1520170060,6.48,2026-09-30,ICICI Pru (161),ICICI Pru,SOV,State Government of Gujarat
IN1520170078,6.4766,2026-09-30,SBI (55); ICICI Pru (104),SBI,Sovereign,7.17% State Government of Gujarat 2027
IN1520170086,6.48,2026-09-30,ICICI Pru (152),ICICI Pru,SOV,State Government of Gujarat
IN1520170094,6.4766,2026-09-30,SBI (65); ICICI Pru (72),SBI,Sovereign,7.25% State Government of Gujarat 2027
IN1520170128,6.79,2026-09-30,Tata (23),Tata,SOV,SDL GUJARAT  7.64% (08/11/2027)
IN1520170136,6.9054,2026-09-30,Axis (5); Tata (40),Axis,Sovereign,7.75% Gujarat State Development Loans (13/12/2027)
IN1520170144,6.79,2026-09-30,Tata (0),Tata,SOV,SDL GUJARAT  7.69% (20/12/2027)
IN1520170151,6.79,2026-09-30,Tata (20),Tata,SOV,SDL GUJARAT  7.80% (27/12/2027)
IN1520170185,7.0397,2026-09-30,Nippon (2); UTI (0),Nippon,SOVEREIGN,8.05% State Government Securities
IN1520170193,7.0397,2026-09-30,Nippon (1),Nippon,SOVEREIGN,8.19% State Government Securities
IN1520170201,7.0397,2026-09-30,Nippon (0),Nippon,SOVEREIGN,8.05% State Government Securities
IN1520170219,7.0397,2026-09-30,Nippon (1),Nippon,SOVEREIGN,8.23% State Government Securities
IN1520170243,7.0397,2026-09-30,Nippon (4),Nippon,SOVEREIGN,8.26% State Government Securities
IN1520180044,7.0645,2026-09-30,Nippon (0),Nippon,SOVEREIGN,8.16% State Government Securities
IN1520180077,7.28,2026-09-30,ICICI Pru (6),ICICI Pru,SOV,State Government of Gujarat
IN1520180119,7.28,2026-09-30,ICICI Pru (30),ICICI Pru,SOV,State Government of Gujarat
IN1520180150,7.32,2026-09-30,ICICI Pru (2),ICICI Pru,SOV,State Government of Gujarat
IN1520180176,7.32,2026-09-30,ICICI Pru (5),ICICI Pru,SOV,State Government of Gujarat
IN1520180184,7.32,2026-09-30,ICICI Pru (10),ICICI Pru,SOV,State Government of Gujarat
IN1520180192,7.32,2026-09-30,ICICI Pru (5),ICICI Pru,SOV,State Government of Gujarat
IN1520180200,7.32,2026-09-30,ICICI Pru (0),ICICI Pru,SOV,State Government of Gujarat
IN1520180218,7.32,2026-09-30,ICICI Pru (13),ICICI Pru,SOV,State Government of Gujarat
IN1520180226,7.33,2026-09-30,ICICI Pru (36); Tata (5),ICICI Pru,SOV,State Government of Gujarat
IN1520180234,7.32,2026-09-30,ICICI Pru (36),ICICI Pru,SOV,State Government of Gujarat
IN1520180259,7.37,2026-09-30,ICICI Pru (9),ICICI Pru,SOV,State Government of Gujarat
IN1520180275,7.3675,2026-09-30,Nippon (1),Nippon,SOVEREIGN,8.3% State Government Securities
IN1520180283,7.37,2026-09-30,ICICI Pru (5); Nippon (9),ICICI Pru,SOV,State Government of Gujarat
IN1520180291,7.37,2026-09-30,ICICI Pru (15); Nippon (1),ICICI Pru,SOV,State Government of Gujarat
IN1520180309,7.37,2026-09-30,ICICI Pru (10); Nippon (2),ICICI Pru,SOV,State Government of Gujarat
IN1520180317,7.3675,2026-09-30,SBI (5); ICICI Pru (0); Nippon (3); Tata (5),SBI,Sovereign,8.35% State Government of Gujarat 2029
IN1520180325,7.3675,2026-09-30,SBI (5); ICICI Pru (5); Nippon (1),SBI,Sovereign,8.30% State Government of Gujarat 2029
IN1520180333,7.3675,2026-09-30,Nippon (83),Nippon,SOVEREIGN,8.14% State Government Securities
IN1520180341,7.3675,2026-09-30,SBI (4); Tata (5),SBI,Sovereign,8.05% State Government of Gujarat 2029
IN1520190019,7.371,2026-09-30,Nippon (29),Nippon,SOVEREIGN,8.14% State Government Securities
IN1520190035,7.371,2026-09-30,Nippon (20),Nippon,SOVEREIGN,8.17% State Government Securities
IN1520190118,7.4204,2026-09-30,Nippon (50),Nippon,SOVEREIGN,7.23% State Government Securities
IN1520190126,6.79,2026-09-30,Tata (1),Tata,SOV,SDL GUJARAT  7.19% (23/10/2027)
IN1520190142,7.4337,2026-09-30,SBI (1),SBI,Sovereign,7.24% State Government of Gujarat 2029
IN1520190159,7.4337,2026-09-30,SBI (10),SBI,Sovereign,7.26% State Government of Gujarat 2029
IN1520190175,7.4982,2026-09-30,Nippon (10),Nippon,SOVEREIGN,7.18% State Government Securities
IN1520190183,7.4982,2026-09-30,Nippon (22),Nippon,SOVEREIGN,7.17% State Government Securities
IN1520190217,7.4982,2026-09-30,Axis (1); Nippon (46),Axis,Sovereign,7.04% Gujarat State Development Loans (18/03/2030)
IN1520200032,7.3503,2026-09-30,Nippon (6),Nippon,SOVEREIGN,6.6% State Government Securities
IN1520200040,7.5058,2026-09-30,Nippon (5),Nippon,SOVEREIGN,6.47% State Government Securities
IN1520200073,7.5257,2026-09-30,Nippon (2),Nippon,SOVEREIGN,6.54% State Government Securities
IN1520200123,7.5257,2026-09-30,Nippon (109),Nippon,SOVEREIGN,6.65% State Government Securities
IN1520200131,7.5257,2026-09-30,Nippon (8),Nippon,SOVEREIGN,6.45% State Government Securities
IN1520200156,7.5257,2026-09-30,Nippon (114),Nippon,SOVEREIGN,6.7% State Government Securities
IN1520200164,7.5257,2026-09-30,Nippon (10),Nippon,SOVEREIGN,6.83% State Government Securities
IN1520200172,7.5267,2026-09-30,Nippon (29),Nippon,SOVEREIGN,6.84% State Government Securities
IN1520200198,7.5267,2026-09-30,Nippon (19),Nippon,SOVEREIGN,6.46% State Government Securities
IN1520200214,7.5267,2026-09-30,Nippon (4),Nippon,SOVEREIGN,6.5% State Government Securities
IN1520200222,7.4234,2026-09-30,Nippon (15),Nippon,SOVEREIGN,6.49% State Government Securities
IN1520200271,7.5673,2026-09-30,Nippon (5),Nippon,SOVEREIGN,7.07% State Government Securities
IN1520200297,7.5673,2026-09-30,Nippon (0),Nippon,SOVEREIGN,7.11% State Government Securities
IN1520200347,6.105,2026-09-30,Axis (160); Nippon (65),Axis,Sovereign,6.58% Gujarat State Development Loans (31/03/2027)
IN1520200354,7.4878,2026-09-30,Nippon (54),Nippon,SOVEREIGN,6.9% State Government Securities
IN1520210015,7.5058,2026-09-30,Nippon (5),Nippon,SOVEREIGN,6.72% State Government Securities
IN1520210098,6.5385,2026-09-30,SBI (15); ICICI Pru (50),SBI,Sovereign,6.28% State Government of Gujarat 2027
IN1520210106,7.5844,2026-09-30,SBI (24),SBI,Sovereign,6.84% State Government of Gujarat 2031
IN1520210130,5.5057,2026-09-30,SBI (265),SBI,Sovereign,6.04% State Government of Gujarat 2026
IN1520220014,7.568,2026-09-30,Nippon (10),Nippon,SOVEREIGN,7.77% State Government Securities
IN1520220113,7.7532,2026-09-30,Axis (20),Axis,Sovereign,7.81% Gujarat State Development Loans (12/10/2032)
IN1520220154,5.6207,2026-09-30,SBI (5); Tata (10),SBI,Sovereign,7.57% State Government of Gujarat 2026
IN1520220188,7.6227,2026-09-30,SBI (50),SBI,Sovereign,7.57% State Government of Gujarat 2031
IN1520220212,7.66,2026-09-30,UTI (10),UTI,SOV,07.65% GUJRAT SDL 01/02/2033
IN1520220238,7.4982,2026-09-30,Nippon (50),Nippon,SOVEREIGN,7.68% State Government Securities
IN1520220253,7.66,2026-09-30,UTI (5),UTI,SOV,7.71% GJ SGS MAT - 01/03/2033
IN1520220287,7.66,2026-09-30,UTI (15),UTI,SOV,07.68% GUJRAT SDL 15/03/2033
IN1520220329,7.9736,2026-09-30,SBI (84),SBI,Sovereign,7.73% State Government of Gujarat 2036
IN1520230039,7.0542,2026-09-30,Axis (30),Axis,Sovereign,7.18% Gujarat State Development Loans (07/06/2028)
IN1520230047,7.0542,2026-09-30,Nippon (0),Nippon,SOVEREIGN,7.22% State Government Securities
IN1520230062,6.55,2026-09-30,ICICI Pru (35),ICICI Pru,SOV,State Government of Gujarat
IN1520230138,7.6227,2026-09-30,Nippon (32),Nippon,SOVEREIGN,7.55% State Government Securities
IN1520230161,6.07,2026-09-30,HDFC (75); Axis (155),HDFC,Sovereign,7.43% Gujarat SDL Mat 030127^
IN1520230187,7.43,2026-09-30,Tata (3),Tata,SOV,SGS GUJARAT 7.64% (10/01/2031)
IN1520230203,7.8,2026-09-30,HDFC (184),HDFC,Sovereign,7.64% Gujarat SDL ISD 170124 MAT 170133^
IN1520230211,7.89,2026-09-30,HDFC (129),HDFC,Sovereign,7.64% % Gujarat SDL ISD 170124 Mat 170134^
IN1520230229,7.8,2026-09-30,HDFC (50),HDFC,Sovereign,7.63% Gujarat SDL ISD 240124 Mat 240133^
IN1520230237,7.89,2026-09-30,HDFC (79),HDFC,Sovereign,7.63% Gujarat SDL ISD 240124 Mat 240134^
IN1520230245,7.8,2026-09-30,ICICI Pru (100),ICICI Pru,SOV,State Government of Gujarat
IN1520230286,7.66,2026-09-30,UTI (5),UTI,SOV,7.42% GJ SGS MAT - 14/02/2033
IN1520240186,6.09,2026-09-30,HDFC (200); Axis (10),HDFC,Sovereign,6.75% Gujarat SDL - MAT 050227^
IN1520240202,7.7346,2026-09-30,Axis (15),Axis,Sovereign,7.07% Gujarat State Development Loans (12/02/2032)
IN1520240301,7.66,2026-09-30,UTI (10),UTI,SOV,7.02% GJ  SGS MAT -26/03/203
IN1520250144,7.75,2026-09-30,HDFC (4),HDFC,Sovereign,7.07% Gujarat SDL ISD 240925 MAT 240932^
IN1520250169,7.89,2026-09-30,ICICI Pru (94),ICICI Pru,SOV,State Government of Gujarat
IN1520250177,7.6123,2026-09-30,SBI (122),SBI,Sovereign,6.84% State Government of Gujarat 2031
IN1520250193,7.82,2026-09-30,HDFC (10),HDFC,Sovereign,7.07% Gujarat SDL ISD 240925 MAT 261133^
IN1520250227,7.89,2026-09-30,HDFC (78),HDFC,Sovereign,7.27% Gujarat SDL ISD 171225 MAT 171234^
IN1520250243,7.5371,2026-09-30,Nippon (49),Nippon,SOVEREIGN,7.07% State Government Securities
IN1520250276,7.73,2026-09-30,ICICI Pru (2),ICICI Pru,SOV,State Government of Gujarat
IN1520260051,8.01,2026-09-30,HDFC (27); SBI (196),HDFC,Sovereign,7.63% Gujarat SDL - MAT 100637^
IN1520260093,7.9365,2026-09-30,SBI (342),SBI,Sovereign,7.43% State Government of Gujarat 2035
IN1520260101,8.0163,2026-09-30,SBI (49),SBI,Sovereign,7.61% State Government of Gujarat 2039
IN1520260135,7.9736,2026-09-30,Axis (24),Axis,Sovereign,7.47% Gujarat State Development Loans (27/08/2036)
IN1620160227,5.68,2026-09-30,HDFC (3); SBI (50),HDFC,Sovereign,7.39% Haryana SDL Mat 091126^
IN1620160235,5.6692,2026-09-30,SBI (10),SBI,Sovereign,6.86% State Government of Haryana 2026
IN1620160243,5.7493,2026-09-30,Nippon (10); Tata (95),Nippon,SOVEREIGN,7.28% State Government Securities
IN1620160268,6.1325,2026-09-30,Axis (85),Axis,Sovereign,7.59% Haryana State Development Loans (15/02/2027)
IN1620160276,6.15,2026-09-30,HDFC (3); Axis (1); Nippon (0),HDFC,Sovereign,7.80 % Haryana SDL Mat 010327^
IN1620160284,6.1525,2026-09-30,Nippon (1),Nippon,SOVEREIGN,7.89% State Government Securities
IN1620160292,6.1525,2026-09-30,Nippon (21),Nippon,SOVEREIGN,7.64% State Government Securities
IN1620170010,6.37,2026-09-30,ICICI Pru (12); Axis (151); UTI (5),ICICI Pru,SOV,State Government of Haryana
IN1620170028,6.3667,2026-09-30,SBI (55); ICICI Pru (20),SBI,Sovereign,7.26% State Government of Haryana 2027
IN1620170036,6.5592,2026-09-30,SBI (15); ICICI Pru (124),SBI,Sovereign,7.29% State Government of Haryana 2027
IN1620170051,6.6314,2026-09-30,SBI (12); ICICI Pru (70),SBI,Sovereign,7.41% State Government of Haryana 2027
IN1620170119,7.1225,2026-09-30,Nippon (3),Nippon,SOVEREIGN,8.2% State Government Securities
IN1620170143,7.0,2026-09-30,UTI (0),UTI,SOV,8.45% HARYANA SDL MAT - 07/03/2028
IN1620170150,7.1225,2026-09-30,Nippon (1),Nippon,SOVEREIGN,8.29% State Government Securities
IN1620170168,7.1225,2026-09-30,Nippon (1); UTI (1),Nippon,SOVEREIGN,8.14% State Government Securities
IN1620180035,7.3607,2026-09-30,Nippon (5),Nippon,SOVEREIGN,8.57% State Government Securities
IN1620180050,7.36,2026-09-30,ICICI Pru (10); Nippon (42),ICICI Pru,SOV,State Government of Haryana
IN1620190158,7.5748,2026-09-30,Nippon (35),Nippon,SOVEREIGN,7.17% State Government Securities
IN1620190190,7.3933,2026-09-30,Nippon (105),Nippon,SOVEREIGN,7.24% State Government Securities
IN1620210147,7.4234,2026-09-30,Nippon (2),Nippon,SOVEREIGN,6.96% State Government Securities
IN1620220070,7.01,2026-09-30,Tata (20),Tata,SOV,SDL HARYANA 7.63% (01/06/2028)
IN1620220096,6.37,2026-09-30,HDFC (1); ICICI Pru (30); Nippon (0),HDFC,Sovereign,7.69% Haryana SDL Mat 150627^
IN1620220120,7.9643,2026-09-30,SBI (1),SBI,Sovereign,7.94% State Government of Haryana 2034
IN1620220369,7.72,2026-09-30,UTI (8),UTI,SOV,7.63% HARYANA SDL MAT - 04/01/2033
IN1620220401,7.72,2026-09-30,UTI (5),UTI,SOV,07.68% HARYANA SDL MAT - 01/02/2033
IN1620220484,7.72,2026-09-30,UTI (25),UTI,SOV,7.77% HARYANA SDL MAT - 29/03/2033
IN1620230020,7.445,2026-09-30,Nippon (55),Nippon,SOVEREIGN,7.39% State Government Securities
IN1620230046,6.3667,2026-09-30,Axis (10),Axis,Sovereign,7.16% Haryana State Development Loans (24/05/2027)
IN1620230426,8.0288,2026-09-30,Axis (5),Axis,Sovereign,7.49% Haryana State Development Loans (27/03/2035)
IN1620240367,7.94,2026-09-30,UTI (1),UTI,SOV,07.08% HARYANA SDL MAT - 26/03/2039
IN1620250077,8.1,2026-09-30,HDFC (1),HDFC,Sovereign,7.03% Haryana SDL ISD 110625 MAT 110639^
IN1620250085,8.09,2026-09-30,HDFC (14),HDFC,Sovereign,7.05% Haryana SDL ISD 250625 Mat 250638^
IN1620250135,8.1,2026-09-30,ICICI Pru (212),ICICI Pru,SOV,State Government of Haryana
IN1620250168,8.1,2026-09-30,HDFC (72),HDFC,Sovereign,7.43% Haryana SDL MAT 170939^
IN1620250184,8.1,2026-09-30,ICICI Pru (73),ICICI Pru,SOV,State Government of Haryana
IN1620250325,8.11,2026-09-30,ICICI Pru (212),ICICI Pru,SOV,State Government of Haryana
IN1620250358,8.1,2026-09-30,HDFC (24); UTI (10),HDFC,Sovereign,7.73% Haryana SDL MAT 180245^
IN1620250366,8.11,2026-09-30,HDFC (54),HDFC,Sovereign,7.67% Haryana SDL MAT 250241^
IN1620250432,8.1,2026-09-30,ICICI Pru (19),ICICI Pru,SOV,State Government of Haryana
IN1720160010,5.527,2026-09-30,SBI (10),SBI,Sovereign,7.17% State Government of Himachal Pradesh 2026
IN1720160028,5.6319,2026-09-30,SBI (43),SBI,Sovereign,7.39% State Government of Himachal Pradesh 2026
IN1720160549,6.16,2026-09-30,ICICI Pru (3),ICICI Pru,SOV,State Government of Himachal pradesh
IN1720170019,6.34,2026-09-30,ICICI Pru (20),ICICI Pru,SOV,State Government of Himachal pradesh
IN1720170035,6.52,2026-09-30,ICICI Pru (76),ICICI Pru,SOV,State Government of Himachal pradesh
IN1720180059,7.4518,2026-09-30,Nippon (0),Nippon,SOVEREIGN,8.43% State Government Securities
IN1720250084,8.11,2026-09-30,ICICI Pru (435),ICICI Pru,SOV,State Government of Himachal pradesh
IN1720250100,8.11,2026-09-30,HDFC (48),HDFC,Sovereign,7.45% Himachal Pradesh SDL ISD 191125 Mat 191140^
IN1720250118,7.4643,2026-09-30,SBI (5),SBI,Sovereign,6.75% State Government of Himachal Pradesh 2029
IN1820170067,6.6,2026-09-30,ICICI Pru (15),ICICI Pru,SOV,State Government of Jammu & Kashmir
IN1820170075,6.6,2026-09-30,ICICI Pru (55),ICICI Pru,SOV,State Government of Jammu & Kashmir
IN1920160018,5.52,2026-09-30,HDFC (16); SBI (50); Tata (10),HDFC,Sovereign,7.14% Karnataka SDL - Mat 131026^
IN1920160026,5.52,2026-09-30,HDFC (5); Nippon (50),HDFC,Sovereign,7.22% Karnataka SDL Mat 261026^
IN1920160034,5.62,2026-09-30,HDFC (2); Nippon (15); Tata (10),HDFC,Sovereign,7.37% Karnataka SDL Mat 091126^
IN1920160042,5.61,2026-09-30,HDFC (3),HDFC,Sovereign,6.83% Karnataka SDL Mat 231126^
IN1920160059,5.69,2026-09-30,HDFC (1); SBI (10); Nippon (18),HDFC,Sovereign,7.08% Karnataka SDL - Mat 141226^
IN1920160067,5.6907,2026-09-30,Nippon (50),Nippon,SOVEREIGN,7.27% State Government Securities
IN1920160075,6.07,2026-09-30,SBI (40); Nippon (20); UTI (25),SBI,Sovereign,7.15% State Government of Karnataka 2027
IN1920160083,6.07,2026-09-30,ICICI Pru (2); Nippon (110),ICICI Pru,SOV,State Government of Karnataka
IN1920160109,6.115,2026-09-30,SBI (10); Axis (10); Nippon (136); UTI (2),SBI,Sovereign,7.75% State Government of Karnataka 2027
IN1920160117,6.12,2026-09-30,HDFC (20); SBI (101); Axis (21); Nippon (258); UTI (50); Tata (539),HDFC,Sovereign,7.86% Karnataka SDL - Mat 150327^
IN1920160125,6.12,2026-09-30,HDFC (76); Axis (37); Nippon (55),HDFC,Sovereign,7.59% Karnataka SDL - Mat 290327^
IN1920170025,6.5489,2026-09-30,SBI (262); ICICI Pru (209),SBI,Sovereign,7.38% State Government of Karnataka 2027
IN1920170066,6.79,2026-09-30,Tata (5),Tata,SOV,SDL KARNATAKA 7.64% (08/11/2027)
IN1920170074,6.79,2026-09-30,Tata (16),Tata,SOV,SDL KARNATAKA 7.70% (15/11/2027)
IN1920170108,6.79,2026-09-30,Tata (5),Tata,SOV,SDL KARNATAKA 7.65% (06/12/2027)
IN1920170116,6.9061,2026-09-30,Nippon (2); Tata (36),Nippon,SOVEREIGN,7.76% State Government Securities
IN1920170124,6.79,2026-09-30,Tata (2),Tata,SOV,SDL KARNATAKA 7.69% (20/12/2027)
IN1920170132,6.79,2026-09-30,Tata (10),Tata,SOV,SDL KARNATAKA 7.82% (27/12/2027)
IN1920170157,7.03,2026-09-30,ICICI Pru (4); Nippon (1),ICICI Pru,SOV,State Government of Karnataka
IN1920180081,7.32,2026-09-30,ICICI Pru (21); Tata (2),ICICI Pru,SOV,State Government of Karnataka
IN1920180115,7.32,2026-09-30,ICICI Pru (16),ICICI Pru,SOV,State Government of Karnataka
IN1920180131,7.3675,2026-09-30,Nippon (1),Nippon,SOVEREIGN,8.17% State Government Securities
IN1920180149,7.3675,2026-09-30,Axis (87); Nippon (1),Axis,Sovereign,8.19% Karnataka State Development Loans (23/01/2029)
IN1920180156,7.5777,2026-09-30,Nippon (41),Nippon,SOVEREIGN,8.22% State Government Securities
IN1920180164,7.37,2026-09-30,ICICI Pru (7); Axis (26); Nippon (15),ICICI Pru,SOV,State Government of Karnataka
IN1920180172,7.3675,2026-09-30,Nippon (1); Tata (10),Nippon,SOVEREIGN,8.3% State Government Securities
IN1920180180,7.3675,2026-09-30,Nippon (1),Nippon,SOVEREIGN,8.34% State Government Securities
IN1920180206,7.37,2026-09-30,ICICI Pru (12); Axis (51); Nippon (9),ICICI Pru,SOV,State Government of Karnataka
IN1920180214,7.3675,2026-09-30,SBI (1); Axis (102); Nippon (1),SBI,Sovereign,8.16% State Government of Karnataka 2029
IN1920180222,7.3675,2026-09-30,SBI (5); Axis (129); Nippon (0),SBI,Sovereign,8.06% State Government of Karnataka 2029
IN1920190023,6.48,2026-09-30,ICICI Pru (10),ICICI Pru,SOV,State Government of Karnataka
IN1920190106,7.4337,2026-09-30,Nippon (45),Nippon,SOVEREIGN,7.17% State Government Securities
IN1920190155,7.4982,2026-09-30,Nippon (15),Nippon,SOVEREIGN,7.17% State Government Securities
IN1920190163,7.5673,2026-09-30,Nippon (5),Nippon,SOVEREIGN,7.2% State Government Securities
IN1920190189,7.02,2026-09-30,HDFC (109); Tata (25),HDFC,Sovereign,6.97% Karnataka SDL Mat 260228^
IN1920190197,7.4878,2026-09-30,Nippon (89),Nippon,SOVEREIGN,6.97% State Government Securities
IN1920190213,7.4982,2026-09-30,Nippon (127),Nippon,SOVEREIGN,7.09% State Government Securities
IN1920200012,7.5162,2026-09-30,Nippon (5),Nippon,SOVEREIGN,7.8% State Government Securities
IN1920200020,7.568,2026-09-30,Nippon (41),Nippon,SOVEREIGN,7.93% State Government Securities
IN1920200053,7.5058,2026-09-30,Nippon (73),Nippon,SOVEREIGN,6.58% State Government Securities
IN1920200087,6.47,2026-09-30,ICICI Pru (119),ICICI Pru,SOV,State Government of Karnataka
IN1920200137,7.5257,2026-09-30,Nippon (48),Nippon,SOVEREIGN,6.48% State Government Securities
IN1920200210,7.5257,2026-09-30,Nippon (21),Nippon,SOVEREIGN,6.56% State Government Securities
IN1920200319,7.5267,2026-09-30,Nippon (10),Nippon,SOVEREIGN,6.61% State Government Securities
IN1920200335,7.5267,2026-09-30,Nippon (8),Nippon,SOVEREIGN,6.51% State Government Securities
IN1920200533,7.5267,2026-09-30,Axis (4); Nippon (39),Axis,Sovereign,6.51% Karnataka State Development Loans (30/12/2030)
IN1920210151,7.6123,2026-09-30,Nippon (3),Nippon,SOVEREIGN,6.83% State Government Securities
IN1920210250,7.8928,2026-09-30,Axis (1),Axis,Sovereign,7.29% Karnataka State Development Loans (12/01/2034)
IN1920230068,7.8157,2026-09-30,Nippon (10),Nippon,SOVEREIGN,7.7% State Government Securities
IN1920230126,7.9944,2026-09-30,Nippon (5),Nippon,SOVEREIGN,7.71% State Government Securities
IN1920230183,7.99,2026-09-30,ICICI Pru (50),ICICI Pru,SOV,State Government of Karnataka
IN1920230258,7.66,2026-09-30,UTI (23),UTI,SOV,7.48% KARNATAKA SGS MAT - 21/02/33
IN1920230274,7.89,2026-09-30,ICICI Pru (0); Nippon (1),ICICI Pru,SOV,State Government of Karnataka
IN1920230316,7.8928,2026-09-30,SBI (24),SBI,Sovereign,7.36% State Government of Karnataka 2034
IN1920230365,8.0227,2026-09-30,Axis (2),Axis,Sovereign,7.46% Karnataka State Development Loans (20/03/2038)
IN1920240026,6.895,2026-09-30,Nippon (71),Nippon,SOVEREIGN,6.9% State Government Securities
IN1920240240,7.8157,2026-09-30,Nippon (39),Nippon,SOVEREIGN,7.11% State Government Securities
IN1920240257,7.89,2026-09-30,ICICI Pru (353); Nippon (19),ICICI Pru,SOV,State Government of Karnataka
IN1920240323,7.7532,2026-09-30,Nippon (4),Nippon,SOVEREIGN,7.04% State Government Securities
IN1920250124,8.0253,2026-09-30,Axis (2),Axis,Sovereign,7.54% Karnataka State Development Loans (21/07/2037)
IN1920250157,7.8,2026-09-30,ICICI Pru (590),ICICI Pru,SOV,State Government of Karnataka
IN1920250165,7.9573,2026-09-30,Axis (0),Axis,Sovereign,7.49% Karnataka State Development Loans (04/02/2035)
IN1920250181,7.9573,2026-09-30,Axis (25),Axis,Sovereign,7.55% Karnataka State Development Loans (11/08/2035)
IN1920250199,7.9944,2026-09-30,Axis (5),Axis,Sovereign,7.56% Karnataka State Development Loans (11/02/2036)
IN1920250223,7.89,2026-09-30,ICICI Pru (294),ICICI Pru,SOV,State Government of Karnataka
IN1920250256,7.9944,2026-09-30,SBI (54); ICICI Pru (418); UTI (11),SBI,Sovereign,7.47% State Government of Karnataka 2036
IN1920250264,7.8157,2026-09-30,SBI (343),SBI,Sovereign,7.31% State Government of Karnataka 2033
IN2020160098,5.55,2026-09-30,HDFC (5),HDFC,Sovereign,7.15% Kerala SDL - Mat 131026^
IN2020160130,6.1575,2026-09-30,SBI (25); Nippon (73),SBI,Sovereign,7.15% State Government of Kerala 2027
IN2020160148,6.2,2026-09-30,HDFC (2); ICICI Pru (10); Axis (63); Nippon (7),HDFC,Sovereign,7.77% Kerala SDL - Mat 010327^
IN2020160155,6.2025,2026-09-30,Nippon (60); UTI (1); Tata (96),Nippon,SOVEREIGN,7.8% State Government Securities
IN2020170014,6.348,2026-09-30,Nippon (5),Nippon,SOVEREIGN,7.64% State Government Securities
IN2020170022,6.3583,2026-09-30,Axis (2),Axis,Sovereign,7.55% Kerala State Development Loans (11/05/2027)
IN2020170055,6.5413,2026-09-30,SBI (10); ICICI Pru (14),SBI,Sovereign,7.25% State Government of Kerala 2027
IN2020170063,6.54,2026-09-30,ICICI Pru (30),ICICI Pru,SOV,State Government of Kerala
IN2020170113,7.1512,2026-09-30,Nippon (3),Nippon,SOVEREIGN,8.2% State Government Securities
IN2020170147,7.1512,2026-09-30,Nippon (3),Nippon,SOVEREIGN,8.13% State Government Securities
IN2020180013,7.1657,2026-09-30,Axis (5); Nippon (5); UTI (1),Axis,Sovereign,8% Kerala State Development Loans (11/04/2028)
IN2020180039,7.176,2026-09-30,Nippon (0),Nippon,SOVEREIGN,8.33% State Government Securities
IN2020180047,7.176,2026-09-30,Nippon (1),Nippon,SOVEREIGN,8.41% State Government Securities
IN2020180070,7.6494,2026-09-30,Nippon (10),Nippon,SOVEREIGN,8.48% State Government Securities
IN2020180104,7.42,2026-09-30,ICICI Pru (1),ICICI Pru,SOV,State Government of Kerala
IN2020180112,7.42,2026-09-30,ICICI Pru (56),ICICI Pru,SOV,State Government of Kerala
IN2020180138,7.47,2026-09-30,ICICI Pru (19),ICICI Pru,SOV,State Government of Kerala
IN2020180146,7.4743,2026-09-30,Nippon (7),Nippon,SOVEREIGN,8.31% State Government Securities
IN2020190061,7.4752,2026-09-30,Nippon (0),Nippon,SOVEREIGN,7.78% State Government Securities
IN2020190210,7.601,2026-09-30,Nippon (35),Nippon,SOVEREIGN,7.05% State Government Securities
IN2020190228,7.5907,2026-09-30,Nippon (5),Nippon,SOVEREIGN,6.84% State Government Securities
IN2020200019,7.6191,2026-09-30,Nippon (41),Nippon,SOVEREIGN,7.91% State Government Securities
IN2020200035,8.04,2026-09-30,ICICI Pru (37),ICICI Pru,SOV,State Government of Kerala
IN2020200092,7.6087,2026-09-30,Nippon (24),Nippon,SOVEREIGN,6.63% State Government Securities
IN2020200134,7.1553,2026-09-30,Axis (2),Axis,Sovereign,6.73% Kerala State Development Loans (10/06/2028)
IN2020200266,7.1408,2026-09-30,Nippon (5),Nippon,SOVEREIGN,7.02% State Government Securities
IN2020200290,6.19,2026-09-30,HDFC (10); Axis (216); Nippon (25),HDFC,Sovereign,6.72% Kerala SDL Mat 240327^
IN2020220025,8.0292,2026-09-30,Nippon (5),Nippon,SOVEREIGN,7.85% State Government Securities
IN2020220116,7.71,2026-09-30,UTI (6),UTI,SOV,7.63% KL SDL MAT - 28/12/2032
IN2020240320,7.95,2026-09-30,UTI (2),UTI,SOV,7.10% KERALA SGS MAT - 26/03/2043
IN2020250139,7.96,2026-09-30,HDFC (98),HDFC,Sovereign,7.52% Kerala SDL ISD 280825 MAT 280833^
IN2020250253,7.93,2026-09-30,UTI (29),UTI,SOV,7.66% KERALA SGS Mat - 18/02/2039
IN2120160055,5.58,2026-09-30,HDFC (25); SBI (25),HDFC,Sovereign,7.15% Madhya Pradesh MAT 131026^
IN2120160097,6.16,2026-09-30,HDFC (11); Nippon (25),HDFC,Sovereign,7.60% Madhya Pradesh SDL Mat 150227^
IN2120160105,6.1794,2026-09-30,Nippon (111); UTI (5),Nippon,SOVEREIGN,7.76% State Government Securities
IN2120160154,6.3,2026-09-30,HDFC (10),HDFC,Sovereign,7.91% Madhya Pradesh (UDAY) SDL - Mat 220327^
IN2120170013,6.56,2026-09-30,ICICI Pru (3),ICICI Pru,SOV,State Government of Madhya Pradesh
IN2120170021,6.56,2026-09-30,ICICI Pru (61),ICICI Pru,SOV,State Government of Madhya Pradesh
IN2120170039,6.63,2026-09-30,ICICI Pru (15),ICICI Pru,SOV,State Government of Madhya Pradesh
IN2120170047,6.6331,2026-09-30,SBI (55); ICICI Pru (462),SBI,Sovereign,7.46% State Government of Madhya Pradesh 2027
IN2120180046,7.3661,2026-09-30,Nippon (2),Nippon,SOVEREIGN,8.55% State Government Securities
IN2120180053,7.3661,2026-09-30,Nippon (5); Tata (15),Nippon,SOVEREIGN,8.42% State Government Securities
IN2120180095,7.43,2026-09-30,ICICI Pru (31); Nippon (230),ICICI Pru,SOV,State Government of Madhya Pradesh
IN2120190086,7.5448,2026-09-30,Nippon (5),Nippon,SOVEREIGN,7.18% State Government Securities
IN2120190144,7.5706,2026-09-30,Nippon (40),Nippon,SOVEREIGN,7.04% State Government Securities
IN2120190235,7.4455,2026-09-30,Nippon (5),Nippon,SOVEREIGN,7.35% State Government Securities
IN2120200083,7.5958,2026-09-30,Nippon (11),Nippon,SOVEREIGN,6.73% State Government Securities
IN2120200109,7.5958,2026-09-30,Nippon (21),Nippon,SOVEREIGN,6.57% State Government Securities
IN2120210041,8.09,2026-09-30,HDFC (46),HDFC,Sovereign,6.99% Madhya Pradesh SDL Mat 171141^
IN2120210066,7.45,2026-09-30,ICICI Pru (5),ICICI Pru,SOV,State Government of Madhya Pradesh
IN2120220040,7.72,2026-09-30,UTI (20),UTI,SOV,7.67% Madhya Pd SDL 01/02/2033
IN2120220065,7.72,2026-09-30,UTI (10),UTI,SOV,7.64% MADHYA PRADESH SDL-08/02/2033
IN2120250096,8.11,2026-09-30,HDFC (23),HDFC,Sovereign,7.22% Madhya Pradesh SDL ISD 060825 Mat 060843^
IN2120250112,8.13,2026-09-30,HDFC (19),HDFC,Sovereign,7.22% Madhya Pradesh ISD 060825 MAT 060848^
IN2120250120,8.11,2026-09-30,"ICICI Pru (1,012)",ICICI Pru,SOV,State Government of Madhya Pradesh
IN2120250138,8.12,2026-09-30,"ICICI Pru (1,205)",ICICI Pru,SOV,State Government of Madhya Pradesh
IN2120250187,8.12,2026-09-30,HDFC (33); ICICI Pru (189),HDFC,Sovereign,7.48% Madhya Pradesh MAT 011045^
IN2120250195,8.13,2026-09-30,ICICI Pru (86),ICICI Pru,SOV,State Government of Madhya Pradesh
IN2120250229,8.1,2026-09-30,HDFC (124),HDFC,Sovereign,7.45% Madhya Pradesh SDL ISD 121125 Mat 121141^
IN2120250260,8.0697,2026-09-30,Axis (4),Axis,Sovereign,7.44% Madhya Pradesh State Development Loans (03/12/2038)
IN2120250427,8.12,2026-09-30,HDFC (15); UTI (0),HDFC,Sovereign,7.72% Madhya Pradesh SDL ISD 180226 Mat 180245^
IN2120250484,7.94,2026-09-30,UTI (49),UTI,SOV,7.65% MADHYAPRADESH SGS Mat - 11/03/2040
IN2220160088,5.52,2026-09-30,HDFC (15); SBI (45); Nippon (3),HDFC,Sovereign,7.15% Maharashtra SDL -  Mat 131026
IN2220160104,5.62,2026-09-30,HDFC (45); SBI (1); Nippon (35),HDFC,Sovereign,7.39% Maharashtra SDL MAT 091126
IN2220160120,5.6907,2026-09-30,Nippon (25),Nippon,SOVEREIGN,7.25% State Government Securities
IN2220170020,6.29,2026-09-30,HDFC (101); SBI (12); Axis (509); Nippon (1); UTI (10),HDFC,Sovereign,7.51% Maharashtra SDL - Mat 240527^
IN2220170038,7.3607,2026-09-30,Nippon (22),Nippon,SOVEREIGN,7.18% State Government Securities
IN2220170061,6.4766,2026-09-30,SBI (347); ICICI Pru (396); Axis (1),SBI,Sovereign,7.20% State Government of Maharashtra 2027
IN2220170103,6.5489,2026-09-30,SBI (159); ICICI Pru (223); Axis (10),SBI,Sovereign,7.33% State Government of Maharashtra 2027
IN2220180052,7.32,2026-09-30,ICICI Pru (30); Nippon (25),ICICI Pru,SOV,State Government of Maharashtra
IN2220190010,7.5266,2026-09-30,Nippon (15),Nippon,SOVEREIGN,8.15% State Government Securities
IN2220190036,7.5361,2026-09-30,Axis (10); Nippon (25),Axis,Sovereign,7.39% Maharashtra State Development Loans (03/07/2030)
IN2220190044,7.4204,2026-09-30,Nippon (0),Nippon,SOVEREIGN,7.11% State Government Securities
IN2220190101,7.4982,2026-09-30,Nippon (38),Nippon,SOVEREIGN,7.27% State Government Securities
IN2220200017,7.5162,2026-09-30,Nippon (298),Nippon,SOVEREIGN,7.83% State Government Securities
IN2220200025,7.5162,2026-09-30,Nippon (91),Nippon,SOVEREIGN,7.6% State Government Securities
IN2220200033,7.5058,2026-09-30,Nippon (48),Nippon,SOVEREIGN,6.54% State Government Securities
IN2220200181,7.26,2026-09-30,ICICI Pru (5),ICICI Pru,SOV,State Government of Maharashtra
IN2220200207,7.7532,2026-09-30,Nippon (24),Nippon,SOVEREIGN,7.1% State Government Securities
IN2220200215,7.17,2026-09-30,Tata (5),Tata,SOV,SDL MAHARASHTRA 6.81% (07/10/2028) #
IN2220200223,7.5267,2026-09-30,Nippon (10),Nippon,SOVEREIGN,6.87% State Government Securities
IN2220200256,7.3,2026-09-30,ICICI Pru (20),ICICI Pru,SOV,State Government of Maharashtra
IN2220200264,7.5267,2026-09-30,Axis (4); Nippon (0),Axis,Sovereign,6.63% Maharashtra State Development Loans (14/10/2030)
IN2220200280,7.5267,2026-09-30,Nippon (40),Nippon,SOVEREIGN,6.56% State Government Securities
IN2220200322,7.5267,2026-09-30,Nippon (44),Nippon,SOVEREIGN,6.52% State Government Securities
IN2220200355,7.36,2026-09-30,ICICI Pru (5),ICICI Pru,SOV,State Government of Maharashtra
IN2220210073,7.5577,2026-09-30,Nippon (5),Nippon,SOVEREIGN,6.78% State Government Securities
IN2220210222,6.47,2026-09-30,ICICI Pru (106),ICICI Pru,SOV,State Government of Maharashtra
IN2220210230,6.47,2026-09-30,ICICI Pru (175); Axis (1),ICICI Pru,SOV,State Government of Maharashtra
IN2220210248,7.8053,2026-09-30,Nippon (30); UTI (72),Nippon,SOVEREIGN,6.91% State Government Securities
IN2220210271,6.09,2026-09-30,HDFC (75); Axis (69),HDFC,Sovereign,6.54% Maharashtra SDL Mat 090227^
IN2220220015,7.3607,2026-09-30,Nippon (3),Nippon,SOVEREIGN,7.11% State Government Securities
IN2220220023,7.5162,2026-09-30,Nippon (70),Nippon,SOVEREIGN,7.18% State Government Securities
IN2220220031,7.3607,2026-09-30,Nippon (20),Nippon,SOVEREIGN,7.61% State Government Securities
IN2220220049,7.5162,2026-09-30,Nippon (30),Nippon,SOVEREIGN,7.63% State Government Securities
IN2220220072,7.89,2026-09-30,HDFC (10); Nippon (2),HDFC,Sovereign,7.72% Maharashtra SDL - Mat 250534^
IN2220220080,7.5162,2026-09-30,Nippon (137),Nippon,SOVEREIGN,7.86% State Government Securities
IN2220220122,7.5371,2026-09-30,Nippon (96),Nippon,SOVEREIGN,7.76% State Government Securities
IN2220220130,7.5371,2026-09-30,Nippon (61),Nippon,SOVEREIGN,7.7% State Government Securities
IN2220220148,7.5371,2026-09-30,Nippon (244),Nippon,SOVEREIGN,7.78% State Government Securities
IN2220220163,7.66,2026-09-30,UTI (1),UTI,SOV,7.64% MAHARASHTRA SDL-25/01/2033
IN2220220171,7.5673,2026-09-30,Nippon (143); UTI (25),Nippon,SOVEREIGN,7.72% State Government Securities
IN2220220189,7.66,2026-09-30,UTI (5),UTI,SOV,7.74% MH SDL MAT - 01/03/2033
IN2220220205,7.66,2026-09-30,UTI (25),UTI,SOV,7.70% MAHARASHTRA SDL-08/03/2033
IN2220220213,7.5673,2026-09-30,Nippon (40),Nippon,SOVEREIGN,7.69% State Government Securities
IN2220220239,7.59,2026-09-30,Tata (10),Tata,SOV,SGS MAHARASHTRA 7.72% (23/03/2032)
IN2220230014,7.05,2026-09-30,HDFC (1),HDFC,Sovereign,7.36% Maharashtra SDL ISD 120423 Mat 120428^
IN2220230022,7.5162,2026-09-30,Nippon (101),Nippon,SOVEREIGN,7.49% State Government Securities
IN2220230030,7.0542,2026-09-30,Nippon (0),Nippon,SOVEREIGN,7.2% State Government Securities
IN2220230147,7.74,2026-09-30,Tata (1),Tata,SOV,SGS MAHARASHTRA 7.70% (08/11/2034)
IN2220230196,7.96,2026-09-30,HDFC (5),HDFC,Sovereign,7.63% Maharashtra SDL Mat 310135^
IN2220230204,7.9944,2026-09-30,Nippon (9),Nippon,SOVEREIGN,7.63% State Government Securities
IN2220230220,7.9944,2026-09-30,Nippon (5),Nippon,SOVEREIGN,7.49% State Government Securities
IN2220230238,7.81,2026-09-30,UTI (0),UTI,SOV,7.46% MAHARASHTRA  SDL-21/02/2035
IN2220240369,8.02,2026-09-30,HDFC (24),HDFC,Sovereign,7.11% Maharashtra SDL ISD 080125 MAT 080138^
IN2220240401,7.9944,2026-09-30,Axis (24); Nippon (8),Axis,Sovereign,7.12% Maharashtra State Development Loans (05/02/2036)
IN2220240427,8.02,2026-09-30,ICICI Pru (900),ICICI Pru,SOV,State Government of Maharashtra
IN2220240435,8.03,2026-09-30,ICICI Pru (764),ICICI Pru,SOV,State Government of Maharashtra
IN2220240476,7.89,2026-09-30,UTI (2),UTI,SOV,7.19% MAHARASHTRA SDL-27/02/2040
IN2220250012,8.0149,2026-09-30,Axis (4); Tata (24),Axis,Sovereign,6.76% Maharashtra State Development Loans (23/04/2037)
IN2220250095,7.86,2026-09-30,UTI (45),UTI,SOV,6.98% MAHARASHTRA  SGS MAT -25/06/2037
IN2220250103,8.02,2026-09-30,HDFC (33),HDFC,Sovereign,7.03% Maharashtra SDL ISD 250625 MAT 250638^
IN2220250111,8.03,2026-09-30,HDFC (94),HDFC,Sovereign,7.08% Maharashtra SDL ISD 250625 MAT 250639^
IN2220250186,8.06,2026-09-30,ICICI Pru (151),ICICI Pru,SOV,State Government of Maharashtra
IN2220250194,8.1,2026-09-30,ICICI Pru (670),ICICI Pru,SOV,State Government of Maharashtra
IN2220250202,8.1,2026-09-30,ICICI Pru (665),ICICI Pru,SOV,State Government of Maharashtra
IN2220250210,8.11,2026-09-30,ICICI Pru (563),ICICI Pru,SOV,State Government of Maharashtra
IN2220250293,7.82,2026-09-30,ICICI Pru (338),ICICI Pru,SOV,State Government of Maharashtra
IN2220250301,7.89,2026-09-30,ICICI Pru (476),ICICI Pru,SOV,State Government of Maharashtra
IN2220250319,7.99,2026-09-30,ICICI Pru (85),ICICI Pru,SOV,State Government of Maharashtra
IN2220250343,7.99,2026-09-30,HDFC (38),HDFC,Sovereign,7.20% Maharashtra SDL MAT 231036^
IN2220250376,8.03,2026-09-30,ICICI Pru (59),ICICI Pru,SOV,State Government of Maharashtra
IN2220250392,8.0411,2026-09-30,Axis (13),Axis,Sovereign,7.43% Maharashtra State Development Loans (03/12/2040)
IN2220250434,7.8928,2026-09-30,Axis (6),Axis,Sovereign,7.44% Maharashtra State Development Loans (04/02/2034)
IN2220250442,7.87,2026-09-30,UTI (24),UTI,SOV,7.54% MAHARASHTRA SGS Mat - 04/02/2037
IN2220250475,7.89,2026-09-30,ICICI Pru (104),ICICI Pru,SOV,State Government of Maharashtra
IN2220260029,8.05,2026-09-30,ICICI Pru (50),ICICI Pru,SOV,State Government of Maharashtra
IN2220260045,7.8928,2026-09-30,SBI (11); ICICI Pru (77); Tata (89),SBI,Sovereign,7.55% State Government of Maharashtra 2034
IN2420170028,6.5505,2026-09-30,SBI (5),SBI,Sovereign,7.31% State Government of Meghalaya 2027
IN2420180068,7.5,2026-09-30,ICICI Pru (0),ICICI Pru,SOV,State Government of Meghalaya
IN2520170027,6.6255,2026-09-30,SBI (25),SBI,Sovereign,7.41% State Government of Mizoram 2027
IN2720250082,8.08,2026-09-30,ICICI Pru (83),ICICI Pru,SOV,State Government of Odisha
IN2820170099,6.577,2026-09-30,SBI (32),SBI,Sovereign,7.30% State Government of Punjab 2027
IN2820170115,6.6493,2026-09-30,SBI (10),SBI,Sovereign,7.42% State Government of Punjab 2027
IN2820180015,7.1907,2026-09-30,Nippon (1),Nippon,SOVEREIGN,7.99% State Government Securities
IN2820180049,7.201,2026-09-30,Nippon (1),Nippon,SOVEREIGN,8.34% State Government Securities
IN2820180056,7.201,2026-09-30,Nippon (0),Nippon,SOVEREIGN,8.62% State Government Securities
IN2820180114,7.45,2026-09-30,ICICI Pru (5),ICICI Pru,SOV,State Government of Punjab
IN2820180130,7.5147,2026-09-30,Nippon (0),Nippon,SOVEREIGN,8.38% State Government Securities
IN2820190014,7.5186,2026-09-30,Nippon (5),Nippon,SOVEREIGN,7.6% State Government Securities
IN2820250156,7.724,2026-09-30,Axis (3),Axis,Sovereign,7.48% Punjab State Development Loans (14/01/2031)
IN2820260015,8.0985,2026-09-30,Axis (3),Axis,Sovereign,7.91% Punjab State Development Loans (08/04/2036)
IN2920160180,5.67,2026-09-30,HDFC (2),HDFC,Sovereign,7.37% Rajasthan SDL - Mat 091126^
IN2920160198,5.6559,2026-09-30,SBI (25),SBI,Sovereign,6.82% State Government of Rajasthan 2026
IN2920160206,5.6559,2026-09-30,Nippon (5),Nippon,SOVEREIGN,6.85% State Government Securities
IN2920160214,5.74,2026-09-30,ICICI Pru (3),ICICI Pru,SOV,State Government of Rajasthan
IN2920160222,6.1066,2026-09-30,SBI (2),SBI,Sovereign,7.15% State Government of Rajasthan 2027
IN2920160412,6.1316,2026-09-30,Nippon (8),Nippon,SOVEREIGN,7.59% State Government Securities
IN2920160420,6.15,2026-09-30,ICICI Pru (8); Axis (65),ICICI Pru,SOV,State Government of Rajasthan
IN2920160438,6.1516,2026-09-30,Axis (5); Nippon (40),Axis,Sovereign,7.85% Rajasthan State Development Loans (15/03/2027)
IN2920160446,6.1516,2026-09-30,SBI (10); ICICI Pru (2),SBI,Sovereign,7.61% State Government of Rajasthan 2027
IN2920170015,6.3601,2026-09-30,Axis (101),Axis,Sovereign,7.51% Rajasthan State Development Loans (24/05/2027)
IN2920170023,6.3601,2026-09-30,SBI (50); ICICI Pru (10),SBI,Sovereign,7.23% State Government of Rajasthan 2027
IN2920170031,6.36,2026-09-30,ICICI Pru (10),ICICI Pru,SOV,State Government of Rajasthan
IN2920170072,6.6205,2026-09-30,SBI (187); ICICI Pru (724); Axis (1),SBI,Sovereign,7.45% State Government of Rajasthan 2027
IN2920170098,6.86,2026-09-30,Tata (15),Tata,SOV,SDL RAJASTHAN 7.64% (01/11/2027)
IN2920170106,6.86,2026-09-30,Tata (10),Tata,SOV,SDL RAJASTHAN 7.65% (29/11/2027)
IN2920170114,6.86,2026-09-30,Tata (5),Tata,SOV,SDL RAJASTHAN 7.65% (06/12/2027)
IN2920170122,6.98,2026-09-30,ICICI Pru (5); Nippon (25); Tata (20),ICICI Pru,SOV,State Government of Rajasthan
IN2920170148,7.1018,2026-09-30,Nippon (81),Nippon,SOVEREIGN,8.07% State Government Securities
IN2920170155,7.1018,2026-09-30,Axis (6),Axis,Sovereign,8.28% Rajasthan State Development Loans (21/02/2028)
IN2920170189,7.1018,2026-09-30,Axis (5); Nippon (31),Axis,Sovereign,8.44% Rajasthan State Development Loans (07/03/2028)
IN2920170197,7.1018,2026-09-30,Nippon (1),Nippon,SOVEREIGN,8.28% State Government Securities
IN2920170205,7.1018,2026-09-30,Nippon (7),Nippon,SOVEREIGN,8.13% State Government Securities
IN2920180014,7.1312,2026-09-30,Nippon (2),Nippon,SOVEREIGN,7.98% State Government Securities
IN2920180030,7.1416,2026-09-30,Axis (5); Nippon (13),Axis,Sovereign,8.16% Rajasthan State Development Loans (09/05/2028)
IN2920180063,7.1416,2026-09-30,Nippon (5),Nippon,SOVEREIGN,8.4% State Government Securities
IN2920180097,7.1416,2026-09-30,Nippon (0),Nippon,SOVEREIGN,8.4% State Government Securities
IN2920180121,7.3764,2026-09-30,Nippon (1),Nippon,SOVEREIGN,8.54% State Government Securities
IN2920180170,7.38,2026-09-30,ICICI Pru (5),ICICI Pru,SOV,State Government of Rajasthan
IN2920180188,7.38,2026-09-30,ICICI Pru (30),ICICI Pru,SOV,State Government of Rajasthan
IN2920180196,7.38,2026-09-30,ICICI Pru (32),ICICI Pru,SOV,State Government of Rajasthan
IN2920180204,7.38,2026-09-30,ICICI Pru (1),ICICI Pru,SOV,State Government of Rajasthan
IN2920180238,7.39,2026-09-30,ICICI Pru (15),ICICI Pru,SOV,State Government of Rajasthan
IN2920180261,7.394,2026-09-30,Nippon (0),Nippon,SOVEREIGN,8.36% State Government Securities
IN2920180279,7.39,2026-09-30,ICICI Pru (81),ICICI Pru,SOV,State Government of Rajasthan
IN2920180303,7.4437,2026-09-30,Nippon (31),Nippon,SOVEREIGN,8.32% State Government Securities
IN2920180311,7.44,2026-09-30,ICICI Pru (10),ICICI Pru,SOV,State Government of Rajasthan
IN2920180329,7.44,2026-09-30,ICICI Pru (2),ICICI Pru,SOV,State Government of Rajasthan
IN2920180337,7.44,2026-09-30,ICICI Pru (88); Nippon (5),ICICI Pru,SOV,State Government of Rajasthan
IN2920190021,7.455,2026-09-30,SBI (5); Nippon (2),SBI,Sovereign,8.15% State Government of Rajasthan 2029
IN2920190039,7.455,2026-09-30,Nippon (0),Nippon,SOVEREIGN,8.07% State Government Securities
IN2920190237,7.5099,2026-09-30,Axis (0),Axis,Sovereign,7.16% Rajasthan State Development Loans (16/10/2029)
IN2920190302,7.5099,2026-09-30,Nippon (5),Nippon,SOVEREIGN,7.27% State Government Securities
IN2920190336,7.5626,2026-09-30,Nippon (10),Nippon,SOVEREIGN,7.17% State Government Securities
IN2920190443,7.5522,2026-09-30,SBI (19); Nippon (29),SBI,Sovereign,6.84% State Government of Rajasthan 2030
IN2920190476,7.5626,2026-09-30,Nippon (5),Nippon,SOVEREIGN,7.3% State Government Securities
IN2920200036,6.36,2026-09-30,ICICI Pru (10); Nippon (5),ICICI Pru,SOV,State Government of Rajasthan
IN2920200614,6.12,2026-09-30,Tata (25),Tata,SOV,SDL RAJASTHAN 6.45% (03/02/2027)
IN2920200655,7.6503,2026-09-30,Axis (10),Axis,Sovereign,6.95% Rajasthan State Development Loans (10/02/2031)
IN2920200739,7.6607,2026-09-30,Nippon (5),Nippon,SOVEREIGN,7.15% State Government Securities
IN2920210290,6.61,2026-09-30,ICICI Pru (56),ICICI Pru,SOV,State Government of Rajasthan
IN2920210407,5.7259,2026-09-30,SBI (5),SBI,Sovereign,6.29% State Government of Rajasthan 2026
IN2920210506,6.14,2026-09-30,HDFC (25); Axis (15),HDFC,Sovereign,6.48% Rajasthan SDL- Mat 020327^
IN2920220190,7.68,2026-09-30,UTI (1),UTI,SOV,7.84% RAJASTHAN SDL MAT- 27/10/2032
IN2920220224,7.68,2026-09-30,UTI (0),UTI,SOV,07.61% RAJASTHAN SDL MAT- 28/12/2032
IN2920220349,7.71,2026-09-30,UTI (30),UTI,SOV,07.78% RAJASTHAN  SDL 29/03/2033
IN2920230355,7.8722,2026-09-30,SBI (3),SBI,Sovereign,7.74% State Government of Rajasthan 2033
IN2920230389,7.66,2026-09-30,HDFC (25),HDFC,Sovereign,7.66% RAJASTHAN SDL ISD 240124 Mat 240131^
IN2920240032,7.93,2026-09-30,UTI (0),UTI,SOV,7.52% RAJASTHAN SGS MAT - 02/05/2039
IN2920250163,8.0138,2026-09-30,SBI (24),SBI,Sovereign,7.49% State Government of Rajasthan 2035
IN2920250171,8.11,2026-09-30,ICICI Pru (862),ICICI Pru,SOV,State Government of Rajasthan
IN2920250205,8.0138,2026-09-30,Nippon (2); UTI (190),Nippon,SOVEREIGN,7.32% State Government Securities
IN2920250213,8.08,2026-09-30,ICICI Pru (666),ICICI Pru,SOV,State Government of Rajasthan
IN2920250221,8.08,2026-09-30,ICICI Pru (252),ICICI Pru,SOV,State Government of Rajasthan
IN2920250247,7.86,2026-09-30,UTI (96),UTI,SOV,07.23% RAJASTHAN SGS Mat - 23/10/2035
IN2920250296,8.08,2026-09-30,HDFC (14); ICICI Pru (49),HDFC,Sovereign,7.29% Rajasthan SDL ISD 191125 Mat 191137^
IN2920250312,8.05,2026-09-30,ICICI Pru (56),ICICI Pru,SOV,State Government of Rajasthan
IN2920250338,8.01,2026-09-30,ICICI Pru (380),ICICI Pru,SOV,State Government of Rajasthan
IN2920250361,7.67,2026-09-30,ICICI Pru (15),ICICI Pru,SOV,State Government of Rajasthan
IN2920250395,7.8561,2026-09-30,SBI (5),SBI,Sovereign,7.44% State Government of Rajasthan 2033
IN2920250452,8.08,2026-09-30,HDFC (101); UTI (10),HDFC,Sovereign,7.99% Rajasthan SDL MAT 300341^
IN2920260030,8.0509,2026-09-30,SBI (123),SBI,Sovereign,7.64% State Government of Rajasthan 2036
IN3120160111,5.5156,2026-09-30,SBI (3),SBI,Sovereign,7.14% State Government of Tamil Nadu 2026
IN3120160129,5.52,2026-09-30,HDFC (20); SBI (11),HDFC,Sovereign,7.23% Tamil Nadu Mat 261026^
IN3120160137,5.62,2026-09-30,HDFC (55); ICICI Pru (231); Axis (30); Nippon (59); Tata (25),HDFC,Sovereign,7.39% TAMIL NADU SDL - Mat 091126^
IN3120160145,5.6106,2026-09-30,SBI (25),SBI,Sovereign,6.84% State Government of Tamil Nadu 2026
IN3120160152,5.6906,2026-09-30,SBI (10); ICICI Pru (75); Nippon (5),SBI,Sovereign,7.07% State Government of Tamil Nadu 2026
IN3120160178,6.07,2026-09-30,SBI (50); Nippon (20),SBI,Sovereign,7.16% State Government of Tamil Nadu 2027
IN3120160186,6.07,2026-09-30,HDFC (100); ICICI Pru (5); Nippon (25),HDFC,Sovereign,7.20% Tamil Nadu Mat 250127^
IN3120160194,6.1,2026-09-30,HDFC (6); Axis (20); Nippon (25); UTI (50),HDFC,Sovereign,7.61% Tamil Nadu SDL - Mat 150227^
IN3120160327,6.245,2026-09-30,Axis (5),Axis,Sovereign,7.75% Tamil Nadu UDAY BOND (22/02/2027)
IN3120161135,6.245,2026-09-30,Axis (10),Axis,Sovereign,7.74% Tamilnadu UDAY BOND (22/02/2027)
IN3120161309,6.12,2026-09-30,HDFC (74); Nippon (72),HDFC,Sovereign,7.74% Tamil Nadu SDL Mat 010327^
IN3120161317,6.115,2026-09-30,Axis (5); UTI (2),Axis,Sovereign,7.85% Tamilnadu State Development Loans (15/03/2027)
IN3120161366,6.265,2026-09-30,Axis (5),Axis,Sovereign,7.9% Tamilnadu UDAY BOND (22/03/2027)
IN3120161424,6.115,2026-09-30,SBI (10); ICICI Pru (5); Nippon (45); UTI (0),SBI,Sovereign,7.62% State Government of Tamil Nadu 2027
IN3120170037,6.2937,2026-09-30,SBI (35); Axis (195),SBI,Sovereign,7.52% State Government of Tamil Nadu 2027
IN3120170045,6.29,2026-09-30,HDFC (3); SBI (5); ICICI Pru (34); Axis (3); Nippon (2); UTI (1),HDFC,Sovereign,7.23% Tamil Nadu SDL MAT 140627^
IN3120170052,6.2937,2026-09-30,SBI (35); ICICI Pru (22); Axis (1),SBI,Sovereign,7.24% State Government of Tamil Nadu 2027
IN3120170060,6.48,2026-09-30,ICICI Pru (94); Axis (6),ICICI Pru,SOV,State Government of Tamil Nadu
IN3120170078,6.4766,2026-09-30,SBI (423); ICICI Pru (55); Axis (1); UTI (15),SBI,Sovereign,7.18% State Government of Tamil Nadu 2027
IN3120170086,6.48,2026-09-30,ICICI Pru (173),ICICI Pru,SOV,State Government of Tamil Nadu
IN3120170094,6.9054,2026-09-30,Nippon (5); Tata (56),Nippon,SOVEREIGN,7.65% State Government Securities
IN3120170102,6.79,2026-09-30,Tata (10),Tata,SOV,SDL TAMILNADU 7.69% (20/12/2027)
IN3120170128,7.0397,2026-09-30,Nippon (5),Nippon,SOVEREIGN,8.28% State Government Securities
IN3120170144,6.92,2026-09-30,Tata (66),Tata,SOV,SDL TAMILNADU 8.43% (07/03/2028)
IN3120170151,7.0397,2026-09-30,Nippon (2),Nippon,SOVEREIGN,8.28% State Government Securities
IN3120180010,7.0645,2026-09-30,Axis (107); Nippon (99); UTI (6),Axis,Sovereign,8.05% Tamilnadu State Development Loans (18/04/2028)
IN3120180036,7.0645,2026-09-30,Axis (9); Nippon (8),Axis,Sovereign,8.15% Tamil Nadu State Development Loans (09/05/2028)
IN3120180051,7.0645,2026-09-30,Nippon (3),Nippon,SOVEREIGN,8.32% State Government Securities
IN3120180119,6.56,2026-09-30,ICICI Pru (346),ICICI Pru,SOV,State Government of Tamil Nadu
IN3120180168,7.32,2026-09-30,ICICI Pru (31),ICICI Pru,SOV,State Government of Tamil Nadu
IN3120180184,7.32,2026-09-30,ICICI Pru (31); Axis (51),ICICI Pru,SOV,State Government of Tamil Nadu
IN3120180192,7.32,2026-09-30,ICICI Pru (147); Nippon (3),ICICI Pru,SOV,State Government of Tamil Nadu
IN3120180200,7.32,2026-09-30,ICICI Pru (98); Axis (51); Nippon (34),ICICI Pru,SOV,State Government of Tamil Nadu
IN3120180226,7.37,2026-09-30,ICICI Pru (15); Nippon (12),ICICI Pru,SOV,State Government of Tamil Nadu
IN3120190191,5.6207,2026-09-30,SBI (3),SBI,Sovereign,7.05% State Government of Tamil Nadu 2026
IN3120190217,7.43,2026-09-30,HDFC (3); SBI (1); Nippon (3),HDFC,Sovereign,7.17% Tamilnadu SDL MAT 271129^
IN3120190225,7.5371,2026-09-30,Nippon (5),Nippon,SOVEREIGN,7.19% State Government Securities
IN3120200016,7.5162,2026-09-30,Nippon (86),Nippon,SOVEREIGN,7.75% State Government Securities
IN3120200065,7.5058,2026-09-30,Nippon (24),Nippon,SOVEREIGN,6.73% State Government Securities
IN3120200115,7.5058,2026-09-30,Nippon (77),Nippon,SOVEREIGN,6.6% State Government Securities
IN3120200149,7.5058,2026-09-30,Nippon (5),Nippon,SOVEREIGN,6.55% State Government Securities
IN3120200214,7.5257,2026-09-30,Nippon (24),Nippon,SOVEREIGN,6.41% State Government Securities
IN3120200222,7.5257,2026-09-30,Nippon (85),Nippon,SOVEREIGN,6.33% State Government Securities
IN3120200255,7.5257,2026-09-30,Nippon (29),Nippon,SOVEREIGN,6.5% State Government Securities
IN3120200289,7.5257,2026-09-30,Nippon (20),Nippon,SOVEREIGN,6.66% State Government Securities
IN3120200297,7.5257,2026-09-30,Axis (5); Nippon (15),Axis,Sovereign,6.69% Tamilnadu State Development Loans (23/09/2030)
IN3120200347,7.5569,2026-09-30,Nippon (73),Nippon,SOVEREIGN,6.57% State Government Securities
IN3120200362,7.5569,2026-09-30,Nippon (54),Nippon,SOVEREIGN,6.95% State Government Securities
IN3120210163,7.5947,2026-09-30,SBI (44),SBI,Sovereign,7.00% State Government of Tamil Nadu 2031
IN3120210254,7.4234,2026-09-30,Nippon (25),Nippon,SOVEREIGN,6.66% State Government Securities
IN3120210262,7.6123,2026-09-30,Nippon (4),Nippon,SOVEREIGN,6.83% State Government Securities
IN3120210296,7.4982,2026-09-30,Nippon (229),Nippon,SOVEREIGN,7.04% State Government Securities
IN3120210304,7.7346,2026-09-30,Nippon (5),Nippon,SOVEREIGN,7.24% State Government Securities
IN3120210361,7.4982,2026-09-30,Nippon (109),Nippon,SOVEREIGN,7.03% State Government Securities
IN3120210395,7.4982,2026-09-30,Nippon (10),Nippon,SOVEREIGN,7.12% State Government Securities
IN3120210437,7.4982,2026-09-30,Nippon (10),Nippon,SOVEREIGN,7.09% State Government Securities
IN3120210502,7.4982,2026-09-30,Nippon (18),Nippon,SOVEREIGN,7.17% State Government Securities
IN3120220089,7.42,2026-09-30,HDFC (5),HDFC,Sovereign,7.64% Tamil Nadu SDL MAT 270729^
IN3120220113,7.7532,2026-09-30,Nippon (10),Nippon,SOVEREIGN,7.75% State Government Securities
IN3120220253,7.66,2026-09-30,UTI (5),UTI,SOV,07.62% TAMIL NADU SDL - 04/01/2033
IN3120220279,7.7996,2026-09-30,Nippon (15); UTI (50),Nippon,SOVEREIGN,7.65% State Government Securities
IN3120230344,7.8157,2026-09-30,SBI (2),SBI,Sovereign,7.66% State Government of Tamil Nadu 2033
IN3120240012,7.8928,2026-09-30,Nippon (1),Nippon,SOVEREIGN,7.42% State Government Securities
IN3120240053,7.89,2026-09-30,ICICI Pru (0),ICICI Pru,SOV,State Government of Tamil Nadu
IN3120240137,7.74,2026-09-30,Tata (2),Tata,SOV,SGS TAMILNADU 7.35% (03/07/2034)
IN3120240574,7.7996,2026-09-30,SBI (0),SBI,Sovereign,7.17% State Government of Tamil Nadu 2033
IN3120240582,7.9944,2026-09-30,Axis (1),Axis,Sovereign,7.18% Tamilnadu State Development Loans (27/08/2036)
IN3120240699,7.4204,2026-09-30,Nippon (84),Nippon,SOVEREIGN,7.02% State Government Securities
IN3120240715,7.7996,2026-09-30,Nippon (68),Nippon,SOVEREIGN,7.15% State Government Securities
IN3120250151,7.8,2026-09-30,UTI (23),UTI,SOV,06.80 TN SDL MAT 02/07/2035
IN3120250243,6.5385,2026-09-30,SBI (230),SBI,Sovereign,6.27% State Government of Tamil Nadu 2027
IN3120250292,7.82,2026-09-30,ICICI Pru (6),ICICI Pru,SOV,State Government of Tamil Nadu
IN3120250300,7.96,2026-09-30,ICICI Pru (338); UTI (3),ICICI Pru,SOV,State Government of Tamil Nadu
IN3120250391,7.4234,2026-09-30,SBI (5),SBI,Sovereign,6.55% State Government of Tamil Nadu 2029
IN3120250458,7.8157,2026-09-30,Axis (62),Axis,Sovereign,7.18% Tamilnadu State Development Loans (03/12/2033)
IN3120250474,8.1132,2026-09-30,SBI (14),SBI,Sovereign,7.52% State Government of Tamil Nadu 2055
IN3120250482,7.4234,2026-09-30,SBI (10),SBI,Sovereign,6.77% State Government of Tamil Nadu 2029
IN3120250631,7.7996,2026-09-30,Nippon (49),Nippon,SOVEREIGN,7.31% State Government Securities
IN3120250730,7.3468,2026-09-30,Axis (322),Axis,Sovereign,6.54% Tamilnadu State Development Loans (25/02/2029)
IN3120250797,7.3468,2026-09-30,Axis (109),Axis,Sovereign,6.64% Tamilnadu State Development Loans (11/03/2029)
IN3120250854,8.0227,2026-09-30,SBI (4); Axis (3); UTI (10),SBI,Sovereign,7.57% State Government of Tamil Nadu 2038
IN3120260028,7.99,2026-09-30,HDFC (50); SBI (50),HDFC,Sovereign,7.73% Tamil Nadu Mat 060536^
IN3120260044,7.8,2026-09-30,ICICI Pru (150),ICICI Pru,SOV,State Government of Tamil Nadu
IN3120260051,7.9944,2026-09-30,SBI (353),SBI,Sovereign,7.74% State Government of Tamil Nadu 2036
IN3120260077,7.89,2026-09-30,HDFC (20); Tata (1),HDFC,Sovereign,7.39% TAMIL NADU SDL - Mat 150734^
IN3320140210,7.1156,2026-09-30,Nippon (23),Nippon,SOVEREIGN,8.67% State Government Securities
IN3320150607,7.2397,2026-09-30,Nippon (0),Nippon,SOVEREIGN,8.71% State Government Securities
IN3320150714,6.3,2026-09-30,HDFC (10),HDFC,Sovereign,8.42% Uttar Pradesh Uday SDL - Mat 290327^
IN3320160127,7.2645,2026-09-30,Nippon (2),Nippon,SOVEREIGN,8.49% State Government Securities
IN3320160242,5.52,2026-09-30,HDFC (5),HDFC,Sovereign,7.16% UP SDL Mat 131026^
IN3320160259,5.52,2026-09-30,HDFC (20),HDFC,Sovereign,7.24% Uttar Pradesh Mat 261026^
IN3320160267,5.62,2026-09-30,HDFC (24); SBI (25); ICICI Pru (80); Nippon (50),HDFC,Sovereign,7.41% Uttar Pradesh SDL - Mat 091126^
IN3320160283,5.6129,2026-09-30,Nippon (5),Nippon,SOVEREIGN,6.87% State Government Securities
IN3320160291,6.1267,2026-09-30,SBI (25); Nippon (5),SBI,Sovereign,7.17% State Government of Uttar Pradesh 2027
IN3320160309,6.13,2026-09-30,HDFC (1); Nippon (35),HDFC,Sovereign,7.20% Uttar Pradesh SDL - Mat 250127^
IN3320160317,6.105,2026-09-30,Axis (141); Nippon (25),Axis,Sovereign,7.62% Uttar Pradesh State Development Loans (15/02/2027)
IN3320160325,6.17,2026-09-30,HDFC (5),HDFC,Sovereign,7.78% Uttar Pradesh SDL Mat 010327^
IN3320160341,6.17,2026-09-30,HDFC (2); Axis (5); Nippon (10),HDFC,Sovereign,7.87% Uttar Pradesh SDL - Mat 150327^
IN3320160358,6.1717,2026-09-30,Axis (5); UTI (10),Axis,Sovereign,7.64% Uttar Pradesh State Development Loans (29/03/2027)
IN3320170019,6.3219,2026-09-30,Nippon (54),Nippon,SOVEREIGN,7.67% State Government Securities
IN3320170035,6.3322,2026-09-30,Axis (10); UTI (1),Axis,Sovereign,7.61% Uttar Pradesh State Development Loans (11/05/2027)
IN3320170043,6.3322,2026-09-30,SBI (338); Axis (66),SBI,Sovereign,7.52% State Government of Uttar Pradesh 2027
IN3320170050,6.58,2026-09-30,ICICI Pru (143),ICICI Pru,SOV,State Government of Uttar Pradesh
IN3320170068,6.5758,2026-09-30,SBI (10); ICICI Pru (50),SBI,Sovereign,7.19% State Government of Uttar Pradesh 2027
IN3320170084,6.58,2026-09-30,ICICI Pru (33),ICICI Pru,SOV,State Government of Uttar Pradesh
IN3320170092,6.65,2026-09-30,ICICI Pru (268),ICICI Pru,SOV,State Government of Uttar Pradesh
IN3320170100,6.65,2026-09-30,ICICI Pru (243),ICICI Pru,SOV,State Government of Uttar Pradesh
IN3320170126,6.96,2026-09-30,ICICI Pru (5),ICICI Pru,SOV,State Government of Uttar Pradesh
IN3320170142,6.85,2026-09-30,Tata (25),Tata,SOV,SDL UTTAR PRADESH 7.67% (29/11/2027)
IN3320170167,6.85,2026-09-30,Tata (38),Tata,SOV,SDL UTTAR PRADESH 7.85% (27/12/2027)
IN3320180018,6.99,2026-09-30,UTI (9),UTI,SOV,7.98% UP SDL MAT - 11/04/2028
IN3320180026,7.1214,2026-09-30,Nippon (6),Nippon,SOVEREIGN,8.39% State Government Securities
IN3320180034,7.1214,2026-09-30,Nippon (0),Nippon,SOVEREIGN,8.45% State Government Securities
IN3320180042,7.37,2026-09-30,ICICI Pru (51),ICICI Pru,SOV,State Government of Uttar Pradesh
IN3320180059,7.37,2026-09-30,ICICI Pru (8),ICICI Pru,SOV,State Government of Uttar Pradesh
IN3320180067,7.37,2026-09-30,ICICI Pru (10),ICICI Pru,SOV,State Government of Uttar Pradesh
IN3320180083,7.37,2026-09-30,ICICI Pru (1),ICICI Pru,SOV,State Government of Uttar Pradesh
IN3320180091,7.37,2026-09-30,ICICI Pru (15),ICICI Pru,SOV,State Government of Uttar Pradesh
IN3320180125,7.4244,2026-09-30,Nippon (0),Nippon,SOVEREIGN,8.22% State Government Securities
IN3320180141,7.4244,2026-09-30,Nippon (2),Nippon,SOVEREIGN,8.34% State Government Securities
IN3320180158,7.42,2026-09-30,HDFC (1); ICICI Pru (15); Nippon (77),HDFC,Sovereign,8.32% Uttar Pradesh SDL - Mat 130229^
IN3320180166,7.42,2026-09-30,ICICI Pru (10),ICICI Pru,SOV,State Government of Uttar Pradesh
IN3320180174,7.42,2026-09-30,ICICI Pru (67); Nippon (79),ICICI Pru,SOV,State Government of Uttar Pradesh
IN3320180182,7.4244,2026-09-30,SBI (10); ICICI Pru (10),SBI,Sovereign,8.39% State Government of Uttar Pradesh 2029
IN3320190157,7.4817,2026-09-30,SBI (0),SBI,Sovereign,7.29% State Government of Uttar Pradesh 2029
IN3320190231,7.5654,2026-09-30,Nippon (25),Nippon,SOVEREIGN,7.03% State Government Securities
IN3320200105,7.5827,2026-09-30,Nippon (15),Nippon,SOVEREIGN,6.74% State Government Securities
IN3320200121,7.5837,2026-09-30,Nippon (15),Nippon,SOVEREIGN,6.91% State Government Securities
IN3320210096,7.6444,2026-09-30,Nippon (10),Nippon,SOVEREIGN,6.89% State Government Securities
IN3320220152,7.92,2026-09-30,UTI (25),UTI,SOV,7.74% UTTAR PRADESH SDL -  15/03/2037
IN3320220186,7.72,2026-09-30,UTI (6),UTI,SOV,7.79% UTTARPRADESH SDL 29/03/2033
IN3320230102,7.9353,2026-09-30,Axis (5),Axis,Sovereign,7.68% Uttar Pradesh State Development Loans (18/10/2034)
IN3320230318,8.05,2026-09-30,HDFC (10); UTI (33),HDFC,Sovereign,7.48% Uttar Pradesh SDL ISD 200324 Mat 200336^
IN3320250050,7.88,2026-09-30,ICICI Pru (435),ICICI Pru,SOV,State Government of Uttar Pradesh
IN3320250092,8.05,2026-09-30,ICICI Pru (72),ICICI Pru,SOV,State Government of Uttar Pradesh
IN3320250118,8.01,2026-09-30,ICICI Pru (53),ICICI Pru,SOV,State Government of Uttar Pradesh
IN3320250126,8.05,2026-09-30,ICICI Pru (13),ICICI Pru,SOV,State Government of Uttar Pradesh
IN3320250183,7.9,2026-09-30,UTI (24),UTI,SOV,7.57% UTTARPRADESH SGS Mat - 04/02/2036
IN3320260026,8.0539,2026-09-30,SBI (22),SBI,Sovereign,7.72% State Government of Uttar Pradesh 2036
IN3320260042,8.1296,2026-09-30,SBI (25),SBI,Sovereign,7.82% State Government of Uttar Pradesh 2046
IN3420160084,5.5365,2026-09-30,SBI (66),SBI,Sovereign,7.25% State Government of West Bengal 2026
IN3420160092,5.6415,2026-09-30,Nippon (10),Nippon,SOVEREIGN,7.42% State Government Securities
IN3420160100,5.6315,2026-09-30,Axis (5),Axis,Sovereign,6.88% West Bangal State Development Loans (23/11/2026)
IN3420160118,5.7329,2026-09-30,SBI (1); ICICI Pru (67),SBI,Sovereign,7.10% State Government of West Bengal 2026
IN3420160126,5.71,2026-09-30,ICICI Pru (75); Nippon (52),ICICI Pru,SOV,State Government of West Bengal
IN3420160134,6.1875,2026-09-30,Nippon (5); Tata (20),Nippon,SOVEREIGN,7.16% State Government Securities
IN3420160142,6.19,2026-09-30,ICICI Pru (50); Nippon (25),ICICI Pru,SOV,State Government of West Bengal
IN3420160167,6.2325,2026-09-30,Axis (33); Nippon (60); UTI (5),Axis,Sovereign,7.78% West Bengal State Development Loans (01/03/2027)
IN3420160175,6.2325,2026-09-30,Axis (119); Nippon (40),Axis,Sovereign,7.92% West Bangal State Development Loans (15/03/2027)
IN3420160183,6.2325,2026-09-30,Axis (40),Axis,Sovereign,7.64% West Bangal State Development Loans (29/03/2027)
IN3420170018,6.35,2026-09-30,ICICI Pru (25),ICICI Pru,SOV,State Government of West Bengal
IN3420170026,6.55,2026-09-30,ICICI Pru (10),ICICI Pru,SOV,State Government of West Bengal
IN3420170034,6.55,2026-09-30,ICICI Pru (20),ICICI Pru,SOV,State Government of West Bengal
IN3420170042,6.55,2026-09-30,ICICI Pru (47),ICICI Pru,SOV,State Government of West Bengal
IN3420170133,6.9,2026-09-30,Tata (10),Tata,SOV,SDL WEST BENGAL 7.68% (06/12/2027)
IN3420170158,6.9,2026-09-30,Tata (30),Tata,SOV,SDL WEST BENGAL 7.72% (20/12/2027)
IN3420170174,7.1557,2026-09-30,Nippon (1),Nippon,SOVEREIGN,8.09% State Government Securities
IN3420170182,7.03,2026-09-30,UTI (0),UTI,SOV,08.29% WESTBENGAL SDL 21/02/2028
IN3420170216,7.1557,2026-09-30,Axis (47); Nippon (0); UTI (5),Axis,Sovereign,8.09% West Bengal State Development Loans (27/03/2028)
IN3420180157,7.48,2026-09-30,ICICI Pru (1); Nippon (8),ICICI Pru,SOV,State Government of West Bengal
IN3420180181,7.4837,2026-09-30,Nippon (2),Nippon,SOVEREIGN,8.39% State Government Securities
IN3420210046,7.1599,2026-09-30,Nippon (10),Nippon,SOVEREIGN,6.79% State Government Securities
IN3420210145,7.93,2026-09-30,UTI (95),UTI,SOV,6.99% WB SDL MAT - 29/09/2036
IN3420210269,7.8458,2026-09-30,Axis (2),Axis,Sovereign,7.17% West Bangal State Development Loans (02/03/2032)
IN3420220177,7.72,2026-09-30,UTI (9),UTI,SOV,7.64% WESTBENGAL SDL 21/12/2032
IN3420240241,8.11,2026-09-30,ICICI Pru (118),ICICI Pru,SOV,State Government of West Bengal
IN3420250166,8.1193,2026-09-30,Axis (5),Axis,Sovereign,7.5% West Bengal State Development Loans (03/12/2037)
IN3420250232,8.1255,2026-09-30,SBI (19),SBI,Sovereign,7.58% State Government of West Bengal 2042
IN3420250331,7.92,2026-09-30,UTI (52),UTI,SOV,7.73% WEST BENGAL SGS Mat - 04/02/2043
IN3420250372,7.93,2026-09-30,UTI (9),UTI,SOV,7.74% WEST BENGAL SGS Mat - 18/02/2044
IN3420250414,7.96,2026-09-30,UTI (1),UTI,SOV,7.72% WESTBENGAL SGS Mat - 11/03/2044
IN3420250430,8.0768,2026-09-30,SBI (2),SBI,Sovereign,7.79% State Government of West Bengal 2045
IN3420260041,8.0692,2026-09-30,SBI (24),SBI,Sovereign,7.58% State Government of West Bengal 2035
IN3520160018,6.13,2026-09-30,HDFC (5),HDFC,Sovereign,7.22% Chhattisgarh SDL - Mat 250127^
IN3520160034,6.1702,2026-09-30,Axis (60),Axis,Sovereign,7.88% Chattisgarh State Development Loans (15/03/2027)
IN3520170017,6.6058,2026-09-30,SBI (35); ICICI Pru (231),SBI,Sovereign,7.47% State Government of Chhattisgarh 2027
IN3520170041,7.1122,2026-09-30,Nippon (41),Nippon,SOVEREIGN,8.11% State Government Securities
IN3520190023,6.61,2026-09-30,ICICI Pru (35),ICICI Pru,SOV,State Government of Chhattisgarh
IN3520190064,7.5837,2026-09-30,Nippon (5),Nippon,SOVEREIGN,7.08% State Government Securities
IN3520200111,7.44,2026-09-30,ICICI Pru (3),ICICI Pru,SOV,State Government of Chhattisgarh
IN3520200137,7.4299,2026-09-30,Nippon (3),Nippon,SOVEREIGN,6.94% State Government Securities
IN3520230092,7.82,2026-09-30,HDFC (50),HDFC,Sovereign,7.68% Chattisgarh SDL ISD 170124 MAT 170132^
IN3520230118,7.66,2026-09-30,HDFC (50),HDFC,Sovereign,7.67% Chhattisgarh SDL ISD 240124 Mat 240131^
IN3520230241,7.8881,2026-09-30,Axis (2); UTI (2),Axis,Sovereign,7.39% Chhatisgarh State Development Loans (13/03/2033)
IN3520240034,7.74,2026-09-30,UTI (5),UTI,SOV,07.14% CHATTISGARH SDL - 12/02/2033
IN3520240083,8.1,2026-09-30,ICICI Pru (462); UTI (24),ICICI Pru,SOV,State Government of Chhattisgarh
IN3520260016,7.6563,2026-09-30,SBI (8),SBI,Sovereign,7.37% State Government of Chhattisgarh 2031
IN3520260057,8.05,2026-09-30,ICICI Pru (97),ICICI Pru,SOV,State Government of Chhattisgarh
IN3620160074,5.6665,2026-09-30,SBI (165),SBI,Sovereign,7.42% State Government of Uttarakhand 2026
IN3620160090,6.14,2026-09-30,HDFC (5),HDFC,Sovereign,7.18% Uttarakhand SDL - Mat 110127^
IN3620170065,6.62,2026-09-30,ICICI Pru (46),ICICI Pru,SOV,State Government of Uttarakhand
IN3620180023,7.1598,2026-09-30,Nippon (2),Nippon,SOVEREIGN,8.2% State Government Securities
IN3620180064,7.3711,2026-09-30,Nippon (0),Nippon,SOVEREIGN,8.53% State Government Securities
IN3620180213,7.43,2026-09-30,ICICI Pru (31),ICICI Pru,SOV,State Government of Uttarakhand
IN3620250040,7.71,2026-09-30,UTI (17),UTI,SOV,07.30% UTTARAKHAND SGS Mat - 01/10/2032
IN3720160016,5.5366,2026-09-30,SBI (3),SBI,Sovereign,7.25% State Government of Jharkhand 2026
IN3720160024,5.6415,2026-09-30,SBI (65); Nippon (30),SBI,Sovereign,7.40% State Government of Jharkhand 2026
IN3720160032,5.6316,2026-09-30,Nippon (150),Nippon,SOVEREIGN,6.9% State Government Securities
IN3720160057,6.1793,2026-09-30,Axis (25),Axis,Sovereign,7.8% Jharkhand State Development Loans (01/03/2027)
IN3720170015,6.3599,2026-09-30,SBI (10),SBI,Sovereign,7.27% State Government of Jharkhand 2027
IN3720180048,7.4,2026-09-30,Nippon (0),Nippon,SOVEREIGN,8.35% State Government Securities
IN3720180055,7.44,2026-09-30,ICICI Pru (4),ICICI Pru,SOV,State Government of Jharkhand
IN3720180063,7.4448,2026-09-30,Nippon (0),Nippon,SOVEREIGN,8.31% State Government Securities
IN3720180089,7.44,2026-09-30,ICICI Pru (15); Nippon (10),ICICI Pru,SOV,State Government of Jharkhand
IN3720220018,7.953,2026-09-30,Axis (10),Axis,Sovereign,7.86% Jharkhand State Development Loans (09/11/2034)
IN3720220042,7.5755,2026-09-30,SBI (0),SBI,Sovereign,7.63% State Government of Jharkhand 2030
IN3720230017,7.81,2026-09-30,HDFC (75),HDFC,Sovereign,7.68% Jharkhand SDL ISD 240124 Mat 240132^
IN3820250030,8.09,2026-09-30,HDFC (48),HDFC,Sovereign,7.48% Puducherry SDL Mat 170936^
IN3920250013,7.91,2026-09-30,UTI (6),UTI,SOV,7.45% DELHI SGS Mat - 11/03/2036
IN4520160107,5.5439,2026-09-30,SBI (30),SBI,Sovereign,7.16% State Government of Telangana 2026
IN4520160115,5.65,2026-09-30,HDFC (1); SBI (45); Nippon (10),HDFC,Sovereign,7.40% Telangana SDL - Mat 091126^
IN4520160149,7.8219,2026-09-30,Nippon (15),Nippon,SOVEREIGN,7.65% State Government Securities
IN4520160156,6.16,2026-09-30,HDFC (1); ICICI Pru (55),HDFC,Sovereign,7.79% Telangana SDL - Mat 010327^
IN4520160206,6.305,2026-09-30,Nippon (11),Nippon,SOVEREIGN,7.81% State Government Securities
IN4520190021,6.34,2026-09-30,ICICI Pru (5),ICICI Pru,SOV,State Government of Telangana
IN4520190039,6.35,2026-09-30,ICICI Pru (3),ICICI Pru,SOV,State Government of Telangana
IN4520190062,6.53,2026-09-30,ICICI Pru (10),ICICI Pru,SOV,State Government of Telangana
IN4520190088,6.53,2026-09-30,ICICI Pru (67),ICICI Pru,SOV,State Government of Telangana
IN4520190096,6.6,2026-09-30,ICICI Pru (20),ICICI Pru,SOV,State Government of Telangana
IN4520190104,6.6029,2026-09-30,SBI (15); ICICI Pru (32),SBI,Sovereign,7.38% State Government of Telangana 2027
IN4520200093,7.1131,2026-09-30,Nippon (98),Nippon,SOVEREIGN,6.99% State Government Securities
IN4520220018,8.03,2026-09-30,ICICI Pru (50),ICICI Pru,SOV,State Government of Telangana
IN4520220299,8.02,2026-09-30,ICICI Pru (39),ICICI Pru,SOV,State Government of Telangana
IN4520230488,7.5681,2026-09-30,Nippon (14),Nippon,SOVEREIGN,7.44% State Government Securities
IN4520250528,8.08,2026-09-30,ICICI Pru (276),ICICI Pru,SOV,State Government of Telangana
IN4520250569,8.0794,2026-09-30,Axis (1),Axis,Sovereign,7.49% TELANGANA State Development Loans (03/12/2039)
IN4520250684,8.08,2026-09-30,ICICI Pru (755),ICICI Pru,SOV,State Government of Telangana
IN4520260063,8.06,2026-09-30,ICICI Pru (136),ICICI Pru,SOV,State Government of Telangana
INE002A01018,,,"SBI (313); ICICI Pru (23); Axis (6); Nippon (10); UTI (15,244); Tata (2)",,Petroleum Products,Reliance Industries Ltd.
INE002A08534,7.57,2026-09-30,HDFC (51),HDFC,CRISIL - AAA,Reliance Industries Ltd.^
INE002A08542,7.57,2026-09-30,HDFC (133),HDFC,CRISIL - AAA,Reliance Industries Ltd.^
INE002A08690,7.57,2026-09-30,HDFC (26),HDFC,CRISIL - AAA,Reliance Industries Ltd.^
INE002A08708,7.6314,2026-09-30,SBI (99),SBI,CRISIL AAA,Reliance Industries Ltd.
INE002A14LS0,6.4,2026-09-30,HDFC (988); ICICI Pru (395); Tata (766),HDFC,CRISIL - A1+,Reliance Industries Ltd.^
INE002A14LT8,6.3999,2026-09-30,SBI (988); Axis (99); Nippon (247),SBI,CRISIL A1+,Reliance Industries Ltd.
INE002A14LU6,6.3999,2026-09-30,SBI (198); Axis (296); Nippon (247); UTI (198); Tata (346),SBI,CRISIL A1+,Reliance Industries Ltd.
INE002A14LV4,6.4,2026-09-30,SBI (888),SBI,CRISIL A1+,Reliance Industries Ltd.
INE002L01015,,,UTI (0),,Power,EQ - SJVN LTD.
INE002S01010,,,UTI (193),,Gas,EQ - MAHANAGAR GAS LTD.
INE003A01024,,,UTI (165),,Electrical Equipment,EQ - SIEMENS INDIA LTD.
INE006E01011,,,UTI,,Not Applicable,EQ - OMEGA LABORATORIES LTD.
INE006I01046,,,UTI (642),,Industrial Products,EQ - ASTRAL LTD.
INE007A01025,,,UTI (88),,Finance,EQ - CRISIL LTD.
INE007N14EQ1,7.845,2026-09-30,Nippon (194),Nippon,ICRA A1+,Fedbank Financial Services Limited**
INE007N14ES7,7.85,2026-09-30,UTI (97),UTI,CRISIL-A1+,CP FEDBANK FINANCIAL SERVICES LTD.
INE007N14ET5,7.85,2026-09-30,UTI (97),UTI,CRISIL-A1+,CP FEDBANK FINANCIAL SERVICES LTD.
INE007N14EV1,7.85,2026-09-30,UTI (122),UTI,CRISIL-A1+,CP FEDBANK FINANCIAL SERVICES LTD.
INE007N14EW9,7.9,2026-09-30,UTI (73),UTI,CRISIL-A1+,CP FEDBANK FINANCIAL SERVICES LTD.
INE007N14EX7,7.895,2026-09-30,Nippon (97),Nippon,CRISIL A1+,Fedbank Financial Services Limited**
INE008A01015,,,UTI (0),,Banks,EQ - IDBI BANK LTD.
INE008A168A9,7.05,2026-09-30,HDFC (242); SBI (582); ICICI Pru (339); Axis (291),HDFC,CRISIL - A1+,IDBI Bank Limited^
INE009A01021,,,"SBI (35); ICICI Pru (14); Axis (3); Nippon (4); UTI (7,416)",,IT - Software,Infosys Ltd.
INE00E101023,,,UTI (84); Tata (1),,Food Products,EQ -BIKAJI FOODS INTERNATIONAL LTD.
INE00FF01025,,,UTI (195),,Pharmaceuticals & Biotechnology,EQ - ACUTAAS CHEMICALS  LIMITED
INE00H001014,,,ICICI Pru (1); UTI (425),,Retailing,Swiggy Ltd
INE00LO01017,,,SBI (26); UTI (103),,Auto Components,Craftsman Automation Ltd.
INE00R701025,,,UTI (127),,Cement & Cement Products,EQ - DALMIA BHARAT LTD
INE00V208124,8.4,2026-09-30,HDFC (239); Tata (5),HDFC,CRISIL - AAA,John Deere Financial India Pvt. Ltd.
INE00V208132,8.1249,2026-09-30,SBI (273),SBI,CRISIL AAA,John Deere Financial India Pvt. Ltd.
INE00V208140,8.475,2026-09-30,SBI (122),SBI,CRISIL AAA,John Deere Financial India Pvt. Ltd.
INE00WC01027,,,ICICI Pru (13); UTI (481),,It - Services,Affle India Ltd.
INE00WV01027,,,SBI (1),,Industrial Products,CMR Green Technologies Ltd.
INE00XB01019,,,SBI (126),,Auto Components,Sedemac Mechatronics Ltd.
INE010A08156,9.02,2026-09-30,ICICI Pru (100),ICICI Pru,FITCH AA-,Prism Johnson Ltd. **
INE010B01027,,,UTI (117),,Pharmaceuticals & Biotechnology,EQ - ZYDUS LIFESCIENCES LTD
INE010J01012,,,UTI (0),,Telecom -  Equipment & Accessories,EQ - TEJAS NETWORKS LTD.
INE010V01017,,,UTI (13),,IT - Services,EQ - L&T TECHNOLOGY SERVICES LTD
INE011K01018,,,UTI (0),,Industrial Manufacturing,EQ - TEGA INDUSTRIES LTD
INE012A01025,,,UTI (12),,Cement & Cement Products,EQ - ACC LTD
INE012I07090,9.53,2026-09-30,ICICI Pru (98),ICICI Pru,ICRA AA,JM Financial Services Ltd. **
INE012I07108,9.43,2026-09-30,ICICI Pru (198),ICICI Pru,ICRA AA,JM Financial Services Ltd. **
INE012I07116,9.025,2026-09-30,SBI (75),SBI,CRISIL AA,JM Financial Services Ltd.
INE012I14SG2,8.24,2026-09-30,HDFC (195); SBI (98); Nippon (98),HDFC,CRISIL - A1+,JM Financial Services Ltd.^
INE012I14SZ2,7.6748,2026-09-30,SBI (148),SBI,CRISIL A1+,JM Financial Services Ltd.
INE012I14TE5,7.6749,2026-09-30,SBI (123),SBI,CRISIL A1+,JM Financial Services Ltd.
INE012I14TI6,8.235,2026-09-30,SBI (97),SBI,CRISIL A1+,JM Financial Services Ltd.
INE012I14TJ4,8.275,2026-09-30,SBI (72),SBI,CRISIL A1+,JM Financial Services Ltd.
INE013P01021,,,UTI (0),,Pharmaceuticals & Biotechnology,EQ - ONESOURCE SPECIALITY PHARMA LTD.
INE013U07028,9.67,2026-09-30,HDFC (50),HDFC,ICRA - AA-,Globe Fincap Ltd^
INE016A01026,,,SBI (91); UTI (162),,Personal Products,Dabur India Ltd.
INE016A08021,7.13,2026-09-30,ICICI Pru (150),ICICI Pru,ICRA AAA,Dabur India Ltd. **
INE017A01032,,,UTI (391),,Transport Services,EQ - GREAT EASTERN SHIPPING CO. LTD
INE018A01030,,,"SBI (5); Axis (2); Nippon (6); UTI (8,472)",,Construction,Larsen & Toubro Ltd.
INE018A08BE9,7.63,2026-09-30,ICICI Pru (10); Axis (125),ICICI Pru,CRISIL AAA,Larsen & Toubro Ltd. **
INE018A08BF6,7.745,2026-09-30,Nippon (25),Nippon,CRISIL AAA,8% Larsen & Toubro Limited**
INE018A08BO8,7.71,2026-09-30,HDFC (25),HDFC,CRISIL - AAA,Larsen and Toubro Ltd.^
INE018E01016,,,UTI (8),,Finance,EQ - SBI CARDS & PAYMENTS SERVICES
INE019516124,7.22,2026-09-30,Tata (242),Tata,ICRA-A1+,** - CTBC BANK CO. LTD - CD - 12/03/2027
INE019A01038,,,"Nippon (1); UTI (1,576)",,Ferrous Metals,JSW Steel Limited
INE019C01026,,,UTI (1),,Chemicals & Petrochemicals,EQ - HIMADRI SPECIALITY CHEMICALS L
INE01A207146,7.67,2026-09-30,ICICI Pru (100),ICICI Pru,ICRA AA,JM Financial Home Loans **
INE01AI07033,8.9486,2026-09-30,Nippon (10),Nippon,CRISIL AA-,9.4% Indostar Home Finance Private Limited**
INE01C314GL9,7.0698,2026-09-30,SBI (25),SBI,CRISIL A1+,Bajaj Financial Securities Ltd.
INE01C314GM7,6.715,2026-09-30,Nippon (100),Nippon,FITCH A1+,Bajaj Financial Securities Limited**
INE01C314GO3,7.09,2026-09-30,ICICI Pru (297),ICICI Pru,CRISIL A1+,Bajaj Financial Securities Ltd. **
INE01C314GR6,7.07,2026-09-30,ICICI Pru (397),ICICI Pru,CRISIL A1+,Bajaj Financial Securities Ltd. **
INE01C314GS4,7.0698,2026-09-30,Nippon (99),Nippon,CRISIL A1+,Bajaj Financial Securities Limited**
INE01C314GT2,7.0698,2026-09-30,SBI (397),SBI,CRISIL A1+,Bajaj Financial Securities Ltd.
INE01C314GU0,7.07,2026-09-30,ICICI Pru (99); UTI (124),ICICI Pru,CRISIL A1+,Bajaj Financial Securities Ltd. **
INE01C314GV8,7.09,2026-09-30,ICICI Pru (297),ICICI Pru,CRISIL A1+,Bajaj Financial Securities Ltd. **
INE01C314GW6,7.09,2026-09-30,ICICI Pru (149); Axis (198),ICICI Pru,CRISIL A1+,Bajaj Financial Securities Ltd. **
INE01C314GX4,7.09,2026-09-30,ICICI Pru (198); Axis (198),ICICI Pru,CRISIL A1+,Bajaj Financial Securities Ltd. **
INE01C314GY2,7.0849,2026-09-30,Nippon (198),Nippon,CRISIL A1+,Bajaj Financial Securities Limited**
INE01C314HA0,7.13,2026-09-30,ICICI Pru (99); UTI (395),ICICI Pru,CRISIL A1+,Bajaj Financial Securities Ltd. **
INE01C314HB8,6.6,2026-09-30,HDFC (100),HDFC,CRISIL - A1+,Bajaj Financial Securities Limited^
INE01C314HD4,7.13,2026-09-30,UTI (173); Tata (247),UTI,CRISIL-A1+,CP BAJAJ FINANCIAL SECURITIES LTD
INE01C314HE2,7.13,2026-09-30,ICICI Pru (148),ICICI Pru,CRISIL A1+,Bajaj Financial Securities Ltd. **
INE01C314HG7,7.13,2026-09-30,ICICI Pru (370),ICICI Pru,CRISIL A1+,Bajaj Financial Securities Ltd. **
INE01C314HH5,7.13,2026-09-30,ICICI Pru (493),ICICI Pru,CRISIL A1+,Bajaj Financial Securities Ltd. **
INE01C314HK9,7.4,2026-09-30,UTI (196),UTI,CRISIL-A1+,CP BAJAJ FINANCIAL SECURITIES LTD
INE01C314HL7,7.4,2026-09-30,HDFC (196),HDFC,CRISIL - A1+,Bajaj Financial Securities Limited^
INE01C314HM5,6.716,2026-09-30,SBI (199),SBI,CRISIL A1+,Bajaj Financial Securities Ltd.
INE01C314HN3,6.8103,2026-09-30,SBI (298),SBI,CRISIL A1+,Bajaj Financial Securities Ltd.
INE01C314HO1,7.13,2026-09-30,HDFC (395),HDFC,CRISIL - A1+,Bajaj Financial Securities Limited^
INE01C314HP8,6.6,2026-09-30,HDFC (150),HDFC,CRISIL - A1+,Bajaj Financial Securities Limited^
INE01C314HQ6,7.13,2026-09-30,HDFC (395),HDFC,CRISIL - A1+,Bajaj Financial Securities Limited^
INE01C314HW4,7.13,2026-09-30,ICICI Pru (148),ICICI Pru,CRISIL A1+,Bajaj Financial Securities Ltd. **
INE01EA01019,,,SBI (50); UTI (224),,Retailing,Vishal Mega Mart Ltd.
INE01EQ07095,10.26,2026-09-30,ICICI Pru (27),ICICI Pru,CRISIL A+,Tyger Capital Private Ltd. **
INE01EQ07103,10.21,2026-09-30,ICICI Pru (27),ICICI Pru,CRISIL A+,Tyger Capital Private Ltd. **
INE01N301019,,,UTI,,Not Applicable,EQ - MODERN DENIM LTD.
INE01NH01023,,,UTI (18),,Auto Components,EQ - DHOOT TRANSMISSION LIMITED
INE01QP08016,8.58,2026-09-30,HDFC (275); SBI (500); Axis (65); Nippon (250); UTI (140),HDFC,CRISIL - AA,ADITYA BIRLA RENEWABLES LIMITED^
INE01TY01017,,,UTI (0),,Insurance,EQ - CANARA HSBC LIFE INSURANCE COMPANY LTD
INE01WN07128,8.3399,2026-09-30,SBI (552); ICICI Pru (371),SBI,CRISIL AA+,Motilal Oswal Finvest Ltd.
INE01WN14BX7,7.89,2026-09-30,Tata (390),Tata,CRISIL-A1+,** - MOTILAL OSWAL FINVEST LTD - CP - 28/01/2027
INE01XX07034,7.95,2026-09-30,HDFC (442); SBI (834); ICICI Pru (409); Nippon (254),HDFC,CRISIL - AAA,Pipeline Infrastructure Pvt. Ltd.^
INE01XX07042,7.88,2026-09-30,HDFC (206); ICICI Pru (104); Axis (5); Nippon (44),HDFC,CRISIL - AAA,Pipeline Infrastructure Pvt. Ltd.^
INE01XX07059,7.13,2026-09-30,HDFC (140); ICICI Pru (334); Axis (131); Nippon (69),HDFC,CRISIL - AAA,Pipeline Infrastructure Pvt. Ltd.^
INE020B01018,,,UTI (57),,Finance,EQ - REC LTD
INE020B08AA3,6.36,2026-09-30,HDFC (25); Nippon (258),HDFC,CRISIL - AAA,REC Limited.^
INE020B08AC9,6.5013,2026-09-30,Axis (5); Nippon (40),Axis,CRISIL AAA,7.54% REC Limited (30/12/2026) **
INE020B08AH8,7.1651,2026-09-30,SBI (25); ICICI Pru (110); Nippon (52); Tata (195),SBI,CRISIL AAA,REC Ltd.
INE020B08AQ9,7.62,2026-09-30,ICICI Pru (25); Axis (25); Nippon (45); Tata (83),ICICI Pru,CRISIL AAA,Rural Electrification Corporation Ltd. **
INE020B08AX5,7.67,2026-09-30,ICICI Pru (35); Nippon (2),ICICI Pru,CRISIL AAA,Rural Electrification Corporation Ltd. **
INE020B08AY3,7.665,2026-09-30,Nippon (156); UTI (2),Nippon,CRISIL AAA,8.01% REC Limited**
INE020B08AZ0,7.67,2026-09-30,ICICI Pru (71); UTI (1),ICICI Pru,CRISIL AAA,Rural Electrification Corporation Ltd. **
INE020B08BA1,7.69,2026-09-30,Nippon (61),Nippon,CRISIL AAA,8.55% REC Limited**
INE020B08BC7,7.69,2026-09-30,HDFC (77); ICICI Pru (102); Nippon (102),HDFC,CRISIL - AAA,REC Limited.^
INE020B08BE3,7.72,2026-09-30,HDFC (102); Nippon (383),HDFC,CRISIL - AAA,REC Limited.^
INE020B08BG8,7.72,2026-09-30,HDFC (183); ICICI Pru (35); Nippon (46),HDFC,IND - AAA,REC Limited.^
INE020B08BH6,7.72,2026-09-30,HDFC (457); Nippon (137),HDFC,CRISIL - AAA,REC Limited.^
INE020B08BJ2,7.74,2026-09-30,HDFC (67),HDFC,CRISIL - AAA,REC Limited.^
INE020B08BL8,7.74,2026-09-30,HDFC (56); Nippon (26),HDFC,CRISIL - AAA,REC Limited.^
INE020B08BO2,7.74,2026-09-30,HDFC (142); ICICI Pru (8); Nippon (25),HDFC,CRISIL - AAA,REC Limited.^
INE020B08BQ7,7.78,2026-09-30,HDFC (77); ICICI Pru (26),HDFC,CRISIL - AAA,REC Limited.^
INE020B08BS3,7.78,2026-09-30,HDFC (31); ICICI Pru (58); Axis (5); Nippon (51),HDFC,CRISIL - AAA,REC Limited.^
INE020B08BU9,7.78,2026-09-30,HDFC (101); Nippon (51); UTI (51),HDFC,CRISIL - AAA,REC Limited.^
INE020B08CI2,7.8425,2026-09-30,Axis (50),Axis,CRISIL AAA,7.89% REC Limited (30/03/2030) **
INE020B08DA7,7.85,2026-09-30,HDFC (217); Axis (24); Nippon (5),HDFC,CRISIL - AAA,REC Limited.^
INE020B08DO8,7.8625,2026-09-30,Axis (6),Axis,CRISIL AAA,7.4% REC Limited (15/03/2036) **
INE020B08DT7,6.38,2026-09-30,HDFC (25); ICICI Pru (225); UTI (100),HDFC,CRISIL - AAA,REC Limited.^
INE020B08EA5,7.67,2026-09-30,HDFC (449); SBI (25); ICICI Pru (50); Nippon (75); UTI (25),HDFC,CRISIL - AAA,REC Limited.^
INE020B08EC1,7.86,2026-09-30,HDFC (25),HDFC,CRISIL - AAA,REC Limited.^
INE020B08EE7,7.8525,2026-09-30,SBI (10),SBI,CRISIL AAA,REC Ltd.
INE020B08EG2,7.8525,2026-09-30,Axis (104),Axis,CRISIL AAA,7.69% REC Limited (31/03/2033) **
INE020B08EH0,7.67,2026-09-30,HDFC (35); SBI (75); Nippon (125),HDFC,CRISIL - AAA,REC Limited.^
INE020B08EK4,7.68,2026-09-30,ICICI Pru (872); Axis (50); Nippon (120); UTI (50),ICICI Pru,CRISIL AAA,Rural Electrification Corporation Ltd. **
INE020B08EQ1,7.8525,2026-09-30,Nippon (5),Nippon,CRISIL AAA,7.71% REC Limited**
INE020B08EW9,7.08,2026-09-30,HDFC (165); SBI (280); ICICI Pru (876); Nippon (100); UTI (175); Tata (125),HDFC,CRISIL - AAA,REC Limited.^
INE020B08EX7,7.5,2026-09-30,HDFC (100); Axis (45); Nippon (250),HDFC,ICRA - AAA,REC Limited.^
INE020B08FA2,7.5,2026-09-30,HDFC (25); SBI (150); ICICI Pru (525); Axis (75); Nippon (290); UTI (25); Tata (50),HDFC,CRISIL - AAA,REC Limited.
INE020B08FB0,7.86,2026-09-30,HDFC (68),HDFC,CRISIL - AAA,REC Limited.^
INE020B08FD6,7.78,2026-09-30,ICICI Pru (25); Axis (50); Nippon (75); UTI (99),ICICI Pru,ICRA AAA,Rural Electrification Corporation Ltd. **
INE020B08FF1,7.55,2026-09-30,SBI (25); ICICI Pru (430); Axis (56); Nippon (60); UTI (0),SBI,[ICRA]AAA,REC Ltd.
INE020B08FH7,6.33,2026-09-30,HDFC (684); SBI (105); ICICI Pru (25); Nippon (125),HDFC,CRISIL - AAA,REC Limited.^
INE020B08FL9,7.8425,2026-09-30,Axis (49),Axis,CRISIL AAA,7.34% REC Limited (30/04/2030) **
INE020B08FN5,7.8525,2026-09-30,Axis (24),Axis,CRISIL AAA,7.2% REC Limited (15/01/2035) **
INE020B08FO3,7.91,2026-09-30,HDFC (142),HDFC,CRISIL - AAA,REC Limited.^
INE020B08FR6,7.67,2026-09-30,ICICI Pru (648); Nippon (5); UTI (25),ICICI Pru,CRISIL AAA,Rural Electrification Corporation Ltd. **
INE020B08FU0,7.85,2026-09-30,HDFC (48); Nippon (24),HDFC,CARE - AAA,REC Limited.^
INE020B08FW6,7.67,2026-09-30,ICICI Pru (601); Axis (25); UTI (25); Tata (148),ICICI Pru,ICRA AAA,Rural Electrification Corporation Ltd. **
INE020B08FX4,7.17,2026-09-30,HDFC (299); SBI (50); Nippon (174),HDFC,CARE - AAA,REC Limited.^
INE020B08FY2,7.8,2026-09-30,UTI (63),UTI,ICRA-AAA,NCD REC LTD
INE020B08FZ9,7.58,2026-09-30,HDFC (208); ICICI Pru (546); Axis (25); Nippon (382),HDFC,CARE - AAA,REC Limited.
INE020B08GA0,7.85,2026-09-30,ICICI Pru (14),ICICI Pru,ICRA AAA,Rural Electrification Corporation Ltd. **
INE020B08GB8,7.665,2026-09-30,SBI (25); ICICI Pru (223); Axis (25),SBI,CRISIL AAA,REC Ltd.
INE020B08GD4,7.74,2026-09-30,HDFC (74); SBI (276); Axis (184); UTI (167); Tata (273),HDFC,CRISIL - AAA,REC Limited.
INE020B08GF9,7.8475,2026-09-30,SBI (49); Nippon (73); UTI (49),SBI,CRISIL AAA,REC Ltd.
INE020B08GG7,7.845,2026-09-30,SBI (465); Nippon (73); UTI (49),SBI,CRISIL AAA,REC Ltd.
INE020B08GI3,7.78,2026-09-30,ICICI Pru (99); Nippon (148); UTI (49),ICICI Pru,CRISIL AAA,Rural Electrification Corporation Ltd. **
INE020B08GK9,7.68,2026-09-30,HDFC (10),HDFC,CRISIL - AAA,REC Limited.^
INE020B08GL7,7.7,2026-09-30,SBI (449); Axis (25); UTI (275); Tata (50),SBI,CRISIL AAA,REC Ltd.
INE020B14714,5.94,2026-09-30,HDFC (648); ICICI Pru (498),HDFC,CARE - A1+,REC Limited.^
INE020B14722,6.2,2026-09-30,Tata (694),Tata,CRISIL-A1+,** - REC LTD - CP - 23/11/2026
INE020B14730,6.8801,2026-09-30,SBI (194); Axis (243),SBI,CRISIL A1+,REC Ltd.
INE020B14748,6.88,2026-09-30,SBI (48); Tata (678),SBI,CRISIL A1+,REC Ltd.
INE021A01026,,,"SBI (136); Nippon (1); UTI (2,007)",,Consumer Durables,Asian Paints Ltd.
INE022Q01020,,,SBI (91); UTI (1),,Capital Markets,Indian Energy Exchange Ltd.
INE024L01027,,,UTI (80),,Minerals & Mining,EQ - GRAVITA INDIA LTD.
INE026A01025,,,ICICI Pru (3),,Fertilizers & Agrochemicals,Gujarat State Fertilizers and Chemicals Ltd.
INE027H01010,,,UTI (831),,Healthcare Services,EQ - MAX HEALTHCARE INSTITUTE LTD
INE028A01039,,,SBI (90); UTI (364),,Banks,Bank of Baroda
INE028A08315,8.13,2026-09-30,HDFC (29),HDFC,CRISIL - AAA,Bank of Baroda (Tier 2 - Basel III)^
INE028A16KE2,5.8501,2026-09-30,Nippon (50),Nippon,FITCH A1+,Bank of Baroda**
INE028A16KH5,6.17,2026-09-30,"HDFC (497); SBI (1,491); ICICI Pru (99)",HDFC,CARE - A1+,Bank of Baroda^
INE028A16KI3,6.17,2026-09-30,"HDFC (1,471); SBI (75); ICICI Pru (60); Nippon (50)",HDFC,CARE - A1+,Bank of Baroda^
INE028A16KK9,6.2101,2026-09-30,SBI (99); Axis (74); Nippon (74); Tata (272),SBI,IND A1+,Bank of Baroda
INE028A16KO1,6.28,2026-09-30,HDFC (272); ICICI Pru (74),HDFC,IND - A1+,Bank of Baroda
INE028A16KW4,6.2771,2026-09-30,SBI (49); Axis (222); Nippon (25),SBI,IND A1+,Bank of Baroda
INE028A16KX2,6.65,2026-09-30,HDFC (295); Nippon (221),HDFC,CARE - A1+,Bank of Baroda^
INE028A16KY0,6.7,2026-09-30,HDFC (147); SBI (25); ICICI Pru (246); Nippon (246),HDFC,CARE - A1+,Bank of Baroda
INE028A16KZ7,6.66,2026-09-30,HDFC (74); SBI (196); Axis (49); Nippon (98),HDFC,CARE - A1+,Bank of Baroda
INE028A16LC4,6.69,2026-09-30,ICICI Pru (49); Axis (343); Nippon (73),ICICI Pru,FITCH A1+,Bank Of Baroda **
INE028A16LD2,6.7,2026-09-30,"HDFC (5); SBI (558); ICICI Pru (1,273); Axis (108); Nippon (98)",HDFC,CARE - A1+,Bank of Baroda
INE028A16LE0,6.74,2026-09-30,SBI (244); ICICI Pru (391); Axis (24); Nippon (220),SBI,IND A1+,Bank of Baroda
INE028A16LF7,6.74,2026-09-30,HDFC (10); SBI (195); ICICI Pru (450); Axis (225); Tata (49),HDFC,CARE - A1+,Bank of Baroda^
INE028A16LG5,6.74,2026-09-30,HDFC (54); SBI (147); ICICI Pru (147); Axis (230); Nippon (98),HDFC,CARE - A1+,Bank of Baroda^
INE028A16LH3,6.74,2026-09-30,SBI (73); ICICI Pru (98); Axis (122),SBI,IND A1+,Bank of Baroda
INE028A16LI1,6.74,2026-09-30,HDFC (24); SBI (659); ICICI Pru (239); Axis (29),HDFC,CARE - A1+,Bank of Baroda^
INE028A16LL5,6.297,2026-09-30,Axis (49),Axis,CRISIL A1+,Bank of Baroda (23/12/2026) **
INE028A16LR2,6.84,2026-09-30,HDFC (49); SBI (641); ICICI Pru (102); Axis (155); Tata (73),HDFC,CARE - A1+,Bank of Baroda^
INE028A16LS0,6.8647,2026-09-30,SBI (413); Axis (267); Nippon (316); Tata (73),SBI,IND A1+,Bank of Baroda
INE028A16LW2,6.8,2026-09-30,SBI (146); Axis (121); Nippon (53),SBI,IND A1+,Bank of Baroda
INE028A16MQ2,6.2768,2026-09-30,SBI (173); ICICI Pru (99); Axis (198),SBI,IND A1+,Bank of Baroda
INE028A16MW0,6.17,2026-09-30,HDFC (894); SBI (223); ICICI Pru (497); Axis (497),HDFC,IND - A1+,Bank of Baroda^
INE028A16MY6,6.1698,2026-09-30,SBI (995),SBI,IND A1+,Bank of Baroda
INE028A16MZ3,5.7999,2026-09-30,SBI (799),SBI,IND A1+,Bank of Baroda
INE028A16NA4,5.8502,2026-09-30,SBI (100); Tata (971),SBI,IND A1+,Bank of Baroda
INE028E14VC0,7.39,2026-09-30,HDFC (340),HDFC,CRISIL - A1+,Kotak Securities Ltd.^
INE028E14WV8,7.1048,2026-09-30,Axis (494),Axis,ICRA A1+,Kotak Securities Limited (01/12/2026) **
INE028E14XK9,6.7546,2026-09-30,SBI (298),SBI,CRISIL A1+,Kotak Securities Ltd.
INE028E14XM5,7.0149,2026-09-30,SBI (298),SBI,CRISIL A1+,Kotak Securities Ltd.
INE028E14XO1,7.02,2026-09-30,ICICI Pru (496),ICICI Pru,CRISIL A1+,Kotak Securities Ltd. **
INE028E14XP8,7.02,2026-09-30,HDFC (595),HDFC,CRISIL - A1+,Kotak Securities Ltd.^
INE028E14XQ6,7.02,2026-09-30,HDFC (496),HDFC,CRISIL - A1+,Kotak Securities Ltd.^
INE028E14XS2,7.0299,2026-09-30,SBI (297),SBI,CRISIL A1+,Kotak Securities Ltd.
INE028E14XV6,7.0301,2026-09-30,Nippon (198),Nippon,CRISIL A1+,Kotak Securities Limited**
INE028E14XW4,7.0301,2026-09-30,Nippon (198); UTI (99),Nippon,ICRA A1+,Kotak Securities Limited
INE028E14XX2,7.03,2026-09-30,ICICI Pru (495),ICICI Pru,CRISIL A1+,Kotak Securities Ltd. **
INE028E14XY0,7.03,2026-09-30,HDFC (198); ICICI Pru (494); UTI (198),HDFC,CRISIL - A1+,Kotak Securities Ltd.^
INE028E14YA8,7.1048,2026-09-30,Axis (296),Axis,ICRA A1+,Kotak Securities Limited (02/12/2026) **
INE028E14YC4,7.11,2026-09-30,HDFC (593); Axis (198),HDFC,CRISIL - A1+,Kotak Securities Ltd.^
INE028E14YD2,7.1051,2026-09-30,Nippon (247); UTI (99),Nippon,CRISIL A1+,Kotak Securities Limited**
INE028E14YE0,6.755,2026-09-30,SBI (498),SBI,CRISIL A1+,Kotak Securities Ltd.
INE028E14YH3,7.11,2026-09-30,ICICI Pru (493); Nippon (247),ICICI Pru,CRISIL A1+,Kotak Securities Ltd. **
INE028E14YI1,7.1051,2026-09-30,Axis (247),Axis,ICRA A1+,Kotak Securities Limited (09/12/2026) **
INE028E14YJ9,7.11,2026-09-30,HDFC (493),HDFC,CRISIL - A1+,Kotak Securities Ltd.^
INE028E14YK7,7.0151,2026-09-30,SBI (745),SBI,CRISIL A1+,Kotak Securities Ltd.
INE028E14YN1,7.0298,2026-09-30,SBI (198),SBI,CRISIL A1+,Kotak Securities Ltd.
INE028E14YP6,7.1624,2026-09-30,Axis (344),Axis,ICRA A1+,Kotak Securities Limited (22/12/2026) **
INE028E14YQ4,7.11,2026-09-30,HDFC (493),HDFC,CRISIL - A1+,Kotak Securities Ltd.^
INE029A01011,,,Axis (0); UTI (378),,Petroleum Products,Bharat Petroleum Corporation Limited
INE029A14BX4,6.23,2026-09-30,ICICI Pru (496); Axis (496); Nippon (248); UTI (99); Tata (496),ICICI Pru,CRISIL A1+,Bharat Petroleum Corporation Ltd. **
INE029A14BY2,6.33,2026-09-30,HDFC (247); Axis (198),HDFC,CRISIL - A1+,Bharat Petroleum Corporation Ltd.^
INE029A14BZ9,5.8948,2026-09-30,SBI (996); ICICI Pru (996),SBI,CRISIL A1+,Bharat Petroleum Corporation Ltd.
INE02A801020,,,UTI (147),,Chemicals & Petrochemicals,EQ - ROSSARI BIOTECH LTD
INE02FN14739,7.62,2026-09-30,UTI (73),UTI,CRISIL-A1+,CP IGH HOLDINGS PRIVATE LIMITED
INE02FN14788,7.62,2026-09-30,HDFC (194); UTI (97),HDFC,CRISIL - A1+,IGH Holdings Private Limited^
INE02FN14838,7.6675,2026-09-30,Nippon (242),Nippon,CRISIL A1+,IGH Holdings Private Limited**
INE02FN14846,7.67,2026-09-30,HDFC (145); Tata (387),HDFC,CRISIL - A1+,IGH Holdings Private Limited^
INE02FN14853,7.67,2026-09-30,ICICI Pru (73); UTI (193),ICICI Pru,CRISIL A1+,IGH Holdings Pvt Ltd. **
INE02FN14978,7.34,2026-09-30,Nippon (197),Nippon,CRISIL A1+,IGH Holdings Private Limited**
INE02FN14994,7.29,2026-09-30,SBI (297),SBI,CRISIL A1+,IGH Holdings Pvt Ltd.
INE02ID01020,,,UTI (100),,Textiles & Apparels,EQ - RAYMOND LIFESTYLE LTD
INE02IJ01035,,,UTI (0),,Electrical Equipment,EQ - AZAD ENGINEERING LIMITED
INE02JD14757,7.26,2026-09-30,ICICI Pru (97); Axis (146),ICICI Pru,CRISIL A1+,Godrej Housing Finance Ltd. **
INE02JD14815,7.36,2026-09-30,SBI (145),SBI,CRISIL A1+,Godrej Housing Finance Ltd.
INE02JD14914,6.5201,2026-09-30,Nippon (99),Nippon,ICRA A1+,Godrej Housing Finance Limited**
INE02KN07022,7.6198,2026-09-30,Axis (25),Axis,CRISIL AA+,8.75% Godrej Finance Limited (18/01/2027) **
INE02KN08012,9.2,2026-09-30,Nippon (5),Nippon,CRISIL AA+,8.5% Godrej Finance Limited**
INE02KN14671,7.38,2026-09-30,ICICI Pru (340); Axis (146),ICICI Pru,CRISIL A1+,Godrej Finance Ltd. **
INE02KN14770,7.1749,2026-09-30,SBI (199),SBI,CRISIL A1+,Godrej Finance Ltd.
INE02KN14820,7.2,2026-09-30,ICICI Pru (198); UTI (247),ICICI Pru,CRISIL A1+,Godrej Finance Ltd **
INE02KN14838,7.24,2026-09-30,ICICI Pru (197),ICICI Pru,CRISIL A1+,Godrej Finance Ltd **
INE02KN14853,7.1748,2026-09-30,SBI (298),SBI,CRISIL A1+,Godrej Finance Ltd.
INE02KQ14096,7.33,2026-09-30,SBI (498),SBI,[ICRA]A1+,Motilal Oswal Wealth Ltd.
INE02PE08036,8.82,2026-09-30,"SBI (944); ICICI Pru (1,144); Axis (309); Nippon (81); UTI (37)",SBI,CRISIL AA,JTPM Metal Traders Ltd.
INE02RE01045,,,UTI (0),,Retailing,EQ - BRAINBEES SOLUTIONS LTD.
INE02ZQ01018,,,SBI (34),,Pharmaceuticals & Biotechnology,Corona Remedies Ltd.
INE030A01027,,,"ICICI Pru (24); Axis (0); Nippon (2); UTI (2,904)",,Diversified Fmcg,Hindustan Unilever Ltd.
INE030B01017,,,UTI,,Not Applicable,EQ - ELBEE SERVICES LTD.(ELBEE EXPR
INE031A01017,,,UTI (0),,Finance,EQ - HOUSING  & URBAN DEVT CORP LTD
INE031A08616,7.71,2026-09-30,HDFC (51); ICICI Pru (10),HDFC,CARE - AAA,Housing and Urban Development Corporation Ltd.^
INE031A08699,7.73,2026-09-30,HDFC (127),HDFC,CARE - AAA,Housing and Urban Development Corporation Ltd.^
INE031A08707,7.73,2026-09-30,ICICI Pru (26),ICICI Pru,ICRA AAA,Housing and Urban Development Corporation Ltd. **
INE031A08897,7.74,2026-09-30,ICICI Pru (50),ICICI Pru,ICRA AAA,Housing and Urban Development Corporation Ltd. **
INE031A08939,7.87,2026-09-30,HDFC (362),HDFC,CARE - AAA,Housing and Urban Development Corporation Ltd.^
INE031A08947,7.87,2026-09-30,HDFC (97),HDFC,CARE - AAA,Housing and Urban Development Corporation Ltd.^
INE031A08962,7.85,2026-09-30,HDFC (240),HDFC,CARE - AAA,Housing and Urban Development Corporation Ltd.^
INE031A08970,7.84,2026-09-30,HDFC (146),HDFC,ICRA - AAA,Housing and Urban Development Corporation Ltd.^
INE031A08996,7.69,2026-09-30,HDFC (49); ICICI Pru (614); Nippon (49),HDFC,CARE - AAA,Housing and Urban Development Corporation Ltd.^
INE031A08AC8,7.74,2026-09-30,SBI (247); ICICI Pru (99),SBI,[ICRA]AAA,Housing and Urban Development Corporation Ltd.
INE031B01049,,,"UTI (1,340)",,Pharmaceuticals & Biotechnology,EQ - AJANTA PHARMA LTD.
INE033L07HQ8,7.61,2026-09-30,Axis (20),Axis,CRISIL AAA,7.75% Tata Capital Housing Finance Limited (18/05/2027) **
INE033L07HU0,7.8,2026-09-30,HDFC (220); SBI (25); Axis (63),HDFC,CRISIL - AAA,TATA Capital Housing Finance Ltd.^
INE033L07HY2,7.9948,2026-09-30,Axis (50); Nippon (360); UTI (50),Axis,CRISIL AAA,8% Tata Capital Housing Finance Limited (03/11/2027) **
INE033L07IB8,8.145,2026-09-30,Axis (150),Axis,CRISIL AAA,8.1% Tata Capital Housing Finance Limited (13/12/2028) **
INE033L07ID4,7.35,2026-09-30,HDFC (50); ICICI Pru (120),HDFC,CRISIL - AAA,TATA Capital Housing Finance Ltd.^
INE033L07IE2,7.37,2026-09-30,ICICI Pru (75); Nippon (25); UTI (25),ICICI Pru,CRISIL AAA,Tata Capital Housing Finance Ltd. **
INE033L07IH5,8.195,2026-09-30,Nippon (124),Nippon,CRISIL AAA,8.05% Tata Capital Housing Finance Limited**
INE033L07IJ1,8.2,2026-09-30,Axis (25); Nippon (59),Axis,CRISIL AAA,7.86% Tata Capital Housing Finance Limited (21/09/2029)
INE033L07IK9,8.14,2026-09-30,Axis (25); Nippon (30); Tata (50),Axis,CRISIL AAA,7.712% Tata Capital Housing Finance Limited (14/01/2028) **
INE033L07IL7,8.15,2026-09-30,UTI (50),UTI,CRISIL-AAA,NCD TATA CAPITAL HOUSING FINANCE LTD
INE033L07IM5,8.28,2026-09-30,Tata (25),Tata,CRISIL-AAA,** 07.73 % TATA CAPITAL HOUSING FINANCE LTD - 14/01/2030
INE033L07IN3,8.14,2026-09-30,HDFC (25); SBI (143); ICICI Pru (345); Axis (123),HDFC,CRISIL - AAA,TATA Capital Housing Finance Ltd.^
INE033L07IO1,7.8,2026-09-30,ICICI Pru (75); Nippon (99); UTI (50),ICICI Pru,CRISIL AAA,Tata Capital Housing Finance Ltd. **
INE033L07IP8,8.245,2026-09-30,SBI (121),SBI,CRISIL AAA,Tata Capital Housing Finance Ltd.
INE033L07IR4,8.14,2026-09-30,ICICI Pru (193); Axis (5),ICICI Pru,CRISIL AAA,Tata Capital Housing Finance Ltd. **
INE033L07IT0,8.25,2026-09-30,SBI (274),SBI,CRISIL AAA,Tata Capital Housing Finance Ltd.
INE033L07IU8,8.245,2026-09-30,Nippon (222),Nippon,CRISIL AAA,7.79% Tata Capital Housing Finance Limited**
INE033L07IW4,8.1839,2026-09-30,Axis (90); Nippon (300); UTI (50),Axis,CRISIL AAA,8.2% Tata Capital Housing Finance Limited (25/09/2029)
INE033L14OO5,6.89,2026-09-30,HDFC (491),HDFC,CRISIL - A1+,TATA Capital Housing Finance Ltd.^
INE033L14OQ0,6.91,2026-09-30,HDFC (195); Nippon (195),HDFC,CRISIL - A1+,TATA Capital Housing Finance Ltd.^
INE033L14OR8,6.91,2026-09-30,ICICI Pru (440),ICICI Pru,CRISIL A1+,Tata Capital Housing Finance Ltd. **
INE033L14PC7,6.0488,2026-09-30,Nippon (300),Nippon,CRISIL A1+,Tata Capital Housing Finance Limited**
INE033L14PD5,6.08,2026-09-30,ICICI Pru (389),ICICI Pru,CRISIL A1+,Tata Capital Housing Finance Ltd. **
INE033L14PF0,6.41,2026-09-30,ICICI Pru (298),ICICI Pru,CRISIL A1+,Tata Capital Housing Finance Ltd. **
INE033L14PH6,6.48,2026-09-30,ICICI Pru (198),ICICI Pru,CRISIL A1+,Tata Capital Housing Finance Ltd. **
INE033L14PI4,6.48,2026-09-30,HDFC (346),HDFC,CRISIL - A1+,TATA Capital Housing Finance Ltd.^
INE034A01011,,,SBI (55); UTI (17),,Textiles & Apparels,Arvind Ltd.
INE035B01016,,,UTI,,Not Applicable,EQ - DELDOT SYSTEMS LTD.
INE036D01028,,,UTI (275); Tata (1),,Banks,EQ - KARUR VYSYA BANK LTD.
INE036D16JK8,6.4926,2026-09-30,Axis (248),Axis,ICRA A1+,Karur Vysya Bank Limited (23/11/2026) **
INE036D16JL6,6.4927,2026-09-30,Axis (247),Axis,CRISIL A1+,Karur Vysya Bank Limited (27/11/2026) **
INE036D16KL4,6.4328,2026-09-30,SBI (497),SBI,CRISIL A1+,Karur Vysya Bank Ltd.
INE036D16KM2,6.44,2026-09-30,UTI (149),UTI,ICRA-A1+,CD - KARUR VYSYA BANK LTD - 13/11/2026
INE036D16KN0,6.49,2026-09-30,UTI (248),UTI,ICRA-A1+,CD - KARUR VYSYA BANK LTD - 16/11/2026
INE036D16KP5,6.54,2026-09-30,UTI (494),UTI,ICRA-A1+,CD - KARUR VYSYA BANK LTD - 03/12/2026
INE037E14AV5,7.545,2026-09-30,Axis (24); UTI (102),Axis,CRISIL A1+,Tata Teleservices Limited (12/02/2027) **
INE037E14AX1,7.65,2026-09-30,HDFC (58),HDFC,CRISIL - A1+,Tata Teleservices Ltd.^
INE038A01020,,,"Nippon (2); UTI (1,805)",,Non - Ferrous Metals,Hindalco Industries Limited
INE039A01010,,,UTI (0),,Finance,EQ - IFCI LTD
INE03NU01014,,,SBI (1),,Leisure Services,Brigade Hotel Ventures Ltd.
INE03QK01018,,,SBI (253); UTI (128),,Pharmaceuticals & Biotechnology,Cohance Lifesciences Ltd.
INE03ST08010,6.78,2026-09-30,ICICI Pru (157),ICICI Pru,CARE AA+(CE),Hampi Expressways Private Ltd. **
INE03W107249,8.5757,2026-09-30,Nippon (3),Nippon,CRISIL AA,9.65% Arka Fincap Limited**
INE040A01034,,,"SBI (493); ICICI Pru (48); Axis (4); Nippon (10); UTI (24,003)",,Banks,HDFC Bank Ltd.
INE040A08393,7.76,2026-09-30,ICICI Pru (152),ICICI Pru,CRISIL AAA,HDFC Bank Ltd. **
INE040A08401,7.74,2026-09-30,ICICI Pru (24),ICICI Pru,CRISIL AAA,HDFC Bank Ltd. **
INE040A08427,8.09,2026-09-30,HDFC (25); ICICI Pru (232); Nippon (59),HDFC,CRISIL - AAA,HDFC Bank Ltd. (Tier 2 - Basel III)£^
INE040A08435,8.09,2026-09-30,HDFC (99); ICICI Pru (99),HDFC,CRISIL - AAA,HDFC Bank Ltd. (Tier 2 - Basel III)£^
INE040A08567,7.19,2026-09-30,Nippon (15),Nippon,CRISIL AAA,1.5% HDFC Bank Limited**
INE040A08666,8.03,2026-09-30,HDFC (568); ICICI Pru (74),HDFC,CRISIL - AAA,HDFC Bank Ltd.£^
INE040A08674,8.03,2026-09-30,HDFC (59),HDFC,CRISIL - AAA,HDFC Bank Ltd.£^
INE040A08724,7.98,2026-09-30,ICICI Pru (152); Axis (5),ICICI Pru,CRISIL AAA,HDFC Bank Ltd. **
INE040A08773,8.03,2026-09-30,HDFC (49); ICICI Pru (1),HDFC,CRISIL - AAA,HDFC Bank Ltd.£^
INE040A08823,7.73,2026-09-30,ICICI Pru (10),ICICI Pru,CRISIL AAA,HDFC Bank Ltd. **
INE040A08831,7.995,2026-09-30,Axis (10),Axis,CRISIL AAA,7.1% HDFC Bank Limited (12/11/2031) **
INE040A08864,8.0,2026-09-30,HDFC (96),HDFC,CRISIL - AAA,HDFC Bank Ltd.£^
INE040A08914,8.03,2026-09-30,HDFC (374); ICICI Pru (25),HDFC,CRISIL - AAA,HDFC Bank Ltd.£^
INE040A08AB1,7.83,2026-09-30,ICICI Pru (66),ICICI Pru,CRISIL AAA,HDFC Bank Ltd. **
INE040A08AC9,7.995,2026-09-30,Axis (5),Axis,CRISIL AAA,8.05% HDFC Bank Limited (22/10/2029) **
INE040A08AF2,8.03,2026-09-30,ICICI Pru (123),ICICI Pru,CRISIL AAA,HDFC Bank Ltd. **
INE040A08AI6,8.03,2026-09-30,ICICI Pru (123),ICICI Pru,CRISIL AAA,HDFC Bank Ltd. **
INE040A08AJ4,8.0075,2026-09-30,Axis (25),Axis,CRISIL AAA,7.71% HDFC Bank Limited (20/12/2033) **
INE040A08AK2,8.0075,2026-09-30,Nippon (59); UTI (24),Nippon,CRISIL AAA,7.65% HDFC Bank Limited**
INE040A16HU9,6.21,2026-09-30,ICICI Pru (745); Axis (25); Nippon (75); UTI (497); Tata (497),ICICI Pru,CRISIL A1+,HDFC Bank Ltd. **
INE040A16HW5,6.2098,2026-09-30,Axis (99); Nippon (268); UTI (74); Tata (199),Axis,CARE A1+,HDFC Bank Limited (13/11/2026) **
INE040A16HY1,6.278,2026-09-30,"SBI (1,487); Axis (119)",SBI,CRISIL A1+,HDFC Bank Ltd.
INE040A16II2,6.3016,2026-09-30,Nippon (197); UTI (74),Nippon,CARE A1+,HDFC Bank Limited**
INE040A16IJ0,6.3217,2026-09-30,"Axis (1,160); Nippon (370); Tata (148)",Axis,CARE A1+,HDFC Bank Limited (14/12/2026) **
INE040A16IK8,6.75,2026-09-30,"ICICI Pru (1,102); Nippon (49); UTI (269)",ICICI Pru,CRISIL A1+,HDFC Bank Ltd. **
INE040A16IM4,6.79,2026-09-30,"ICICI Pru (1,075); Nippon (73); UTI (293); Tata (391)",ICICI Pru,CRISIL A1+,HDFC Bank Ltd. **
INE040A16IO0,6.785,2026-09-30,SBI (49); ICICI Pru (487); Axis (175); Nippon (243); UTI (365),SBI,CRISIL A1+,HDFC Bank Ltd.
INE040A16IQ5,6.8899,2026-09-30,SBI (802); Axis (433); UTI (97),SBI,CRISIL A1+,HDFC Bank Ltd.
INE040A16IT9,6.8899,2026-09-30,SBI (49); ICICI Pru (413); Axis (364); Nippon (19); Tata (73),SBI,CRISIL A1+,HDFC Bank Ltd.
INE040A16IU7,6.89,2026-09-30,"SBI (146); ICICI Pru (389); Axis (461); Nippon (632); UTI (24); Tata (1,190)",SBI,CRISIL A1+,HDFC Bank Ltd.
INE040A16IZ6,6.89,2026-09-30,SBI (126); ICICI Pru (315); Axis (873); Nippon (534); UTI (24); Tata (243),SBI,CRISIL A1+,HDFC Bank Ltd.
INE040A16JC3,6.785,2026-09-30,SBI (146); ICICI Pru (49); Axis (585); Nippon (293); UTI (366),SBI,CRISIL A1+,HDFC Bank Ltd.
INE040A16JS9,5.1551,2026-09-30,SBI (275),SBI,CRISIL A1+,HDFC Bank Ltd.
INE040A16JT7,5.8932,2026-09-30,"SBI (998); ICICI Pru (998); Axis (1,995); UTI (249)",SBI,CRISIL A1+,HDFC Bank Ltd.
INE040A16JU5,5.89,2026-09-30,UTI (50),UTI,CARE-A1+,CD - HDFC BANK LTD - 19/10/2026
INE040A16JX9,6.21,2026-09-30,ICICI Pru (995); Axis (99); Tata (771),ICICI Pru,CRISIL A1+,HDFC Bank Ltd. **
INE040A16JY7,6.2101,2026-09-30,"SBI (1,392); ICICI Pru (497); Axis (20); Nippon (845); UTI (497)",SBI,CRISIL A1+,HDFC Bank Ltd.
INE040A16JZ4,5.9571,2026-09-30,Axis (946),Axis,CARE A1+,HDFC Bank Limited (27/10/2026) **
INE040A16KA5,6.2102,2026-09-30,"SBI (2,483)",SBI,CRISIL A1+,HDFC Bank Ltd.
INE040A16KB3,6.32,2026-09-30,"ICICI Pru (1,484); Nippon (346); UTI (643); Tata (495)",ICICI Pru,ICRA A1+,HDFC Bank Ltd. **
INE040A16KC1,6.3017,2026-09-30,Axis (493),Axis,CARE A1+,HDFC Bank Limited (17/12/2026) **
INE040A16KD9,6.7501,2026-09-30,"SBI (2,942); Axis (638); Nippon (441); Tata (1,030)",SBI,[ICRA]A1+,HDFC Bank Ltd.
INE040A16KE7,6.33,2026-09-30,"ICICI Pru (444); Axis (99); Nippon (1,234); UTI (247); Tata (494)",ICICI Pru,ICRA A1+,HDFC Bank Ltd. **
INE040H01021,,,UTI (499),,Electrical Equipment,EQ - SUZLON ENERGY LTD.
INE041007084,6.84,2026-09-30,ICICI Pru (175); Axis (20); UTI (95),ICICI Pru,CRISIL AAA,EMBASSY OFFICE PARKS REIT **
INE041007092,7.86,2026-09-30,ICICI Pru (315); Axis (0); Nippon (200); UTI (50),ICICI Pru,CRISIL AAA,EMBASSY OFFICE PARKS REIT **
INE041007142,7.97,2026-09-30,ICICI Pru (60); Axis (15),ICICI Pru,CRISIL AAA,EMBASSY OFFICE PARKS REIT **
INE041007159,8.255,2026-09-30,Axis (45); Nippon (99),Axis,CRISIL AAA,7.73% Embassy Office Parks REIT (14/12/2029) **
INE041007167,8.11,2026-09-30,ICICI Pru (149); Tata (25),ICICI Pru,CRISIL AAA,EMBASSY OFFICE PARKS REIT **
INE041007175,8.14,2026-09-30,ICICI Pru (173); Axis (20),ICICI Pru,CRISIL AAA,EMBASSY OFFICE PARKS REIT **
INE041007183,7.58,2026-09-30,ICICI Pru (674),ICICI Pru,CRISIL AAA,EMBASSY OFFICE PARKS REIT **
INE041014098,7.235,2026-09-30,Nippon (266),Nippon,CRISIL A1+,Embassy Office Parks REIT**
INE041014106,7.24,2026-09-30,HDFC (363),HDFC,CRISIL - A1+,Embassy Office Parks REIT^
INE041014114,6.6297,2026-09-30,SBI (397),SBI,CRISIL A1+,Embassy Office Parks Reit
INE041025011,,,SBI (487); ICICI Pru (405); Axis (2); UTI (365),,Realty,Embassy Office Parks Reit
INE042A01014,,,UTI (24),,"Agricultural, Commercial & Construction Vehicles",EQ - ESCORTS KUBOTA LTD
INE043W01024,,,UTI (93),,Healthcare Services,EQ - VIJAYA DIAGNOSTIC CENTRE LTD
INE044A01036,,,"SBI (27); ICICI Pru (25); Axis (1); Nippon (3); UTI (3,494); Tata (1)",,Pharmaceuticals & Biotechnology,Sun Pharmaceutical Industries Ltd.
INE044B01018,,,UTI,,Not Applicable,EQ - THE DHAR TEXTILE MILLS LTD.
INE046W07362,11.1099,2026-09-30,Nippon (15),Nippon,CRISIL AA-,9.7% Muthoot Microfin Ltd**
INE047A01021,,,"Nippon (1); UTI (1,363)",,Cement & Cement Products,Grasim Industries Limited
INE047A08208,7.51,2026-09-30,ICICI Pru (10),ICICI Pru,CRISIL AAA,Grasim Industries Ltd. **
INE047A14BG1,6.4,2026-09-30,Nippon (247),Nippon,CRISIL A1+,Grasim Industries Limited**
INE047A14BH9,6.4,2026-09-30,Axis (494),Axis,CRISIL A1+,Grasim Industries Limited (11/12/2026) **
INE047A14BI7,6.3749,2026-09-30,Nippon (99),Nippon,CRISIL A1+,Grasim Industries Limited**
INE048G01026,,,SBI (32); UTI (322),,Chemicals & Petrochemicals,Navin Fluorine International Ltd.
INE049B01025,,,UTI (0),,Pharmaceuticals & Biotechnology,EQ - WOCKHARDT LTD
INE04I401011,,,ICICI Pru (11); UTI (87),,It - Software,KPIT Technologies Ltd
INE04MH07034,8.8052,2026-09-30,Nippon (2),Nippon,CARE AA,9% Aptus Finance India Private Limited**
INE04MH07059,9.03,2026-09-30,Axis (41),Axis,CARE AA,8.95% Aptus Finance India Private Limited (06/03/2029) **
INE04VU01023,,,UTI (63),,Financial Technology (Fintech),EQ - SESHAASAI TECHNOLOGIES LIMITED
INE050401020,,,SBI (6),,Consumer Durables,Elin Electronics Ltd.
INE053A01029,,,SBI (2); UTI (69),,Leisure Services,The Indian Hotels Company Ltd.
INE053F01010,,,UTI (74),,Finance,EQ - INDIAN RAILWAYS FIN CORPN LTD
INE053F07983,7.06,2026-09-30,ICICI Pru (151); Nippon (189); UTI (80); Tata (100),ICICI Pru,CRISIL AAA,Indian Railway Finance Corporation Ltd. **
INE053F07AA7,7.43,2026-09-30,ICICI Pru (76); Nippon (50),ICICI Pru,CRISIL AAA,Indian Railway Finance Corporation Ltd. **
INE053F07AB5,7.43,2026-09-30,ICICI Pru (200); UTI (30),ICICI Pru,CRISIL AAA,Indian Railway Finance Corporation Ltd.
INE053F07AC3,7.58,2026-09-30,ICICI Pru (500); Axis (25); Nippon (1),ICICI Pru,CRISIL AAA,Indian Railway Finance Corporation Ltd. **
INE053F07AD1,7.5761,2026-09-30,Nippon (5); Tata (175),Nippon,CRISIL AAA,7.54% Indian Railway Finance Corporation Limited**
INE053F07AY7,7.66,2026-09-30,HDFC (264); Nippon (320),HDFC,CRISIL - AAA,Indian Railways Finance Corp. Ltd.^
INE053F07AZ4,7.68,2026-09-30,HDFC (86); Axis (41); Nippon (20),HDFC,CRISIL - AAA,Indian Railways Finance Corp. Ltd.^
INE053F07BA5,7.68,2026-09-30,HDFC (153); Axis (92); UTI (25),HDFC,CRISIL - AAA,Indian Railways Finance Corp. Ltd.^
INE053F07BC1,7.68,2026-09-30,Axis (5); Nippon (10),Axis,CRISIL AAA,8.35% Indian Railway Finance Corporation Limited (13/03/2029) **
INE053F07BD9,7.68,2026-09-30,Nippon (41),Nippon,CRISIL AAA,8.3% Indian Railway Finance Corporation Limited**
INE053F07BE7,7.68,2026-09-30,Axis (223); Nippon (56),Axis,CRISIL AAA,8.23% Indian Railway Finance Corporation Limited (29/03/2029) **
INE053F07BR9,7.7,2026-09-30,HDFC (5),HDFC,CRISIL - AAA,Indian Railways Finance Corp. Ltd.^
INE053F07BU3,7.705,2026-09-30,Axis (99),Axis,CRISIL AAA,7.48% Indian Railway Finance Corporation Limited (13/08/2029) **
INE053F07BW9,7.7,2026-09-30,HDFC (99); Axis (149),HDFC,CRISIL - AAA,Indian Railways Finance Corp. Ltd.^
INE053F07BX7,7.72,2026-09-30,Nippon (70),Nippon,CRISIL AAA,7.55% Indian Railway Finance Corporation Limited**
INE053F07CA3,7.77,2026-09-30,Nippon (49),Nippon,CRISIL AAA,7.08% Indian Railway Finance Corporation Limited**
INE053F08106,7.81,2026-09-30,HDFC (91); Axis (5),HDFC,CRISIL - AAA,Indian Railways Finance Corp. Ltd.^
INE053F08114,7.815,2026-09-30,Axis (9),Axis,CRISIL AAA,7.03% Indian Railway Finance Corporation Limited (30/07/2036) **
INE053F08122,7.805,2026-09-30,Axis (87); Nippon (116),Axis,CRISIL AAA,6.92% Indian Railway Finance Corporation Limited (29/08/2031) **
INE053F08163,7.81,2026-09-30,Axis (29),Axis,CRISIL AAA,6.87% Indian Railway Finance Corporation Limited (14/04/2032) **
INE053F08247,7.81,2026-09-30,HDFC (50); Axis (30); UTI (149),HDFC,CRISIL - AAA,Indian Railways Finance Corp. Ltd.^
INE053F08296,7.92,2026-09-30,HDFC (25),HDFC,CRISIL - AAA,Indian Railways Finance Corp. Ltd.^
INE053F08304,6.18,2026-09-30,HDFC (420); SBI (50); Nippon (50),HDFC,CRISIL - AAA,Indian Railways Finance Corp. Ltd.^
INE053F08312,6.18,2026-09-30,HDFC (200),HDFC,CRISIL - AAA,Indian Railways Finance Corp. Ltd.^
INE053F08320,7.66,2026-09-30,Nippon (25); UTI (75),Nippon,CRISIL AAA,7.45% Indian Railway Finance Corporation Limited**
INE053F08338,6.3788,2026-09-30,SBI (30); ICICI Pru (2); Axis (5); Nippon (197),SBI,CRISIL AAA,Indian Railway Finance Corporation Ltd.
INE053F08346,7.81,2026-09-30,Axis (25),Axis,CRISIL AAA,7.67% Indian Railway Finance Corporation Limited (15/12/2033) **
INE053F08353,7.7,2026-09-30,HDFC (150); Axis (125); Nippon (344); UTI (249),HDFC,CRISIL - AAA,Indian Railways Finance Corp. Ltd.^
INE053F08387,7.7,2026-09-30,HDFC (274); Axis (50); UTI (99),HDFC,CRISIL - AAA,Indian Railways Finance Corp. Ltd.^
INE053F08395,7.81,2026-09-30,HDFC (88),HDFC,CRISIL - AAA,Indian Railways Finance Corp. Ltd.^
INE053F08403,7.81,2026-09-30,Axis (68),Axis,CRISIL AAA,7.39% Indian Railway Finance Corporation Limited (15/07/2034) **
INE053F08411,7.7,2026-09-30,HDFC (5); Axis (10); Nippon (5),HDFC,CRISIL - AAA,Indian Railways Finance Corp. Ltd.^
INE053F08452,7.81,2026-09-30,HDFC (24),HDFC,CRISIL - AAA,Indian Railways Finance Corp. Ltd.^
INE053F08478,7.92,2026-09-30,HDFC (142),HDFC,CRISIL - AAA,Indian Railways Finance Corp. Ltd.^
INE053F08486,7.81,2026-09-30,HDFC (192); Axis (115); UTI (96),HDFC,CRISIL - AAA,Indian Railways Finance Corp. Ltd.^
INE053F08494,7.77,2026-09-30,Axis (73); Nippon (48); UTI (24),Axis,CRISIL AAA,6.78% Indian Railway Finance Corporation Limited (30/04/2030) **
INE053F08502,7.77,2026-09-30,HDFC (48); Axis (121); UTI (48),HDFC,CRISIL - AAA,Indian Railways Finance Corp. Ltd.^
INE053F08510,7.63,2026-09-30,Axis (147); UTI (123); Tata (167),Axis,CRISIL AAA,6.47% Indian Railway Finance Corporation Limited (30/05/2028) **
INE053F08528,7.77,2026-09-30,HDFC (96); Axis (48),HDFC,CRISIL - AAA,Indian Railways Finance Corp. Ltd.^
INE053F08536,7.17,2026-09-30,HDFC (159); Nippon (42),HDFC,CRISIL - AAA,Indian Railways Finance Corp. Ltd.^
INE053F09EL2,6.3756,2026-09-30,Nippon (23),Nippon,CRISIL AAA,8.75% Indian Railway Finance Corporation Limited**
INE053F09EO6,7.43,2026-09-30,ICICI Pru (31),ICICI Pru,CRISIL AAA,Indian Railway Finance Corporation Ltd. **
INE054A01027,,,SBI (98),,Consumer Durables,VIP Industries Ltd.
INE055A01016,,,UTI (0),,Realty,EQ - ADITYA BIRLA REAL ESTATE LTD
INE055A08052,8.08,2026-09-30,SBI (270),SBI,CRISIL AA,Aditya Birla Real Estate Ltd.
INE055A08060,8.8,2026-09-30,Nippon (45),Nippon,CRISIL AA,8.55% Aditya Birla Real Estate Limited**
INE055S01018,,,Axis (0),,,Cyient Dlm Ltd
INE056801025,,,UTI (24),,IT - Hardware,EQ - IVALUE INFOSOLUTIONS LIMITED
INE059801014,,,UTI,,Not Applicable,EQ - DAMANIA CAPITAL MARKETS LTD.
INE059A01026,,,SBI (63); Axis (2); Nippon (1); UTI (978),,Pharmaceuticals & Biotechnology,Cipla Ltd.
INE05HV01027,,,UTI (15),,Commercial Services & Supplies,EQ - CENTRAL MINE PLANNING & DESIGN INSTITUTE LTD
INE05XR01022,,,UTI (4),,Consumable Fuels,EQ - BHARAT COKING COAL LIMITED
INE061F01013,,,SBI (19); UTI (181),,Healthcare Services,Fortis Healthcare Ltd.
INE062A01020,,,"SBI (96); Axis (3); Nippon (7); UTI (8,599)",,Banks,State Bank of India
INE062A08231,7.36,2026-09-30,HDFC (24); Axis (26),HDFC,CRISIL - AAA,State Bank of India (Tier 2 - Basel III)^
INE062A08314,7.9768,2026-09-30,SBI (130),SBI,CRISIL AA+,State Bank of India( AT1 Bond under Basel III )
INE062A08330,7.89,2026-09-30,HDFC (49),HDFC,ICRA - AAA,State Bank of India^
INE062A08348,7.98,2026-09-30,HDFC (24),HDFC,ICRA - AAA,State Bank of India^
INE062A08389,7.98,2026-09-30,HDFC (48),HDFC,ICRA - AAA,State Bank of India^
INE062A08405,7.9674,2026-09-30,SBI (25),SBI,CRISIL AAA,State Bank of India( Tier II Bond under Basel III )
INE062A08447,7.85,2026-09-30,ICICI Pru (97),ICICI Pru,ICRA AAA,State Bank of India ( Tier II Bond under Basel III ) **
INE062A08454,7.78,2026-09-30,HDFC (781),HDFC,CRISIL - AAA,State Bank of India (Tier 2 - Basel III)^
INE062A08470,7.98,2026-09-30,HDFC (282),HDFC,CARE - AAA,State Bank of India^
INE062A08496,7.6006,2026-09-30,Axis (96),Axis,CRISIL AAA,7.05% State Bank of India (20/03/2036) **
INE063P01018,,,SBI (14),,Banks,Equitas Small Finance Bank Ltd.
INE063P16BE6,7.0552,2026-09-30,SBI (99),SBI,CRISIL A1+,Equitas Small Finance Bank Ltd.
INE063P16BJ5,7.88,2026-09-30,UTI (146),UTI,CARE-A1+,CD - EQUITAS SMALL FINANCE BANK LTD - 12/02/2027
INE063P16BK3,7.88,2026-09-30,Tata (581),Tata,CRISIL-A1+,** - EQUITAS SMALL FINANCE BANK LTD - CD - 26/02/2027
INE063P16BM9,7.99,2026-09-30,Tata (193),Tata,CRISIL-A1+,** - EQUITAS SMALL FINANCE BANK LTD - CD - 11/03/2027
INE063P16BO5,7.1001,2026-09-30,SBI (246); ICICI Pru (148),SBI,CRISIL A1+,Equitas Small Finance Bank Ltd.
INE063P16BP2,7.0999,2026-09-30,SBI (246); UTI (49),SBI,CRISIL A1+,Equitas Small Finance Bank Ltd.
INE063P16BQ0,6.8305,2026-09-30,SBI (299),SBI,CRISIL A1+,Equitas Small Finance Bank Ltd.
INE064C01022,,,UTI (0),,Textiles & Apparels,EQ - TRIDENT LTD.
INE065201019,,,UTI,,Not Applicable,EQ - DHAR CEMENT  LTD.
INE065X01017,,,UTI (36),,Healthcare Services,EQ - INDEGENE LTD
INE066A01021,,,"SBI (26); Nippon (1); UTI (2,173)",,Automobiles,Eicher Motors Ltd.
INE066F01020,,,SBI (93); ICICI Pru (1); UTI (848),,Aerospace & Defense,Hindustan Aeronautics Ltd.
INE066O01014,,,SBI (57),,Leisure Services,Wonderla Holidays Ltd.
INE066P01011,,,UTI (8),,Electrical Equipment,EQ - INOX WIND LTD
INE067A01029,,,UTI (787),,Electrical Equipment,EQ - CG POWER & IND SOLUTIONS LTD
INE068V01023,,,SBI (89); UTI (594),,Pharmaceuticals & Biotechnology,Gland Pharma Ltd.
INE070A01015,,,SBI (45); ICICI Pru (6); UTI (134),,Cement & Cement Products,Shree Cement Ltd.
INE071G07462,6.84,2026-09-30,Axis (10),Axis,CRISIL AAA,6.55% ICICI Home Finance Company Limited (23/12/2026) **
INE071G07579,7.945,2026-09-30,Nippon (50),Nippon,CRISIL AAA,7.88% ICICI Home Finance Company Limited**
INE071G07728,7.95,2026-09-30,ICICI Pru (60),ICICI Pru,ICRA AAA,ICICI Home Finance Company Ltd. **
INE071G07736,8.045,2026-09-30,Nippon (50),Nippon,ICRA AAA,7.94% ICICI Home Finance Company Limited**
INE071G07777,8.59,2026-09-30,ICICI Pru (349),ICICI Pru,ICRA AAA,ICICI Home Finance Company Ltd. **
INE071G07819,7.68,2026-09-30,ICICI Pru (105); Nippon (149),ICICI Pru,CRISIL AAA,ICICI Home Finance Company Ltd. **
INE071G07843,7.98,2026-09-30,ICICI Pru (197),ICICI Pru,CRISIL AAA,ICICI Home Finance Company Ltd. **
INE071G07868,8.61,2026-09-30,ICICI Pru (475),ICICI Pru,ICRA AAA,ICICI Home Finance Company Ltd. **
INE071G07876,8.67,2026-09-30,ICICI Pru (201),ICICI Pru,ICRA AAA,ICICI Home Finance Company Ltd. **
INE071G07884,8.6905,2026-09-30,Nippon (100),Nippon,ICRA AAA,ICICI Home Finance Company Limited**
INE071G14IE8,6.46,2026-09-30,UTI (199),UTI,ICRA-A1+,CP ICICI HOME FINANCE COMPANY LIMITED
INE071G14IF5,6.4601,2026-09-30,SBI (398),SBI,[ICRA]A1+,ICICI Home Finance Co. Ltd.
INE071G14IG3,6.46,2026-09-30,HDFC (397),HDFC,CARE - A1+,ICICI Home Finance Ltd^
INE071G14II9,6.5248,2026-09-30,Axis (49); Nippon (222),Axis,ICRA A1+,ICICI Home Finance Company Limited (28/12/2026) **
INE073K01018,,,SBI (131); UTI (63),,Auto Components,Sona Blw Precision Forgings Ltd.
INE074A01025,,,UTI (190),,Industrial Manufacturing,EQ - PRAJ INDUSRIES LTD.
INE075A01022,,,SBI (48); Nippon (1); UTI (378),,IT - Software,Wipro Ltd.
INE079A01024,,,UTI (128),,Cement & Cement Products,EQ - AMBUJA CEMENTS LTD.
INE07UF07026,9.7049,2026-09-30,Nippon (60),Nippon,CARE A+,9.95% Hiranandani Financial Services Private Limited**
INE07UF07034,10.245,2026-09-30,Axis (64),Axis,CARE A+,9.01% Hiranandani Financial Services Private Limited (30/03/2029) **
INE07UF07042,10.25,2026-09-30,ICICI Pru (173),ICICI Pru,CARE A+,Hiranandani Financial Services Pvt Ltd **
INE07Y701011,,,UTI (395),,Electrical Equipment,EQ - HITACHI ENERGY INDIA LTD
INE07Z507037,8.9,2026-09-30,ICICI Pru (218),ICICI Pru,CRISIL AAA,Oriental InfraTrust **
INE081A01020,,,"SBI (36); ICICI Pru (1); Nippon (2); UTI (3,175)",,Ferrous Metals,Tata Steel Ltd.
INE081A14HL7,6.1837,2026-09-30,"SBI (1,198)",SBI,[ICRA]A1+,Tata Steel Ltd.
INE081A14HM5,6.6399,2026-09-30,Axis (791),Axis,ICRA A1+,Tata Steel Limited (02/12/2026) **
INE081A14HN3,6.59,2026-09-30,ICICI Pru (199),ICICI Pru,ICRA A1+,Tata Steel Ltd. **
INE081J07036,9.87,2026-09-30,HDFC (149),HDFC,ICRA - AA-,Globe Capital Market Ltd^
INE084101034,,,SBI (3); UTI (93),,Industrial Manufacturing,INDO-MIM Ltd.
INE084A01016,,,UTI (17),,Banks,EQ - BANK OF INDIA
INE084A16EL3,5.9657,2026-09-30,SBI (998),SBI,CRISIL A1+,Bank of India
INE084A16FQ9,6.89,2026-09-30,HDFC (487),HDFC,CARE - A1+,Bank of India^
INE084A16FS5,6.89,2026-09-30,ICICI Pru (852); Axis (73),ICICI Pru,CRISIL A1+,Bank Of India **
INE084A16FT3,6.89,2026-09-30,ICICI Pru (122),ICICI Pru,CRISIL A1+,Bank Of India **
INE084A16GH6,6.3959,2026-09-30,"SBI (1,484); Nippon (495); UTI (544); Tata (495)",SBI,CRISIL A1+,Bank of India
INE084A16GI4,6.4,2026-09-30,HDFC (989); Axis (494),HDFC,CRISIL - A1+,Bank of India^
INE084A16GL8,6.4,2026-09-30,"HDFC (1,482); ICICI Pru (691)",HDFC,CARE - A1+,Bank of India^
INE084A16GM6,6.4,2026-09-30,HDFC (395); Axis (197); Nippon (247); UTI (395),HDFC,CRISIL - A1+,Bank of India^
INE085A01013,,,UTI (4),,Fertilizers & Agrochemicals,EQ - CHAMBAL FERTILISERS & CHEMICAL
INE085J01014,,,SBI (2); UTI (0),,Consumer Durables,Thangamayil Jewellery Ltd.
INE087M08126,8.33,2026-09-30,ICICI Pru (195),ICICI Pru,ICRA AA+,Bahadur Chand Investments Pvt. Ltd. **
INE087M08134,9.29,2026-09-30,ICICI Pru (245); Nippon (25),ICICI Pru,ICRA AA+,Bahadur Chand Investments Pvt. Ltd. **
INE087M14BZ2,7.8675,2026-09-30,Nippon (244),Nippon,CARE A1+,Bahadur Chand Investments Pvt Limited**
INE087P07451,9.0,2026-09-30,UTI (15),UTI,CRISIL-AA-,NCD AVANSE FINANCIAL SERVICES LIMITED
INE087P07501,9.8404,2026-09-30,SBI (496),SBI,IND AA,Avanse Financial Services Ltd.
INE087P14887,7.785,2026-09-30,SBI (197),SBI,CRISIL A1+,Avanse Financial Services Ltd.
INE087P14895,8.44,2026-09-30,SBI (171),SBI,CRISIL A1+,Avanse Financial Services Ltd.
INE087P14903,8.4399,2026-09-30,SBI (170),SBI,CRISIL A1+,Avanse Financial Services Ltd.
INE087P14911,8.49,2026-09-30,SBI (97),SBI,CRISIL A1+,Avanse Financial Services Ltd.
INE088F01024,,,SBI (45); UTI (0),,Fertilizers & Agrochemicals,Paradeep Phosphates Ltd.
INE089A01031,,,"ICICI Pru (32); Nippon (1); UTI (1,243)",,Pharmaceuticals & Biotechnology,Dr. Reddy's Laboratories Ltd.
INE089C01029,,,UTI (0),,Telecom -  Equipment & Accessories,EQ - STERLITE TECHNOLOGIES LTD
INE08BR07011,9.0388,2026-09-30,Nippon (25),Nippon,CARE AAA,8.28% Suryapet Khammam Road Ltd**
INE08BR07029,9.0037,2026-09-30,Nippon (7),Nippon,CARE AAA,8.08% Suryapet Khammam Road Ltd**
INE08BT07017,9.075,2026-09-30,Nippon (100),Nippon,CARE AAA,8.28% Mancherial Repallewada Road Private Limited**
INE08BT07025,8.9349,2026-09-30,Nippon (98),Nippon,CARE AAA,8.08% Mancherial Repallewada Road Private Limited**
INE08Z607109,9.4849,2026-09-30,Nippon (25),Nippon,ICRA AA-,9.25% Vastu Finserve India Private Limited**
INE08Z607117,9.545,2026-09-30,Nippon (50),Nippon,ICRA AA-,9.25% Vastu Finserve India Private Limited**
INE08Z607141,9.565,2026-09-30,Nippon (25),Nippon,CARE AA,8.75% Vastu Finserve India Private Limited**
INE08Z607158,9.57,2026-09-30,HDFC (30),HDFC,CARE - AA,Vastu Finserve India Pvt. Ltd.^
INE08Z607166,9.64,2026-09-30,HDFC (30); Nippon (35),HDFC,CARE - AA,Vastu Finserve India Pvt. Ltd.^
INE08Z607174,9.66,2026-09-30,HDFC (30); Nippon (20),HDFC,CARE - AA,Vastu Finserve India Pvt. Ltd.^
INE090A01021,,,"SBI (436); ICICI Pru (43); Axis (4); Nippon (11); UTI (21,502); Tata (2)",,Banks,ICICI Bank Ltd.
INE090A08TY8,7.61,2026-09-30,UTI (15),UTI,ICRA-AAA,NCD ICICI BANK LTD
INE090A08UF5,7.695,2026-09-30,Axis (0); Nippon (49),Axis,ICRA AAA,6.67% ICICI Bank Limited (26/11/2028) **
INE090A08UG3,7.94,2026-09-30,ICICI Pru (14),ICICI Pru,ICRA AAA,ICICI Bank Ltd. **
INE090AD6279,6.67,2026-09-30,HDFC (24); SBI (196); Axis (220),HDFC,ICRA - A1+,ICICI Bank Ltd.^
INE090AD6287,6.6849,2026-09-30,Axis (98); Nippon (10),Axis,CRISIL A1+,ICICI Bank Limited (12/02/2027) **
INE090AD6295,6.8033,2026-09-30,Axis (53); Nippon (233); UTI (267),Axis,ICRA A1+,ICICI Bank Limited (08/03/2027) **
INE090AD6303,6.8032,2026-09-30,"SBI (1,939); Axis (121); Tata (48)",SBI,[ICRA]A1+,ICICI Bank Ltd.
INE090AD6337,6.8033,2026-09-30,Axis (48); UTI (97),Axis,ICRA A1+,ICICI Bank Limited (25/03/2027) **
INE091A07208,7.645,2026-09-30,SBI (50); ICICI Pru (306); Nippon (347),SBI,CRISIL AA,Nirma Ltd.
INE091A14FA3,6.7,2026-09-30,HDFC (198),HDFC,CRISIL - A1+,Nirma Ltd.^
INE091A14FB1,6.2952,2026-09-30,SBI (75),SBI,CRISIL A1+,Nirma Ltd.
INE092A01019,,,UTI (6),,Chemicals & Petrochemicals,EQ - TATA CHEMICALS LTD.
INE092A08071,7.9375,2026-09-30,SBI (100),SBI,CRISIL AA+,Tata Chemicals Ltd.
INE092T01019,,,UTI (400),,Banks,EQ - IDFC FIRST BANK LTD
INE092T16A01,5.9901,2026-09-30,Axis (249),Axis,CRISIL A1+,IDFC First Bank Limited (23/10/2026) **
INE092T16A19,5.99,2026-09-30,Axis (498),Axis,CRISIL A1+,IDFC First Bank Limited (26/10/2026) **
INE092T16YY7,6.915,2026-09-30,Axis (196); Nippon (245),Axis,CRISIL A1+,IDFC First Bank Limited (27/01/2027) **
INE092T16ZC0,6.95,2026-09-30,ICICI Pru (488); UTI (244),ICICI Pru,CRISIL A1+,IDFC First Bank Ltd. **
INE092T16ZD8,6.9451,2026-09-30,Axis (195),Axis,CRISIL A1+,IDFC First Bank Limited (04/02/2027) **
INE092T16ZE6,6.95,2026-09-30,HDFC (146); Nippon (390),HDFC,CRISIL - A1+,IDFC First Bank Limited^
INE092T16ZX6,6.915,2026-09-30,Axis (147); Tata (735),Axis,CRISIL A1+,IDFC First Bank Limited (15/01/2027) **
INE092T16ZZ1,5.99,2026-09-30,HDFC (399),HDFC,CRISIL - A1+,IDFC First Bank Limited^
INE093A01041,,,UTI (0),,IT - Software,EQ - HEXAWARE TECHNOLOGIES LTD.
INE093I01010,,,SBI (2); UTI (27),,Realty,Oberoi Realty Ltd.
INE093I07074,8.4662,2026-09-30,SBI (112); ICICI Pru (126),SBI,CARE AA+,Oberoi Realty Ltd.
INE093I07082,8.6,2026-09-30,ICICI Pru (398),ICICI Pru,CARE AA+,Oberoi Realty Ltd. **
INE094A01015,,,ICICI Pru (1); UTI (31),,Petroleum Products,Hindustan Petroleum Corporation Ltd.
INE094A08135,7.39,2026-09-30,HDFC (150),HDFC,CRISIL - AAA,Hindustan Petroleum Corp. Ltd.^
INE094A08143,7.6,2026-09-30,HDFC (75),HDFC,CRISIL - AAA,Hindustan Petroleum Corp. Ltd.^
INE094A08150,7.41,2026-09-30,HDFC (100); ICICI Pru (1),HDFC,CRISIL - AAA,Hindustan Petroleum Corp. Ltd.^
INE094A08176,7.52,2026-09-30,HDFC (49),HDFC,CRISIL - AAA,Hindustan Petroleum Corp. Ltd.^
INE094A14KL4,6.26,2026-09-30,ICICI Pru (496); Nippon (596),ICICI Pru,CRISIL A1+,Hindustan Petroleum Corporation Ltd. **
INE094A14KM2,6.26,2026-09-30,HDFC (248); UTI (248),HDFC,CRISIL - A1+,Hindustan Petroleum Corp. Ltd.^
INE094A14KO8,6.35,2026-09-30,Axis (989),Axis,CRISIL A1+,Hindustan Petroleum Corporation Limited (02/12/2026) **
INE094A14KP5,6.35,2026-09-30,ICICI Pru (495),ICICI Pru,CRISIL A1+,Hindustan Petroleum Corporation Ltd. **
INE094A14KR1,6.35,2026-09-30,Nippon (395),Nippon,CRISIL A1+,Hindustan Petroleum Corporation Limited**
INE094J01016,,,ICICI Pru (5); UTI (0),,Capital Markets,UTI Asset Management Co Ltd
INE095A01012,,,Nippon (2); UTI (602),,Banks,IndusInd Bank Limited
INE095A160D4,7.05,2026-09-30,ICICI Pru (733); Nippon (538),ICICI Pru,CRISIL A1+,IndusInd Bank Ltd. **
INE095A161D2,7.05,2026-09-30,Axis (24),Axis,CRISIL A1+,IndusInd Bank Limited (29/01/2027) **
INE095A162D0,7.08,2026-09-30,HDFC (976); ICICI Pru (488); Nippon (293); UTI (195),HDFC,CRISIL - A1+,Indusind Bank Ltd.^
INE095A162F5,7.19,2026-09-30,ICICI Pru (461); Axis (170); Nippon (97),ICICI Pru,CRISIL A1+,IndusInd Bank Ltd. **
INE095A168C9,7.05,2026-09-30,ICICI Pru (538); Axis (343); Tata (587),ICICI Pru,CRISIL A1+,IndusInd Bank Ltd. **
INE095A169C7,7.05,2026-09-30,ICICI Pru (98); Axis (98); UTI (196),ICICI Pru,CRISIL A1+,IndusInd Bank Ltd. **
INE095A169E3,6.7,2026-09-30,HDFC (346); UTI (49),HDFC,CRISIL - A1+,Indusind Bank Ltd.^
INE095N01031,,,UTI (5),,Construction,EQ - NBCC (INDIA) LTD
INE098F01031,,,ICICI Pru (3),,Pharmaceuticals & Biotechnology,Amrutanjan Health Care Ltd.
INE099Z01011,,,Nippon (1),,Aerospace & Defense,Mishra Dhatu Nigam Limited
INE09N301011,,,UTI (1),,Chemicals & Petrochemicals,EQ - GUJARAT FLUROCHEMICALS LTD
INE09OL14IH9,7.65,2026-09-30,Axis (24); Tata (122),Axis,CRISIL A1+,Birla Group Holdings Private Limited (08/01/2027) **
INE09OL14II7,7.65,2026-09-30,HDFC (49); ICICI Pru (98); Axis (147),HDFC,CRISIL - A1+,Birla Group Holdings Pvt. Ltd.^
INE09OL14IJ5,7.65,2026-09-30,HDFC (98); ICICI Pru (122),HDFC,CRISIL - A1+,Birla Group Holdings Pvt. Ltd.^
INE09OL14IK3,7.65,2026-09-30,HDFC (98),HDFC,CRISIL - A1+,Birla Group Holdings Pvt. Ltd.^
INE09OL14IN7,7.65,2026-09-30,ICICI Pru (97); Axis (49),ICICI Pru,CRISIL A1+,Birla Group Holdings Pvt. Ltd. **
INE09OL14IP2,7.65,2026-09-30,HDFC (244); ICICI Pru (97),HDFC,CRISIL - A1+,Birla Group Holdings Pvt. Ltd.^
INE09OL14IQ0,7.65,2026-09-30,UTI (73),UTI,CRISIL-A1+,CP BIRLA GROUP HOLDINGS PRIVATE LIMITED
INE09OL14IR8,7.65,2026-09-30,ICICI Pru (243),ICICI Pru,CRISIL A1+,Birla Group Holdings Pvt. Ltd. **
INE09OL14IS6,7.65,2026-09-30,ICICI Pru (437),ICICI Pru,CRISIL A1+,Birla Group Holdings Pvt. Ltd. **
INE09OL14JA2,7.7,2026-09-30,ICICI Pru (145),ICICI Pru,CRISIL A1+,Birla Group Holdings Pvt. Ltd. **
INE09OL14JG9,7.22,2026-09-30,UTI (173),UTI,CRISIL-A1+,CP BIRLA GROUP HOLDINGS PRIVATE LIMITED
INE09OL14JQ8,7.22,2026-09-30,Nippon (198),Nippon,ICRA A1+,Birla Group Holdings Private Limited**
INE09OL14JR6,7.27,2026-09-30,ICICI Pru (346),ICICI Pru,CRISIL A1+,Birla Group Holdings Pvt. Ltd. **
INE09OL14JS4,7.27,2026-09-30,UTI (197),UTI,CRISIL-A1+,CP BIRLA GROUP HOLDINGS PRIVATE LIMITED
INE09OL14JT2,7.27,2026-09-30,HDFC (370),HDFC,CRISIL - A1+,Birla Group Holdings Pvt. Ltd.^
INE09OL14JU0,7.27,2026-09-30,ICICI Pru (494),ICICI Pru,CRISIL A1+,Birla Group Holdings Pvt. Ltd. **
INE09OL14JV8,7.27,2026-09-30,Nippon (222),Nippon,CRISIL A1+,Birla Group Holdings Private Limited**
INE09OL14JW6,7.2699,2026-09-30,Axis (419),Axis,CRISIL A1+,Birla Group Holdings Private Limited (10/12/2026) **
INE0AD514339,7.3,2026-09-30,Tata (49),Tata,CRISIL-A1+,** - ASEEM INFRASTRUCTURE FINANCE LTD - CP - 04/12/2026
INE0AD514370,7.54,2026-09-30,UTI (242),UTI,CARE-A1+,CP ASEEM INFRASTRUCTURE FINANCE LTD
INE0AD514412,6.9652,2026-09-30,SBI (149),SBI,[ICRA]A1+,Aseem Infrastructure Finance Ltd.
INE0AD514420,7.2247,2026-09-30,SBI (149),SBI,[ICRA]A1+,Aseem Infrastructure Finance Ltd.
INE0AY207061,9.405,2026-09-30,SBI (285),SBI,CARE A(CE),Renserv Global Pvt Ltd.
INE0BJN16036,7.26,2026-09-30,Tata (97),Tata,CRISIL-A1+,** - QATAR NATIONAL BANK (Q.P.S.C.) - CD - 08/03/2027
INE0BS701011,,,UTI (0),,Electrical Equipment,EQ-PREMIER ENERGIES LIMITED
INE0BV301023,,,UTI (13),,IT - Software,EQ - C.E. INFO SYSTEMS LTD
INE0BWS07045,8.19,2026-09-30,HDFC (24); Axis (24),HDFC,CRISIL - AAA,Altius Telecom Infrastructure Trust^
INE0BWX01014,,,UTI (0),,Chemicals & Petrochemicals,EQ - AETHER INDUSTRIES LTD.
INE0BY001018,,,ICICI Pru (3); UTI (77),,Chemicals & Petrochemicals,Jubilant Ingrevia Ltd.
INE0CAZ01013,,,SBI (3); UTI (11),,Retailing,Urban Company Ltd.
INE0CCU07066,7.96,2026-09-30,UTI (35); Tata (5),UTI,CRISIL-AAA,NCD MINDSPACE BUSINESS PARKS REIT
INE0CCU07090,6.74,2026-09-30,HDFC (160); Axis (200),HDFC,CRISIL - AAA,Mindspace Business Parks REIT^
INE0CCU07108,7.49,2026-09-30,HDFC (341),HDFC,CRISIL - AAA,Mindspace Business Parks REIT^
INE0CCU07116,8.186,2026-09-30,SBI (130); Nippon (120),SBI,CRISIL AAA,Mindspace Business Parks Reit
INE0CCU07132,8.0045,2026-09-30,SBI (199); Tata (249),SBI,[ICRA]AAA,Mindspace Business Parks Reit
INE0CCU07140,8.2,2026-09-30,Tata (93),Tata,CRISIL-AAA,** 07.20 % MINDSPACE BUSINESS PARKS REIT - 10/05/2030
INE0CCU07165,7.9687,2026-09-30,SBI (74); UTI (25),SBI,CRISIL AAA,Mindspace Business Parks Reit
INE0CCU07181,8.0525,2026-09-30,SBI (275),SBI,[ICRA]AAA,Mindspace Business Parks Reit
INE0CCU07199,8.1575,2026-09-30,SBI (98); ICICI Pru (74); Nippon (25); UTI (49),SBI,[ICRA]AAA,Mindspace Business Parks Reit
INE0CCU07215,8.05,2026-09-30,ICICI Pru (423),ICICI Pru,ICRA AAA,MINDSPACE BUSINESS PARKS REIT **
INE0CCU08015,8.09,2026-09-30,UTI (100),UTI,ICRA-AAA,NCD MINDSPACE BUSINESS PARKS REIT
INE0CCU14120,7.09,2026-09-30,HDFC (488); Axis (244); Nippon (195),HDFC,CRISIL - A1+,Mindspace Business Parks REIT^
INE0CCU14146,7.66,2026-09-30,HDFC (285); Nippon (237),HDFC,ICRA - A1+,Mindspace Business Parks REIT^
INE0CCU25019,,,SBI (57); ICICI Pru (46); Nippon (14); UTI (44),,Realty,Mindspace Business Parks Reit
INE0CLI01024,,,UTI (44),,IT - Software,EQ - RATEGAIN TRAVEL TECHNOLOGIES LTD
INE0CZ201020,,,SBI (3); ICICI Pru (0); UTI (311),,Pharmaceuticals & Biotechnology,Anthem Biosciences Ltd.
INE0DBJ14024,7.0499,2026-09-30,Nippon (99),Nippon,ICRA A1+,Mizuho Capsave Finance Private Ltd.**
INE0DD101019,,,UTI (0),,Telecom - Services,EQ - RAILTEL CORPORATION OF INDIA L
INE0DK501011,,,UTI (0),,Pharmaceuticals & Biotechnology,EQ - PIRAMAL PHARMA LTD
INE0DUT01020,,,SBI (32),,Pharmaceuticals & Biotechnology,Innova Captab Ltd.
INE0DYJ01015,,,UTI (0),,Industrial Manufacturing,EQ - SYRMA SGS TECHNOLOGY LTD.
INE0DZE14339,7.51,2026-09-30,Tata (290),Tata,CRISIL-A1+,** - KISETSU SAISON FINANCE (INDIA) PRIVATE LTD - CP - 11/03/2027
INE0DZE14362,7.46,2026-09-30,Nippon (194),Nippon,CARE A1+,Kisetsu Saison Fin Ind Pvt Ltd**
INE0DZE14446,7.1401,2026-09-30,Nippon (198),Nippon,CARE A1+,Kisetsu Saison Fin Ind Pvt Ltd**
INE0DZE14453,7.1902,2026-09-30,Nippon (99),Nippon,CRISIL A1+,Kisetsu Saison Fin Ind Pvt Ltd**
INE0FDU07018,8.06,2026-09-30,HDFC (197); SBI (295); Nippon (271),HDFC,CRISIL - AAA,BROOKFIELD INDIA REAL ESTATE TRUST^
INE0FDU14055,7.2001,2026-09-30,SBI (253),SBI,CRISIL A1+,Brookfield India Real Estate Trust
INE0FDU25010,,,SBI (533); ICICI Pru (66); Nippon (15); UTI (78),,Realty,Brookfield India Real Estate Trust
INE0FOO01011,,,SBI (8); UTI (67),,Transport Services,Shiprocket Ltd.
INE0FS801015,,,ICICI Pru (1); UTI (208),,Auto Components,Motherson Sumi Wiring India Ltd.
INE0GCN07054,9.24,2026-09-30,ICICI Pru (99); Axis (61); Nippon (103); Tata (99),ICICI Pru,FITCH AA-,Adani Airport Holdings Ltd. **
INE0H5O01029,,,UTI (20),,Pharmaceuticals & Biotechnology,EQ - WINDLAS BIOTEC LTD
INE0H7R07058,8.266,2026-09-30,SBI (155); Nippon (12),SBI,IND AAA,National Highways Infra Trust
INE0H7R07066,8.216,2026-09-30,SBI (308); Nippon (48),SBI,IND AAA,National Highways Infra Trust
INE0H7R23014,,,SBI (5),,Transport Infrastructure,National Highways Infra Trust
INE0HOQ01053,,,UTI (108); Tata (1),,Capital Markets,EQ - BILLIONBRAINS GARAGE VENTURES LTD
INE0I7C01011,,,UTI (12),,IT - Software,EQ - LATENT VIEW ANALYTICS LTD
INE0INX01018,,,UTI (0),,Oil,EQ - AEGIS VOPAK TERMINALS LTD.
INE0ISX01025,,,SBI (2),,Textiles & Apparels,Kusumgar Ltd.
INE0IX101010,,,UTI (1),,Aerospace & Defense,EQ- DATA PATTERNS (INDIA) LTD.
INE0J1Y01017,,,SBI (40); ICICI Pru (2); Axis (1); UTI (409),,Insurance,Life Insurance Corporation of India
INE0J5401028,,,UTI (0),,Personal Products,EQ - HONASA CONSUMER LTD
INE0JEI23010,,,UTI (2),,-,INVIT - ROADSTAR INFRA INVESTMENT TRUST
INE0JOL16074,6.63,2026-09-30,ICICI Pru (395),ICICI Pru,CRISIL A1+,Mashreq Bank PSC India Branch **
INE0JPD01013,,,SBI (2),,Textiles & Apparels,Sanathan Textiles Ltd.
INE0JR601024,,,UTI (59),,Leisure Services,EQ - YATRA ONLINE LTD.
INE0JRU14545,7.57,2026-09-30,Nippon (49),Nippon,CRISIL A1+,Mirae Asset Financial Services (India) Private Limited**
INE0JRU14552,7.615,2026-09-30,Nippon (49),Nippon,CRISIL A1+,Mirae Asset Financial Services (India) Private Limited**
INE0KBH01020,,,UTI (64),,Pharmaceuticals & Biotechnology,EQ - BLUE JET HEALTHCARE LTD
INE0KUG08019,7.94,2026-09-30,HDFC (243),HDFC,CRISIL - AAA,National Bank for Financing Infrastructure and Development^
INE0KUG08050,7.97,2026-09-30,HDFC (188),HDFC,CRISIL - AAA,National Bank for Financing Infrastructure and Development^
INE0KUG08092,7.9171,2026-09-30,Nippon (19),Nippon,CRISIL AAA,6.67% National Bank For Financing Infrastructure And Development**
INE0KUG08142,7.8521,2026-09-30,SBI (148),SBI,CRISIL AAA,National Bank for Financing Infrastructure and Development
INE0KUG16012,6.88,2026-09-30,HDFC (437); ICICI Pru (365); UTI (243),HDFC,IND - A1+,National Bank for Financing Infrastructure and Development^
INE0KUG16020,6.877,2026-09-30,"SBI (1,409)",SBI,IND A1+,National Bank for Financing Infrastructure and Development
INE0KUG16038,6.88,2026-09-30,"HDFC (1,456)",HDFC,IND - A1+,National Bank for Financing Infrastructure and Development^
INE0KXY07034,7.435,2026-09-30,SBI (389); Nippon (75),SBI,CRISIL AAA,Vertis Infrastructure Trust
INE0KXY23015,,,SBI (68),,Transport Infrastructure,Vertis Infrastructure Trust
INE0LEZ01016,,,UTI (0); Tata (2),,Automobiles,EQ - ATHER ENERGY LTD.
INE0LP301011,,,UTI (0),,Other Consumer Services,EQ - PHYSICSWALLAH LTD
INE0LRU01027,,,UTI (14),,Pharmaceuticals & Biotechnology,EQ - AARTI PHARMALABS LTD
INE0LXG01040,,,UTI (0),,Automobiles,EQ - OLA ELECTRIC MOBILITY LTD
INE0M2307321,8.2216,2026-09-30,Nippon (116),Nippon,FITCH AA(CE),9.15% Andhra Pradesh State Beverages Corporation Limited**
INE0M2307362,7.6692,2026-09-30,Nippon (25),Nippon,FITCH AA(CE),9.15% Andhra Pradesh State Beverages Corporation Limited**
INE0M2307370,8.3501,2026-09-30,Nippon (5),Nippon,FITCH AA(CE),9.15% Andhra Pradesh State Beverages Corporation Limited**
INE0M8D08016,9.2224,2026-09-30,Axis (70),Axis,CRISIL AA-,8.8% Aditya Birla Digital Fashion Ventures Limited (26/08/2027) **
INE0M8D08032,9.4274,2026-09-30,Axis (10); UTI (59),Axis,CRISIL AA-,9% Aditya Birla Digital Fashion Ventures Limited (20/07/2029) **
INE0MIZ07038,8.6,2026-09-30,SBI (298),SBI,CRISIL AAA,Anzen India Energy Yield Plus Trust
INE0MT207015,10.7468,2026-09-30,SBI (149),SBI,[ICRA]AA-,NJ Capital Pvt. Ltd.
INE0NDH07027,8.1577,2026-09-30,SBI (50); Tata (45),SBI,CRISIL AAA,Nexus Select Trust
INE0NDH07035,8.155,2026-09-30,SBI (199); Axis (70); Nippon (105),SBI,CRISIL AAA,Nexus Select Trust
INE0NDH07043,7.02,2026-09-30,HDFC (75); Axis (75); Tata (50),HDFC,CRISIL - AAA,Nexus Select Trust REIT^
INE0NDH07050,7.95,2026-09-30,ICICI Pru (547),ICICI Pru,ICRA AAA,Nexus Select Trust **
INE0NDH07068,8.335,2026-09-30,SBI (219); ICICI Pru (146); Nippon (73),SBI,CRISIL AAA,Nexus Select Trust
INE0NDH14171,6.6596,2026-09-30,Nippon (99),Nippon,CRISIL A1+,Nexus Select Trust - REIT**
INE0NDH14189,6.69,2026-09-30,ICICI Pru (149),ICICI Pru,CRISIL A1+,Nexus Select Trust **
INE0NDH25011,,,ICICI Pru (0); Nippon (12); UTI (81),,Units of Real Estate Investment Trust (REITs),Nexus Select Trust
INE0NHL23019,,,SBI (48); ICICI Pru (130); Axis (21); UTI (150),,Transport Infrastructure,Indus Infra Trust
INE0NNS01018,,,UTI (0),,Ferrous Metals,EQ - NMDC STEEL LTD
INE0NR607058,8.0,2026-09-30,SBI (209); ICICI Pru (30); Tata (5),SBI,[ICRA]AAA,Cube Highways Trust
INE0NR607074,8.105,2026-09-30,Nippon (216),Nippon,ICRA AAA,6.93% Cube Highways Trust-InvIT Fund**
INE0NR623014,,,SBI (170); ICICI Pru (111); Axis (28); Nippon (12),,Transport Infrastructure,Cube Highways Trust
INE0NT901020,,,UTI (0),,IT - Services,EQ - NETWEB TECHNOLOGIES INDIA LTD
INE0OJ808028,8.59,2026-09-30,HDFC (196),HDFC,CRISIL - AAA,ASCENDAS IT PARK PUNE PRIVATE LIMITED^
INE0ONG01011,,,UTI (0),,Power,EQ - NTPC GREEN ENERGY LTD
INE0PTN01011,,,SBI (3),,Finance,Moneyview Ltd.
INE0Q9301021,,,UTI (0),,Commercial Services & Supplies,EQ - INTERNATIONAL GEMOLOGICAL INSTITUTE LTD
INE0QPI01025,,,SBI (2); UTI (18),,Chemicals & Petrochemicals,Sudeep Pharma Ltd.
INE0R8O07036,8.5375,2026-09-30,SBI (361),SBI,CRISIL AAA,Sustainable Energy Infra Trust
INE0REQ08017,8.93,2026-09-30,ICICI Pru (55),ICICI Pru,CARE AA+,Aadharshila Infratech Pvt Ltd **
INE0REQ08025,9.26,2026-09-30,ICICI Pru (88),ICICI Pru,CARE AA+,Aadharshila Infratech Pvt Ltd **
INE0RVR15014,9.01,2026-09-30,Axis (10),Axis,CRISIL AAA(SO),Sansar Trust (17/03/2028) **
INE0T2V14152,7.6999,2026-09-30,Nippon (148),Nippon,CRISIL A1+,Mirae Asset Capital Markets Private Limited**
INE0T2V14160,7.92,2026-09-30,Tata (194),Tata,CRISIL-A1+,** - MIRAE ASSET CAPITAL MARKETS (INDIA) PRIVATE LTD - CP - 26/02/2027
INE0UOS01011,,,UTI (26),,Pharmaceuticals & Biotechnology,EQ - SANOFI CONSUMER HEALTHCARE INDIA LTD
INE0V6F01027,,,SBI (23); ICICI Pru (9); UTI (618),,Automobiles,Hyundai Motor India Ltd.
INE0V7W01012,,,UTI (20),,Auto Components,EQ - CARRARO INDIA LTD
INE0VDM01015,,,UTI (384),,Retailing,EQ - MEESHO LTD
INE0W2G01015,,,UTI (4),,IT - Services,EQ - SAGILITY LTD
INE0WLO15020,9.264,2026-09-30,Nippon (33),Nippon,FITCH AAA(SO),Naomi**
INE0WO601020,,,UTI (15),,Healthcare Equipment & Supplies,EQ - LAXMI DENTAL LIMITED
INE0YD401026,,,UTI (0),,Diversified Metals,EQ - JAIN RESOURCE RECYCLING LTD
INE0YRB07050,8.0849,2026-09-30,Nippon (94),Nippon,CRISIL AA+,7.7% Adani Transmission Step-Two Limited**
INE0YRB07068,7.94,2026-09-30,Nippon (72),Nippon,CRISIL AA+,7.7% Adani Transmission Step-Two Limited**
INE0YRB07076,7.0344,2026-09-30,Nippon (24),Nippon,CRISIL AA+,7.7% Adani Transmission Step-Two Limited**
INE0YWN15017,9.29,2026-09-30,ICICI Pru (55); Axis (27); Tata (16),ICICI Pru,CRISIL AAA(SO),Sansar Trust June 2024 A1 **
INE0Z8Z23013,,,SBI (20); ICICI Pru (204); Axis (27),,Construction,Capital Infra Trust
INE100A01010,,,UTI (0),,Chemicals & Petrochemicals,EQ - ATUL LTD.
INE101A01026,,,"ICICI Pru (23); Axis (2); Nippon (4); UTI (6,351)",,Automobiles,Mahindra & Mahindra Ltd.
INE101D01020,,,UTI (1),,Pharmaceuticals & Biotechnology,EQ - GRANULES INDIA LTD
INE101I01011,,,SBI (39); UTI (0),,Construction,Afcons Infrastructure Ltd.
INE101Q07BV5,11.254,2026-09-30,Nippon (7),Nippon,ICRA A,9.25% Muthoot Mcred Limited**
INE101Q07BY9,11.239,2026-09-30,Nippon (20),Nippon,ICRA A,9.25% Muthoot Mcred Limited**
INE101Q07CA7,11.2588,2026-09-30,Nippon (3),Nippon,ICRA A,9.3% Muthoot Mcred Limited**
INE102B01014,,,UTI (0),,Finance,EQ - CHOICE INTERNATIONAL LTD.
INE102D01028,,,SBI (34); ICICI Pru (14); UTI (180),,Personal Products,Godrej Consumer Products Ltd.
INE102D14CI2,6.4,2026-09-30,HDFC (795),HDFC,CRISIL - A1+,Godrej Consumer Products Ltd.^
INE102D14CJ0,6.45,2026-09-30,HDFC (346),HDFC,CRISIL - A1+,Godrej Consumer Products Ltd.^
INE102D14CK8,6.4449,2026-09-30,Nippon (99),Nippon,CRISIL A1+,Godrej Consumer Products Limited**
INE102D14CL6,6.42,2026-09-30,ICICI Pru (794),ICICI Pru,CRISIL A1+,Godrej Consumer Products Ltd. **
INE103A01014,,,UTI (0),,Petroleum Products,EQ - MANGALORE REFINERY & PETROCHEM
INE103A08035,7.92,2026-09-30,HDFC (244),HDFC,CRISIL - AAA,MANGALORE REFINERY AND PETROCHEMICA^
INE103D08021,8.1754,2026-09-30,SBI (44); ICICI Pru (49),SBI,CRISIL AAA(CE),Bharat Sanchar Nigam Ltd.
INE103D08039,8.1803,2026-09-30,SBI (20); Tata (10),SBI,CRISIL AAA(CE),Bharat Sanchar Nigam Ltd.
INE103D08054,8.18,2026-09-30,ICICI Pru (97),ICICI Pru,CRISIL AAA(CE),Bharat Sanchar Nigam Ltd. **
INE105A08022,8.1,2026-09-30,Axis (115),Axis,CRISIL AA+,8.65% TVS Holdings Limited (07/06/2029) **
INE105A08030,8.38,2026-09-30,ICICI Pru (251),ICICI Pru,CARE AA+,TVS Holdings Ltd. **
INE105N07217,8.37,2026-09-30,ICICI Pru (31),ICICI Pru,CRISIL AAA,Oriental Nagpur Betul Highway Ltd. **
INE105N07225,8.94,2026-09-30,ICICI Pru (30),ICICI Pru,CRISIL AAA,Oriental Nagpur Betul Highway Ltd. **
INE108V01019,,,UTI (40),,Commercial Services & Supplies,EQ - AWFIS SPACE SOLUTIONS LTD
INE109A01011,,,UTI (0),,Transport Services,EQ - SHIPPING CORPN. OF INDIA
INE110O14HP6,7.39,2026-09-30,UTI (97),UTI,CRISIL-A1+,CP AXIS SECURITIES LTD
INE110O14HS0,7.39,2026-09-30,ICICI Pru (292),ICICI Pru,CRISIL A1+,Axis Securities Ltd. **
INE110O14IX8,7.44,2026-09-30,ICICI Pru (145),ICICI Pru,CRISIL A1+,Axis Securities Ltd. **
INE110O14JI7,7.05,2026-09-30,ICICI Pru (199),ICICI Pru,CRISIL A1+,Axis Securities Ltd. **
INE110O14JJ5,7.0528,2026-09-30,SBI (496),SBI,CRISIL A1+,Axis Securities Ltd.
INE110O14JL1,7.12,2026-09-30,ICICI Pru (74),ICICI Pru,CRISIL A1+,Axis Securities Ltd. **
INE110O14JN7,7.07,2026-09-30,UTI (99),UTI,CRISIL-A1+,CP AXIS SECURITIES LTD
INE110O14JP2,7.12,2026-09-30,ICICI Pru (198),ICICI Pru,CRISIL A1+,Axis Securities Ltd. **
INE110O14JS6,6.61,2026-09-30,HDFC (150),HDFC,CRISIL - A1+,AXIS Securities Limited^
INE111A01025,,,UTI (100),,Transport Services,EQ - CONTAINER CORP. OF INDIA LTD
INE112L01020,,,UTI (316),,Healthcare Services,EQ - METROPOLIS HEALTHCARE LTD
INE114A01011,,,SBI (19); UTI (492),,Ferrous Metals,Steel Authority of India Ltd.
INE115A01026,,,UTI (85),,Finance,EQ - LIC HOUSING FINANCE LTD.
INE115A07LO3,7.29,2026-09-30,ICICI Pru (75),ICICI Pru,CRISIL AAA,LIC Housing Finance Ltd. **
INE115A07MC6,7.66,2026-09-30,ICICI Pru (85),ICICI Pru,CRISIL AAA,LIC Housing Finance Ltd. **
INE115A07MQ6,7.86,2026-09-30,HDFC (25); ICICI Pru (55); Axis (25),HDFC,CRISIL - AAA,LIC Housing Finance Ltd.^
INE115A07MW4,7.86,2026-09-30,ICICI Pru (220); Axis (100); Nippon (5); UTI (25); Tata (4),ICICI Pru,CRISIL AAA,LIC Housing Finance Ltd. **
INE115A07NP6,7.89,2026-09-30,HDFC (25); ICICI Pru (188); Nippon (137); UTI (51),HDFC,CRISIL - AAA,LIC Housing Finance Ltd.^
INE115A07NU6,7.95,2026-09-30,ICICI Pru (142),ICICI Pru,CRISIL AAA,LIC Housing Finance Ltd. **
INE115A07OB4,7.95,2026-09-30,HDFC (51),HDFC,CRISIL - AAA,LIC Housing Finance Ltd.^
INE115A07OF5,7.9549,2026-09-30,Nippon (5),Nippon,CRISIL AAA,7.99% LIC Housing Finance Limited**
INE115A07OR0,8.05,2026-09-30,Tata (1),Tata,CRISIL-AAA,** 07.97 % LIC HOUSING FINANCE LTD - 28/01/2030
INE115A07PN6,6.5,2026-09-30,HDFC (175); ICICI Pru (127); UTI (90),HDFC,CRISIL - AAA,LIC Housing Finance Ltd.^
INE115A07PR7,7.19,2026-09-30,HDFC (95); SBI (50); Axis (50),HDFC,CRISIL - AAA,LIC Housing Finance Ltd.^
INE115A07PV9,7.66,2026-09-30,HDFC (25); ICICI Pru (50); Axis (20),HDFC,CRISIL - AAA,LIC Housing Finance Ltd.^
INE115A07QC7,7.86,2026-09-30,ICICI Pru (120); Axis (25); Nippon (10); UTI (25),ICICI Pru,CRISIL AAA,LIC Housing Finance Ltd.
INE115A07QH6,8.07,2026-09-30,ICICI Pru (75),ICICI Pru,CRISIL AAA,LIC Housing Finance Ltd. **
INE115A07QI4,8.07,2026-09-30,ICICI Pru (49); Axis (5),ICICI Pru,CRISIL AAA,LIC Housing Finance Ltd. **
INE115A07QJ2,7.88,2026-09-30,HDFC (598),HDFC,CRISIL - AAA,LIC Housing Finance Ltd.^
INE115A07QK0,8.075,2026-09-30,SBI (73),SBI,CRISIL AAA,LIC Housing Finance Ltd.
INE115A07QL8,8.07,2026-09-30,ICICI Pru (49),ICICI Pru,CRISIL AAA,LIC Housing Finance Ltd. **
INE115A07QM6,7.89,2026-09-30,HDFC (25),HDFC,CRISIL - AAA,LIC Housing Finance Ltd.^
INE115A07QN4,8.09,2026-09-30,ICICI Pru (49); Tata (24),ICICI Pru,CRISIL AAA,LIC Housing Finance Ltd. **
INE115A07QO2,7.63,2026-09-30,HDFC (40); ICICI Pru (155); Tata (25),HDFC,CRISIL - AAA,LIC Housing Finance Ltd.^
INE115A07QP9,7.76,2026-09-30,HDFC (250); SBI (575),HDFC,CRISIL - AAA,LIC Housing Finance Ltd.
INE115A07QR5,8.09,2026-09-30,Tata (15),Tata,CRISIL-AAA,** 07.68 % LIC HOUSING FINANCE LTD - 29/05/2034
INE115A07QS3,7.785,2026-09-30,SBI (26); ICICI Pru (110); Axis (10),SBI,CRISIL AAA,LIC Housing Finance Ltd.
INE115A07QU9,7.96,2026-09-30,HDFC (249),HDFC,CRISIL - AAA,LIC Housing Finance Ltd.^
INE115A07QV7,8.09,2026-09-30,ICICI Pru (165),ICICI Pru,CRISIL AAA,LIC Housing Finance Ltd. **
INE115A07QW5,7.86,2026-09-30,HDFC (225); SBI (50); ICICI Pru (539); UTI (175); Tata (100),HDFC,CRISIL - AAA,LIC Housing Finance Ltd.^
INE115A07QX3,8.06,2026-09-30,HDFC (246),HDFC,CRISIL - AAA,LIC Housing Finance Ltd.^
INE115A07QZ8,7.86,2026-09-30,HDFC (25); ICICI Pru (225); Axis (5); UTI (75),HDFC,CRISIL - AAA,LIC Housing Finance Ltd.^
INE115A07RA9,6.66,2026-09-30,HDFC (25); SBI (350); Axis (75); Nippon (13),HDFC,CRISIL - AAA,LIC Housing Finance Ltd.^
INE115A07RB7,8.09,2026-09-30,ICICI Pru (29),ICICI Pru,CRISIL AAA,LIC Housing Finance Ltd. **
INE115A07RD3,8.05,2026-09-30,HDFC (99); UTI (49),HDFC,CRISIL - AAA,LIC Housing Finance Ltd.^
INE115A07RE1,7.29,2026-09-30,HDFC (300); SBI (75); Axis (25); Nippon (25),HDFC,CRISIL - AAA,LIC Housing Finance Ltd.^
INE115A07RF8,7.91,2026-09-30,"HDFC (19); SBI (329); ICICI Pru (4,049); Axis (10)",HDFC,CRISIL - AAA,LIC Housing Finance Ltd.^
INE115A07RH4,7.8,2026-09-30,ICICI Pru (74); Axis (3),ICICI Pru,CRISIL AAA,LIC Housing Finance Ltd.
INE115A07RJ0,7.86,2026-09-30,SBI (475); Axis (174); Tata (25),SBI,CRISIL AAA,LIC Housing Finance Ltd.
INE115A14FQ6,7.01,2026-09-30,Tata (971),Tata,CRISIL-A1+,** - LIC HOUSING FINANCE LTD - CP - 05/03/2027
INE115A14FR4,6.91,2026-09-30,HDFC (487); ICICI Pru (24),HDFC,CRISIL - A1+,LIC Housing Finance Ltd.^
INE115A14FS2,6.91,2026-09-30,"HDFC (98); SBI (1,512); ICICI Pru (122); Axis (102); Nippon (10); Tata (195)",HDFC,CRISIL - A1+,LIC Housing Finance Ltd.^
INE115A14FT0,7.01,2026-09-30,ICICI Pru (146),ICICI Pru,CRISIL A1+,LIC Housing Finance Ltd. **
INE115A14FY0,6.41,2026-09-30,HDFC (272); Axis (743),HDFC,CRISIL - A1+,LIC Housing Finance Ltd.^
INE115A14FZ7,6.4,2026-09-30,"ICICI Pru (397); Axis (1,167)",ICICI Pru,CRISIL A1+,LIC Housing Finance Ltd. **
INE115A14GA8,6.0151,2026-09-30,SBI (747),SBI,CRISIL A1+,LIC Housing Finance Ltd.
INE115A14GB6,6.4599,2026-09-30,SBI (494); Nippon (123),SBI,CRISIL A1+,LIC Housing Finance Ltd.
INE115Q01022,,,UTI (0),,IT - Services,EQ - INVENTURUS KNOWLEDGE SOLUTIONS LTD
INE116F14240,7.65,2026-09-30,HDFC (73); ICICI Pru (930); Axis (416),HDFC,CRISIL - A1+,Panatone Finvest Ltd.^
INE117A01022,,,SBI (1); UTI (302),,Electrical Equipment,ABB India Ltd.
INE118A01012,,,UTI (182),,Finance,EQ - BAJAJ HOLDINGS & INVESTMENT LT
INE118D01016,,,UTI (0),,Cement & Cement Products,EQ - NUVOCO VISTAS CORPORATION LTD
INE118D08045,10.0699,2026-09-30,Nippon (22),Nippon,CRISIL AA-,10.15% Nuvoco Vistas Corporation Limited**
INE118D08078,8.25,2026-09-30,Nippon (74),Nippon,CRISIL AA,7.7% Nuvoco Vistas Corporation Limited
INE118D14AR3,6.86,2026-09-30,UTI (99),UTI,CRISIL-A1+,CP NUVOCO VISTAS CORPORATION LTD
INE118D14AS1,6.9038,2026-09-30,Nippon (296),Nippon,CRISIL A1+,Nuvoco Vistas Corporation Limited**
INE118D14AT9,6.88,2026-09-30,UTI (198),UTI,CRISIL-A1+,CP NUVOCO VISTAS CORPORATION LTD
INE118D14AU7,6.9039,2026-09-30,Nippon (173),Nippon,CRISIL A1+,Nuvoco Vistas Corporation Limited**
INE118H01025,,,"SBI (23); UTI (1,588); Tata (1)",,Capital Markets,BSE Ltd.
INE119A01028,,,SBI (134); UTI (0),,Agricultural Food & other Products,Balrampur Chini Mills Ltd.
INE11LM07031,8.4338,2026-09-30,Axis (100),Axis,CARE AAA,7.7954% Reliance Life Sciences Private Limited (05/11/2027) ** #
INE120A01034,,,SBI (60); ICICI Pru (11); UTI (44),,Industrial Products,Carborundum Universal Ltd.
INE121A01024,,,SBI (29); Axis (2); UTI (882),,Finance,Cholamandalam Investment & Finance Co. Ltd.
INE121A07RT7,7.8249,2026-09-30,Axis (4),Axis,ICRA AA+,8.5% Cholamandalam Investment and Finance Company Ltd (30/01/2027) **
INE121A07SB3,7.995,2026-09-30,SBI (125),SBI,[ICRA]AA+,Cholamandalam Investment & Finance Co. Ltd.
INE121A07SN8,7.995,2026-09-30,Axis (90); UTI (25),Axis,ICRA AA+,7.38% Cholamandalam Investment and Finance Company Ltd (28/05/2027) **
INE121A07SU3,8.8751,2026-09-30,SBI (10); ICICI Pru (600); Axis (245); Nippon (200); UTI (75),SBI,[ICRA]AA+,Cholamandalam Investment & Finance Co. Ltd.
INE121A08PP7,9.01,2026-09-30,ICICI Pru (206); Tata (55),ICICI Pru,ICRA AA+,Cholamandalam Investment And Finance Company Ltd. **
INE121A08PS1,9.15,2026-09-30,Tata (25),Tata,ICRA-AA+,** 09.00 % CHOLAMANDALAM INVT & FIN  CO LTD - 23/01/2035
INE121A08PT9,9.075,2026-09-30,SBI (399); ICICI Pru (232),SBI,[ICRA]AA+,Cholamandalam Investment & Finance Co. Ltd.
INE121A08PU7,9.075,2026-09-30,SBI (330),SBI,[ICRA]AA+,Cholamandalam Investment & Finance Co. Ltd.
INE121A08PV5,9.08,2026-09-30,ICICI Pru (137),ICICI Pru,ICRA AA+,Cholamandalam Investment And Finance Company Ltd. **
INE121A08PZ6,9.08,2026-09-30,SBI (124),SBI,[ICRA]AA+,Cholamandalam Investment & Finance Co. Ltd.
INE121A08QA7,10.1788,2026-09-30,"SBI (1,104)",SBI,[ICRA]AA,Cholamandalam Investment & Finance Co. Ltd.Perpetual
INE121A14YF8,7.55,2026-09-30,ICICI Pru (98),ICICI Pru,CRISIL A1+,Cholamandalam Investment And Finance Company Ltd. **
INE121A14YL6,7.55,2026-09-30,ICICI Pru (49),ICICI Pru,CRISIL A1+,Cholamandalam Investment And Finance Company Ltd. **
INE121A14YM4,7.5449,2026-09-30,SBI (485); ICICI Pru (194),SBI,CRISIL A1+,Cholamandalam Investment & Finance Co. Ltd.
INE121A14YN2,7.6,2026-09-30,UTI (73),UTI,CARE-A1+,CP CHOLAMANDALAM INVESTMENT AND FINANCE COMPANY LIMITED
INE121A14YW3,7.175,2026-09-30,SBI (397),SBI,CRISIL A1+,Cholamandalam Investment & Finance Co. Ltd.
INE121A14YX1,7.1754,2026-09-30,Axis (496),Axis,ICRA A1+,Cholamandalam Investment and Finance Company Ltd (12/11/2026) **
INE121E01018,,,Nippon (2); UTI (18),,Power,JSW Energy Limited
INE121E14482,6.87,2026-09-30,UTI (296),UTI,ICRA-A1+,CP JSW ENERGY LTD.
INE121J01017,,,SBI (306); UTI (410),,Telecom - Services,Indus Towers Ltd.
INE122R01018,,,SBI,,Beverages,Manpasand Beverages Ltd.
INE123F01029,,,UTI (0),,Commercial Services & Supplies,EQ - MMTC LTD
INE123W01016,,,"ICICI Pru (47); Nippon (3); UTI (1,033)",,Insurance,SBI Life Insurance Company Ltd.
INE124N07697,9.1482,2026-09-30,Nippon (63),Nippon,ICRA AA-,9.25% SK Finance Limited**
INE124N07754,9.36,2026-09-30,HDFC (200),HDFC,ICRA - AA-,SK FINANCE LIMITED^
INE124N07762,9.5281,2026-09-30,Axis (55); Nippon (75),Axis,ICRA AA-,9.25% SK Finance Limited (24/10/2027) **
INE126A01031,,,SBI (1); UTI (0),,Food Products,E.I.D-Parry (India) Ltd.
INE127D01025,,,UTI (439),,Capital Markets,EQ - HDFC ASSET MANAGEMENT COMPANY
INE127K08017,8.03,2026-09-30,HDFC (50); ICICI Pru (25); Nippon (50),HDFC,IND - AAA,Nomura Fixed Income Securities Pvt.^
INE127K08025,9.02,2026-09-30,ICICI Pru (299),ICICI Pru,FITCH AAA,Nomura Fixed Income Securities Pvt. Ltd. **
INE128M08086,7.9148,2026-09-30,Nippon (198),Nippon,CRISIL AAA(CE),6.68% L&T Metro Rail (Hyderabad) Limited**
INE128M08094,8.15,2026-09-30,ICICI Pru (145); Axis (212); Nippon (101),ICICI Pru,CRISIL AAA(CE),L&T Metro Rail (Hyderabad) Ltd.
INE128M14BK6,7.1597,2026-09-30,SBI (595),SBI,CRISIL A1+,L&T Metro Rail (Hyderabad) Ltd.
INE128M14BM2,7.21,2026-09-30,SBI (99),SBI,CRISIL A1+,L&T Metro Rail (Hyderabad) Ltd.
INE128S01021,,,UTI (0),,Finance,EQ-FIVE-STAR BUSINESS FINANCE LTD.
INE129A01019,,,SBI (398); UTI (200),,Gas,GAIL (India) Ltd.
INE129A08014,7.515,2026-09-30,SBI (175),SBI,IND AAA,GAIL (India) Ltd.
INE12UR01024,,,Tata (1),,,FUJIYAMA POWER SYSTEMS LTD
INE131A01031,,,UTI (0),,Minerals & Mining,EQ - GUJ MINERAL DEV COR LTD
INE131B01039,,,SBI (0); UTI (0),,Consumer Durables,Relaxo Footwears Ltd.
INE133A01011,,,ICICI Pru (1); UTI (106),,Consumer Durables,Jsw Dulux Ltd.
INE134E01011,,,UTI (223),,Finance,EQ - POWER FINANCE CORPORATION LTD.
INE134E07AP6,8.0835,2026-09-30,Nippon (79),Nippon,CRISIL AAA,Power Finance Corporation Limited**
INE134E08FL2,7.6356,2026-09-30,Nippon (51),Nippon,CRISIL AAA,9% Power Finance Corporation Limited**
INE134E08FQ1,7.64,2026-09-30,HDFC (41); Nippon (81); UTI (1),HDFC,CRISIL - AAA,Power Finance Corporation Ltd.^
INE134E08GH8,7.76,2026-09-30,Nippon (31),Nippon,CRISIL AAA,9.39% Power Finance Corporation Limited**
INE134E08IO0,7.04,2026-09-30,ICICI Pru (36); Nippon (75),ICICI Pru,CRISIL AAA,Power Finance Corporation Ltd. **
INE134E08IP7,7.04,2026-09-30,ICICI Pru (21); Axis (10),ICICI Pru,CRISIL AAA,Power Finance Corporation Ltd. **
INE134E08IR3,7.04,2026-09-30,HDFC (25); ICICI Pru (290),HDFC,CRISIL - AAA,Power Finance Corporation Ltd.^
INE134E08IT9,7.09,2026-09-30,HDFC (50); ICICI Pru (190); Axis (5); Nippon (95); UTI (25),HDFC,CRISIL - AAA,Power Finance Corporation Ltd.^
INE134E08IX1,7.09,2026-09-30,HDFC (100); SBI (150); ICICI Pru (60); Nippon (56); UTI (25),HDFC,CRISIL - AAA,Power Finance Corporation Ltd.^
INE134E08JC3,7.41,2026-09-30,HDFC (75); ICICI Pru (299); Axis (62); UTI (1); Tata (50),HDFC,CARE - AAA,Power Finance Corporation Ltd.^
INE134E08JE9,7.46,2026-09-30,ICICI Pru (130),ICICI Pru,CRISIL AAA,Power Finance Corporation Ltd.
INE134E08JG4,7.5906,2026-09-30,Nippon (50); Tata (23),Nippon,CRISIL AAA,7.65% Power Finance Corporation Limited**
INE134E08JI0,7.64,2026-09-30,ICICI Pru (25); Nippon (167); UTI (78),ICICI Pru,CRISIL AAA,Power Finance Corporation Ltd. **
INE134E08JP5,7.7,2026-09-30,HDFC (40); ICICI Pru (54); Axis (40); Nippon (70); UTI (50),HDFC,CRISIL - AAA,Power Finance Corporation Ltd.^
INE134E08JX9,7.9358,2026-09-30,SBI (198); Tata (5),SBI,CRISIL AAA,Power Finance Corporation Ltd.
INE134E08KC1,7.76,2026-09-30,HDFC (26); ICICI Pru (82); Nippon (41); Tata (10),HDFC,CRISIL - AAA,Power Finance Corporation Ltd.^
INE134E08KK4,7.87,2026-09-30,Nippon (25),Nippon,CRISIL AAA,7.86% Power Finance Corporation Limited**
INE134E08KL2,7.87,2026-09-30,ICICI Pru (49); Axis (99),ICICI Pru,CRISIL AAA,Power Finance Corporation Ltd. **
INE134E08KQ1,7.87,2026-09-30,Axis (5),Axis,CRISIL AAA,7.4% Power Finance Corporation Limited (08/05/2030) **
INE134E08KU3,7.875,2026-09-30,Axis (5),Axis,CRISIL AAA,7.79% Power Finance Corporation Limited (22/07/2030) **
INE134E08KV1,7.87,2026-09-30,HDFC (25); Nippon (30); UTI (25),HDFC,CRISIL - AAA,Power Finance Corporation Ltd.^
INE134E08LA3,7.89,2026-09-30,ICICI Pru (24),ICICI Pru,CRISIL AAA,Power Finance Corporation Ltd. **
INE134E08LH8,7.41,2026-09-30,ICICI Pru (171),ICICI Pru,CRISIL AAA,Power Finance Corporation Ltd. **
INE134E08LI6,7.9,2026-09-30,Axis (5),Axis,CRISIL AAA,7.11% Power Finance Corporation Limited (30/06/2036) **
INE134E08LM8,7.9,2026-09-30,Nippon (29),Nippon,CRISIL AAA,6.95% Power Finance Corporation Limited**
INE134E08LN6,7.89,2026-09-30,Axis (24),Axis,CRISIL AAA,6.92% Power Finance Corporation Limited (14/04/2032) **
INE134E08LT3,7.54,2026-09-30,ICICI Pru (98),ICICI Pru,CRISIL AAA,Power Finance Corporation Ltd. **
INE134E08LX5,7.65,2026-09-30,ICICI Pru (30); Axis (10); Nippon (108); UTI (76),ICICI Pru,CRISIL AAA,Power Finance Corporation Ltd. **
INE134E08MA1,7.89,2026-09-30,HDFC (222); Axis (15); Nippon (25); UTI (49),HDFC,CRISIL - AAA,Power Finance Corporation Ltd.^
INE134E08MD5,7.89,2026-09-30,HDFC (30),HDFC,CRISIL - AAA,Power Finance Corporation Ltd.^
INE134E08ME3,7.89,2026-09-30,HDFC (30),HDFC,CRISIL - AAA,Power Finance Corporation Ltd.^
INE134E08MF0,7.87,2026-09-30,HDFC (30),HDFC,CRISIL - AAA,Power Finance Corporation Ltd.^
INE134E08MG8,7.9,2026-09-30,HDFC (55),HDFC,CRISIL - AAA,Power Finance Corporation Ltd.^
INE134E08MI4,7.89,2026-09-30,ICICI Pru (5),ICICI Pru,CRISIL AAA,Power Finance Corporation Ltd. **
INE134E08MJ2,7.7,2026-09-30,HDFC (190); SBI (5); Axis (105); Nippon (75),HDFC,CRISIL - AAA,Power Finance Corporation Ltd.^
INE134E08MR5,7.89,2026-09-30,UTI (197),UTI,CRISIL-AAA,NCD POWER FINANCE CORPORATION LTD.
INE134E08MX3,7.76,2026-09-30,HDFC (199); Axis (35); Nippon (25); UTI (35),HDFC,CRISIL - AAA,Power Finance Corporation Ltd.^
INE134E08MZ8,7.41,2026-09-30,HDFC (25); Axis (4); Nippon (50),HDFC,CRISIL - AAA,Power Finance Corporation Ltd.^
INE134E08ND3,7.9,2026-09-30,UTI (24),UTI,CRISIL-AAA,NCD POWER FINANCE CORPORATION LTD.
INE134E08NH4,7.87,2026-09-30,UTI (99),UTI,CRISIL-AAA,NCD POWER FINANCE CORPORATION LTD.
INE134E08NJ0,7.89,2026-09-30,UTI (24),UTI,CRISIL-AAA,NCD POWER FINANCE CORPORATION LTD.
INE134E08NL6,7.7,2026-09-30,ICICI Pru (453); Axis (493); Nippon (75),ICICI Pru,CRISIL AAA,Power Finance Corporation Ltd. **
INE134E08NM4,7.89,2026-09-30,HDFC (196); Axis (49),HDFC,CRISIL - AAA,Power Finance Corporation Ltd.^
INE134E08NN2,7.89,2026-09-30,ICICI Pru (49),ICICI Pru,CRISIL AAA,Power Finance Corporation Ltd. **
INE134E08NO0,7.87,2026-09-30,HDFC (123); ICICI Pru (25); Nippon (336); UTI (49),HDFC,CRISIL - AAA,Power Finance Corporation Ltd.^
INE134E08NP7,7.7,2026-09-30,ICICI Pru (996); Axis (174); Nippon (149); UTI (25); Tata (199),ICICI Pru,CRISIL AAA,Power Finance Corporation Ltd. **
INE134E08NR3,7.88,2026-09-30,HDFC (96); Nippon (130),HDFC,CRISIL - AAA,Power Finance Corporation Ltd.^
INE134E08NS1,7.7,2026-09-30,ICICI Pru (147); Axis (270); Nippon (123); UTI (25),ICICI Pru,CRISIL AAA,Power Finance Corporation Ltd. **
INE134E08NT9,7.48,2026-09-30,HDFC (124); ICICI Pru (25),HDFC,CRISIL - AAA,Power Finance Corporation Ltd.^
INE134E08NU7,7.875,2026-09-30,Nippon (48); Tata (96),Nippon,CRISIL AAA,6.59% Power Finance Corporation Limited**
INE134E08NW3,7.5906,2026-09-30,Axis (174); Nippon (174),Axis,CRISIL AAA,6.73% Power Finance Corporation Limited (15/10/2027) **
INE134E08OA7,7.64,2026-09-30,ICICI Pru (421); Nippon (94); UTI (25),ICICI Pru,CRISIL AAA,Power Finance Corporation Ltd. **
INE134E08OC3,7.6356,2026-09-30,SBI (99); ICICI Pru (882); Axis (5); Nippon (26); Tata (139),SBI,CRISIL AAA,Power Finance Corporation Ltd.
INE134E08OF6,7.9,2026-09-30,UTI (25),UTI,CRISIL-AAA,NCD POWER FINANCE CORPORATION LTD.
INE134E14AZ1,6.3202,2026-09-30,SBI (149),SBI,CRISIL A1+,Power Finance Corporation Ltd.
INE134E14BA2,6.37,2026-09-30,HDFC (445); Nippon (247); UTI (198),HDFC,CRISIL - A1+,Power Finance Corporation Ltd.^
INE136B01020,,,UTI (7),,IT - Services,EQ - CYIENT LTD
INE138Y01010,,,UTI (89),,Capital Markets,EQ - KFIN TECHNOLOGIES LTD
INE139A01034,,,UTI (356),,Non - Ferrous Metals,EQ - NATIONAL ALUMINIUM CO. LTD.
INE140A07831,8.57,2026-09-30,Tata (35),Tata,CRISIL-AA+,** 09.12 % PIRAMAL FINANCE LTD - 06/08/2027
INE142M01025,,,UTI (0),,IT - Services,EQ - TATA TECHNOLOGIES LTD
INE144H14ID3,7.54,2026-09-30,ICICI Pru (98); Tata (245),ICICI Pru,CRISIL A1+,Deutsche Investments India Pvt. Ltd. **
INE146L01010,,,UTI (94),,Industrial Products,EQ - KIRLOSKAR OIL ENGINES LTD
INE146O07557,8.26,2026-09-30,UTI (50),UTI,CRISIL-AA+,NCD HINDUJA LEYLAND FINANCE LTD.
INE146O14CR7,7.35,2026-09-30,UTI (99),UTI,CRISIL-A1+,CP HINDUJA LEYLAND FINANCE LTD.
INE146O14CS5,7.35,2026-09-30,UTI (99),UTI,CRISIL-A1+,CP HINDUJA LEYLAND FINANCE LTD.
INE147X01013,,,SBI (223),,Realty,Elevate Campuses Ltd.
INE148I01020,,,UTI (0),,Finance,EQ - SAMMAAN CAPITAL LTD
INE148O01028,,,SBI (354); UTI (177),,Transport Services,Delhivery Ltd.
INE149A01033,,,UTI (11),,Finance,EQ - CHOLAMANDALAM FINANCIAL HOLDIN
INE14LE01019,,,ICICI Pru (16); UTI (37),,Retailing,Aditya Birla Lifestyle Brands Ltd.
INE14LF15016,9.78,2026-09-30,ICICI Pru (186),ICICI Pru,CRISIL AAA(SO),Sansar Trust **
INE14ZT15025,10.29,2026-09-30,Nippon (35),Nippon,ICRA AAA(SO),Dhruva XXIII**
INE151A01013,,,UTI (272),,Telecom - Services,EQ - TATA COMMUNICATIONS LTD.
INE151A08356,7.88,2026-09-30,HDFC (49); UTI (15),HDFC,CRISIL - AAA,Tata Communications Limited^
INE151A14354,6.01,2026-09-30,UTI (299),UTI,CRISIL-A1+,CP TATA COMMUNICATIONS LTD.
INE151A14362,6.45,2026-09-30,HDFC (345),HDFC,CRISIL - A1+,Tata Communications Limited^
INE152A01029,,,SBI (2); UTI (2),,Electrical Equipment,Thermax Ltd.
INE152D08010,7.996,2026-09-30,Nippon (19),Nippon,CRISIL AAA,7.34% Numaligarh Refinery Limited**
INE152M01016,,,SBI (22); UTI (109),,Electrical Equipment,Triveni Turbine Ltd.
INE153A08089,8.24,2026-09-30,HDFC (48); ICICI Pru (329),HDFC,BRICKWORKS - AA+(CE),Mahanagar Telephone Nigam  Ltd.^
INE153A08097,8.24,2026-09-30,HDFC (38),HDFC,BRICKWORKS - AA+(CE),Mahanagar Telephone Nigam  Ltd.^
INE153A08105,8.24,2026-09-30,HDFC (25); SBI (10),HDFC,CARE - AAA(CE),Mahanagar Telephone Nigam  Ltd.^
INE153A08113,8.24,2026-09-30,SBI (183),SBI,IND AAA(CE),Mahanagar Telephone Nigam Ltd.
INE153A08170,8.24,2026-09-30,ICICI Pru (345); Axis (15),ICICI Pru,FITCH AAA(CE),Mahanagar Telephone Nigam Ltd. **
INE153T01027,,,UTI (0),,Leisure Services,EQ - BLS INTERNATIONAL SERVICES LTD.
INE154A01025,,,"SBI (100); Axis (2); Nippon (3); UTI (5,172)",,Diversified FMCG,ITC Ltd.
INE154Z07011,9.1375,2026-09-30,SBI (382),SBI,CARE AA,Renew Solar Energy (Jharkhand Five) Pvt. Ltd.
INE155A01022,,,ICICI Pru (5); Nippon (1); UTI (928),,Automobiles,Tata Motors Passenger Vehicles Ltd.
INE158A01026,,,Axis (1); UTI (955),,,Hero MotoCorp Limited
INE159A01016,,,UTI (7); Tata (0),,Pharmaceuticals & Biotechnology,EQ - GLAXOSMITHKLINE PHARMACEUTICA
INE15B701018,,,UTI (0),,Financial Technology (Fintech),EQ - PINE LABS LTD
INE160A01022,,,SBI (237); UTI (432),,Banks,Punjab National Bank
INE160A08191,7.0971,2026-09-30,SBI (95),SBI,CRISIL AAA,Punjab National Bank( Tier II Bond under Basel III )
INE160A08282,7.9586,2026-09-30,SBI (48),SBI,IND AA+,Punjab National Bank( AT1 Bond under Basel III )
INE160A08324,7.93,2026-09-30,HDFC (121),HDFC,CRISIL - AAA,Punjab National Bank^
INE160A16TZ9,6.2819,2026-09-30,Axis (10); Nippon (5),Axis,CRISIL A1+,Punjab National Bank (15/12/2026) **
INE160A16UC6,6.6967,2026-09-30,Axis (220),Axis,CRISIL A1+,Punjab National Bank (28/01/2027) **
INE160A16UD4,6.74,2026-09-30,"HDFC (195); SBI (1,295); ICICI Pru (977); Axis (269); Nippon (542); Tata (49)",HDFC,CRISIL - A1+,Punjab National Bank^
INE160A16UE2,6.74,2026-09-30,"HDFC (884); SBI (259); ICICI Pru (1,011); Axis (513); Nippon (78); Tata (122)",HDFC,CRISIL - A1+,Punjab National Bank^
INE160A16UH5,6.74,2026-09-30,HDFC (49); SBI (122); Axis (317),HDFC,CRISIL - A1+,Punjab National Bank^
INE160A16UI3,6.74,2026-09-30,HDFC (24); SBI (49); ICICI Pru (244); Axis (146); Nippon (220),HDFC,CARE - A1+,Punjab National Bank
INE160A16UL7,6.7416,2026-09-30,SBI (24); ICICI Pru (49); Nippon (24),SBI,CRISIL A1+,Punjab National Bank
INE160A16UM5,6.85,2026-09-30,HDFC (24); ICICI Pru (49); Axis (146); Nippon (243),HDFC,CRISIL - A1+,Punjab National Bank^
INE160A16UQ6,6.845,2026-09-30,"SBI (1,020); Nippon (753); Tata (291)",SBI,CRISIL A1+,Punjab National Bank
INE160A16UV6,6.86,2026-09-30,HDFC (388); SBI (73); Axis (49); Nippon (121); Tata (49),HDFC,CARE - A1+,Punjab National Bank
INE160A16UX2,6.845,2026-09-30,Axis (73),Axis,CRISIL A1+,Punjab National Bank (18/03/2027) **
INE160A16VR2,5.1837,2026-09-30,SBI (150),SBI,CRISIL A1+,Punjab National Bank
INE160A16VS0,6.1702,2026-09-30,"SBI (2,482)",SBI,CRISIL A1+,Punjab National Bank
INE163K07139,9.45,2026-09-30,SBI (50); ICICI Pru (25),SBI,CRISIL AA,Phoenix Arc Pvt. Ltd.
INE163K07147,9.53,2026-09-30,SBI (50); Axis (25),SBI,CRISIL AA,Phoenix Arc Pvt. Ltd.
INE163K07154,9.545,2026-09-30,SBI (50); ICICI Pru (25),SBI,CRISIL AA,Phoenix Arc Pvt. Ltd.
INE163K07162,9.55,2026-09-30,SBI (49); Axis (25),SBI,CRISIL AA,Phoenix Arc Pvt. Ltd.
INE163K14192,8.23,2026-09-30,ICICI Pru (98),ICICI Pru,CRISIL A1+,Phoenix Arc Pvt Ltd. **
INE163K14200,8.71,2026-09-30,Axis (97),Axis,CRISIL A1+,Phoenix Arc Limited (18/02/2027) **
INE163N08289,7.19,2026-09-30,HDFC (155); SBI (175),HDFC,CRISIL - AA+,ONGC Petro Additions Limited (Letter Of Comfort By ONGC Limited)^
INE163N08313,7.71,2026-09-30,HDFC (75),HDFC,CRISIL - AA+,ONGC Petro Additions Limited (Letter Of Comfort By ONGC Limited)^
INE168A01041,,,UTI (0),,Banks,EQ - JAMMU & KASHMIR BANK LTD
INE168A16NM3,7.345,2026-09-30,SBI (243); Tata (729),SBI,CRISIL A1+,The Jammu & Kashmir Bank Ltd.
INE168A16NO9,7.45,2026-09-30,Tata (484),Tata,CRISIL-A1+,** - JAMMU AND KASHMIR BANK LTD - CD - 08/03/2027
INE168A16NQ4,6.82,2026-09-30,SBI (495),SBI,CRISIL A1+,The Jammu & Kashmir Bank Ltd.
INE168P01015,,,UTI (5),,Pharmaceuticals & Biotechnology,EQ - EMCURE PHARMACEUTICALS LTD
INE169A01031,,,SBI (105); UTI (121),,Fertilizers & Agrochemicals,Coromandel International Ltd.
INE16J715027,7.975,2026-09-30,SBI (38); ICICI Pru (204); Axis (42); Nippon (58); UTI (38); Tata (17),SBI,IND AAA(SO),India Universal Trust AL1 (Obligor - HDFC Bank Ltd.)
INE16J715035,8.69,2026-09-30,SBI (174); ICICI Pru (923); Axis (191); UTI (174); Tata (39),SBI,IND AAA(SO),India Universal Trust AL1 (Obligor - HDFC Bank Ltd.)
INE171A01029,,,"UTI (1,026)",,Banks,EQ - FEDERAL BANK LTD.
INE171A08032,8.9402,2026-09-30,Nippon (16),Nippon,CARE AA+,8.2% The Federal Bank Limited**
INE171A16NH7,6.88,2026-09-30,Axis (439),Axis,CRISIL A1+,The Federal Bank Limited (17/02/2027) **
INE171A16NI5,6.88,2026-09-30,Axis (49),Axis,CRISIL A1+,The Federal Bank Limited (18/02/2027) **
INE171A16NL9,6.99,2026-09-30,Tata (631),Tata,CRISIL-A1+,** - FEDERAL BANK LTD - CD - 04/03/2027
INE171A16NM7,6.99,2026-09-30,ICICI Pru (145),ICICI Pru,CRISIL A1+,Federal Bank Ltd. **
INE171A16NX4,7.42,2026-09-30,Tata (119),Tata,CRISIL-A1+,** - FEDERAL BANK LTD - CD - 09/06/2027
INE171A16NY2,7.42,2026-09-30,ICICI Pru (190),ICICI Pru,CRISIL A1+,The Federal Bank Ltd. **
INE171A16OB8,6.34,2026-09-30,"HDFC (1,491)",HDFC,CRISIL - A1+,The Federal Bank Ltd.^
INE171A16OC6,6.34,2026-09-30,ICICI Pru (348),ICICI Pru,CRISIL A1+,Federal Bank Ltd. **
INE171Z01026,,,UTI (3),,Aerospace & Defense,EQ - BHARAT DYNAMICS LTD
INE172A01027,,,UTI (24),,Petroleum Products,EQ - CASTROL INDIA LTD.
INE176A01028,,,UTI (0),,Consumer Durables,EQ - BATA INDIA LTD.
INE176B01034,,,UTI (281),,Consumer Durables,EQ - HAVELLS INDIA LTD.
INE177H01039,,,UTI (0),,Industrial Products,EQ - GODAVARI POWER & ISPAT LTD.
INE178A01016,,,UTI (0),,Petroleum Products,EQ - CHENNAI PETROLEUM LTD.
INE178A14HU2,6.05,2026-09-30,UTI (299),UTI,CRISIL-A1+,CP CHENNAI PETROLEUM CORPORATION LIMITED
INE179A01014,,,UTI (84),,Personal Products,EQ - PROCTER & GAMBLE HYGIENE & HEL
INE179C01010,,,UTI,,Not Applicable,EQ - FILAMENTS INDIA LIMITED
INE180A01020,,,SBI (55); UTI (374),,Insurance,Max Financial Services Ltd.
INE180C01042,,,UTI (0),,Finance,EQ - CAPRI GLOBAL CAPITAL LTD
INE182A01018,,,ICICI Pru (1); UTI (80),,Pharmaceuticals & Biotechnology,Pfizer Ltd.
INE183A01024,,,SBI (38),,Industrial Products,Finolex Industries Ltd.
INE183W23014,,,UTI (236),,-,INVIT - IRB INVIT FUND
INE186K07098,7.85,2026-09-30,ICICI Pru (412); Axis (115),ICICI Pru,ICRA AAA,DLF Cyber City Developers Ltd. **
INE186K07122,8.2099,2026-09-30,Axis (74); Tata (123),Axis,CRISIL AAA,6.92% DLF Cyber City Developers Limited (28/07/2028) **
INE188A01015,,,UTI (0),,Fertilizers & Agrochemicals,EQ - FERTILISERS & CHEMICALS TRAVAN
INE189B01011,,,SBI (22),,Chemicals & Petrochemicals,Styrenix Performance Materials Ltd.
INE18UV07012,8.2349,2026-09-30,SBI (98),SBI,[ICRA]AAA,Bajaj Auto Credit Ltd.
INE18UV07020,8.3299,2026-09-30,SBI (248); UTI (55),SBI,[ICRA]AAA,Bajaj Auto Credit Ltd.
INE18UV14083,7.345,2026-09-30,SBI (73); Nippon (97),SBI,CRISIL A1+,Bajaj Auto Credit Ltd.
INE18UV14091,7.14,2026-09-30,HDFC (494),HDFC,CRISIL - A1+,Bajaj Auto Credit Limited^
INE191A01027,,,UTI (185),,Pharmaceuticals & Biotechnology,EQ - ORCHID PHARMA LTD.
INE191B01025,,,UTI (4),,Industrial Products,EQ - WELSPUN CORP LTD.
INE191H01014,,,SBI (9); ICICI Pru (3); UTI (137),,Entertainment,PVR Inox Ltd.
INE192A01025,,,"ICICI Pru (1); Nippon (1); UTI (1,039); Tata (1)",,Agricultural Food & Other Products,Tata Consumer Products Ltd.
INE192B01031,,,UTI (0),,Textiles & Apparels,EQ - WELSPUN LIVING LIMITED
INE192R01011,,,"UTI (1,085)",,Retailing,EQ - AVENUE SUPERMARTS LTD.
INE192R14360,6.43,2026-09-30,HDFC (298),HDFC,ICRA - A1+,Avenue Supermarts Ltd.^
INE192U07350,9.67,2026-09-30,ICICI Pru (100),ICICI Pru,CARE AA-,Kogta Financial (India) Ltd. **
INE192U07376,10.34,2026-09-30,Axis (50),Axis,CARE AA-,9.5% Kogta Financial (India) Limited (30/10/2027) **
INE192U07384,10.503,2026-09-30,SBI (248),SBI,CARE AA-,Kogta Financial (India) Ltd.
INE192U07392,10.431,2026-09-30,SBI (148); ICICI Pru (99),SBI,CARE AA-,Kogta Financial (India) Ltd.
INE195A01028,,,UTI (14),,Industrial Products,EQ - SUPREME INDUSTRIES LTD.
INE195J01029,,,SBI (27); UTI (22),,Construction,PNC Infratech Ltd.
INE196A01026,,,UTI (443),,Agricultural Food & other Products,EQ - MARICO LTD
INE199A01012,,,UTI (133),,Pharmaceuticals & Biotechnology,EQ - PROCTOR & GAMBLE HEALTH LTD
INE19RI01016,,,SBI (20); UTI (0),,Auto Components,Tenneco Clean Air India Ltd.
INE1BEC07011,12.345,2026-09-30,SBI (240); Nippon (73),SBI,[ICRA]A-,Gaursons India Pvt. Ltd.
INE1C3207057,8.0999,2026-09-30,Nippon (25),Nippon,FITCH AA(CE),9.35% Telangana State Industrial Infrastructure Corporation Limited**
INE1C3207081,8.13,2026-09-30,Nippon (5),Nippon,FITCH AA(CE),9.35% Telangana State Industrial Infrastructure Corporation Limited**
INE1C6T01020,,,UTI (0),,Electrical Equipment,EQ - EMMVEE PHOTOVOLTAIC POWER LTD
INE1CBK15029,8.51,2026-09-30,HDFC (89); SBI (176); ICICI Pru (148); Axis (53); Nippon (108); Tata (17),HDFC,CRISIL - AAA(SO),India Universal Trust AL2 (Originator - HDFC Bank Limited)£^
INE1CBK15037,8.7,2026-09-30,HDFC (250); SBI (566); ICICI Pru (256); Axis (92); Tata (22),HDFC,CRISIL - AAA(SO),India Universal Trust AL2 (Originator - HDFC Bank Limited)£^
INE1CDF01017,,,SBI (107); ICICI Pru (8); UTI (807); Tata (0),,Non - Ferrous Metals,Vedanta Aluminium Metal Ltd.
INE1CLE01013,,,UTI (18),,Ferrous Metals,EQ - VEDANTA IRON AND STEEL LTD.
INE1D4O08012,9.06,2026-09-30,HDFC (62); Axis (234); Nippon (216),HDFC,CRISIL - AA,Jubilant Beverages Limited^
INE1D4P08019,9.05,2026-09-30,HDFC (51); Axis (188); Nippon (3),HDFC,CRISIL - AA,Jubilant Bevco Limited
INE1JAR07010,8.08,2026-09-30,ICICI Pru (148); Tata (74),ICICI Pru,CRISIL AAA,Knowledge Realty Trust Ltd **
INE1JAR07028,8.2,2026-09-30,ICICI Pru (91); Nippon (401),ICICI Pru,CRISIL AAA,Knowledge Realty Trust Ltd **
INE1JAR07036,8.1629,2026-09-30,SBI (565),SBI,CRISIL AAA,Knowledge Realty Trust
INE1JAR14024,6.5897,2026-09-30,Nippon (199),Nippon,CRISIL A1+,Knowledge Realty Trust**
INE1JAR25012,,,SBI (208); Axis (9); Nippon (11); UTI (237),,Realty,Knowledge Realty Trust
INE1NPP01017,,,UTI (127),,Electrical Equipment,EQ - SIEMENS ENERGY INDIA LIMITED
INE1TAE01010,,,SBI (20); Axis (0); UTI (735),,"Agricultural, Commercial & Construction Vehicles",Tata Motors Ltd.
INE1TAE08049,7.0749,2026-09-30,SBI (150),SBI,CRISIL AA+,Tata Motors Ltd.
INE1TAE08056,7.55,2026-09-30,SBI (250),SBI,CRISIL AA+,Tata Motors Ltd.
INE1TUG01013,,,UTI (18),,Gas,EQ - GSPL Transmission Limited
INE1WMT15017,9.8402,2026-09-30,Axis (87); Tata (32),Axis,CRISIL AAA(SO),Sansar Trust (25/04/2031) **
INE1ZSF15016,10.5241,2026-09-30,Nippon (71),Nippon,CRISIL AAA(SO),Vajra Trust**
INE200A01026,,,UTI (432),,Electrical Equipment,EQ - GE VERNOVA T & D INDIA LTD
INE200M01039,,,SBI (165); Axis (0); UTI (576); Tata (1),,Beverages,Varun Beverages Ltd.
INE201P01022,,,SBI (44); UTI (166),,Construction,G R Infra projects Ltd.
INE201P08209,8.04,2026-09-30,ICICI Pru (100),ICICI Pru,CARE AA+,G R Infraprojects Ltd. **
INE202B01038,,,UTI (1),,Finance,EQ - PIRAMAL FINANCE LTD
INE202B07JP8,8.415,2026-09-30,Nippon (120),Nippon,CARE AA+,9.3% Piramal Finance Limited**
INE202B07JR4,8.45,2026-09-30,ICICI Pru (366); Axis (60); Nippon (95); UTI (75); Tata (166),ICICI Pru,CARE AA+,Piramal Finance Ltd.
INE202B07JS2,8.4,2026-09-30,ICICI Pru (231); Nippon (50),ICICI Pru,CARE AA+,Piramal Finance Ltd. **
INE202B07JT0,8.475,2026-09-30,Axis (100); Nippon (35),Axis,CARE AA+,9% Piramal Finance Limited (28/06/2027)
INE202B07JW4,8.6049,2026-09-30,Axis (75); UTI (85); Tata (30),Axis,ICRA AA+,8.75% Piramal Finance Limited (29/10/2027) **
INE202B14PO4,7.1752,2026-09-30,Axis (5),Axis,CRISIL A1+,Piramal Finance Limited (30/10/2026) **
INE202B14PQ9,7.81,2026-09-30,Axis (146),Axis,CRISIL A1+,Piramal Finance Limited (22/02/2027) **
INE202B14PR7,7.81,2026-09-30,Axis (97),Axis,CRISIL A1+,Piramal Finance Limited (29/01/2027) **
INE202B14PT3,8.385,2026-09-30,Nippon (143),Nippon,CRISIL A1+,Piramal Finance Limited**
INE202E01016,,,UTI (0),,Finance,EQ - INDIAN RENEWABLE ENERGY DEVELOPMENT AGENCY LTD
INE203A01020,,,UTI (13),,Pharmaceuticals & Biotechnology,EQ - ASTRAZENCA PHARMA INDIA LTD.
INE203G01027,,,UTI (3),,Gas,EQ - INDRAPRASTHA GAS LTD.
INE205A01025,,,UTI (591),,Diversified Metals,EQ - VEDANTA LTD
INE205A08020,8.5999,2026-09-30,Nippon (101); UTI (30),Nippon,ICRA AA+,9.5% Vedanta Aluminium Metal Limited**
INE205A08038,8.2,2026-09-30,ICICI Pru (677); Axis (155); Nippon (346),ICICI Pru,ICRA AA+,Vedanta Ltd.
INE205A08046,8.53,2026-09-30,"ICICI Pru (1,392); Axis (15); Nippon (388)",ICICI Pru,CRISIL AA+,Vedanta Ltd. **
INE205A08053,8.6461,2026-09-30,Nippon (97),Nippon,CRISIL AA+,9.45% Vedanta Limited**
INE205A08095,8.71,2026-09-30,ICICI Pru (25); Nippon (30); UTI (100),ICICI Pru,CRISIL AA+,Vedanta Ltd. **
INE205A08103,8.72,2026-09-30,UTI (70); Tata (100),UTI,ICRA-AA+,NCD VEDANTA LTD
INE205B01031,,,UTI (0),,Electrical Equipment,EQ - ELECON ENGINEERING CO. LTD.
INE205C01021,,,UTI (250),,Healthcare Equipment & Supplies,EQ - POLY MEDICURE LTD
INE206D08196,7.02,2026-09-30,HDFC (10),HDFC,CRISIL - AAA,Nuclear Power Corporation of India Ltd.^
INE206D08204,7.575,2026-09-30,Nippon (5),Nippon,CRISIL AAA,9.18% Nuclear Power Corporation Of India Limited**
INE206D08220,6.43,2026-09-30,Nippon (59),Nippon,CRISIL AAA,8.4% Nuclear Power Corporation Of India Limited**
INE206D08279,7.16,2026-09-30,HDFC (10); Nippon (55),HDFC,CRISIL - AAA,Nuclear Power Corporation of India Ltd.^
INE206D08360,7.155,2026-09-30,Nippon (25),Nippon,CRISIL AAA,8.13% Nuclear Power Corporation Of India Limited**
INE206D08410,7.555,2026-09-30,Axis (25),Axis,CRISIL AAA,7.25% Nuclear Power Corporation Of India Limited (15/12/2027) **
INE206D08428,7.64,2026-09-30,Nippon (25),Nippon,CRISIL AAA,7.25% Nuclear Power Corporation Of India Limited**
INE206D08493,7.74,2026-09-30,HDFC (74),HDFC,ICRA - AAA,Nuclear Power Corporation of India Ltd.^
INE206D08501,7.58,2026-09-30,HDFC (214); Axis (936); Nippon (125),HDFC,ICRA - AAA,Nuclear Power Corporation of India Ltd.^
INE206F01022,,,UTI (0),,Finance,EQ - AUTHUM INVESTMENT & INFRASTUCTURE LTD
INE208A01029,,,UTI (262),,"Agricultural, Commercial & Construction Vehicles",EQ - ASHOK LEYLAND LTD
INE208C01025,,,UTI (0),,Gas,EQ - AEGIS LOGISTICS LTD
INE209L01016,,,UTI (0),,Industrial Manufacturing,EQ - JUPITER WAGONS LTD
INE210D01011,,,UTI,,Not Applicable,EQ - SHREE VINDHYA PAPER MILLS LTD.
INE211B01039,,,UTI (763),,Realty,EQ - PHOENIX MILLS LTD
INE211H14AY3,7.4703,2026-09-30,Nippon (149); UTI (99),Nippon,ICRA A1+,Sharekhan Limited**
INE211H14AZ0,7.47,2026-09-30,HDFC (396); Nippon (99),HDFC,CRISIL - A1+,Sharekhan Limited^
INE211H14BC7,7.52,2026-09-30,UTI (296),UTI,CRISIL-A1+,CP SHAREKHAN LTD
INE211H14BD5,7.5199,2026-09-30,Nippon (99),Nippon,CRISIL A1+,Sharekhan Limited**
INE211H14BF0,7.97,2026-09-30,Tata (387),Tata,CRISIL-A1+,** - SHAREKHAN LTD - CP - 26/02/2027
INE211H14BH6,7.52,2026-09-30,HDFC (197); Nippon (99),HDFC,CRISIL - A1+,Sharekhan Limited^
INE211H14BJ2,7.52,2026-09-30,Axis (197),Axis,CRISIL A1+,Sharekhan Limited (11/12/2026) **
INE212H01026,,,UTI (154),,Industrial Products,EQ - AIA ENGINEERING LTD.
INE212I01016,,,UTI (32),,Textiles & Apparels,EQ - S.P.APPARELS LTD
INE212K14EO8,7.05,2026-09-30,HDFC (99),HDFC,CRISIL - A1+,SBICap Securities Limited^
INE212K14EQ3,7.08,2026-09-30,ICICI Pru (99),ICICI Pru,CRISIL A1+,SBICAP Securities Ltd **
INE212K14EW1,7.075,2026-09-30,Nippon (49),Nippon,CRISIL A1+,SBICAP Securities Limited**
INE212K14EZ4,7.1398,2026-09-30,Nippon (99),Nippon,CRISIL A1+,SBICAP Securities Limited**
INE212K14FC0,7.14,2026-09-30,HDFC (296),HDFC,CRISIL - A1+,SBICap Securities Limited^
INE212K14FD8,7.19,2026-09-30,HDFC (197),HDFC,CRISIL - A1+,SBICap Securities Limited^
INE212S01015,,,UTI (38),,IT - Software,EQ - FRACTAL ANALYTICS LTD
INE213A01029,,,"SBI (260); Nippon (1); UTI (1,448)",,Oil,Oil & Natural Gas Corporation Ltd.
INE213W07277,7.66,2026-09-30,HDFC (25); SBI (50); Nippon (125),HDFC,CRISIL - AAA,SMFG India Home Finance Company Ltd^
INE213W07293,8.1,2026-09-30,HDFC (25); ICICI Pru (150),HDFC,CARE - AAA,SMFG India Home Finance Company Ltd^
INE213W07319,8.22,2026-09-30,ICICI Pru (247),ICICI Pru,CARE AAA,SMFG India Home Finance Company Ltd **
INE213W07335,8.23,2026-09-30,HDFC (99),HDFC,CARE - AAA,SMFG India Home Finance Company Ltd^
INE213W07392,8.79,2026-09-30,ICICI Pru (145),ICICI Pru,CARE AAA,SMFG India Home Finance Company Ltd. **
INE214T01019,,,"SBI (1); Axis (1); UTI (1,249)",,IT - Software,LTM Ltd.
INE216A01030,,,ICICI Pru (27); Axis (1); Nippon (1); UTI (411),,Food Products,Britannia Industries Ltd.
INE216P01012,,,UTI (239),,Finance,EQ - AAVAS FINANCIERS LTD.
INE216P07217,7.35,2026-09-30,ICICI Pru (99),ICICI Pru,CARE AA,Aavas Financiers Ltd. **
INE216P07258,8.16,2026-09-30,ICICI Pru (50); Nippon (50),ICICI Pru,CARE AA,Aavas Financiers Ltd. **
INE216P07266,8.93,2026-09-30,ICICI Pru (25),ICICI Pru,CARE AA,Aavas Financiers Ltd. **
INE216P07274,8.46,2026-09-30,HDFC (30); ICICI Pru (70),HDFC,CARE - AA,Aavas Financiers Ltd.^
INE216P07308,9.2,2026-09-30,ICICI Pru (195),ICICI Pru,CARE AA,Aavas Financiers Ltd. **
INE217B01036,,,UTI (306),,Consumer Durables,EQ - KAJARIA CERAMICS LTD.
INE219X07363,7.9845,2026-09-30,Axis (50),Axis,ICRA AAA,7.85% IndiGrid Infrastructure Trust (28/02/2028) **
INE219X07439,8.087,2026-09-30,SBI (125),SBI,CRISIL AAA,IndiGrid Infrastructure Trust
INE219X07447,8.0871,2026-09-30,SBI (200),SBI,CRISIL AAA,IndiGrid Infrastructure Trust
INE219X07454,7.3065,2026-09-30,Axis (140); Nippon (176),Axis,CRISIL AAA,7.87% IndiGrid Infrastructure Trust (24/02/2027) **
INE219X07462,8.0333,2026-09-30,SBI (250),SBI,CRISIL AAA,IndiGrid Infrastructure Trust
INE219X07512,8.037,2026-09-30,Axis (49),Axis,CRISIL AAA,7.04% IndiGrid Infrastructure Trust (27/09/2028) **
INE219X07520,8.127,2026-09-30,SBI (146),SBI,CRISIL AAA,IndiGrid Infrastructure Trust
INE219X07538,8.0871,2026-09-30,SBI (98); UTI (49),SBI,CRISIL AAA,IndiGrid Infrastructure Trust
INE219X23014,,,Axis (26),,Power,IndiGrid Infrastructure Trust
INE220B01022,,,SBI (77); UTI (0),,Construction,Kalpataru Projects International Ltd.
INE220B08142,8.69,2026-09-30,ICICI Pru (149),ICICI Pru,FITCH AA+,Kalpataru Projects International Ltd **
INE220G01021,,,ICICI Pru (1); UTI (294),,Ferrous Metals,Jindal Stainless Ltd.
INE226001019,,,UTI,,Not Applicable,EQ - ORIQUA LIMITED
INE226A01021,,,SBI (1); UTI (8),,Consumer Durables,Voltas Ltd.
INE227W01023,,,UTI (198),,Chemicals & Petrochemicals,EQ - CLEAN SCIENCE & TECHNOLOGY LTD
INE228A01035,,,UTI (1),,Industrial Products,EQ - USHA MARTIN LTD.
INE229C01021,,,SBI (50); ICICI Pru (1),,Cement & Cement Products,Sagar Cements Ltd.
INE230A01023,,,SBI (1); UTI (0),,Leisure Services,EIH Ltd.
INE233A01035,,,UTI (1); Tata (0),,Diversified,EQ - GODREJ INDUSTRIES LTD.
INE233A08089,7.67,2026-09-30,ICICI Pru (100); Nippon (5),ICICI Pru,CRISIL AA+,Godrej Industries Ltd. **
INE233A08113,8.25,2026-09-30,Nippon (50),Nippon,CRISIL AA+,8.4% Godrej Industries Limited**
INE233A08139,8.35,2026-09-30,ICICI Pru (25); Nippon (50),ICICI Pru,CRISIL AA+,Godrej Industries Ltd. **
INE233A08147,8.51,2026-09-30,Axis (109),Axis,CRISIL AA+,8.15% Godrej Industries Limited (22/11/2029) **
INE233A08154,8.42,2026-09-30,SBI (99); Tata (60),SBI,CRISIL AA+,Godrej Industries Ltd.
INE233A08170,8.505,2026-09-30,SBI (220); UTI (73),SBI,CRISIL AA+,Godrej Industries Ltd.
INE233A08204,8.5749,2026-09-30,SBI (55); ICICI Pru (98),SBI,CRISIL AA+,Godrej Industries Ltd.
INE233A08212,8.5749,2026-09-30,SBI (55); ICICI Pru (98),SBI,CRISIL AA+,Godrej Industries Ltd.
INE233A146R6,7.215,2026-09-30,Axis (73),Axis,CRISIL A1+,Godrej Industries Limited (25/01/2027) **
INE233A146S4,7.215,2026-09-30,Axis (73),Axis,CRISIL A1+,Godrej Industries Limited (27/01/2027) **
INE233A146U0,7.2151,2026-09-30,Axis (73),Axis,CRISIL A1+,Godrej Industries Limited (28/01/2027) **
INE233A146V8,7.215,2026-09-30,Axis (73),Axis,CRISIL A1+,Godrej Industries Limited (29/01/2027) **
INE233A149K5,6.205,2026-09-30,Axis (50),Axis,CRISIL A1+,Godrej Industries Limited (12/10/2026) **
INE233A149Q2,6.64,2026-09-30,UTI (74),UTI,CRISIL-A1+,CP GODREJ INDUSTRIES LTD.
INE233A149R0,6.64,2026-09-30,UTI (74),UTI,CRISIL-A1+,CP GODREJ INDUSTRIES LTD.
INE233A149S8,6.61,2026-09-30,UTI (74),UTI,CRISIL-A1+,CP GODREJ INDUSTRIES LTD.
INE235A01022,,,UTI (1),,Industrial Products,EQ - FINOLEX CABLES LTD.
INE237A01036,,,"SBI (316); ICICI Pru (22); Axis (3); Nippon (3); UTI (8,233); Tata (1)",,Banks,Kotak Mahindra Bank Ltd.
INE237AD6091,6.205,2026-09-30,Axis (446),Axis,CRISIL A1+,Kotak Mahindra Bank Limited (27/11/2026)
INE237AD6109,6.26,2026-09-30,ICICI Pru (173),ICICI Pru,CRISIL A1+,Kotak Mahindra Bank Ltd.
INE237AD6117,6.65,2026-09-30,HDFC (467); Axis (344); Nippon (49); UTI (270); Tata (49),HDFC,CRISIL - A1+,Kotak Mahindra Bank Limited^
INE237AD6125,6.65,2026-09-30,HDFC (5); Axis (489); UTI (98),HDFC,CRISIL - A1+,Kotak Mahindra Bank Limited^
INE237AD6133,6.67,2026-09-30,"HDFC (24); Axis (269); Tata (1,173)",HDFC,CRISIL - A1+,Kotak Mahindra Bank Limited
INE237AD6141,6.67,2026-09-30,HDFC (98); SBI (49); ICICI Pru (293); Axis (73); Nippon (195); UTI (366),HDFC,CRISIL - A1+,Kotak Mahindra Bank Limited^
INE237AD6158,6.26,2026-09-30,UTI (104); Tata (123),UTI,CRISIL-A1+,CD - KOTAK MAHINDRA BANK LTD - 21/12/2026
INE237AD6166,6.77,2026-09-30,"HDFC (379); SBI (1,312); Axis (24); Nippon (10); UTI (219)",HDFC,CRISIL - A1+,Kotak Mahindra Bank Limited^
INE237AD6174,6.74,2026-09-30,SBI (486),SBI,CRISIL A1+,Kotak Mahindra Bank Ltd.
INE238A01034,,,"SBI (345); ICICI Pru (34); Axis (1); Nippon (5); UTI (7,521)",,Banks,Axis Bank Ltd.
INE238A08450,7.75,2026-09-30,ICICI Pru (107),ICICI Pru,CRISIL AAA,Axis Bank Ltd. **
INE238A08468,7.12,2026-09-30,UTI (55),UTI,CRISIL-AAA,NCD AXIS BANK LTD.
INE238A08518,7.97,2026-09-30,ICICI Pru (591),ICICI Pru,CRISIL AAA,Axis Bank Ltd. **
INE238AD6BO6,6.2749,2026-09-30,Nippon (248),Nippon,CRISIL A1+,Axis Bank Limited**
INE238AD6BP3,6.28,2026-09-30,HDFC (50); SBI (74); ICICI Pru (272); Nippon (594); UTI (50),HDFC,CRISIL - A1+,Axis Bank Ltd.^
INE238AD6BV1,6.74,2026-09-30,"HDFC (103); SBI (294); ICICI Pru (1,531); UTI (49)",HDFC,CRISIL - A1+,Axis Bank Ltd.^
INE238AD6BW9,6.74,2026-09-30,HDFC (196); SBI (98); Nippon (157); UTI (392); Tata (49),HDFC,CRISIL - A1+,Axis Bank Ltd.^
INE238AD6CA3,6.32,2026-09-30,SBI (99),SBI,CRISIL A1+,Axis Bank Ltd.
INE238AD6CB1,6.3199,2026-09-30,SBI (247); Tata (197),SBI,CRISIL A1+,Axis Bank Ltd.
INE238AD6CG0,6.87,2026-09-30,Tata (24),Tata,CRISIL-A1+,** - AXIS BANK LTD - CD - 05/03/2027
INE238AD6CH8,6.8699,2026-09-30,Nippon (92); UTI (97),Nippon,CRISIL A1+,Axis Bank Limited
INE238AD6CN6,6.27,2026-09-30,ICICI Pru (25); Nippon (148); UTI (173),ICICI Pru,CRISIL A1+,Axis Bank Ltd.
INE238AD6CO4,6.765,2026-09-30,Nippon (59); UTI (195),Nippon,CRISIL A1+,Axis Bank Limited**
INE238AD6CP1,6.77,2026-09-30,HDFC (195); SBI (633); ICICI Pru (195); Nippon (195); UTI (243); Tata (633),HDFC,CRISIL - A1+,Axis Bank Ltd.^
INE239A01024,,,"Nippon (1); UTI (1,588); Tata (1)",,Food Products,Nestle India Limited
INE242A01010,,,SBI (135); UTI (250),,Petroleum Products,Indian Oil Corporation Ltd.
INE242A08502,6.78,2026-09-30,UTI (25),UTI,CRISIL-AAA,NCD INDIAN OIL CORPORATION LTD.
INE242A08536,7.3,2026-09-30,UTI (25),UTI,ICRA-AAA,NCD INDIAN OIL CORPORATION LTD.
INE242A08544,7.39,2026-09-30,HDFC (100),HDFC,CRISIL - AAA,Indian Oil Corporation Ltd.^
INE242A08551,7.46,2026-09-30,HDFC (50),HDFC,CRISIL - AAA,Indian Oil Corporation Ltd.^
INE242A08569,7.52,2026-09-30,HDFC (397); UTI (50),HDFC,CRISIL - AAA,Indian Oil Corporation Ltd.^
INE242A14ZB8,6.32,2026-09-30,ICICI Pru (346),ICICI Pru,CRISIL A1+,Indian Oil Corporation Ltd. **
INE242C01024,,,UTI (0),,Realty,EQ - ANANT RAJ LTD.
INE245A01021,,,UTI (436),,Power,EQ - TATA POWER COMPANY LTD.
INE245A08307,8.025,2026-09-30,SBI (441),SBI,CRISIL AA+,Tata Power Company Ltd.
INE246R14323,7.46,2026-09-30,Nippon (98),Nippon,ICRA A1+,NIIF Infrastructure Finance Limited**
INE246R14331,7.2999,2026-09-30,Nippon (197),Nippon,ICRA A1+,NIIF Infrastructure Finance Limited**
INE248A01017,,,UTI (0),,Telecom -  Equipment & Accessories,EQ - ITI LTD.
INE248U07EW8,8.01,2026-09-30,UTI (65),UTI,CRISIL-AA,NCD 360 ONE PRIME LTD
INE248U07FU9,8.03,2026-09-30,UTI (50),UTI,ICRA-AA,NCD 360 ONE PRIME LTD
INE248U07FV7,8.67,2026-09-30,UTI (11),UTI,ICRA-AA,SPN/DDB 360 ONE PRIME LTD
INE248U07FW5,8.66,2026-09-30,ICICI Pru (450); Axis (10); Nippon (140),ICICI Pru,ICRA AA,360 One Prime Ltd. **
INE248U07FY1,8.67,2026-09-30,HDFC (35); ICICI Pru (165),HDFC,ICRA - AA,360 One Prime Limited^
INE248U07GA9,8.93,2026-09-30,ICICI Pru (50); Axis (74); UTI (75),ICICI Pru,ICRA AA,360 One Prime Ltd **
INE248U07GB7,8.94,2026-09-30,HDFC (165); ICICI Pru (284),HDFC,ICRA - AA,360 One Prime Limited^
INE248U07GC5,9.0,2026-09-30,HDFC (75); ICICI Pru (249); UTI (25),HDFC,ICRA - AA,360 One Prime Limited^
INE248U07GG6,9.11,2026-09-30,ICICI Pru (572); Axis (159); UTI (124),ICICI Pru,ICRA AA,360 One Prime Ltd **
INE248U07GI2,9.11,2026-09-30,HDFC (199); Tata (75),HDFC,ICRA - AA,360 One Prime Limited^
INE248U07GJ0,10.05,2026-09-30,ICICI Pru (352); Axis (100); Nippon (201); Tata (100),ICICI Pru,ICRA AA,360 One Prime Ltd **
INE248U14ST0,7.9849,2026-09-30,Axis (98); Nippon (244),Axis,CRISIL A1+,360 One Prime Limited (18/01/2027) **
INE248U14SV6,7.99,2026-09-30,Tata (244),Tata,CRISIL-A1+,** - 360 ONE PRIME LTD - CP - 25/01/2027
INE248U14SX2,7.99,2026-09-30,UTI (73),UTI,ICRA-A1+,CP 360 ONE PRIME LTD
INE248U14TC4,7.9849,2026-09-30,Axis (194),Axis,ICRA A1+,360 One Prime Limited (18/02/2027) **
INE248U14TD2,7.9849,2026-09-30,Nippon (97),Nippon,CRISIL A1+,360 One Prime Limited**
INE248U14TU6,8.575,2026-09-30,Nippon (189),Nippon,CRISIL A1+,360 One Prime Limited**
INE248U14TX0,7.69,2026-09-30,ICICI Pru (99),ICICI Pru,CRISIL A1+,360 One Prime Ltd **
INE249Z01020,,,UTI (71),,Industrial Manufacturing,EQ - MAZAGOAN DOCK SHIPBUILDERS LTD
INE251B01027,,,UTI (0),,Aerospace & Defense,EQ - ZEN TECHNOLOGIES LTD.
INE256A01028,,,UTI (6),,Entertainment,EQ - ZEE ENTERTAINMENT ENTERPRISES
INE257A01026,,,UTI (687),,Electrical Equipment,EQ - BHARAT HEAVY ELECTRICALS LTD.
INE257A14AK0,6.715,2026-09-30,SBI (741),SBI,CRISIL A1+,Bharat Heavy Electricals Ltd.
INE258A01024,,,UTI (0),,"Agricultural, Commercial & Construction Vehicles",EQ - BEML LTD.
INE258G01013,,,UTI (0),,Fertilizers & Agrochemicals,EQ - SUMITOMO CHEMICAL INDIA LTD
INE259A01022,,,SBI (53); UTI (169),,Personal Products,Colgate Palmolive (India) Ltd.
INE260B01028,,,UTI (3),,Cigarettes & Tobacco Products,EQ - GODFREY PHILIPS INDIA LTD.
INE260D01016,,,UTI (0),,Automobiles,EQ - OLECTRA GREENTECH LTD
INE261F08691,7.9076,2026-09-30,Axis (10),Axis,CRISIL AAA,7.20% National Bank For Agriculture and Rural Development (21/10/2031) **
INE261F08931,7.915,2026-09-30,Axis (15),Axis,CRISIL AAA,7.60% National Bank For Agriculture and Rural Development (23/11/2032) **
INE261F08AA4,7.75,2026-09-30,ICICI Pru (27),ICICI Pru,CRISIL AAA,NABARD **
INE261F08AD8,7.7454,2026-09-30,Nippon (15),Nippon,CRISIL AAA,8.2% National Bank For Agriculture and Rural Development**
INE261F08AP2,7.81,2026-09-30,HDFC (51),HDFC,CRISIL - AAA,National Bank for Agri & Rural Dev.^
INE261F08AV0,7.81,2026-09-30,Axis (5); Nippon (5),Axis,CRISIL AAA,8.22% National Bank For Agriculture and Rural Development (13/12/2028) **
INE261F08AX6,7.81,2026-09-30,HDFC (146),HDFC,CRISIL - AAA,National Bank for Agri & Rural Dev.^
INE261F08BA2,7.83,2026-09-30,HDFC (25),HDFC,CRISIL - AAA,National Bank for Agri & Rural Dev.^
INE261F08BC8,7.83,2026-09-30,ICICI Pru (3); Axis (5),ICICI Pru,CRISIL AAA,NABARD **
INE261F08BE4,7.92,2026-09-30,ICICI Pru (1),ICICI Pru,CRISIL AAA,NABARD **
INE261F08BH7,7.83,2026-09-30,HDFC (51); Axis (5),HDFC,CRISIL - AAA,National Bank for Agri & Rural Dev.^
INE261F08BM7,7.8317,2026-09-30,Nippon (3),Nippon,CRISIL AAA,7.41% National Bank For Agriculture and Rural Development**
INE261F08BX4,7.91,2026-09-30,HDFC (25),HDFC,ICRA - AAA,National Bank for Agri & Rural Dev.^
INE261F08CF9,7.5,2026-09-30,ICICI Pru (313),ICICI Pru,ICRA AAA,NABARD **
INE261F08CM5,7.73,2026-09-30,ICICI Pru (49),ICICI Pru,ICRA AAA,NABARD **
INE261F08CZ7,7.91,2026-09-30,Axis (5),Axis,ICRA AAA,6.97% National Bank For Agriculture and Rural Development (17/03/2031) **
INE261F08DH3,7.91,2026-09-30,ICICI Pru (1),ICICI Pru,CRISIL AAA,NABARD **
INE261F08DU6,7.92,2026-09-30,HDFC (74),HDFC,CRISIL - AAA,National Bank for Agri & Rural Dev.^
INE261F08DV4,7.75,2026-09-30,HDFC (324); ICICI Pru (808); Axis (568); Nippon (121); UTI (27); Tata (4),HDFC,CRISIL - AAA,National Bank for Agri & Rural Dev.^
INE261F08DY8,7.95,2026-09-30,HDFC (76),HDFC,CRISIL - AAA,National Bank for Agri & Rural Dev.^
INE261F08EB4,6.3493,2026-09-30,SBI (150); Nippon (2),SBI,CRISIL AAA,National Bank for Agriculture and Rural Development
INE261F08EC2,7.79,2026-09-30,Nippon (25),Nippon,CRISIL AAA,7.63% National Bank For Agriculture and Rural Development**
INE261F08ED0,6.63,2026-09-30,HDFC (60); Nippon (128),HDFC,CRISIL - AAA,National Bank for Agri & Rural Dev.^
INE261F08EF5,7.24,2026-09-30,HDFC (476); SBI (125); ICICI Pru (691); Axis (125); Nippon (200); UTI (275); Tata (375),HDFC,ICRA - AAA,National Bank for Agri & Rural Dev.
INE261F08EG3,7.85,2026-09-30,HDFC (383); SBI (25); ICICI Pru (100); Nippon (299); UTI (105),HDFC,CRISIL - AAA,National Bank for Agri & Rural Dev.^
INE261F08EH1,7.85,2026-09-30,HDFC (124); Nippon (219),HDFC,CRISIL - AAA,National Bank for Agri & Rural Dev.^
INE261F08EI9,7.6575,2026-09-30,"SBI (50); ICICI Pru (1,342); Axis (61); Nippon (240); UTI (25)",SBI,[ICRA]AAA,National Bank for Agriculture and Rural Development
INE261F08EJ7,7.87,2026-09-30,HDFC (25); ICICI Pru (139); Nippon (333),HDFC,ICRA - AAA,National Bank for Agri & Rural Dev.^
INE261F08EK5,7.72,2026-09-30,"HDFC (224); ICICI Pru (2,290); Axis (1,080); Nippon (35); UTI (224); Tata (25)",HDFC,CRISIL - AAA,National Bank for Agri & Rural Dev.
INE261F08EL3,7.91,2026-09-30,HDFC (271); Axis (5); UTI (74),HDFC,CRISIL - AAA,National Bank for Agri & Rural Dev.^
INE261F08EM1,7.76,2026-09-30,"HDFC (498); SBI (149); ICICI Pru (3,328); Axis (224); Nippon (50); UTI (25)",HDFC,ICRA - AAA,National Bank for Agri & Rural Dev.
INE261F08EO7,7.79,2026-09-30,HDFC (99); SBI (154); ICICI Pru (450); Axis (298); Nippon (975); UTI (99); Tata (224),HDFC,CRISIL - AAA,National Bank for Agri & Rural Dev.
INE261F08EP4,7.81,2026-09-30,SBI (147); ICICI Pru (49); Axis (49); Nippon (49); UTI (24),SBI,[ICRA]AAA,National Bank for Agriculture and Rural Development
INE261F08EQ2,7.83,2026-09-30,HDFC (98); SBI (122); ICICI Pru (122); Axis (343); Nippon (122); UTI (49); Tata (49),HDFC,ICRA - AAA,National Bank for Agri & Rural Dev.
INE261F08ER0,7.83,2026-09-30,ICICI Pru (49); Nippon (5),ICICI Pru,CRISIL AAA,NABARD **
INE261F08ES8,7.83,2026-09-30,HDFC (74); ICICI Pru (172); Axis (74); Nippon (20); Tata (74),HDFC,CRISIL - AAA,National Bank for Agri & Rural Dev.^
INE261F08ET6,7.83,2026-09-30,ICICI Pru (172); Axis (20); Tata (49),ICICI Pru,CRISIL AAA,NABARD **
INE261F08EU4,7.83,2026-09-30,HDFC (99); SBI (436); ICICI Pru (321); Axis (104); Nippon (153); UTI (173),HDFC,CRISIL - AAA,National Bank for Agri & Rural Dev.
INE261F08EV2,7.8675,2026-09-30,"SBI (1,631); ICICI Pru (294); UTI (86)",SBI,[ICRA]AAA,National Bank for Agriculture and Rural Development
INE261F14PX2,5.1837,2026-09-30,Axis (500); Nippon (750),Axis,ICRA A1+,National Bank For Agriculture and Rural Development (01/10/2026)
INE261F14PY0,6.35,2026-09-30,"SBI (2,435)",SBI,CRISIL A1+,National Bank for Agriculture and Rural Development
INE261F14PZ7,6.35,2026-09-30,ICICI Pru (397); UTI (596),ICICI Pru,CRISIL A1+,NABARD **
INE261F14QA8,6.3501,2026-09-30,SBI (50); Nippon (496); Tata (496),SBI,CRISIL A1+,National Bank for Agriculture and Rural Development
INE261F14QB6,6.3502,2026-09-30,SBI (496); Nippon (496),SBI,CRISIL A1+,National Bank for Agriculture and Rural Development
INE261F14QC4,6.37,2026-09-30,"HDFC (1,239); Axis (248); Nippon (396); Tata (495)",HDFC,ICRA - A1+,National Bank for Agri & Rural Dev.^
INE261F14QD2,6.37,2026-09-30,ICICI Pru (990); UTI (743),ICICI Pru,CRISIL A1+,NABARD **
INE261F14QE0,6.39,2026-09-30,"HDFC (990); ICICI Pru (990); Axis (1,484); Nippon (717)",HDFC,ICRA - A1+,National Bank for Agri & Rural Dev.^
INE261F14QF7,6.42,2026-09-30,HDFC (321); SBI (495); ICICI Pru (495); Axis (495); UTI (247); Tata (668),HDFC,ICRA - A1+,National Bank for Agri & Rural Dev.^
INE261F14QG5,6.42,2026-09-30,"HDFC (247); ICICI Pru (1,975); Nippon (494)",HDFC,ICRA - A1+,National Bank for Agri & Rural Dev.^
INE261F16AC3,6.1,2026-09-30,HDFC (497); UTI (497),HDFC,ICRA - A1+,National Bank for Agri & Rural Dev.
INE261F16AD1,6.88,2026-09-30,HDFC (735); SBI (123); ICICI Pru (392); Axis (221); Nippon (172); UTI (196),HDFC,IND - A1+,National Bank for Agri & Rural Dev.^
INE261F16AE9,6.88,2026-09-30,ICICI Pru (294); UTI (294),ICICI Pru,CRISIL A1+,NABARD **
INE261F16AF6,6.88,2026-09-30,HDFC (201); SBI (49); ICICI Pru (587); Axis (240); Nippon (98); UTI (490),HDFC,ICRA - A1+,National Bank for Agri & Rural Dev.^
INE261F16AG4,6.88,2026-09-30,"HDFC (807); SBI (293); ICICI Pru (293); Axis (122); Tata (1,052)",HDFC,ICRA - A1+,National Bank for Agri & Rural Dev.^
INE261F16AH2,6.88,2026-09-30,ICICI Pru (98); Axis (474); Nippon (73); UTI (538); Tata (685),ICICI Pru,CRISIL A1+,NABARD **
INE261F16AI0,6.93,2026-09-30,ICICI Pru (342); UTI (49),ICICI Pru,CRISIL A1+,NABARD **
INE261F16AJ8,6.93,2026-09-30,HDFC (391); ICICI Pru (244); Tata (73),HDFC,ICRA - A1+,National Bank for Agri & Rural Dev.^
INE261F16AK6,6.93,2026-09-30,ICICI Pru (585); Axis (365); Nippon (438); UTI (195),ICICI Pru,CRISIL A1+,NABARD **
INE261F16AL4,6.9299,2026-09-30,Nippon (97); UTI (122),Nippon,CRISIL A1+,National Bank For Agriculture and Rural Development**
INE261F16AM2,7.02,2026-09-30,HDFC (97); SBI (899); Axis (243); Nippon (291); UTI (49); Tata (486),HDFC,IND - A1+,National Bank for Agri & Rural Dev.^
INE261F16AN0,7.02,2026-09-30,HDFC (146); SBI (24); Nippon (49),HDFC,ICRA - A1+,National Bank for Agri & Rural Dev.^
INE261F16AO8,7.02,2026-09-30,HDFC (218); SBI (97); ICICI Pru (194); Axis (461); Nippon (509); Tata (509),HDFC,IND - A1+,National Bank for Agri & Rural Dev.^
INE261F16AP5,7.0199,2026-09-30,SBI (24); ICICI Pru (388); Axis (121); Nippon (145),SBI,CRISIL A1+,National Bank for Agriculture and Rural Development
INE261F16AQ3,7.02,2026-09-30,"HDFC (465); SBI (562); Nippon (1,162); UTI (48); Tata (194)",HDFC,CRISIL - A1+,National Bank for Agri & Rural Dev.
INE262H01021,,,"UTI (1,216)",,IT - Software,EQ - PERSISTENT SYSTEMS LTD.
INE263A01024,,,"UTI (2,830)",,Aerospace & Defense,EQ - BHARAT ELECTRONICS LTD.
INE263M07109,10.37,2026-09-30,ICICI Pru (169); Axis (30),ICICI Pru,CRISIL AA-,Keystone Realtors Ltd. **
INE267A01025,,,UTI (205),,Non - Ferrous Metals,EQ - HINDUSTAN ZINC LTD.
INE271B01025,,,UTI (35),,Industrial Products,EQ - MAHARASHTRA SEAMLESS LTD.
INE271C01023,,,SBI (1); ICICI Pru (11); UTI (360),,Realty,DLF Ltd.
INE274J01014,,,SBI (111); UTI (241); Tata (1),,Oil,Oil India Ltd.
INE276A01018,,,SBI (17),,Textiles & Apparels,Garware Technical Fibres Ltd.
INE278H01035,,,UTI (27),,Auto Components,EQ - SANDHAR TECHNOLOGIES LTD
INE278Y01022,,,ICICI Pru (3),,Consumer Durables,Campus Activewear Ltd
INE280A01028,,,"ICICI Pru (1); Axis (1); Nippon (2); UTI (4,381); Tata (1)",,Consumer Durables,Titan Company Ltd.
INE280A14591,6.0149,2026-09-30,Axis (748),Axis,CARE A1+,Titan Company Limited (19/10/2026) **
INE280A14609,6.3799,2026-09-30,SBI (994),SBI,[ICRA]A1+,Titan Company Ltd.
INE280A14617,6.38,2026-09-30,HDFC (546),HDFC,CARE - A1+,Titan Company Ltd.^
INE280A14625,6.41,2026-09-30,HDFC (817),HDFC,CARE - A1+,Titan Company Ltd.^
INE280A14633,6.43,2026-09-30,HDFC (495),HDFC,CARE - A1+,Titan Company Ltd.^
INE280A14641,6.4301,2026-09-30,SBI (445); ICICI Pru (494); Nippon (494); UTI (198),SBI,[ICRA]A1+,Titan Company Ltd.
INE281B01032,,,UTI (1),,Minerals & Mining,EQ - LLOYDS METALS & ENERGY LTD.
INE282H07018,8.24,2026-09-30,ICICI Pru (172); Nippon (49); UTI (25),ICICI Pru,CRISIL AAA,Jio Credit Ltd **
INE282H07026,8.25,2026-09-30,Nippon (64); UTI (98),Nippon,CRISIL AAA,7.08% JIO Credit Limited
INE282H07067,8.43,2026-09-30,HDFC (99); Nippon (247),HDFC,CRISIL - AAA,Jio Credit Ltd^
INE282H07075,8.388,2026-09-30,SBI (172),SBI,CRISIL AAA,Jio Credit Ltd.
INE282H14097,7.51,2026-09-30,SBI (894); UTI (72),SBI,CRISIL A1+,Jio Credit Ltd.
INE282H14105,7.51,2026-09-30,SBI (435),SBI,CRISIL A1+,Jio Credit Ltd.
INE282H14154,7.04,2026-09-30,HDFC (99); ICICI Pru (99); Axis (496),HDFC,CRISIL - A1+,Jio Credit Ltd^
INE284A01012,,,SBI (0),,Industrial Products,ESAB India Ltd.
INE284S01014,,,UTI (2),,Auto Components,EQ - S.J.S ENTERPRISES LTD
INE285A01027,,,SBI (24); UTI (1),,Industrial Products,Elgi Equipments Ltd.
INE285J07058,8.94,2026-09-30,ICICI Pru (162),ICICI Pru,CRISIL AA-,SIS Ltd. **
INE285K01026,,,UTI (59),,Construction,EQ - TECHNO ELECTRIC & ENGINEERING
INE287B01021,,,UTI (96),,Industrial Products,EQ - SUBROS LTD.
INE288B01029,,,SBI (187); UTI (0),,Chemicals & Petrochemicals,Deepak Nitrite Ltd.
INE289B07123,8.31,2026-09-30,UTI (50),UTI,CRISIL-AA+,NCD GIC HOUSING FINANCE LTD.
INE289B07149,8.31,2026-09-30,Tata (84),Tata,CRISIL-AA+,** 08.15 % GIC HOUSING FINANCE LTD - 28/01/2028
INE289B14JW7,7.27,2026-09-30,UTI (146),UTI,CRISIL-A1+,CP GIC HOUSING FINANCE LTD.
INE289B14KD5,7.26,2026-09-30,Tata (147),Tata,CRISIL-A1+,** - GIC HOUSING FINANCE LTD - CP - 28/01/2027
INE289B14KE3,7.27,2026-09-30,UTI (97),UTI,CRISIL-A1+,CP GIC HOUSING FINANCE LTD.
INE289B14KG8,6.95,2026-09-30,UTI (99),UTI,CRISIL-A1+,CP GIC HOUSING FINANCE LTD.
INE290S01011,,,UTI (0),,Retailing,EQ - CARTRADE TECH LTD
INE292B01021,,,UTI (0),,Industrial Products,EQ - HBL ENGINEERING LTD.
INE296A01032,,,"SBI (34); Axis (0); Nippon (3); UTI (6,415)",,Finance,Bajaj Finance Ltd.
INE296A07RZ4,7.9178,2026-09-30,Axis (50),Axis,CRISIL AAA,7.70% Bajaj Finance Limited (07/06/2027)
INE296A07SC1,8.07,2026-09-30,UTI (25),UTI,CRISIL-AAA,NCD BAJAJ FINANCE LTD.
INE296A07SI8,8.15,2026-09-30,Axis (80),Axis,CRISIL AAA,7.90% Bajaj Finance Limited (13/04/2028) **
INE296A07SO6,8.205,2026-09-30,Axis (39),Axis,CRISIL AAA,7.85% Bajaj Finance Limited (11/09/2028) **
INE296A07SR9,7.47,2026-09-30,HDFC (40),HDFC,CRISIL - AAA,Bajaj Finance Ltd.^
INE296A07SU3,8.365,2026-09-30,Axis (5),Axis,CRISIL AAA,7.87% Bajaj Finance Limited (08/02/2034) **
INE296A07SV1,7.815,2026-09-30,"SBI (1,768); Axis (20)",SBI,CRISIL AAA,Bajaj Finance Ltd.
INE296A07SX7,7.89,2026-09-30,HDFC (75); Axis (84),HDFC,CRISIL - AAA,Bajaj Finance Ltd.
INE296A07SZ2,8.3,2026-09-30,ICICI Pru (75); Axis (22),ICICI Pru,CRISIL AAA,Bajaj Finance Ltd. **
INE296A07TC9,8.07,2026-09-30,Axis (9); Nippon (5),Axis,CRISIL AAA,8.12% Bajaj Finance Limited (10/09/2027) **
INE296A07TD7,8.3,2026-09-30,Nippon (35),Nippon,CRISIL AAA,7.98% Bajaj Finance Limited**
INE296A07TE5,8.37,2026-09-30,HDFC (53),HDFC,CRISIL - AAA,Bajaj Finance Ltd.^
INE296A07TF2,8.05,2026-09-30,Axis (40),Axis,CRISIL AAA,7.7951% Bajaj Finance Limited (10/12/2027)
INE296A07TG0,7.52,2026-09-30,ICICI Pru (125); Nippon (10),ICICI Pru,CRISIL AAA,Bajaj Finance Ltd. **
INE296A07TH8,8.36,2026-09-30,"HDFC (1,051)",HDFC,CRISIL - AAA,Bajaj Finance Ltd.^
INE296A07TI6,8.34,2026-09-30,HDFC (298),HDFC,CRISIL - AAA,Bajaj Finance Ltd.^
INE296A07TJ4,8.15,2026-09-30,HDFC (74); ICICI Pru (64); Axis (44); UTI (247); Tata (74),HDFC,CRISIL - AAA,Bajaj Finance Ltd.
INE296A07TK2,7.92,2026-09-30,HDFC (10); Axis (184),HDFC,CRISIL - AAA,Bajaj Finance Ltd.^
INE296A07TL0,8.34,2026-09-30,UTI (119),UTI,CRISIL-AAA,NCD BAJAJ FINANCE LTD.
INE296A07TM8,8.21,2026-09-30,UTI (123),UTI,CRISIL-AAA,NCD BAJAJ FINANCE LTD.
INE296A07TN6,8.205,2026-09-30,Axis (98),Axis,CRISIL AAA,7.07% Bajaj Finance Limited (21/09/2028) **
INE296A07TT3,8.19,2026-09-30,ICICI Pru (49); UTI (49); Tata (49),ICICI Pru,CRISIL AAA,Bajaj Finance Ltd. **
INE296A07TV9,8.275,2026-09-30,Axis (78),Axis,CRISIL AAA,7.4% Bajaj Finance Limited (12/03/2029) **
INE296A07TW7,8.2983,2026-09-30,Nippon (123),Nippon,CRISIL AAA,7.77% Bajaj Finance Limited**
INE296A07TX5,8.33,2026-09-30,Nippon (128); UTI (49),Nippon,CRISIL AAA,8% Bajaj Finance Limited**
INE296A07TZ0,8.3,2026-09-30,Tata (50),Tata,CRISIL-AAA,** 07.93 % BAJAJ FINANCE LTD - 12/06/2029
INE296A07UA1,8.33,2026-09-30,SBI (123); Axis (12),SBI,CRISIL AAA,Bajaj Finance Ltd.
INE296A07UB9,8.3,2026-09-30,ICICI Pru (261),ICICI Pru,CRISIL AAA,Bajaj Finance Ltd.
INE296A07UC7,8.375,2026-09-30,Nippon (288),Nippon,CRISIL AAA,7.79% Bajaj Finance Limited**
INE296A14D13,6.8648,2026-09-30,SBI (547); Axis (50),SBI,CRISIL A1+,Bajaj Finance Ltd.
INE296A14F03,7.22,2026-09-30,HDFC (537),HDFC,CRISIL - A1+,Bajaj Finance Ltd.^
INE296A14G36,7.27,2026-09-30,Tata (24),Tata,CRISIL-A1+,** - BAJAJ FINANCE LTD - CP - 19/03/2027
INE296A14H43,7.65,2026-09-30,HDFC (48); Axis (48),HDFC,CRISIL - A1+,Bajaj Finance Ltd.^
INE296A14I75,6.6,2026-09-30,Tata (348),Tata,CRISIL-A1+,** - BAJAJ FINANCE LTD - CP - 28/10/2026
INE296A14I83,6.89,2026-09-30,SBI (496); Axis (496),SBI,CRISIL A1+,Bajaj Finance Ltd.
INE296A14J25,6.87,2026-09-30,HDFC (184); UTI (248),HDFC,CRISIL - A1+,Bajaj Finance Ltd.
INE296A14J66,6.89,2026-09-30,HDFC (248); Axis (347),HDFC,CRISIL - A1+,Bajaj Finance Ltd.^
INE296A14J74,6.89,2026-09-30,Tata (495),Tata,CRISIL-A1+,** - BAJAJ FINANCE LTD - CP - 19/11/2026
INE296A14J90,6.9298,2026-09-30,Axis (99); Tata (494),Axis,CRISIL A1+,Bajaj Finance Limited (04/12/2026) **
INE296A14K22,6.93,2026-09-30,Axis (99),Axis,CRISIL A1+,Bajaj Finance Limited (07/12/2026) **
INE296A14K30,7.8601,2026-09-30,Nippon (47),Nippon,CRISIL A1+,Bajaj Finance Limited**
INE296A14K48,7.86,2026-09-30,SBI (37),SBI,CRISIL A1+,Bajaj Finance Ltd.
INE296A14K55,6.89,2026-09-30,UTI (495),UTI,CRISIL-A1+,CP BAJAJ FINANCE LTD.
INE297H01019,,,UTI (0),,Industrial Products,EQ - GALLANTT ISPAT LTD
INE298A01020,,,Nippon (1); UTI (853),,Industrial Products,Cummins India Limited
INE298J01013,,,ICICI Pru (1); UTI (40); Tata (1),,Capital Markets,Nippon Life India Asset Management Ltd
INE299U01018,,,Nippon (0); UTI (502),,Consumer Durables,Crompton Greaves Consumer Electricals Limited
INE2DNY15013,10.14,2026-09-30,HDFC (30),HDFC,CRISIL - AAA(SO),Indigo 043 (Originator - Muthoot Capital Services Limited)^
INE2I4607011,11.2798,2026-09-30,Nippon (124),Nippon,FITCH AA-,10.5% Triumph Composites Limited**
INE2I7F15012,8.2,2026-09-30,"HDFC (454); SBI (1,452); ICICI Pru (1,816); Axis (602); Nippon (315); UTI (311); Tata (96)",HDFC,CRISIL - AAA(SO),Siddhivinayak Securitisation Trust (Originator - Sikka Ports & Terminals Limited)^
INE2I7G15010,8.14,2026-09-30,"HDFC (334); SBI (1,489); ICICI Pru (1,886); Axis (434); Nippon (649); UTI (119); Tata (5)",HDFC,CRISIL - AAA(SO),Shivshakti Securitisation Trust (Originator - Sikka Ports & Terminals Limited)^
INE2I7H15018,8.07,2026-09-30,"HDFC (334); SBI (1,416); ICICI Pru (1,097); Axis (253); Nippon (310); UTI (76)",HDFC,CRISIL - AAA(SO),Radhakrishna Securitisation Trust (Originator - Jamnagar Utilities & Power Private Limited)^
INE2J8701016,,,UTI (60),,Industrial Products,EQ - SKF INDIA (INDUSTRIAL) LTD
INE2JYU15015,9.465,2026-09-30,Axis (61),Axis,CRISIL AAA(SO),Liquid Gold Series (20/01/2028) **
INE2OVN25015,,,UTI (272),,-,REIT - BAGMANE PRIME OFFICE
INE2PB023011,,,SBI (134); ICICI Pru (101); Axis (41); Nippon (7),,Transport Infrastructure,Raajmarg Infra Investment Trust
INE2Q7823014,,,Axis (4),,Transport Infrastructure,Citius Transnet Investment Trust
INE2QEZ15011,9.855,2026-09-30,Nippon (26),Nippon,CRISIL AAA(SO),Samriddhi Trust**
INE2QI808033,8.9745,2026-09-30,"SBI (1,472); Axis (57); Nippon (52)",SBI,CRISIL AA,JSW JFE Kalinga Steel Ltd.
INE2R5L15013,9.74,2026-09-30,Nippon (202); Tata (303),Nippon,CRISIL AAA(SO),Liquid Gold Series**
INE2S0K15015,10.48,2026-09-30,HDFC (40),HDFC,CRISIL - AAA(SO),Indigo 049 (Originator - Muthoot Capital Services Limited)^
INE2TXL07012,12.0866,2026-09-30,Nippon (65),Nippon,FITCH A-,11.81% Prospera Healthcorp Private Limited**
INE2VV415017,10.7429,2026-09-30,Nippon (91),Nippon,CARE AA(SO),Granger Trust**
INE2XU215010,10.4231,2026-09-30,Nippon (133),Nippon,ICRA AAA(SO),Vajra Trust**
INE2ZXW15019,9.65,2026-09-30,Axis (114); Nippon (149); Tata (124),Axis,CRISIL AAA(SO),Liquid Gold Series (20/11/2028) **
INE302A01020,,,UTI (1); Tata (1),,Auto Components,EQ - EXIDE INDUSTRIES LTD.
INE303715010,13.3842,2026-09-30,Nippon (101),Nippon,FITCH A+(SO),Samriddhi Trust**
INE303R01014,,,UTI (20),,Consumer Durables,EQ - KALYAN JEWELLERS INDIA LTD.
INE306N07NA6,8.0325,2026-09-30,Nippon (5),Nippon,CRISIL AAA,7.68% Tata Capital Limited**
INE306N07ND0,8.095,2026-09-30,Nippon (35),Nippon,CRISIL AAA,8% Tata Capital Limited**
INE306N07NI9,8.14,2026-09-30,"ICICI Pru (1,045)",ICICI Pru,CRISIL AAA,Tata Capital Financial Services Ltd. **
INE306N07NO7,7.13,2026-09-30,ICICI Pru (25); Nippon (1),ICICI Pru,ICRA AAA,Tata Capital Ltd. **
INE306N07NS8,7.4748,2026-09-30,Nippon (10),Nippon,CRISIL AAA,8.1% Tata Capital Limited**
INE306R01017,,,UTI (0),,IT - Software,EQ - INTELLECT DESIGN ARENA LTD.
INE313A01019,,,UTI,,Not Applicable,EQ - B.S. REFRIGERATORS LIMITED.
INE316Z08014,8.6074,2026-09-30,SBI (339); ICICI Pru (49); Axis (32); UTI (5),SBI,CRISIL AA,Godrej Seeds & Genetics Ltd.
INE316Z08022,8.515,2026-09-30,SBI (272); ICICI Pru (64); Axis (20); UTI (20),SBI,CRISIL AA,Godrej Seeds & Genetics Ltd.
INE316Z08030,8.595,2026-09-30,SBI (286); ICICI Pru (49); Axis (7),SBI,CRISIL AA,Godrej Seeds & Genetics Ltd.
INE316Z08048,8.55,2026-09-30,SBI (272); ICICI Pru (40); Axis (30); UTI (5),SBI,CRISIL AA,Godrej Seeds & Genetics Ltd.
INE316Z08055,8.605,2026-09-30,SBI (49); ICICI Pru (25); Axis (99); UTI (74),SBI,CRISIL AA,Godrej Seeds & Genetics Ltd.
INE316Z08063,8.6649,2026-09-30,SBI (49); ICICI Pru (74); Axis (94); UTI (44),SBI,CRISIL AA,Godrej Seeds & Genetics Ltd.
INE317F01035,,,UTI (56),,Commercial Services & Supplies,EQ - NESCO LTD.
INE317I01021,,,UTI (347),,Consumer Durables,EQ - METRO BRANDS LTD
INE318A01026,,,SBI (2); UTI (634),,Chemicals & Petrochemicals,Pidilite Industries Ltd.
INE320J01015,,,UTI (0),,Construction,EQ - RITES LTD
INE321N07533,9.14,2026-09-30,Nippon (25),Nippon,CRISIL AA-,9.5% Incred Financial Services Limited**
INE321N07616,9.7199,2026-09-30,Nippon (95),Nippon,CRISIL AA-,9% Incred Financial Services Limited**
INE321N07632,9.915,2026-09-30,Nippon (25),Nippon,ICRA AA-,8.6% Incred Financial Services Limited**
INE321N07665,9.915,2026-09-30,Nippon (99),Nippon,CRISIL AA-,8.9% Incred Financial Services Limited**
INE321T01012,,,SBI (33); UTI (24); Tata (1),,Household Products,Doms Industries Ltd.
INE322A01010,,,UTI (37),,Personal Products,EQ - GILLETTE INDIA LTD.
INE322J08040,6.05,2026-09-30,SBI (200),SBI,CRISIL AAA,Bharat Petroleum Corporation Ltd.
INE323A01026,,,SBI (24); UTI (427),,Auto Components,Bosch Ltd.
INE324A01032,,,UTI (0),,Industrial Products,EQ - JINDAL SAW LTD.
INE324D01010,,,UTI (265),,Consumer Durables,EQ - LG ELECTRONICS INDIA LTD
INE325A01013,,,SBI (2); UTI (210),,Industrial Products,Timken India Ltd.
INE326A01037,,,UTI (277),,Pharmaceuticals & Biotechnology,EQ - LUPIN LTD.
INE331A01037,,,UTI (0); Tata (0),,Cement & Cement Products,EQ - RAMCO CEMENTS LTD.
INE335Y01020,,,UTI (28),,Leisure Services,EQ - INDIAN RAILWAY CATERING & TOUR
INE338H01029,,,SBI (16); UTI (0),,Pharmaceuticals & Biotechnology,Concord Biotech Ltd.
INE338I01027,,,UTI (239),,Capital Markets,EQ - MOTILAL OSWAL FINANCIAL SERVIC
INE338I07180,8.23,2026-09-30,HDFC (100),HDFC,CRISIL - AA+,Motilal Oswal Financial Services Ltd.^
INE338I07198,8.69,2026-09-30,ICICI Pru (247),ICICI Pru,CRISIL AA+,Motilal Oswal Financial Services Ltd. **
INE338I07214,10.0142,2026-09-30,SBI (500),SBI,CRISIL AA+,Motilal Oswal Financial Services Ltd.
INE338I14LQ5,7.83,2026-09-30,HDFC (98); ICICI Pru (195); Axis (122); Nippon (73); Tata (244),HDFC,CRISIL - A1+,Motilal Oswal Financial Services Ltd.^
INE338I14LR3,7.83,2026-09-30,Tata (293),Tata,CRISIL-A1+,** - MOTILAL OSWAL FINANCIAL SERV. LTD - CP - 27/01/2027
INE338I14MC3,7.825,2026-09-30,Axis (194),Axis,ICRA A1+,Motilal Oswal Financial Services Limited (18/02/2027) **
INE338I14ME9,7.875,2026-09-30,SBI (145),SBI,CRISIL A1+,Motilal Oswal Financial Services Ltd.
INE338I14NB3,7.325,2026-09-30,SBI (497); Nippon (99); Tata (497),SBI,CRISIL A1+,Motilal Oswal Financial Services Ltd.
INE338I14NC1,7.325,2026-09-30,SBI (273),SBI,CRISIL A1+,Motilal Oswal Financial Services Ltd.
INE338I14NF4,7.35,2026-09-30,UTI (198),UTI,ICRA-A1+,CP MOTILAL OSWAL FINANCIAL SERVICES LTD.
INE338I14NI8,7.3501,2026-09-30,Nippon (198),Nippon,CRISIL A1+,Motilal Oswal Financial Services Limited**
INE338I14NK4,7.4,2026-09-30,UTI (198); Tata (99),UTI,ICRA-A1+,CP MOTILAL OSWAL FINANCIAL SERVICES LTD.
INE338I14NL2,7.4,2026-09-30,Axis (247); UTI (197),Axis,ICRA A1+,Motilal Oswal Financial Services Limited (03/12/2026) **
INE338I14NM0,7.3999,2026-09-30,Axis (197); Nippon (346),Axis,ICRA A1+,Motilal Oswal Financial Services Limited (04/12/2026) **
INE338I14NN8,7.4,2026-09-30,Nippon (247),Nippon,CRISIL A1+,Motilal Oswal Financial Services Limited**
INE338I14NP3,7.3998,2026-09-30,Nippon (296),Nippon,ICRA A1+,Motilal Oswal Financial Services Limited**
INE338I14NU3,7.0654,2026-09-30,SBI (746),SBI,CRISIL A1+,Motilal Oswal Financial Services Ltd.
INE340A01012,,,ICICI Pru (0),,Cement & Cement Products,Birla Corporation Ltd.
INE342G01023,,,UTI (189),,Other Consumer Services,EQ - NIIT LEARNING SYSTEMS LTD
INE342J01019,,,SBI (91); UTI (236),,Auto Components,ZF Commercial Vehicle Control Systems India Ltd.
INE342T07544,10.76,2026-09-30,Nippon (3),Nippon,CRISIL A,10.75% Navi Finserv Limited**
INE342T07627,10.6099,2026-09-30,Nippon (70),Nippon,FITCH A,10.2% Navi Finserv Limited**
INE342T07734,10.965,2026-09-30,Axis (50),Axis,CRISIL A,10.5% Navi Finserv Limited (01/06/2028) **
INE343G01021,,,UTI (185),,Telecom - Services,EQ - BHARTI HEXACOM LTD
INE343H01029,,,SBI (32); UTI (544); Tata (2),,Chemicals & Petrochemicals,Solar Industries India Ltd.
INE346A01027,,,UTI (58),,Capital Markets,EQ - ICICI PRUDENTIAL ASSET MANAGEMENT COMPANY LIMITED
INE347G01014,,,UTI (197),,Gas,EQ - PETRONET LNG LTD.
INE348C01011,,,UTI,,Not Applicable,EQ - MUKERIAN PAPERS LTD.
INE348L07407,10.97,2026-09-30,HDFC (49),HDFC,CARE - AA-,MAS Financial Services Ltd.^
INE351F01018,,,UTI (5),,Power,EQ - JAIPRAKASH POWER VENTURES LT
INE356A01018,,,UTI (448),,IT - Software,EQ - MPHASIS LTD
INE357L07473,8.53,2026-09-30,HDFC (100),HDFC,IND - AAA,Nomura Capital India Pvt. Ltd.^
INE357L07481,8.53,2026-09-30,HDFC (55); ICICI Pru (30),HDFC,IND - AAA,Nomura Capital India Pvt. Ltd.^
INE357L07499,7.8,2026-09-30,HDFC (15); Tata (50),HDFC,IND - AAA,Nomura Capital India Pvt. Ltd.^
INE357L07507,8.35,2026-09-30,HDFC (40),HDFC,IND - AAA,Nomura Capital India Pvt. Ltd.^
INE357L14420,7.39,2026-09-30,Nippon (219),Nippon,CRISIL A1+,Nomura Capital India Pvt Limited**
INE358A01014,,,UTI (54),,Pharmaceuticals & Biotechnology,EQ - ABBOTT INDIA LTD.
INE361B01024,,,"SBI (26); Axis (1); Nippon (1); UTI (1,072)",,Pharmaceuticals & Biotechnology,Divi's Laboratories Ltd.
INE363C01010,,,UTI,,Not Applicable,EQ - HANUMAN TEA COMPANY LIMITED
INE364U01010,,,UTI (332),,Power,EQ - ADANI GREEN ENERGY LTD
INE365D01021,,,SBI (32),,Realty,Ashiana Housing Ltd.
INE365D07085,10.24,2026-09-30,ICICI Pru (94),ICICI Pru,CARE A,Ashiana Housing Ltd. **
INE366I01010,,,SBI (136); UTI (166),,Transport Services,VRL Logistics Ltd.
INE367G01038,,,UTI (0),,Entertainment,EQ - PRIME FOCUS LTD.
INE371A01025,,,UTI (6),,Industrial Products,EQ - GRAPHITE INDIA LTD.
INE371K14DF2,7.3,2026-09-30,HDFC (98),HDFC,CRISIL - A1+,Tata Realty and Infrastructure Ltd.^
INE371K14DR7,6.2098,2026-09-30,Axis (314),Axis,ICRA A1+,TATA Realty & Infrastructure Limited (19/10/2026) **
INE371K14DU1,6.555,2026-09-30,Nippon (50),Nippon,ICRA A1+,TATA Realty & Infrastructure Limited**
INE371P01015,,,UTI (0),,Consumer Durables,EQ - AMBER ENTERPRISES INDIA LTD
INE372A01015,,,UTI (9),,Electrical Equipment,EQ - APAR INDUSTRIES LTD
INE376G01013,,,SBI (435); ICICI Pru (11); UTI (124),,Pharmaceuticals & Biotechnology,Biocon Ltd.
INE377N01017,,,UTI (1),,Electrical Equipment,EQ - WAAREE ENERGIES LIMITED
INE377Y01014,,,UTI (1),,Finance,EQ - BAJAJ HOUSING FINANCE LIMITED
INE377Y07300,7.82,2026-09-30,HDFC (95); Axis (2),HDFC,CRISIL - AAA,Bajaj Housing Finance Ltd.
INE377Y07383,8.07,2026-09-30,Nippon (5),Nippon,CRISIL AAA,7.98% Bajaj Housing Finance Limited**
INE377Y07417,8.13,2026-09-30,Axis (0),Axis,CRISIL AAA,7.90% Bajaj Housing Finance Limited (28/04/2028) **
INE377Y07433,8.14,2026-09-30,ICICI Pru (25),ICICI Pru,CRISIL AAA,Bajaj Housing Finance Ltd. **
INE377Y07441,7.24,2026-09-30,HDFC (150); Nippon (25),HDFC,CRISIL - AAA,Bajaj Housing Finance Ltd.^
INE377Y07474,8.25,2026-09-30,HDFC (348); Nippon (25),HDFC,CRISIL - AAA,Bajaj Housing Finance Ltd.^
INE377Y07482,7.97,2026-09-30,HDFC (150); SBI (50); Axis (60),HDFC,CRISIL - AAA,Bajaj Housing Finance Ltd.^
INE377Y07508,8.39,2026-09-30,HDFC (170),HDFC,CRISIL - AAA,Bajaj Housing Finance Ltd.^
INE377Y07516,8.39,2026-09-30,HDFC (95); Axis (33),HDFC,CRISIL - AAA,Bajaj Housing Finance Ltd.^
INE377Y07532,8.08,2026-09-30,HDFC (75); SBI (99); Axis (248); Tata (124),HDFC,CRISIL - AAA,Bajaj Housing Finance Ltd.^
INE377Y07540,8.39,2026-09-30,HDFC (95),HDFC,CRISIL - AAA,Bajaj Housing Finance Ltd.^
INE377Y07557,7.24,2026-09-30,HDFC (75); ICICI Pru (75); Axis (25); UTI (100); Tata (25),HDFC,CRISIL - AAA,Bajaj Housing Finance Ltd.^
INE377Y07565,8.13,2026-09-30,UTI (49),UTI,CRISIL-AAA,NCD BAJAJ HOUSING FINANCE LTD
INE377Y07599,8.135,2026-09-30,Axis (25),Axis,CRISIL AAA,6.97% Bajaj Housing Finance Limited (17/07/2028) **
INE377Y07607,8.135,2026-09-30,Axis (69); Tata (98),Axis,CRISIL AAA,7.10% Bajaj Housing Finance Limited (16/10/2028) **
INE377Y07615,8.08,2026-09-30,ICICI Pru (419); Axis (49); Tata (25),ICICI Pru,CRISIL AAA,Bajaj Housing Finance Ltd. **
INE377Y07623,8.25,2026-09-30,HDFC (456); Tata (32),HDFC,CRISIL - AAA,Bajaj Housing Finance Ltd.^
INE377Y07631,8.31,2026-09-30,UTI (74),UTI,CRISIL-AAA,NCD BAJAJ HOUSING FINANCE LTD
INE377Y07649,8.25,2026-09-30,HDFC (49); Axis (25); Nippon (173),HDFC,CRISIL - AAA,Bajaj Housing Finance Ltd.^
INE377Y07656,8.316,2026-09-30,SBI (40); ICICI Pru (50); Axis (199); Nippon (249),SBI,CRISIL AAA,Bajaj Housing Finance Ltd.
INE377Y07664,8.28,2026-09-30,ICICI Pru (588); Axis (255); Nippon (190),ICICI Pru,CRISIL AAA,Bajaj Housing Finance Ltd.
INE377Y07672,8.25,2026-09-30,SBI (147); Nippon (98),SBI,CRISIL AAA,Bajaj Housing Finance Ltd.
INE377Y07680,8.365,2026-09-30,Axis (290); Nippon (140),Axis,CRISIL AAA,7.87% Bajaj Housing Finance Limited (04/08/2036) **
INE377Y07698,8.2815,2026-09-30,"SBI (1,167)",SBI,CRISIL AAA,Bajaj Housing Finance Ltd.
INE377Y14BV1,6.9201,2026-09-30,Axis (98),Axis,IND A1+,Bajaj Housing Finance Limited (01/01/2027) **
INE377Y14BW9,6.92,2026-09-30,Axis (342); Tata (489),Axis,IND A1+,Bajaj Housing Finance Limited (27/01/2027) **
INE377Y14BX7,6.9401,2026-09-30,Axis (24); Nippon (195),Axis,CRISIL A1+,Bajaj Housing Finance Limited (04/02/2027) **
INE377Y14CA3,7.04,2026-09-30,ICICI Pru (145); Tata (48),ICICI Pru,CRISIL A1+,Bajaj Housing Finance Ltd. **
INE377Y14CH8,6.04,2026-09-30,ICICI Pru (299); Nippon (498),ICICI Pru,CRISIL A1+,Bajaj Housing Finance Ltd. **
INE377Y14CI6,6.42,2026-09-30,ICICI Pru (545); Nippon (10); Tata (248),ICICI Pru,CRISIL A1+,Bajaj Housing Finance Ltd. **
INE379A01028,,,Axis (0); Nippon (0); UTI (119),,,ITC Hotels Limited
INE382M01027,,,UTI (144),,Leisure Services,EQ - UNITED FOODBRANDS LTD
INE382Z01011,,,UTI (0),,Aerospace & Defense,EQ - GARDEN REACH SHIPBUILDERS & EN
INE383A01012,,,UTI (0),,Cement & Cement Products,EQ - INDIA CEMENTS LTD.
INE383A14080,6.6,2026-09-30,UTI (99),UTI,CARE-A1+,CP INDIA CEMENTS LTD.
INE385C01021,,,UTI (0),,Ferrous Metals,EQ - SARDA ENERGY & MINERALS LTD.
INE386D01027,,,UTI (5),,Industrial Products,EQ - SHIVALIK BIMETAL CONTROLS LTD
INE387A01021,,,SBI (23); UTI (48),,Auto Components,Sundram Fasteners Ltd.
INE388Y01029,,,SBI (205); UTI (65),,Retailing,FSN E-Commerce Ventures Ltd.
INE389H01022,,,UTI (0),,Construction,EQ - KEC INTERNATIONAL LTD.
INE397D01024,,,"SBI (28); ICICI Pru (25); Axis (3); Nippon (3); UTI (11,819)",,Telecom - Services,Bharti Airtel Ltd.
INE398R01022,,,SBI (256); UTI (20),,Healthcare Services,Syngene International Ltd.
INE399G01023,,,UTI (0),,Auto Components,EQ - RAMKRISHNA FORGINGS LTD.
INE399L01023,,,UTI (1),,Gas,EQ - ADANI TOTAL GAS LTD
INE401H01017,,,UTI (34),,Textiles & Apparels,EQ - KEWAL KIRAN CLOTHING LTD
INE403D08207,7.2,2026-09-30,HDFC (220); ICICI Pru (406),HDFC,CRISIL - AAA,Bharti Telecom Limited^
INE403D08215,8.5166,2026-09-30,Axis (20),Axis,CRISIL AAA,8.9% Bharti Telecom Limited (05/11/2034) **
INE403D08231,8.26,2026-09-30,HDFC (25); SBI (176); UTI (100),HDFC,CRISIL - AAA,Bharti Telecom Limited^
INE403D08256,8.3458,2026-09-30,SBI (206),SBI,CRISIL AAA,Bharti Telecom Ltd.
INE403D08264,8.4121,2026-09-30,SBI (479),SBI,CRISIL AAA,Bharti Telecom Ltd.
INE403D08272,8.2574,2026-09-30,SBI (748); ICICI Pru (322); Axis (124); UTI (99); Tata (99),SBI,CRISIL AAA,Bharti Telecom Ltd.
INE403D08280,8.3675,2026-09-30,SBI (368); ICICI Pru (98); Axis (142); Nippon (231),SBI,CRISIL AAA,Bharti Telecom Ltd.
INE403D08298,8.4039,2026-09-30,SBI (147); Axis (186); Nippon (24); Tata (103),SBI,CRISIL AAA,Bharti Telecom Ltd.
INE403D08306,8.26,2026-09-30,HDFC (143); SBI (74); Axis (5); UTI (5),HDFC,CRISIL - AAA,Bharti Telecom Limited^
INE403D08314,8.31,2026-09-30,HDFC (74); SBI (759); Nippon (298); UTI (74),HDFC,CRISIL - AAA,Bharti Telecom Limited^
INE403D08322,8.4125,2026-09-30,Nippon (173),Nippon,CRISIL AAA,7.85% Bharti Telecom Limited
INE403D14619,7.38,2026-09-30,HDFC (243); Nippon (146); UTI (194),HDFC,CRISIL - A1+,Bharti Telecom Limited^
INE403G14TZ5,7.48,2026-09-30,Axis (97),Axis,CRISIL A1+,Standard Chartered Capital Limited (26/02/2027) **
INE403Q07GF7,11.015,2026-09-30,Nippon (12),Nippon,FITCH A,10% Kosamattam Finance Limited**
INE404A01024,,,SBI (159); UTI (1),,Capital Markets,Aditya Birla Sun Life Amc Ltd.
INE405E01023,,,UTI (2),,Auto Components,EQ - UNO MINDA LTD
INE405E08044,6.96,2026-09-30,ICICI Pru (100),ICICI Pru,ICRA AA+,UNO Minda Ltd. **
INE405E08051,7.4,2026-09-30,ICICI Pru (50),ICICI Pru,ICRA AA+,UNO Minda Ltd. **
INE406A01037,,,SBI (162); UTI (758),,Pharmaceuticals & Biotechnology,Aurobindo Pharma Ltd.
INE406M01024,,,UTI (175),,Pharmaceuticals & Biotechnology,EQ - ERIS LIFESCIENCES LTD
INE406M08011,7.4299,2026-09-30,SBI (331); ICICI Pru (91); Nippon (1); UTI (33),SBI,IND AA,Eris Lifesciences Ltd.
INE406M08029,8.385,2026-09-30,SBI (45); ICICI Pru (242); UTI (13),SBI,IND AA,Eris Lifesciences Ltd.
INE410P01011,,,UTI (1),,Healthcare Services,EQ - NARAYANA HRUDAYALAYA LTD
INE410P08016,8.04,2026-09-30,ICICI Pru (200); Axis (100),ICICI Pru,ICRA AA,Narayana Hrudayalaya Ltd. **
INE410P08024,8.63,2026-09-30,ICICI Pru (100); Axis (15),ICICI Pru,ICRA AA,Narayana Hrudayalaya Ltd. **
INE412L08029,7.05,2026-09-30,ICICI Pru (50),ICICI Pru,FITCH AA,Creamline Dairy Products Ltd **
INE414G01012,,,SBI (2); UTI (154); Tata (1),,Finance,Muthoot Finance Ltd.
INE414G07II5,8.815,2026-09-30,SBI (318),SBI,CRISIL AA+,Muthoot Finance Ltd.
INE414G07IR6,8.1862,2026-09-30,SBI (125); ICICI Pru (30),SBI,CRISIL AA+,Muthoot Finance Ltd.
INE414G07IS4,8.85,2026-09-30,HDFC (25); SBI (3),HDFC,CRISIL - AA+,Muthoot Finance Ltd.^
INE414G07JB8,8.28,2026-09-30,HDFC (75); SBI (50); ICICI Pru (50); Nippon (15),HDFC,CRISIL - AA+,Muthoot Finance Ltd.^
INE414G07JD4,8.1863,2026-09-30,Axis (2),Axis,CRISIL AA+,8.95% Muthoot Finance Limited (03/05/2027) **
INE414G07JF9,8.48,2026-09-30,HDFC (50); ICICI Pru (201),HDFC,CRISIL - AA+,Muthoot Finance Ltd.
INE414G07JG7,8.23,2026-09-30,SBI (75),SBI,CRISIL AA+,Muthoot Finance Ltd.
INE414G07JI3,8.68,2026-09-30,Tata (30),Tata,CRISIL-AA+,** 08.90 % MUTHOOT FINANCE LTD - 07/10/2027
INE414G07JL7,8.8,2026-09-30,ICICI Pru (249); Nippon (60); Tata (65),ICICI Pru,CRISIL AA+,Muthoot Finance Ltd. **
INE414G07JM5,8.8,2026-09-30,ICICI Pru (299); Axis (65); Nippon (75); Tata (60),ICICI Pru,CRISIL AA+,Muthoot Finance Ltd. **
INE414G07JN3,8.81,2026-09-30,ICICI Pru (50); Axis (30),ICICI Pru,CRISIL AA+,Muthoot Finance Ltd. **
INE414G07JO1,8.81,2026-09-30,SBI (99); Nippon (25),SBI,CRISIL AA+,Muthoot Finance Ltd.
INE414G07JQ6,8.68,2026-09-30,HDFC (84); SBI (496); ICICI Pru (25); UTI (35); Tata (154),HDFC,CRISIL - AA+,Muthoot Finance Ltd.
INE414G07JS2,8.85,2026-09-30,Axis (50); UTI (2),Axis,CRISIL AA+,7.88% Muthoot Finance Limited (22/11/2028)
INE414G07JU8,8.87,2026-09-30,SBI (49),SBI,CRISIL AA+,Muthoot Finance Ltd.
INE414G07JV6,7.9,2026-09-30,ICICI Pru (225); UTI (25),ICICI Pru,ICRA AA+,Muthoot Finance Ltd. **
INE414G07JW4,8.48,2026-09-30,SBI (154); Axis (102),SBI,[ICRA]AA+,Muthoot Finance Ltd.
INE414G07JX2,8.87,2026-09-30,SBI (297); ICICI Pru (247),SBI,CRISIL AA+,Muthoot Finance Ltd.
INE414G07JZ7,9.87,2026-09-30,HDFC (50); SBI (834); ICICI Pru (52); Axis (110); Nippon (180); UTI (100),HDFC,CRISIL - AA+,Muthoot Finance Ltd.^
INE414G07KC4,9.9263,2026-09-30,SBI (250); ICICI Pru (525); Axis (75); Nippon (175); UTI (110); Tata (54),SBI,CRISIL AA+,Muthoot Finance Ltd.
INE414G14UZ0,7.28,2026-09-30,ICICI Pru (74),ICICI Pru,CRISIL A1+,Muthoot Finance Ltd. **
INE414G14VA1,7.28,2026-09-30,ICICI Pru (50),ICICI Pru,CRISIL A1+,Muthoot Finance Ltd. **
INE414G14VB9,7.32,2026-09-30,Tata (123),Tata,CRISIL-A1+,** - MUTHOOT FINANCE LTD - CP - 03/12/2026
INE414G14VD5,7.65,2026-09-30,HDFC (49); ICICI Pru (147),HDFC,CRISIL - A1+,Muthoot Finance Ltd.^
INE414G14VF0,7.64,2026-09-30,ICICI Pru (245),ICICI Pru,CRISIL A1+,Muthoot Finance Ltd. **
INE414G14VG8,7.64,2026-09-30,ICICI Pru (293),ICICI Pru,CRISIL A1+,Muthoot Finance Ltd. **
INE414G14VH6,7.65,2026-09-30,HDFC (146),HDFC,CRISIL - A1+,Muthoot Finance Ltd.^
INE414G14VJ2,7.65,2026-09-30,HDFC (97); ICICI Pru (170),HDFC,CRISIL - A1+,Muthoot Finance Ltd.^
INE414G14VK0,7.64,2026-09-30,ICICI Pru (122),ICICI Pru,CRISIL A1+,Muthoot Finance Ltd. **
INE414G14VL8,7.65,2026-09-30,HDFC (49),HDFC,CRISIL - A1+,Muthoot Finance Ltd.^
INE414G14VM6,7.65,2026-09-30,HDFC (97); SBI (194),HDFC,CRISIL - A1+,Muthoot Finance Ltd.^
INE414G14VN4,7.69,2026-09-30,ICICI Pru (97),ICICI Pru,CRISIL A1+,Muthoot Finance Ltd. **
INE414G14VO2,7.6949,2026-09-30,SBI (339),SBI,CRISIL A1+,Muthoot Finance Ltd.
INE414G14VP9,7.695,2026-09-30,SBI (97),SBI,CRISIL A1+,Muthoot Finance Ltd.
INE414G14VQ7,7.69,2026-09-30,ICICI Pru (73),ICICI Pru,CRISIL A1+,Muthoot Finance Ltd. **
INE414G14VR5,7.69,2026-09-30,ICICI Pru (121),ICICI Pru,CRISIL A1+,Muthoot Finance Ltd. **
INE415G01027,,,UTI (1),,Construction,EQ - RAIL VIKAS NIGAM LTD
INE417C08019,8.635,2026-09-30,Axis (44),Axis,CRISIL AA+,8.11% Pilani Investment and Industries Corporation Limited (24/04/2029) **
INE417C14AK6,7.52,2026-09-30,ICICI Pru (98),ICICI Pru,CRISIL A1+,Pilani Investment & Industries Ltd **
INE417C14AL4,7.52,2026-09-30,HDFC (171),HDFC,CRISIL - A1+,Pilani Investment and Industries Corporation Limited^
INE417C14AO8,7.57,2026-09-30,Tata (363),Tata,CRISIL-A1+,** - PILANI INVESTMENT & INDUSTRIES CORPORATION LTD - CP - 11/03/2027
INE417C14AP5,7.5674,2026-09-30,SBI (242); ICICI Pru (242),SBI,CRISIL A1+,Pilani Investment & Industries Corporation Ltd.
INE417C14AX9,7.1548,2026-09-30,SBI (50),SBI,CRISIL A1+,Pilani Investment & Industries Corporation Ltd.
INE417T01026,,,UTI (349); Tata (1),,Financial Technology (Fintech),EQ - PB FINTECH LTD
INE418L01047,,,UTI (25),,Entertainment,EQ - NAZARA TECHNOLOGIES LTD
INE419M01035,,,UTI (109),,Electrical Equipment,EQ - TD POWER SYSTEMS LTD.
INE419U01012,,,UTI (7),,IT - Software,EQ - HAPPIEST MINDS TECHNOLOGIES LT
INE421D01022,,,UTI (0),,Agricultural Food & other Products,EQ - CCL PRODUCTS (INDIA) LTD
INE422H14305,8.0451,2026-09-30,Nippon (97),Nippon,CRISIL A1+,DSP Finance Private Limited**
INE422H14313,8.05,2026-09-30,HDFC (97),HDFC,ICRA - A1+,DSP Finance Private Limited^
INE422H14362,8.05,2026-09-30,HDFC (97),HDFC,ICRA - A1+,DSP Finance Private Limited^
INE422H14370,8.0451,2026-09-30,Axis (96),Axis,ICRA A1+,DSP Finance Private Limited (19/03/2027) **
INE422H14545,7.4664,2026-09-30,SBI (99),SBI,CRISIL A1+,DSP Finance Pvt. Ltd
INE422H14586,7.7266,2026-09-30,Axis (248),Axis,ICRA A1+,DSP Finance Private Limited (11/11/2026) **
INE422H14602,7.73,2026-09-30,HDFC (198),HDFC,ICRA - A1+,DSP Finance Private Limited^
INE422H14628,7.7515,2026-09-30,Nippon (198),Nippon,ICRA A1+,DSP Finance Private Limited**
INE422H14636,7.7512,2026-09-30,Nippon (49),Nippon,ICRA A1+,DSP Finance Private Limited**
INE422H14651,7.7978,2026-09-30,Axis (197),Axis,ICRA A1+,DSP Finance Private Limited (02/12/2026) **
INE422H14669,7.8,2026-09-30,HDFC (247); Nippon (49),HDFC,ICRA - A1+,DSP Finance Private Limited^
INE423A01024,,,"SBI (25); UTI (1,267)",,Metals & Minerals Trading,Adani Enterprises Ltd.
INE423A07328,9.32,2026-09-30,ICICI Pru (50),ICICI Pru,ICRA AA-,Adani Enterprises Ltd. **
INE423A07476,8.99,2026-09-30,ICICI Pru (674),ICICI Pru,ICRA AA-,Adani Enterprises Ltd. **
INE423Y07104,9.97,2026-09-30,HDFC (99),HDFC,IND - AA-,SBFC Finance Limited^
INE424H01027,,,UTI (1),,Entertainment,EQ - SUN TV NETWORK LTD.
INE427F01016,,,UTI (9),,Leisure Services,EQ - CHALET HOTELS LTD
INE427F07021,8.9085,2026-09-30,SBI (75),SBI,CRISIL AA-,Chalet Hotels Ltd.
INE429E01023,,,UTI (23),,Consumer Durables,EQ - SAFARI INDUSTRIES (I) LTD.
INE432R07380,7.6849,2026-09-30,Nippon (9),Nippon,FITCH AA,8.8% Truhome Finance Limited**
INE432R07414,8.49,2026-09-30,Nippon (101),Nippon,CRISIL AA,9.25% Truhome Finance Limited**
INE432R07455,8.33,2026-09-30,HDFC (150),HDFC,IND - AA,Truhome Finance Limited^
INE432R07489,8.5642,2026-09-30,Nippon (172),Nippon,FITCH AA,7.9% Truhome Finance Limited**
INE432R07505,9.12,2026-09-30,ICICI Pru (499),ICICI Pru,FITCH AA,Truhome Finance Ltd. **
INE435A01051,,,SBI (47),,"Paper, Forest & Jute Products",Andhra Paper Ltd.
INE435G01025,,,ICICI Pru (1),,Fertilizers & Agrochemicals,Dhanuka Agritech Ltd.
INE437A01024,,,ICICI Pru (1); Axis (2); Nippon (1); UTI (887); Tata (1),,Healthcare Services,Apollo Hospitals Enterprise Ltd.
INE438A01022,,,UTI (37),,Auto Components,EQ - APOLLO TYRES LTD.
INE438A14JY8,6.7151,2026-09-30,Nippon (248),Nippon,CRISIL A1+,Apollo Tyres Limited**
INE439A01020,,,UTI (0),,Auto Components,EQ - ASAHI INDIA GLASS LTD.
INE442H01029,,,SBI (33),,Construction,Ashoka Buildcon Ltd.
INE448U07307,9.795,2026-09-30,Axis (29),Axis,CARE AA-,8.85% Veritas Finance Private Limited (19/09/2029) **
INE448U07349,9.695,2026-09-30,Nippon (25),Nippon,CARE AA-,8.9% Veritas Finance Private Limited**
INE450D01021,,,SBI (3); UTI (49),,Industrial Manufacturing,Pitti Engineering Ltd.
INE451601012,,,UTI,,Not Applicable,EQ - GEEKAY EXIM (INDIA) LTD.
INE451A01017,,,UTI (1),,Automobiles,EQ - FORCE MOTORS LTD.
INE452H01010,,,UTI,,Not Applicable,EQ - MAHENDRA PETROCHEMICALS LTD.
INE455K01017,,,"UTI (1,115); Tata (1)",,Industrial Products,EQ - POLYCAB INDIA LTD
INE456Z01021,,,ICICI Pru (6),,Insurance,Medi Assist Healthcare Services Ltd
INE457A01014,,,UTI (86),,Banks,EQ - BANK OF MAHARASHTRA
INE457A16MU5,6.83,2026-09-30,HDFC (147); UTI (221),HDFC,CRISIL - A1+,Bank of Maharashtra^
INE457A16MV3,6.83,2026-09-30,HDFC (491),HDFC,CRISIL - A1+,Bank of Maharashtra^
INE457L01029,,,ICICI Pru (6); UTI (1),,Consumer Durables,Pg Electroplast Ltd.
INE459N01021,,,UTI (128),,Healthcare Services,EQ - MANIPAL HEALTH ENTERPRISES LIMITED
INE460K08053,8.2896,2026-09-30,SBI (200); Axis (153),SBI,CRISIL AAA,RJ Corp Ltd.
INE460K08061,8.3242,2026-09-30,SBI (12),SBI,CRISIL AAA,RJ Corp Ltd.
INE460K08079,8.369,2026-09-30,SBI (281); Axis (15); Nippon (199),SBI,CRISIL AAA,RJ Corp Ltd.
INE463A01038,,,SBI (1); UTI (371),,Consumer Durables,Berger Paints India Ltd.
INE463V01026,,,UTI (2),,Capital Markets,EQ - ANAND RATHI WEALTH LTD
INE465A01025,,,UTI (343),,Auto Components,EQ - BHARAT FORGE LTD.
INE466L01038,,,UTI (265); Tata (1),,Capital Markets,EQ - 360 ONE WAM LIMITED
INE466L14FS6,7.99,2026-09-30,Tata (146),Tata,CRISIL-A1+,** - 360 ONE WAM LTD(ERSTWHILE IIFL WEALTH MANAGEMENT LTD) - CP - 25/01/2027
INE466L14FT4,7.99,2026-09-30,UTI (73),UTI,ICRA-A1+,CP 360 ONE WAM LIMITED
INE466L14GD6,7.69,2026-09-30,ICICI Pru (197),ICICI Pru,CRISIL A1+,360 One Wam Ltd. **
INE466L14GE4,7.2747,2026-09-30,Nippon (100),Nippon,ICRA A1+,360 One WAM Limited**
INE466L14GF1,7.61,2026-09-30,ICICI Pru (248),ICICI Pru,CRISIL A1+,360 One Wam Ltd. **
INE467B01029,,,"Axis (1); Nippon (3); UTI (3,893); Tata (1)",,IT - Software,Tata Consultancy Services Limited
INE470A01017,,,UTI (218),,Diversified,EQ - 3M INDIA LTD.
INE470Y01017,,,UTI (0),,Insurance,EQ - THE NEW INDIA ASSURANCE COMPAN
INE472A01039,,,UTI (473),,Consumer Durables,EQ - BLUE STAR LIMITED
INE473A01011,,,UTI (1),,Chemicals & Petrochemicals,EQ - LINDE INDIA LTD.
INE473B01035,,,SBI (87),,Food Products,Hatsun Agro Product Ltd.
INE473D01015,,,SBI (196),,Industrial Products,Kingfa Science & Technology India Ltd.
INE474Q01031,,,Axis (0); UTI (735),,,Global Health Limited
INE475E01026,,,UTI (285),,Pharmaceuticals & Biotechnology,EQ - CAPLIN POINT LABORATORIES LTD
INE476A01022,,,UTI (481),,Banks,EQ - CANARA BANK
INE476A08225,7.988,2026-09-30,SBI (10),SBI,CRISIL AA+,Canara Bank( AT1 Bond Under Basel III )
INE476A16E38,6.17,2026-09-30,HDFC (99),HDFC,CRISIL - A1+,Canara Bank^
INE476A16F78,6.3,2026-09-30,HDFC (257); Axis (148); Nippon (25),HDFC,CRISIL - A1+,Canara Bank^
INE476A16F94,6.7101,2026-09-30,Nippon (147); UTI (196),Nippon,CRISIL A1+,Canara Bank
INE476A16G02,6.6599,2026-09-30,SBI (344); Nippon (172); UTI (98),SBI,CRISIL A1+,Canara Bank
INE476A16G10,6.69,2026-09-30,ICICI Pru (49); Nippon (122); UTI (73),ICICI Pru,CRISIL A1+,Canara Bank **
INE476A16G28,6.74,2026-09-30,HDFC (73); SBI (98); ICICI Pru (494); Axis (289); Nippon (98); UTI (440); Tata (220),HDFC,CRISIL - A1+,Canara Bank
INE476A16G36,6.69,2026-09-30,ICICI Pru (245); Axis (245); Nippon (49); UTI (196); Tata (49),ICICI Pru,CRISIL A1+,Canara Bank **
INE476A16G44,6.74,2026-09-30,HDFC (318); SBI (381); ICICI Pru (220); Axis (181); Nippon (318); UTI (196); Tata (342),HDFC,CRISIL - A1+,Canara Bank
INE476A16H01,6.7401,2026-09-30,SBI (586); ICICI Pru (146); Nippon (49); UTI (390); Tata (49),SBI,CRISIL A1+,Canara Bank
INE476A16H35,6.89,2026-09-30,HDFC (24); SBI (97); ICICI Pru (146); UTI (49),HDFC,CRISIL - A1+,Canara Bank
INE476A16H43,6.87,2026-09-30,HDFC (170); SBI (530); ICICI Pru (462); Axis (243); Nippon (194); UTI (97); Tata (437),HDFC,CRISIL - A1+,Canara Bank
INE476A16H84,6.85,2026-09-30,HDFC (170); SBI (97); Nippon (121); UTI (243),HDFC,CRISIL - A1+,Canara Bank^
INE476A16H92,6.85,2026-09-30,HDFC (24); SBI (146); Axis (175); Nippon (422); UTI (24),HDFC,CRISIL - A1+,Canara Bank^
INE476A16I00,6.7399,2026-09-30,SBI (24); ICICI Pru (97); Axis (170); UTI (73),SBI,CRISIL A1+,Canara Bank
INE476A16I26,6.8517,2026-09-30,SBI (121); ICICI Pru (48); Nippon (48); UTI (97),SBI,CRISIL A1+,Canara Bank
INE476A16J90,6.3001,2026-09-30,SBI (49); Axis (49); UTI (74),SBI,CRISIL A1+,Canara Bank
INE476A16K06,6.255,2026-09-30,Axis (544); Nippon (49),Axis,CRISIL A1+,Canara Bank (30/11/2026) **
INE476A16K14,7.23,2026-09-30,SBI (190),SBI,CRISIL A1+,Canara Bank
INE476A16K22,7.23,2026-09-30,HDFC (285); SBI (47); Axis (95); Nippon (24),HDFC,CRISIL - A1+,Canara Bank^
INE476A16K30,5.1928,2026-09-30,SBI (300),SBI,CRISIL A1+,Canara Bank
INE476A16K55,5.8492,2026-09-30,"SBI (2,195)",SBI,CRISIL A1+,Canara Bank
INE476A16K89,6.22,2026-09-30,HDFC (74); Axis (794); Nippon (74),HDFC,CRISIL - A1+,Canara Bank^
INE476A16K97,6.21,2026-09-30,ICICI Pru (446); Axis (991),ICICI Pru,CRISIL A1+,Canara Bank **
INE476A16L05,6.28,2026-09-30,Tata (742),Tata,CRISIL-A1+,** - CANARA BANK - CD - 03/12/2026
INE476A16L13,6.22,2026-09-30,HDFC (495); ICICI Pru (198); Axis (991); Nippon (248); UTI (248),HDFC,ICRA - A1+,Canara Bank^
INE476A16L21,6.17,2026-09-30,"ICICI Pru (298); Nippon (1,491)",ICICI Pru,CRISIL A1+,Canara Bank **
INE476A16L54,6.74,2026-09-30,Tata (195),Tata,CRISIL-A1+,** - CANARA BANK - CD - 10/02/2027
INE477A01020,,,ICICI Pru (11); UTI (0),,Finance,Can Fin Homes Ltd.
INE477A07415,7.31,2026-09-30,HDFC (60); Nippon (25); Tata (5),HDFC,ICRA - AAA,CanFin Homes Ltd.^
INE477A07423,7.62,2026-09-30,UTI (100); Tata (5),UTI,ICRA-AAA,NCD CANFIN HOMES LTD.
INE477A14EM2,6.48,2026-09-30,UTI (397),UTI,ICRA-A1+,CP CANFIN HOMES LTD.
INE477A14EN0,6.49,2026-09-30,ICICI Pru (496),ICICI Pru,ICRA A1+,Can Fin Homes Ltd. **
INE477L07AZ3,7.6935,2026-09-30,Nippon (35),Nippon,CRISIL AA,8.85% IIFL Home Finance Limited**
INE477L14FY1,8.2849,2026-09-30,Nippon (198),Nippon,CRISIL A1+,IIFL Home Finance Limited**
INE477L14FZ8,8.3,2026-09-30,Tata (148),Tata,CRISIL-A1+,** - IIFL HOME FINANCE LTD - CP - 17/11/2026
INE477L14GA9,8.35,2026-09-30,Tata (148),Tata,CRISIL-A1+,** - IIFL HOME FINANCE LTD - CP - 03/12/2026
INE481G01011,,,"SBI (4); Nippon (1); UTI (2,544)",,Cement & Cement Products,Ultratech Cement Ltd.
INE481G08123,7.58,2026-09-30,ICICI Pru (418),ICICI Pru,CRISIL AAA,Ultratech Cement Ltd. **
INE481G08149,7.73,2026-09-30,HDFC (177),HDFC,CRISIL - AAA,UltraTech Cement Limited^
INE481G14FW7,6.43,2026-09-30,ICICI Pru (298),ICICI Pru,CRISIL A1+,Ultratech Cement Ltd. **
INE481N01025,,,UTI (0),,Finance,EQ - HOME FIRST FINANCE COMPANY IND
INE481Y01014,,,UTI (226),,Insurance,EQ - GENERAL INSURANCE CORPORATION
INE482A01020,,,UTI (14),,Auto Components,EQ - CEAT LTD.
INE482A14GY2,6.78,2026-09-30,UTI (50),UTI,IND-A1+,CP CEAT LTD.
INE482A14HD4,6.83,2026-09-30,UTI (49),UTI,IND-A1+,CP CEAT LTD.
INE483A01010,,,UTI (0),,Banks,EQ - CENTRAL BANK OF INDIA
INE483A16KY7,6.44,2026-09-30,Tata (944),Tata,CRISIL-A1+,** - CENTRAL BANK OF INDIA - CD - 06/11/2026
INE483A16KZ4,6.4399,2026-09-30,SBI (993),SBI,CRISIL A1+,Central Bank of India
INE483A16LB3,6.4799,2026-09-30,Nippon (248); UTI (347),Nippon,CRISIL A1+,Central Bank of India**
INE483A16LF4,6.5803,2026-09-30,Nippon (247),Nippon,CARE A1+,Central Bank of India**
INE483A16LG2,6.5802,2026-09-30,SBI (988); Axis (741); Nippon (247),SBI,CRISIL A1+,Central Bank of India
INE483B01026,,,UTI (20),,Textiles & Apparels,EQ - INDO COUNT INDUSTRIES LTD.
INE483Z08012,8.12,2026-09-30,ICICI Pru (151); Axis (106),ICICI Pru,FITCH AAA,Kohima-Mariani Transmission Ltd. **
INE484J01027,,,SBI (1); UTI (1),,Realty,Godrej Properties Ltd.
INE484J08055,7.72,2026-09-30,HDFC (100); SBI (301); Axis (35); UTI (90); Tata (135),HDFC,ICRA - AA+,Godrej Properties Ltd.^
INE484J08071,8.4,2026-09-30,ICICI Pru (65); Nippon (5),ICICI Pru,ICRA AA+,Godrej Properties Ltd. **
INE484J08089,8.24,2026-09-30,ICICI Pru (326); Axis (25),ICICI Pru,ICRA AA+,Godrej Properties Ltd. **
INE484J14F30,6.5552,2026-09-30,SBI (124),SBI,[ICRA]A1+,Godrej Properties Ltd.
INE484J14F48,6.5553,2026-09-30,SBI (99),SBI,[ICRA]A1+,Godrej Properties Ltd.
INE484J14F55,6.5552,2026-09-30,SBI (99),SBI,[ICRA]A1+,Godrej Properties Ltd.
INE484J14F63,6.5552,2026-09-30,SBI (99),SBI,[ICRA]A1+,Godrej Properties Ltd.
INE484J14F89,6.58,2026-09-30,HDFC (149),HDFC,ICRA - A1+,Godrej Properties Ltd.^
INE484J14F97,6.58,2026-09-30,HDFC (149),HDFC,ICRA - A1+,Godrej Properties Ltd.^
INE484J14G05,6.58,2026-09-30,HDFC (149),HDFC,ICRA - A1+,Godrej Properties Ltd.^
INE484J14G13,6.58,2026-09-30,HDFC (149),HDFC,ICRA - A1+,Godrej Properties Ltd.^
INE484J14G21,6.58,2026-09-30,HDFC (124),HDFC,ICRA - A1+,Godrej Properties Ltd.^
INE484J14H87,6.4,2026-09-30,HDFC (125),HDFC,ICRA - A1+,Godrej Properties Ltd.^
INE484J14H95,6.38,2026-09-30,HDFC (149),HDFC,ICRA - A1+,Godrej Properties Ltd.^
INE486A01021,,,SBI (248); UTI (5),,Power,CESC Ltd.
INE486A14GG0,6.4904,2026-09-30,SBI (199),SBI,[ICRA]A1+,CESC Ltd.
INE486A14GH8,6.5147,2026-09-30,Nippon (397),Nippon,ICRA A1+,CESC Limited**
INE486A14GI6,6.54,2026-09-30,Nippon (296),Nippon,FITCH A1+,CESC Limited**
INE486A14GL0,6.4902,2026-09-30,SBI (149),SBI,[ICRA]A1+,CESC Ltd.
INE488A01050,,,ICICI Pru (9),,Chemicals & Petrochemicals,Chemplast Sanmar Ltd
INE489L14934,8.93,2026-09-30,HDFC (492),HDFC,CRISIL - A1+,IIFL CAPITAL SERVICES LIMITED^
INE489L14991,8.88,2026-09-30,Tata (246),Tata,CRISIL-A1+,** - IIFL CAPITAL SERVICES LTD - CP - 30/11/2026
INE489L14AA7,8.93,2026-09-30,Tata (98),Tata,CRISIL-A1+,** - IIFL CAPITAL SERVICES LTD - CP - 09/12/2026
INE489L14AC3,8.93,2026-09-30,Tata (49),Tata,CRISIL-A1+,** - IIFL CAPITAL SERVICES LTD - CP - 11/12/2026
INE491A01021,,,UTI (106),,Banks,EQ - CITY UNION BANK
INE491A16193,7.4099,2026-09-30,Axis (247); Tata (296),Axis,ICRA A1+,City Union Bank Ltd (04/12/2026) **
INE494B01023,,,SBI (2); UTI (771),,Automobiles,TVS Motor Company Ltd.
INE494B08044,7.66,2026-09-30,SBI (223),SBI,IND AAA,TVS Motor Company Ltd.
INE494B08051,7.665,2026-09-30,SBI (841),SBI,CARE AAA,TVS Motor Company Ltd.
INE498L01015,,,UTI (75),,Finance,EQ - L&T FINANCE LIMITED
INE498L07038,7.91,2026-09-30,HDFC (75); SBI (1); Axis (64),HDFC,ICRA - AAA,L&T Finance Ltd.^
INE498L07046,8.08,2026-09-30,HDFC (50),HDFC,CRISIL - AAA,L&T Finance Ltd.^
INE498L07137,7.9099,2026-09-30,Axis (139),Axis,ICRA AAA,7.2092% L&T Finance Limited (29/06/2027) **
INE498L07145,8.21,2026-09-30,HDFC (25),HDFC,CRISIL - AAA,L&T Finance Ltd.^
INE498L14FQ3,7.3,2026-09-30,UTI (97),UTI,CRISIL-A1+,CP L AND T FINANCE LIMITED
INE498L14FY7,7.2949,2026-09-30,Axis (170),Axis,CRISIL A1+,L&T Finance Limited (12/03/2027) **
INE498L14GA5,7.65,2026-09-30,HDFC (142),HDFC,CRISIL - A1+,L&T Finance Ltd.^
INE498L14GF4,6.65,2026-09-30,HDFC (746),HDFC,CRISIL - A1+,L&T Finance Ltd.^
INE498L14GG2,6.91,2026-09-30,HDFC (745),HDFC,CRISIL - A1+,L&T Finance Ltd.^
INE498L14GM0,7.0002,2026-09-30,Axis (246),Axis,CRISIL A1+,L&T Finance Limited (15/12/2026) **
INE498L14GP3,7.86,2026-09-30,HDFC (47); SBI (47); Nippon (65),HDFC,CRISIL - A1+,L&T Finance Ltd.^
INE499A01024,,,UTI (137),,Diversified,EQ - DCM SHRIRAM LTD.
INE501A01019,,,UTI (0),,Chemicals & Petrochemicals,EQ - DEEPAK FERTILISERS AND PETROCH
INE506V01022,,,UTI (0),,Pharmaceuticals & Biotechnology,EQ - RUBICON RESEARCH LTD.
INE507T07070,8.0498,2026-09-30,Nippon (248); UTI (223),Nippon,CRISIL AAA,7.4% Summit Digitel Infrastructure Limited**
INE507T07096,7.6,2026-09-30,ICICI Pru (75),ICICI Pru,CRISIL AAA,Summit Digitel Infrastructure Private Ltd. **
INE507T07104,8.2655,2026-09-30,SBI (373),SBI,CRISIL AAA,Summit Digitel Infrastructure Pvt. Ltd.
INE507T07112,6.485,2026-09-30,Nippon (125),Nippon,CRISIL AAA,8.19% Summit Digitel Infrastructure Limited**
INE507T07120,8.14,2026-09-30,UTI (75),UTI,CRISIL-AAA,NCD SUMMIT DIGITEL INFRASTRUCTURE LTD
INE507T07138,8.1446,2026-09-30,Nippon (195),Nippon,CRISIL AAA,7.89% Summit Digitel Infrastructure Limited**
INE507T07146,8.18,2026-09-30,ICICI Pru (681); Nippon (105),ICICI Pru,CRISIL AAA,Summit Digitel Infrastructure Private Ltd. **
INE507T07153,8.2395,2026-09-30,SBI (664),SBI,CRISIL AAA,Summit Digitel Infrastructure Pvt. Ltd.
INE509F01029,,,UTI (0),,Personal Products,EQ - CUPID LIMITED
INE510A01028,,,UTI (10),,Construction,EQ - ENGINEERS INDIA LTD
INE511C01022,,,UTI (0),,Finance,EQ - POONAWALLA FINCORP LTD.
INE511C07847,8.29,2026-09-30,HDFC (25),HDFC,CRISIL - AAA,Poonawalla Fincorp Ltd^
INE511C07854,7.9149,2026-09-30,Axis (264); UTI (75),Axis,CRISIL AAA,7.65% Poonawalla Fincorp Limited (21/04/2027) **
INE511C07870,7.93,2026-09-30,HDFC (149); UTI (75),HDFC,CRISIL - AAA,Poonawalla Fincorp Ltd^
INE511C07912,8.15,2026-09-30,HDFC (99); Nippon (75); UTI (50); Tata (10),HDFC,CRISIL - AAA,Poonawalla Fincorp Ltd^
INE511C07920,8.27,2026-09-30,UTI (99),UTI,CRISIL-AAA,NCD POONAWALLA FINCORP LTD.
INE511C07938,8.155,2026-09-30,Axis (50); UTI (150),Axis,CRISIL AAA,7.58% Poonawalla Fincorp Limited (08/09/2028) **
INE511C07946,7.75,2026-09-30,HDFC (247); Axis (60); Nippon (289); UTI (82),HDFC,CRISIL - AAA,Poonawalla Fincorp Ltd^
INE511C07979,8.27,2026-09-30,UTI (7),UTI,CRISIL-AAA,NCD POONAWALLA FINCORP LTD.
INE511C07995,8.29,2026-09-30,HDFC (71); Nippon (78),HDFC,CRISIL - AAA,Poonawalla Fincorp Ltd^
INE511C07AA1,8.285,2026-09-30,Nippon (45),Nippon,CRISIL AAA,8.25% Poonawalla Fincorp Limited**
INE511C07AB9,8.29,2026-09-30,UTI (25),UTI,CRISIL-AAA,NCD POONAWALLA FINCORP LTD.
INE511C14ZH9,7.35,2026-09-30,UTI (244),UTI,CARE-A1+,CP POONAWALLA FINCORP LTD.
INE511C14ZI7,7.35,2026-09-30,UTI (195),UTI,CARE-A1+,CP POONAWALLA FINCORP LTD.
INE511C14ZT4,6.6147,2026-09-30,SBI (250),SBI,CRISIL A1+,Poonawalla Fincorp Ltd.
INE511C14ZU2,6.72,2026-09-30,HDFC (548); SBI (50),HDFC,CRISIL - A1+,Poonawalla Fincorp Ltd^
INE511C14ZV0,7.05,2026-09-30,HDFC (497),HDFC,CRISIL - A1+,Poonawalla Fincorp Ltd^
INE513A01022,,,SBI (2); UTI (222),,Auto Components,Schaeffler India Ltd.
INE514E08FH3,7.7,2026-09-30,Axis (10),Axis,CRISIL AAA,7.02% Export Import Bank of India (25/11/2031) **
INE514E08FJ9,6.9,2026-09-30,ICICI Pru (165); Nippon (5),ICICI Pru,CRISIL AAA,Export-Import Bank Of India **
INE514E08FN1,7.38,2026-09-30,ICICI Pru (25); UTI (5),ICICI Pru,CRISIL AAA,Export-Import Bank Of India
INE514E08FP6,7.44,2026-09-30,ICICI Pru (334),ICICI Pru,CRISIL AAA,Export-Import Bank Of India **
INE514E08FQ4,7.735,2026-09-30,Axis (10),Axis,CRISIL AAA,7.88% Export Import Bank of India (11/01/2033) **
INE514E08GB4,7.56,2026-09-30,HDFC (50); Axis (50); Nippon (75); UTI (151); Tata (150),HDFC,CRISIL - AAA,Export - Import Bank of India^
INE514E08GC2,7.61,2026-09-30,Axis (25); Nippon (99); UTI (75),Axis,CRISIL AAA,7.4% Export Import Bank of India (14/03/2029) **
INE514E08GD0,7.65,2026-09-30,ICICI Pru (74); Nippon (25); UTI (148),ICICI Pru,CRISIL AAA,Export-Import Bank Of India
INE514E08GE8,7.57,2026-09-30,HDFC (50); Axis (125); Nippon (219); UTI (75); Tata (10),HDFC,CRISIL - AAA,Export - Import Bank of India^
INE514E08GF5,7.7,2026-09-30,HDFC (25); Axis (74); Nippon (49); UTI (398),HDFC,CRISIL - AAA,Export - Import Bank of India^
INE514E08GG3,7.7,2026-09-30,Axis (25),Axis,CRISIL AAA,7.23% Export Import Bank of India (18/03/2031) **
INE514E14TC3,6.75,2026-09-30,HDFC (24); ICICI Pru (73); Nippon (49); UTI (49),HDFC,CRISIL - A1+,Export - Import Bank of India^
INE514E14TQ3,6.2699,2026-09-30,Axis (538); UTI (222); Tata (716),Axis,CRISIL A1+,Export Import Bank of India (14/12/2026) **
INE514E14TR1,6.2697,2026-09-30,Axis (99); Nippon (5); Tata (667),Axis,CRISIL A1+,Export Import Bank of India (11/12/2026) **
INE514E14TS9,6.15,2026-09-30,ICICI Pru (746); Nippon (497); UTI (199),ICICI Pru,CRISIL A1+,Export-Import Bank Of India
INE514E14TT7,6.27,2026-09-30,HDFC (297); Nippon (247); UTI (99); Tata (495),HDFC,CRISIL - A1+,Export - Import Bank of India
INE514E14TU5,6.89,2026-09-30,ICICI Pru (10); Axis (631); UTI (194),ICICI Pru,CRISIL A1+,Export-Import Bank Of India
INE514E14TW1,6.27,2026-09-30,"HDFC (1,482); ICICI Pru (494); UTI (198); Tata (296)",HDFC,CRISIL - A1+,Export - Import Bank of India^
INE514E16CN1,6.13,2026-09-30,Tata (472),Tata,CRISIL-A1+,** - EXIM - CD - 11/11/2026
INE514E16CO9,6.685,2026-09-30,Axis (122); Nippon (24); UTI (245),Axis,CRISIL A1+,Export Import Bank of India (29/01/2027) **
INE514E16CP6,6.83,2026-09-30,HDFC (39); Axis (49); Nippon (5); UTI (146); Tata (73),HDFC,CRISIL - A1+,Export - Import Bank of India^
INE516Y07444,8.8792,2026-09-30,Nippon (87); UTI (79),Nippon,ICRA AA+,6.75% Piramal Finance Limited
INE517B01013,,,UTI (0),,Telecom - Services,EQ - TATA TELESERVICES (MHTRA) LTD.
INE517B14AG3,6.935,2026-09-30,Axis (793),Axis,CRISIL A1+,Tata Teleservices (Maharashtra) Limited (17/11/2026) **
INE517B14AM1,7.51,2026-09-30,SBI (284),SBI,CRISIL A1+,Tata Teleservices (Maharastra) Ltd.
INE520A01027,,,UTI (0); Tata (0),,IT - Software,EQ - ZENSAR TECHNOLOGIES LTD.
INE522D01027,,,UTI (126); Tata (0),,Finance,EQ - MANAPPURAM FINANCE LTD.
INE522D07CI5,8.82,2026-09-30,ICICI Pru (198),ICICI Pru,CRISIL AA,Manappuram Finance Ltd. **
INE522D07CL9,8.94,2026-09-30,ICICI Pru (149),ICICI Pru,CRISIL AA,Manappuram Finance Ltd. **
INE522D14OY3,7.375,2026-09-30,Nippon (49),Nippon,CRISIL A1+,Manappuram Finance Limited**
INE522D14PU8,7.3499,2026-09-30,SBI (198),SBI,CRISIL A1+,Manappuram Finance Ltd.
INE522D14PV6,7.3751,2026-09-30,Nippon (297),Nippon,CARE A1+,Manappuram Finance Limited**
INE522D14PW4,7.165,2026-09-30,Nippon (99),Nippon,CARE A1+,Manappuram Finance Limited**
INE522D14PX2,7.9351,2026-09-30,Nippon (194),Nippon,CRISIL A1+,Manappuram Finance Limited**
INE522D14PZ7,7.425,2026-09-30,Nippon (197),Nippon,CARE A1+,Manappuram Finance Limited**
INE522D14QE0,7.0896,2026-09-30,SBI (249),SBI,CRISIL A1+,Manappuram Finance Ltd.
INE522D14QF7,7.1649,2026-09-30,SBI (249),SBI,CRISIL A1+,Manappuram Finance Ltd.
INE522F01014,,,"Nippon (2); UTI (1,931); Tata (2)",,Consumable Fuels,Coal India Limited
INE523H07CB9,7.9148,2026-09-30,SBI (17); ICICI Pru (24),SBI,CRISIL AA,JM Financial Products Ltd.
INE523L07AL4,8.305,2026-09-30,Nippon (80),Nippon,CARE AA,9.5% Nuvama Wealth And Investment Ltd**
INE523L07AN0,8.75,2026-09-30,ICICI Pru (100),ICICI Pru,CARE AA,Nuvama Wealth & Investment Ltd **
INE523L07AO8,8.97,2026-09-30,ICICI Pru (100),ICICI Pru,CARE AA,Nuvama Wealth & Investment Ltd **
INE523L07AQ3,9.2049,2026-09-30,Nippon (25),Nippon,CARE AA,9.07% Nuvama Wealth And Investment Ltd**
INE523L07AS9,8.975,2026-09-30,Nippon (150),Nippon,CARE AA,8.95% Nuvama Wealth And Investment Ltd**
INE523L07AV3,9.16,2026-09-30,ICICI Pru (100),ICICI Pru,ICRA AA,Nuvama Wealth & Investment Ltd **
INE523L14AW7,8.47,2026-09-30,Tata (97),Tata,CRISIL-A1+,** - NUVAMA WEALTH AND INVESTMENT LTD - CP - 27/01/2027
INE523L14BA1,8.4699,2026-09-30,Nippon (97),Nippon,CRISIL A1+,Nuvama Wealth And Investment Ltd**
INE523L14BS3,7.9249,2026-09-30,Axis (99),Axis,CRISIL A1+,Nuvama Wealth And Investment Ltd (03/11/2026) **
INE523L14BT1,7.93,2026-09-30,UTI (74),UTI,CRISIL-A1+,CP NUVAMA WEALTH AND INVESTMENT LIMITED
INE523L14BU9,7.93,2026-09-30,Tata (99),Tata,CRISIL-A1+,** - NUVAMA WEALTH AND INVESTMENT LTD - CP - 13/11/2026
INE523L14BW5,7.95,2026-09-30,Nippon (49),Nippon,CRISIL A1+,Nuvama Wealth And Investment Ltd**
INE523L14BZ8,8.0002,2026-09-30,Axis (99),Axis,CRISIL A1+,Nuvama Wealth And Investment Ltd (03/12/2026) **
INE523L14CA9,8.47,2026-09-30,Tata (193),Tata,CRISIL-A1+,** - NUVAMA WEALTH AND INVESTMENT LTD - CP - 26/02/2027
INE523L14CC5,8.0448,2026-09-30,Nippon (49),Nippon,CRISIL A1+,Nuvama Wealth And Investment Ltd**
INE524A01029,,,UTI (25),,Auto Components,EQ - GABRIEL INDIA LTD.
INE524A08016,8.42,2026-09-30,ICICI Pru (50),ICICI Pru,CRISIL AA+,Gabriel India Ltd **
INE525L14257,7.5402,2026-09-30,Axis (199),Axis,CRISIL A1+,Nuvama Clearing Services Ltd (26/10/2026) **
INE525L14265,8.485,2026-09-30,Nippon (96),Nippon,CRISIL A1+,Nuvama Clearing Services Ltd**
INE525L14273,8.4849,2026-09-30,Axis (96),Axis,CRISIL A1+,Nuvama Clearing Services Ltd (18/03/2027) **
INE525R14957,7.635,2026-09-30,SBI (490),SBI,CRISIL A1+,JM Financial Properties & Holdings Ltd.
INE526E01018,,,UTI (83),,Auto Components,EQ - SPR Auto Technologies Limited
INE526E07015,8.15,2026-09-30,ICICI Pru (249),ICICI Pru,FITCH AA+,Shriram Pistons & Rings Ltd **
INE526E07023,8.28,2026-09-30,ICICI Pru (223),ICICI Pru,FITCH AA+,Shriram Pistons & Rings Ltd **
INE528G01035,,,UTI (280),,Banks,EQ - YES BANK LTD.
INE528G08352,,,Nippon; UTI,,ICRA D,9.5% Yes Bank Limited **#
INE528G08394,,,Nippon; UTI,,ICRA D,9% Yes Bank Limited **#
INE528G16X11,7.11,2026-09-30,Tata (24),Tata,CRISIL-A1+,** - YES BANK LTD - CD - 11/02/2027
INE528G16X29,7.11,2026-09-30,HDFC (975),HDFC,CRISIL - A1+,Yes Bank Ltd.^
INE528G16X52,7.22,2026-09-30,"HDFC (97); ICICI Pru (146); Tata (1,383)",HDFC,CRISIL - A1+,Yes Bank Ltd.^
INE528G16X94,6.52,2026-09-30,HDFC (992); Tata (744),HDFC,CARE - A1+,Yes Bank Ltd.^
INE528G16Y28,6.57,2026-09-30,HDFC (741),HDFC,CARE - A1+,Yes Bank Ltd.^
INE530B01024,,,UTI (0),,Finance,EQ - IIFL FINANCE LTD
INE530B14HH9,8.5603,2026-09-30,Axis (198),Axis,CRISIL A1+,IIFL Finance Limited (03/11/2026) **
INE530B14IA2,8.123,2026-09-30,Axis (300),Axis,CRISIL A1+,IIFL Finance Limited (06/10/2026) **
INE530B14IL9,8.6801,2026-09-30,Axis (196),Axis,CRISIL A1+,IIFL Finance Limited (28/12/2026) **
INE530B14IQ8,8.5847,2026-09-30,Nippon (297),Nippon,CRISIL A1+,IIFL Finance Limited**
INE530B14IU0,8.64,2026-09-30,Tata (345),Tata,CRISIL-A1+,** - IIFL FINANCE LTD - CP - 02/12/2026
INE530B14IV8,8.635,2026-09-30,Nippon (99),Nippon,CRISIL A1+,IIFL Finance Limited**
INE530B14IX4,8.64,2026-09-30,Tata (295),Tata,CRISIL-A1+,** - IIFL FINANCE LTD - CP - 08/12/2026
INE530B14JC6,8.85,2026-09-30,Tata (145),Tata,CRISIL-A1+,** - IIFL FINANCE LTD - CP - 26/02/2027
INE531A01024,,,SBI (23),,Consumer Durables,Kansai Nerolac Paints Ltd.
INE531E01026,,,UTI (2),,Non - Ferrous Metals,EQ - HINDUSTAN COPPER LTD.
INE531F01023,,,UTI (0),,Capital Markets,EQ - NUVAMA WEALTH MANAGEMENT LTD
INE531F14FM2,8.47,2026-09-30,UTI (24),UTI,CRISIL-A1+,CP NUVAMA WEALTH MANAGEMENT LTD
INE531F14FN0,8.4699,2026-09-30,Nippon (121); Tata (48),Nippon,CRISIL A1+,Nuvama Wealth Management Limited**
INE531F14GB3,8.52,2026-09-30,Nippon (96),Nippon,CRISIL A1+,Nuvama Wealth Management Limited**
INE531F14GD9,8.0002,2026-09-30,Nippon (148),Nippon,CRISIL A1+,Nuvama Wealth Management Limited**
INE531F14GE7,7.9999,2026-09-30,Nippon (74),Nippon,CRISIL A1+,Nuvama Wealth Management Limited**
INE535H07CH0,7.87,2026-09-30,HDFC (300),HDFC,ICRA - AAA,SMFG India Credit Company Ltd^
INE535H07CJ6,7.92,2026-09-30,HDFC (200),HDFC,CARE - AAA,SMFG India Credit Company Ltd^
INE535H07CQ1,8.2216,2026-09-30,SBI (295),SBI,CRISIL AAA,SMFG India Credit Company Ltd.
INE535H07CU3,8.4599,2026-09-30,SBI (99),SBI,CRISIL AAA,SMFG India Credit Company Ltd.
INE536A01023,,,SBI (98); UTI (551); Tata (1),,Industrial Products,Grindwell Norton Ltd.
INE536H01010,,,ICICI Pru (5); UTI (67),,Auto Components,CIE Automotive India Ltd
INE539A01019,,,UTI (141),,Chemicals & Petrochemicals,EQ - GHCL LTD.
INE539K07320,8.4,2026-09-30,Tata (75),Tata,ICRA-AA,** 08.24 % CREDILA FINANCIAL SERVICES LTD - 15/06/2027
INE539K07353,8.82,2026-09-30,Tata (10),Tata,ICRA-AA,** 08.95 % CREDILA FINANCIAL SERVICES LTD - 22/06/2028
INE539K14CA7,8.1825,2026-09-30,Nippon (193),Nippon,ICRA A1+,Credila Financial Services Limited**
INE540H01012,,,ICICI Pru (8); UTI (355),,Electrical Equipment,Voltamp Transformers Ltd.
INE540L01014,,,UTI (78),,Pharmaceuticals & Biotechnology,EQ - ALKEM LABORATORIES LTD
INE545A01024,,,UTI (0),,Industrial Products,EQ - HEG Advanced Materials Limited
INE545U01014,,,SBI (365); UTI (195),,Banks,Bandhan Bank Ltd.
INE548A01028,,,UTI (0),,Telecom - Services,EQ - HFCL LTD
INE548C01032,,,SBI (38); UTI (257),,Personal Products,Emami Ltd.
INE549K07IF6,9.6381,2026-09-30,Nippon (4),Nippon,CRISIL AA,8.65% Muthoot Fincorp Ltd**
INE549K08590,10.8801,2026-09-30,Nippon (80),Nippon,CRISIL AA,10.4% Muthoot Fincorp Ltd**
INE549K14CD0,8.23,2026-09-30,HDFC (50); Axis (149); Nippon (99); Tata (149),HDFC,CRISIL - A1+,Muthoot Fincorp Limited^
INE549K14CE8,7.84,2026-09-30,Nippon (199); Tata (25),Nippon,CRISIL A1+,Muthoot Fincorp Ltd**
INE549K14CF5,8.23,2026-09-30,HDFC (149); UTI (248); Tata (50),HDFC,CRISIL - A1+,Muthoot Fincorp Limited^
INE549K14CH1,8.3447,2026-09-30,SBI (344); UTI (98),SBI,CRISIL A1+,Muthoot Fincorp Ltd.
INE549K14CI9,8.74,2026-09-30,UTI (49); Tata (195),UTI,CRISIL-A1+,CP MUTHOOT FINCORP LIMITED
INE549K14CJ7,8.74,2026-09-30,HDFC (195); Nippon (97); Tata (97),HDFC,CRISIL - A1+,Muthoot Fincorp Limited^
INE549K14CK5,8.74,2026-09-30,HDFC (97); Nippon (97),HDFC,CRISIL - A1+,Muthoot Fincorp Limited^
INE549K14CL3,8.74,2026-09-30,HDFC (49); Nippon (97); UTI (73); Tata (97),HDFC,CRISIL - A1+,Muthoot Fincorp Limited^
INE549K14CN9,8.74,2026-09-30,UTI (48); Tata (290),UTI,CRISIL-A1+,CP MUTHOOT FINCORP LIMITED
INE549K14CO7,8.79,2026-09-30,HDFC (289); SBI (385); Axis (96); UTI (72),HDFC,CRISIL - A1+,Muthoot Fincorp Limited^
INE549K14CQ2,8.2999,2026-09-30,SBI (246),SBI,CRISIL A1+,Muthoot Fincorp Ltd.
INE549K14CU4,8.2249,2026-09-30,Axis (99),Axis,CRISIL A1+,Muthoot Fincorp Ltd (12/11/2026) **
INE549K14CV2,8.25,2026-09-30,Nippon (49),Nippon,CRISIL A1+,Muthoot Fincorp Ltd**
INE549K14CW0,8.2499,2026-09-30,Nippon (99),Nippon,CRISIL A1+,Muthoot Fincorp Ltd**
INE549K14CX8,8.2997,2026-09-30,Axis (74),Axis,CRISIL A1+,Muthoot Fincorp Ltd (09/12/2026) **
INE551W01018,,,UTI (226),,Banks,EQ - UJJIVAN SMALL FINANCE BANK LTD
INE551W16CI5,7.5,2026-09-30,UTI (97),UTI,ICRA-A1+,CD - UJJIVAN SMALL FINANCE BANK LTD - 26/02/2027
INE551W16CK1,7.61,2026-09-30,Tata (217),Tata,CRISIL-A1+,** - UJJIVAN SMALL FINANCE BANK LTD - CD - 18/03/2027
INE551W16CN5,7.03,2026-09-30,UTI (74),UTI,ICRA-A1+,CD - UJJIVAN SMALL FINANCE BANK - 15/12/2026
INE552Z01027,,,UTI (0),,Beverages,EQ - ALLIED BLENDERS AND DISTILLERS LTD
INE556F08KK5,7.55,2026-09-30,HDFC (50); ICICI Pru (15); Axis (10); Nippon (45),HDFC,CRISIL - AAA,Small Industries Development Bank
INE556F08KL3,7.83,2026-09-30,HDFC (500); ICICI Pru (325); Axis (210); Nippon (220); UTI (25); Tata (50),HDFC,CRISIL - AAA,Small Industries Development Bank^
INE556F08KM1,7.58,2026-09-30,HDFC (25); SBI (50); ICICI Pru (315); Axis (2),HDFC,CRISIL - AAA,Small Industries Development Bank
INE556F08KN9,7.58,2026-09-30,HDFC (115); SBI (35); ICICI Pru (230); Axis (2),HDFC,CRISIL - AAA,Small Industries Development Bank^
INE556F08KO7,7.6899,2026-09-30,Axis (40),Axis,CRISIL AAA,7.68% Small Industries Dev Bank of India (09/07/2027) **
INE556F08KP4,7.64,2026-09-30,ICICI Pru (525); Axis (128),ICICI Pru,CRISIL AAA,Small Industries Development Bank Of India.
INE556F08KQ2,7.71,2026-09-30,HDFC (25); ICICI Pru (50); Axis (30),HDFC,CRISIL - AAA,Small Industries Development Bank^
INE556F08KR0,7.87,2026-09-30,HDFC (346); ICICI Pru (25); Axis (28); Nippon (193),HDFC,CRISIL - AAA,Small Industries Development Bank^
INE556F08KS8,7.88,2026-09-30,HDFC (321); ICICI Pru (867); Axis (257); Nippon (252); UTI (247); Tata (49),HDFC,CRISIL - AAA,Small Industries Development Bank^
INE556F08KT6,7.85,2026-09-30,HDFC (25); SBI (104); ICICI Pru (537); Nippon (174); UTI (25),HDFC,CRISIL - AAA,Small Industries Development Bank
INE556F08KU4,7.84,2026-09-30,HDFC (522); ICICI Pru (622); Axis (274); Nippon (75); UTI (75); Tata (75),HDFC,CRISIL - AAA,Small Industries Development Bank
INE556F08KV2,7.87,2026-09-30,HDFC (124); ICICI Pru (173); UTI (25),HDFC,CRISIL - AAA,Small Industries Development Bank^
INE556F08KW0,7.86,2026-09-30,HDFC (272); ICICI Pru (243); Axis (25); Nippon (5); UTI (396),HDFC,CRISIL - AAA,Small Industries Development Bank^
INE556F08KX8,7.8688,2026-09-30,SBI (25); ICICI Pru (74); Nippon (322); UTI (74),SBI,CRISIL AAA,Small Industries Development Bank of India
INE556F08KZ3,7.86,2026-09-30,HDFC (171); Axis (83),HDFC,CRISIL - AAA,Small Industries Development Bank^
INE556F08LA4,7.86,2026-09-30,HDFC (122); ICICI Pru (371); Axis (269); Nippon (49); UTI (171); Tata (234),HDFC,CRISIL - AAA,Small Industries Development Bank^
INE556F08LB2,7.86,2026-09-30,"HDFC (74); ICICI Pru (1,487); Axis (221); UTI (145)",HDFC,CRISIL - AAA,Small Industries Development Bank^
INE556F08LC0,7.87,2026-09-30,HDFC (20); SBI (296); ICICI Pru (25); Axis (394); Nippon (246),HDFC,CRISIL - AAA,Small Industries Development Bank
INE556F08LD8,7.8688,2026-09-30,SBI (25); ICICI Pru (50); Nippon (124),SBI,CRISIL AAA,Small Industries Development Bank of India
INE556F08LE6,8.3474,2026-09-30,SBI (250); Nippon (603),SBI,CRISIL AAA,Small Industries Development Bank of India
INE556F08LF3,7.9138,2026-09-30,SBI (663); ICICI Pru (49); Axis (127),SBI,CRISIL AAA,Small Industries Development Bank of India
INE556F08LG1,7.8938,2026-09-30,SBI (295); ICICI Pru (171); Axis (49); UTI (25),SBI,CRISIL AAA,Small Industries Development Bank of India
INE556F08LH9,7.9,2026-09-30,HDFC (75); SBI (124); ICICI Pru (373); Axis (100); Nippon (80); UTI (25),HDFC,CRISIL - AAA,Small Industries Development Bank^
INE556F14MH5,6.45,2026-09-30,HDFC (173),HDFC,CRISIL - A1+,Small Industries Development Bank^
INE556F14MO1,5.99,2026-09-30,"HDFC (996); SBI (1,991); ICICI Pru (1,244); Tata (498)",HDFC,CRISIL - A1+,Small Industries Development Bank^
INE556F14MP8,7.47,2026-09-30,HDFC (24); Nippon (238); UTI (143),HDFC,CRISIL - A1+,Small Industries Development Bank^
INE556F14MQ6,6.45,2026-09-30,ICICI Pru (495),ICICI Pru,CRISIL A1+,Small Industries Development Bank Of India. **
INE556F14MR4,6.45,2026-09-30,"HDFC (1,781); Axis (1,632); Nippon (989)",HDFC,CRISIL - A1+,Small Industries Development Bank^
INE556F14MS2,6.4452,2026-09-30,SBI (395); Nippon (494); UTI (692),SBI,CRISIL A1+,Small Industries Development Bank of India
INE556F14MT0,6.45,2026-09-30,"HDFC (1,085); ICICI Pru (740); Axis (493); Nippon (395); Tata (740)",HDFC,CARE - A1+,Small Industries Development Bank^
INE556F16BL5,5.95,2026-09-30,HDFC (100); SBI (499); Axis (574); Nippon (75),HDFC,CARE - A1+,Small Industries Development Bank^
INE556F16BN1,5.95,2026-09-30,HDFC (50); Axis (174); Nippon (50),HDFC,CRISIL - A1+,Small Industries Development Bank
INE556F16BO9,5.95,2026-09-30,HDFC (25); Axis (448),HDFC,CARE - A1+,Small Industries Development Bank
INE556F16BQ4,6.2401,2026-09-30,SBI (25); Axis (50); UTI (368); Tata (75),SBI,CRISIL A1+,Small Industries Development Bank of India
INE556F16BR2,6.24,2026-09-30,HDFC (199); UTI (174); Tata (50),HDFC,CARE - A1+,Small Industries Development Bank^
INE556F16BS0,6.35,2026-09-30,HDFC (49); ICICI Pru (15); Axis (163); Nippon (25); UTI (49),HDFC,CRISIL - A1+,Small Industries Development Bank^
INE556F16BT8,6.37,2026-09-30,HDFC (444); SBI (118); Axis (74); Nippon (54),HDFC,CRISIL - A1+,Small Industries Development Bank^
INE556F16BU6,6.3701,2026-09-30,Axis (518),Axis,CRISIL A1+,Small Industries Dev Bank of India (18/12/2026) **
INE556F16BV4,6.9,2026-09-30,HDFC (98); ICICI Pru (981); Axis (441); Nippon (270); UTI (172); Tata (49),HDFC,CARE - A1+,Small Industries Development Bank^
INE556F16BW2,6.9,2026-09-30,"HDFC (929); SBI (49); ICICI Pru (1,198); Axis (709); UTI (293); Tata (440)",HDFC,CARE - A1+,Small Industries Development Bank^
INE556F16BX0,6.9,2026-09-30,ICICI Pru (367); UTI (269),ICICI Pru,CRISIL A1+,Small Industries Development Bank Of India. **
INE556F16BY8,6.95,2026-09-30,HDFC (635); SBI (195); ICICI Pru (342); Axis (244); Nippon (171); UTI (171); Tata (98),HDFC,CARE - A1+,Small Industries Development Bank^
INE556F16BZ5,6.95,2026-09-30,ICICI Pru (49); UTI (49); Tata (49),ICICI Pru,CRISIL A1+,Small Industries Development Bank Of India. **
INE556F16CA6,6.9451,2026-09-30,SBI (390); ICICI Pru (634); Nippon (146); UTI (341),SBI,CRISIL A1+,Small Industries Development Bank of India
INE556F16CB4,6.95,2026-09-30,"HDFC (73); SBI (804); ICICI Pru (1,047); Axis (745); Nippon (365); UTI (24); Tata (73)",HDFC,CARE - A1+,Small Industries Development Bank^
INE556F16CC2,6.95,2026-09-30,HDFC (49); SBI (97); ICICI Pru (340); Axis (97); Nippon (851); UTI (486); Tata (49),HDFC,CARE - A1+,Small Industries Development Bank^
INE556F16CD0,7.035,2026-09-30,Axis (10); Nippon (179),Axis,CRISIL A1+,Small Industries Dev Bank of India (25/03/2027) **
INE556F16CE8,7.45,2026-09-30,HDFC (333); SBI (832); Nippon (475); UTI (24); Tata (666),HDFC,CRISIL - A1+,Small Industries Development Bank
INE556F16CF5,7.6,2026-09-30,"HDFC (1,314); SBI (5); ICICI Pru (587); Axis (66); Nippon (516); UTI (282)",HDFC,CARE - A1+,Small Industries Development Bank
INE556F16CG3,7.6,2026-09-30,HDFC (281); ICICI Pru (47); Axis (70),HDFC,CRISIL - A1+,Small Industries Development Bank^
INE556F16CH1,7.6,2026-09-30,SBI (23); Nippon (94); UTI (94),SBI,CRISIL A1+,Small Industries Development Bank of India
INE556F16CI9,7.6,2026-09-30,"HDFC (304); ICICI Pru (47); Axis (47); Nippon (140); Tata (1,822)",HDFC,CARE - A1+,Small Industries Development Bank
INE557F08FX6,7.78,2026-09-30,HDFC (49),HDFC,CARE - AAA,National Housing Bank^
INE557F08FY4,7.44,2026-09-30,HDFC (75); Axis (125); Nippon (50),HDFC,CRISIL - AAA,National Housing Bank^
INE557F08FZ1,7.45,2026-09-30,HDFC (125); Axis (91); Nippon (133); UTI (1); Tata (110),HDFC,CRISIL - AAA,National Housing Bank^
INE557F08GB0,7.775,2026-09-30,Nippon (24),Nippon,CARE AAA,7.2% National Housing Bank**
INE557F08GC8,7.78,2026-09-30,HDFC (49); Axis (182),HDFC,CARE - AAA,National Housing Bank^
INE557F08GD6,7.84,2026-09-30,HDFC (318); Axis (220); Tata (49),HDFC,CARE - AAA,National Housing Bank^
INE557F08GE4,7.84,2026-09-30,HDFC (310); Axis (215),HDFC,CARE - AAA,National Housing Bank^
INE562A01011,,,UTI (203),,Banks,EQ - INDIAN BANK
INE562A16PT7,6.1698,2026-09-30,Axis (298); UTI (50),Axis,CRISIL A1+,Indian Bank (06/11/2026) **
INE562A16QE7,6.6834,2026-09-30,SBI (74); ICICI Pru (49); Nippon (49); UTI (245); Tata (98),SBI,CRISIL A1+,Indian Bank
INE562A16QG2,6.6817,2026-09-30,SBI (49); Nippon (147); UTI (441),SBI,CRISIL A1+,Indian Bank
INE562A16QH0,6.75,2026-09-30,HDFC (24); SBI (977); Nippon (10),HDFC,CRISIL - A1+,Indian Bank^
INE562A16QI8,6.7425,2026-09-30,SBI (49); ICICI Pru (586); Axis (64); UTI (391),SBI,CRISIL A1+,Indian Bank
INE562A16QJ6,6.74,2026-09-30,ICICI Pru (195),ICICI Pru,CRISIL A1+,Indian Bank **
INE562A16QM0,6.26,2026-09-30,HDFC (25); ICICI Pru (25); Axis (99); Nippon (30); UTI (49),HDFC,CRISIL - A1+,Indian Bank
INE562A16QN8,6.2602,2026-09-30,SBI (99); Axis (49); UTI (49),SBI,CRISIL A1+,Indian Bank
INE562A16QO6,6.26,2026-09-30,Axis (74); UTI (148); Tata (247),Axis,CRISIL A1+,Indian Bank (10/12/2026) **
INE562A16QP3,6.6817,2026-09-30,Axis (196); Nippon (147),Axis,CRISIL A1+,Indian Bank (29/01/2027) **
INE562A16RG0,5.1837,2026-09-30,Nippon (200),Nippon,CRISIL A1+,Indian Bank
INE562A16RH8,7.22,2026-09-30,HDFC (95); UTI (71),HDFC,CRISIL - A1+,Indian Bank^
INE562A16RK2,7.22,2026-09-30,HDFC (143); Nippon (24),HDFC,CRISIL - A1+,Indian Bank^
INE562A16RL0,7.22,2026-09-30,ICICI Pru (143),ICICI Pru,CRISIL A1+,Indian Bank **
INE562A16RM8,7.41,2026-09-30,HDFC (183); SBI (5),HDFC,CRISIL - A1+,Indian Bank^
INE562A16RN6,6.17,2026-09-30,UTI (497),UTI,CRISIL-A1+,CD - INDIAN BANK - 09/11/2026
INE563J08023,8.705,2026-09-30,SBI (49),SBI,[ICRA]AA-,Astec Lifesciences Ltd.
INE565A01014,,,UTI (0),,Banks,EQ - INDIAN OVERSEAS BANK
INE565A16BR4,6.92,2026-09-30,"HDFC (1,339); UTI (195)",HDFC,CARE - A1+,Indian Overseas Bank^
INE565A16BS2,6.92,2026-09-30,HDFC (97); ICICI Pru (292); Tata (973),HDFC,CARE - A1+,Indian Overseas Bank^
INE565A16BT0,6.9199,2026-09-30,SBI (292); Nippon (195),SBI,CARE A1+,Indian Overseas Bank
INE565A16BU8,6.92,2026-09-30,Tata (681),Tata,CRISIL-A1+,** - INDIAN OVERSEAS BANK - CD - 26/02/2027
INE565A16BV6,5.3603,2026-09-30,SBI (150); Nippon (500),SBI,CARE A1+,Indian Overseas Bank
INE565A16BX2,6.4076,2026-09-30,Nippon (495),Nippon,CARE A1+,Indian Overseas Bank**
INE569A01024,,,UTI,,Not Applicable,EQ - INFORMATION TECHNOLOGIES (I)LT
INE570L01029,,,UTI (77),,Pharmaceuticals & Biotechnology,EQ - SAI LIFE SCIENCES LTD
INE571A01038,,,UTI (452),,Pharmaceuticals & Biotechnology,EQ - IPCA LABORATORIES LTD.
INE572E01012,,,UTI (233),,Finance,EQ - PNB HOUSING FINANCE LTD.
INE572E07183,7.955,2026-09-30,Nippon (25),Nippon,CARE AAA,8.15% PNB Housing Finance Limited**
INE572E07308,8.11,2026-09-30,SBI (45),SBI,IND AAA,PNB Housing Finance Ltd.
INE572E14KQ0,6.2495,2026-09-30,SBI (199),SBI,CRISIL A1+,PNB Housing Finance Ltd.
INE572E14KR8,6.6,2026-09-30,Tata (497),Tata,CRISIL-A1+,** - PNB HOUSING FINANCE LTD - CP - 05/11/2026
INE572E14KU2,6.62,2026-09-30,ICICI Pru (198),ICICI Pru,CRISIL A1+,PNB Housing Finance Ltd. **
INE572E14KV0,6.67,2026-09-30,ICICI Pru (494),ICICI Pru,CRISIL A1+,PNB Housing Finance Ltd. **
INE572E14KW8,6.67,2026-09-30,ICICI Pru (296); Nippon (247),ICICI Pru,CRISIL A1+,PNB Housing Finance Ltd. **
INE573A01042,,,UTI (0),,Auto Components,EQ - JK TYRE & INDUSTRIES LTD.
INE575P01011,,,UTI (0),,Insurance,EQ - STAR HEALTH & ALLIED INSURANCE
INE576601012,,,UTI,,Not Applicable,EQ - SERENE INDUSTRIES LIMITED.
INE576I01022,,,UTI (34),,Construction,EQ - J. KUMAR INFRAPROJECTS LTD
INE578A01017,,,SBI (40),,Cement & Cement Products,HeidelbergCement India Ltd.
INE582L08078,8.44,2026-09-30,SBI (123); ICICI Pru (49),SBI,CARE AA,Tata Housing Development Co. Ltd.
INE582L14JT0,6.5504,2026-09-30,SBI (99),SBI,IND A1+,Tata Housing Development Co. Ltd.
INE582L14JY0,6.6,2026-09-30,Nippon (168),Nippon,CARE A1+,Tata Housing Development Company Limited**
INE582L14JZ7,6.6002,2026-09-30,Nippon (202),Nippon,CARE A1+,Tata Housing Development Company Limited**
INE584A01023,,,UTI (169),,Minerals & Mining,EQ - NMDC LTD.
INE585B01010,,,"SBI (4); ICICI Pru (21); Nippon (3); UTI (4,215); Tata (0)",,Automobiles,Maruti Suzuki India Ltd.
INE586V01016,,,UTI (8),,Transport Services,EQ - TCI EXPRESS LTD
INE589A01014,,,UTI (0),,Power,EQ - NLC INDIA LTD
INE591G01025,,,"SBI (2); UTI (1,572)",,IT - Software,Coforge Ltd.
INE596F01018,,,UTI (0),,Industrial Products,EQ - PTC INDUSTRIES LTD
INE596I01020,,,SBI (10); UTI (120),,Capital Markets,Computer Age Management Services Ltd.
INE600L01024,,,UTI (832),,Healthcare Services,EQ - DR LAL PATHLABS LTD.
INE602A01031,,,UTI (0),,Chemicals & Petrochemicals,EQ - PCBL CHEMICAL LTD
INE603J01030,,,SBI (25); ICICI Pru (1); UTI (286),,Fertilizers & Agrochemicals,PI Industries Ltd.
INE604O07225,10.465,2026-09-30,Nippon (123); UTI (64),Nippon,ICRA AA,9.5% DMI Finance Private Limited**
INE605Y07239,12.1625,2026-09-30,Nippon (62),Nippon,CRISIL A+,Auxilo Finserve Private Limited**
INE607M08105,7.9975,2026-09-30,SBI (198),SBI,[ICRA]AA+,Tata Power Renewable Energy Ltd. (Guaranteed by Tata Power Ltd.)
INE608A16SW6,6.91,2026-09-30,HDFC (633); Axis (73); Tata (24),HDFC,ICRA - A1+,Punjab & Sind Bank^
INE608A16SX4,6.9049,2026-09-30,Axis (389),Axis,ICRA A1+,Punjab & Sind Bank (26/02/2027) **
INE608A16TC6,7.0,2026-09-30,HDFC (655); ICICI Pru (97); Axis (412),HDFC,ICRA - A1+,Punjab & Sind Bank^
INE608A16TE2,6.995,2026-09-30,Nippon (242); UTI (170),Nippon,ICRA A1+,Punjab & Sind Bank**
INE608A16TM5,6.51,2026-09-30,Nippon (149); UTI (496),Nippon,ICRA A1+,Punjab & Sind Bank**
INE608A16TN3,6.5099,2026-09-30,SBI (990),SBI,[ICRA]A1+,Punjab & Sind Bank
INE608A16TP8,6.58,2026-09-30,Nippon (444),Nippon,ICRA A1+,Punjab & Sind Bank**
INE608A16TQ6,6.4698,2026-09-30,SBI (795),SBI,[ICRA]A1+,Punjab & Sind Bank
INE608A16TR4,6.6,2026-09-30,HDFC (247); Nippon (247),HDFC,ICRA - A1+,Punjab & Sind Bank^
INE608A16TS2,6.6,2026-09-30,Axis (493); UTI (493),Axis,ICRA A1+,Punjab & Sind Bank (22/12/2026) **
INE608A16TT0,6.47,2026-09-30,HDFC (298); Nippon (596),HDFC,ICRA - A1+,Punjab & Sind Bank^
INE613A01020,,,SBI (10),,Fertilizers & Agrochemicals,Rallis India Ltd.
INE614G01033,,,UTI (6),,Power,EQ - RELIANCE POWER LTD.
INE615H01020,,,UTI (9),,Industrial Manufacturing,EQ - TITAGARH RAIL SYSTEMS LTD
INE616N01034,,,UTI (65),,Industrial Products,EQ - INOX INDIA LTD
INE619A01035,,,UTI (10),,Agricultural Food & other Products,EQ - PATANJALI FOODS LIMITED
INE619B01017,,,UTI (66),,IT - Software,EQ - NEWGEN SOFTWARE TECHNOLOGIES LTD
INE622W01025,,,SBI (2); UTI (43),,Power,Acme Solar Holdings Ltd.
INE628A01036,,,SBI (176); ICICI Pru (14); UTI (171),,Fertilizers & Agrochemicals,UPL Ltd.
INE634I01029,,,ICICI Pru (6),,Construction,KNR Constructions Ltd.
INE634S01028,,,Axis (0); UTI (170),,,Mankind Pharma Limited
INE634S07025,7.03,2026-09-30,HDFC (30); SBI (100); ICICI Pru (4); UTI (10),HDFC,CRISIL - AA+,MANKIND PHARMA LIMITED^
INE634S07033,8.1527,2026-09-30,SBI (50); Axis (50); UTI (70),SBI,CRISIL AA+,Mankind Pharma Ltd.
INE635Q01029,,,UTI (84),,Petroleum Products,EQ - GULF OIL LUBRICANTS INDIA LTD
INE640A01023,,,UTI (10),,Auto Components,EQ - SKF INDIA LTD.
INE640G01020,,,UTI (36),,Capital Markets,EQ - SBI FUNDS MANAGEMENT LIMITED
INE645A01014,,,UTI,,Not Applicable,EQ - SPARTEK CERAMICS INDIA LTD.
INE646L01027,,,"SBI (1); ICICI Pru (1); Axis (0); UTI (2,294)",,Transport Services,Interglobe Aviation Ltd.
INE647A01010,,,UTI (243),,Chemicals & Petrochemicals,EQ - SRF LTD.
INE647A14BE3,6.86,2026-09-30,Nippon (197),Nippon,CRISIL A1+,SRF Limited**
INE647O14FL0,6.55,2026-09-30,Tata (198),Tata,CRISIL-A1+,** - ADITYA BIRLA FASHION & RETAIL LTD - CP - 08/12/2026
INE647U01026,,,UTI (0),,Power,EQ - CLEAN MAX ENVIRO ENERGY SOLUTIONS LIMITED
INE651J07986,8.25,2026-09-30,HDFC (25); ICICI Pru (100),HDFC,ICRA - AA,JM Financial Credit Solutions Ltd.^
INE651J07AA0,9.51,2026-09-30,ICICI Pru (148),ICICI Pru,ICRA AA,JM Financial Credit Solution Ltd. **
INE651J07AB8,9.51,2026-09-30,ICICI Pru (123),ICICI Pru,ICRA AA,JM Financial Credit Solution Ltd. **
INE657H08035,9.095,2026-09-30,Nippon (92),Nippon,ICRA AA,9.75% Delhi International Airport Limited**
INE657H08043,9.155,2026-09-30,Axis (66),Axis,ICRA AA,9.5% Delhi International Airport Limited (22/03/2034) **
INE658R07430,7.93,2026-09-30,HDFC (25); SBI (100); ICICI Pru (125),HDFC,CRISIL - AA+,Motilal Oswal Home Fin Ltd. (Erst Aspire Home Fin)^
INE658R07448,8.5875,2026-09-30,SBI (100),SBI,[ICRA]AA+,Motilal Oswal Home Finance Ltd.
INE660A01013,,,SBI (33); Axis (0); UTI (199),,Finance,Sundaram Finance Ltd.
INE660A07RN7,8.122,2026-09-30,SBI (348),SBI,CRISIL AAA,Sundaram Finance Ltd.
INE660A07RQ0,6.9899,2026-09-30,Nippon (2),Nippon,CRISIL AAA,8.04% Sundaram Finance Limited**
INE660A07RT4,7.85,2026-09-30,HDFC (1); SBI (1); Axis (73),HDFC,ICRA - AAA,Sundaram Finance Ltd.^
INE660A07RU2,7.09,2026-09-30,SBI (25); ICICI Pru (0); Nippon (10),SBI,[ICRA]AAA,Sundaram Finance Ltd.
INE660A07RW8,7.825,2026-09-30,Axis (30),Axis,CRISIL AAA,7.35% Sundaram Finance Limited (23/04/2027) **
INE660A07RX6,8.1171,2026-09-30,Axis (49),Axis,CRISIL AAA,7.18% Sundaram Finance Limited (16/05/2028) **
INE660A07RY4,7.8399,2026-09-30,Axis (99),Axis,CRISIL AAA,6.99% Sundaram Finance Limited (28/05/2027) **
INE660A07SE4,8.24,2026-09-30,SBI (397),SBI,CRISIL AAA,Sundaram Finance Ltd.
INE660A14YU4,6.92,2026-09-30,Tata (50),Tata,CRISIL-A1+,** - SUNDARAM FIN LTD - CP - 18/11/2026
INE660A14YV2,7.2099,2026-09-30,SBI (122); Axis (44),SBI,CRISIL A1+,Sundaram Finance Ltd.
INE660A14YX8,7.21,2026-09-30,ICICI Pru (49),ICICI Pru,CRISIL A1+,Sundaram Finance Ltd. **
INE660A14YZ3,7.2099,2026-09-30,SBI (49),SBI,CRISIL A1+,Sundaram Finance Ltd.
INE660A14ZA3,7.625,2026-09-30,Axis (24),Axis,CRISIL A1+,Sundaram Finance Limited (28/04/2027) **
INE660A14ZB1,7.625,2026-09-30,Axis (48),Axis,CRISIL A1+,Sundaram Finance Limited (10/05/2027) **
INE660A14ZF2,7.22,2026-09-30,HDFC (74); SBI (196),HDFC,CRISIL - A1+,Sundaram Finance Ltd.^
INE660A14ZH8,7.83,2026-09-30,SBI (47),SBI,CRISIL A1+,Sundaram Finance Ltd.
INE663F01032,,,"Axis (0); UTI (1,801)",,,Info Edge (India) Limited
INE665A01038,,,UTI (0),,Chemicals & Petrochemicals,EQ - SWAN CORP LIMITED
INE665J01013,,,SBI (21); ICICI Pru (1); UTI (64),,Retailing,V-Mart Retail Ltd.
INE667F07IG4,7.89,2026-09-30,Nippon (114),Nippon,ICRA AAA,Sundaram Home Finance Limited**
INE667F07II0,7.89,2026-09-30,Nippon (13),Nippon,ICRA AAA,Sundaram Home Finance Limited**
INE667F07IU5,6.67,2026-09-30,ICICI Pru (25),ICICI Pru,ICRA AAA,Sundaram Home Finance Ltd. **
INE667F07IV3,7.865,2026-09-30,Axis (15),Axis,ICRA AAA,7.9% Sundaram Home Finance Limited (24/09/2027) **
INE667F07IZ4,7.38,2026-09-30,ICICI Pru (50),ICICI Pru,ICRA AAA,Sundaram Home Finance Ltd. **
INE667F07JA5,7.64,2026-09-30,ICICI Pru (100); Axis (5),ICICI Pru,ICRA AAA,Sundaram Home Finance Ltd. **
INE667F07JB3,8.025,2026-09-30,Axis (74),Axis,ICRA AAA,7.15% Sundaram Home Finance Limited (16/05/2028) **
INE667F14GU5,7.04,2026-09-30,HDFC (97); ICICI Pru (243),HDFC,CRISIL - A1+,Sundaram Home Finance Limited^
INE667F14GV3,7.13,2026-09-30,UTI (291),UTI,CRISIL-A1+,CP SUNDARAM HOME FINANCE LTD.
INE669C01036,,,"SBI (2); Axis (1); UTI (2,146)",,IT - Software,Tech Mahindra Ltd.
INE669E01016,,,UTI (465),,Telecom - Services,EQ - VODAFONE IDEA LTD
INE670A01012,,,UTI (18),,IT - Software,EQ - TATA ELXSI LTD.
INE670K01029,,,UTI (3),,Realty,EQ - LODHA DEVELOPERSLIMITED
INE670K07273,7.65,2026-09-30,ICICI Pru (276),ICICI Pru,CRISIL AA,Lodha Developers Ltd. **
INE670K07281,7.61,2026-09-30,ICICI Pru (107),ICICI Pru,CRISIL AA,Lodha Developers Ltd. **
INE670K07299,7.9549,2026-09-30,Axis (50),Axis,ICRA AA,7.96% Lodha Developers Limited (07/07/2028) **
INE670K07315,8.07,2026-09-30,SBI (107),SBI,CRISIL AA,Lodha Developers Ltd.
INE670K07364,9.52,2026-09-30,ICICI Pru (300),ICICI Pru,CRISIL AA,Lodha Developers Ltd **
INE671A01010,,,SBI (1); UTI (2),,Industrial Manufacturing,Honeywell Automation India Ltd.
INE671H01015,,,UTI (0),,Realty,EQ - SOBHA LIMITED
INE672A01026,,,UTI (0),,Finance,EQ - TATA INVESTMENT CORPORATION LT
INE673O01025,,,UTI (77),,Leisure Services,EQ - TBO TEK LTD
INE674K01013,,,UTI (660),,Finance,EQ - ADITYA BIRLA CAPITAL LTD
INE674K07036,8.15,2026-09-30,Nippon (49),Nippon,CRISIL AAA,7.38% Aditya Birla Capital Limited**
INE674K07143,8.3899,2026-09-30,Nippon (75),Nippon,CRISIL AAA,8.26% Aditya Birla Capital Limited**
INE674K14BP2,7.26,2026-09-30,ICICI Pru (98); Tata (49),ICICI Pru,CRISIL A1+,Aditya Birla Capital Ltd. **
INE674K14BS6,7.26,2026-09-30,ICICI Pru (24); Nippon (34); UTI (97),ICICI Pru,CRISIL A1+,Aditya Birla Capital Ltd. **
INE674K14BX6,7.26,2026-09-30,HDFC (121); SBI (73); ICICI Pru (49); Axis (24),HDFC,ICRA - A1+,Aditya Birla Capital ltd.^
INE674K14BZ1,7.26,2026-09-30,HDFC (195); SBI (49),HDFC,ICRA - A1+,Aditya Birla Capital ltd.^
INE674K14CK1,6.52,2026-09-30,HDFC (249); Nippon (200),HDFC,ICRA - A1+,Aditya Birla Capital ltd.^
INE674K14CR6,6.69,2026-09-30,Tata (149),Tata,CRISIL-A1+,** - ADITYA BIRLA CAPITAL LTD - CP - 26/10/2026
INE674K14CS4,7.26,2026-09-30,SBI (24); ICICI Pru (24),SBI,CRISIL A1+,Aditya Birla Capital Ltd.
INE674K14CV8,6.9502,2026-09-30,SBI (744),SBI,CRISIL A1+,Aditya Birla Capital Ltd.
INE674K14CW6,6.975,2026-09-30,Axis (496); UTI (149),Axis,ICRA A1+,Aditya Birla Capital Limited (17/11/2026) **
INE674K14CX4,6.95,2026-09-30,HDFC (397),HDFC,ICRA - A1+,Aditya Birla Capital ltd.^
INE674K14CZ9,6.98,2026-09-30,HDFC (891); ICICI Pru (247),HDFC,ICRA - A1+,Aditya Birla Capital ltd.^
INE674K14DA0,6.98,2026-09-30,ICICI Pru (129),ICICI Pru,CRISIL A1+,Aditya Birla Capital Ltd. **
INE674K14DD4,7.03,2026-09-30,UTI (247),UTI,ICRA-A1+,CP ADITYA BIRLA CAPITAL LTD
INE676A01027,,,UTI (0),,IT - Services,EQ - BLACK BOX LTD
INE682M01020,,,UTI (56),,Healthcare Services,EQ- JUPITER LIFE LINE HOSPITALS LTD
INE684F01012,,,UTI (45),,Commercial Services & Supplies,EQ - FIRSTSOURCE SOLUTIONS LTD.
INE685A01028,,,SBI (24); Axis (0); UTI (995),,Pharmaceuticals & Biotechnology,Torrent Pharmaceuticals Ltd.
INE685A07132,8.03,2026-09-30,SBI (124); Tata (60),SBI,[ICRA]AA+,Torrent Pharmaceuticals Ltd.
INE685A07157,8.125,2026-09-30,Axis (4); UTI (68),Axis,ICRA AA+,7.6% Torrent Pharmaceuticals Limited (19/01/2029) **
INE685A07165,8.18,2026-09-30,UTI (20),UTI,ICRA-AA+,NCD TORRENT PHARMACEUTICALS LTD.
INE685A07173,8.21,2026-09-30,UTI (20),UTI,ICRA-AA+,NCD TORRENT PHARMACEUTICALS LTD.
INE685A14187,6.5799,2026-09-30,SBI (222),SBI,[ICRA]A1+,Torrent Pharmaceuticals Ltd.
INE686A01026,,,UTI (0),,Construction,EQ - CEMINDIA PROJECTS LIMITED
INE686F01025,,,UTI (12),,Beverages,EQ - UNITED BREWERIES LTD.
INE686Y01026,,,UTI (48),,Chemicals & Petrochemicals,EQ -FINE ORGANIC IND LTD
INE691A01018,,,UTI (0),,Banks,EQ - UCO BANK
INE691A16MF0,6.905,2026-09-30,Nippon (487),Nippon,CRISIL A1+,UCO Bank**
INE691A16MJ2,7.37,2026-09-30,HDFC (371); Nippon (333); UTI (238),HDFC,CRISIL - A1+,UCO Bank^
INE691A16ML8,6.29,2026-09-30,UTI (944),UTI,CARE-A1+,CD - UCO BANK - 04/11/2026
INE692A01016,,,UTI (241),,Banks,EQ - UNION BANK OF INDIA
INE692A08169,7.5051,2026-09-30,SBI (6),SBI,CRISIL AA+,Union Bank of India( AT1 Bond under Basel III )
INE692A08193,8.2519,2026-09-30,SBI (30),SBI,CRISIL AA+,Union Bank of India( AT1 Bond under Basel III )
INE692A08201,8.0483,2026-09-30,Nippon (102),Nippon,ICRA AAA,7.8% Union Bank of India**
INE692A16KQ9,6.26,2026-09-30,SBI (963); Axis (148); UTI (371),SBI,[ICRA]A1+,Union Bank of India
INE692A16KU1,6.72,2026-09-30,"HDFC (299); SBI (1,054); ICICI Pru (588); Axis (5); Nippon (98); UTI (245)",HDFC,ICRA - A1+,Union Bank of India
INE692A16LM6,6.83,2026-09-30,SBI (24); Axis (24); Nippon (219); Tata (97),SBI,[ICRA]A1+,Union Bank of India
INE692A16LP9,6.83,2026-09-30,HDFC (24); SBI (49); ICICI Pru (97); Nippon (315),HDFC,IND - A1+,Union Bank of India^
INE692A16LQ7,6.7416,2026-09-30,SBI (49); UTI (97),SBI,[ICRA]A1+,Union Bank of India
INE692A16LR5,6.83,2026-09-30,Axis (49); Nippon (24),Axis,ICRA A1+,Union Bank of India (03/03/2027) **
INE692A16LS3,6.8301,2026-09-30,SBI (247); Axis (194); Nippon (97); UTI (48); Tata (48),SBI,[ICRA]A1+,Union Bank of India
INE692A16LU9,6.83,2026-09-30,HDFC (209); SBI (170); ICICI Pru (97); Nippon (15); Tata (97),HDFC,IND - A1+,Union Bank of India
INE692A16LZ8,7.23,2026-09-30,ICICI Pru (48),ICICI Pru,ICRA A1+,Union Bank Of India **
INE692A16MA9,7.23,2026-09-30,Tata (724),Tata,ICRA-A1+,** - UNION BANK OF INDIA - CD - 02/04/2027
INE692A16MS1,5.8753,2026-09-30,"SBI (1,248)",SBI,[ICRA]A1+,Union Bank of India
INE692A16MT9,5.88,2026-09-30,"ICICI Pru (1,123)",ICICI Pru,ICRA A1+,Union Bank Of India
INE692A16MV5,5.8742,2026-09-30,Axis (249); Nippon (499),Axis,IND A1+,Union Bank of India (19/10/2026) **
INE692A16MW3,5.87,2026-09-30,ICICI Pru (498),ICICI Pru,ICRA A1+,Union Bank Of India **
INE692A16MX1,5.88,2026-09-30,"HDFC (1,496); SBI (1,496)",HDFC,ICRA - A1+,Union Bank of India^
INE692A16MY9,6.26,2026-09-30,UTI (198),UTI,ICRA-A1+,CD - UNION BANK OF INDIA - 30/11/2026
INE692A16MZ6,5.8748,2026-09-30,Axis (747); Nippon (498),Axis,IND A1+,Union Bank of India (23/10/2026) **
INE692A16NA7,5.8745,2026-09-30,Axis (747),Axis,IND A1+,Union Bank of India (26/10/2026) **
INE692A16NB5,5.875,2026-09-30,SBI (249),SBI,[ICRA]A1+,Union Bank of India
INE692A16NC3,6.7416,2026-09-30,SBI (73),SBI,[ICRA]A1+,Union Bank of India
INE692A16ND1,6.7416,2026-09-30,Nippon (49); UTI (49),Nippon,ICRA A1+,Union Bank of India**
INE692A16NF6,6.17,2026-09-30,"HDFC (2,485); SBI (1,988); Nippon (820); UTI (99)",HDFC,IND - A1+,Union Bank of India^
INE692A16NG4,6.26,2026-09-30,ICICI Pru (495),ICICI Pru,ICRA A1+,Union Bank Of India
INE692A16NH2,6.21,2026-09-30,"HDFC (1,984)",HDFC,ICRA - A1+,Union Bank of India^
INE692A16NI0,6.6999,2026-09-30,SBI (736),SBI,[ICRA]A1+,Union Bank of India
INE692A16NK6,6.74,2026-09-30,HDFC (171); SBI (146); Axis (439),HDFC,IND - A1+,Union Bank of India
INE692Q07480,7.63,2026-09-30,HDFC (125); UTI (20),HDFC,ICRA - AAA,Toyota Financial Services India Ltd.^
INE692Q07514,8.39,2026-09-30,HDFC (45),HDFC,CRISIL - AAA,Toyota Financial Services India Ltd.^
INE692Q07563,8.24,2026-09-30,HDFC (27); SBI (198),HDFC,ICRA - AAA,Toyota Financial Services India Ltd.^
INE692Q07613,8.2936,2026-09-30,SBI (49); UTI (64),SBI,[ICRA]AAA,Toyota Financial Services India Ltd.
INE692Q14BV9,7.4499,2026-09-30,SBI (194),SBI,CRISIL A1+,Toyota Financial Services India Ltd.
INE692Q14BX5,7.02,2026-09-30,UTI (99),UTI,CRISIL-A1+,CP TOYOTA FINANCIAL SERVICES INDIA LTD
INE692Q14BY3,7.4,2026-09-30,UTI (146); Tata (49),UTI,CRISIL-A1+,CP TOYOTA FINANCIAL SERVICES INDIA LTD
INE694L01019,,,UTI (5),,Power,EQ - VEDANTA POWER LTD.
INE694L14GZ6,7.94,2026-09-30,ICICI Pru (148),ICICI Pru,CRISIL A1+,Vedanta Power Ltd. **
INE694L14HA7,8.3,2026-09-30,ICICI Pru (145),ICICI Pru,CRISIL A1+,Vedanta Power Ltd. **
INE699H01024,,,UTI (6),,Agricultural Food & other Products,EQ - AWL AGRI BUSINESS LIMITED
INE700A01033,,,UTI (9),,Pharmaceuticals & Biotechnology,EQ - JUBILANT PHARMOVA LIMITED
INE700G14UY5,6.7404,2026-09-30,SBI (498),SBI,CRISIL A1+,HDFC Securities Ltd.
INE700G14UZ2,6.7394,2026-09-30,Axis (10),Axis,CRISIL A1+,HDFC Securities Limited (22/10/2026) **
INE700G14VA3,6.5997,2026-09-30,SBI (748),SBI,CRISIL A1+,HDFC Securities Ltd.
INE700G14VD7,6.7901,2026-09-30,SBI (498),SBI,CRISIL A1+,HDFC Securities Ltd.
INE700G14VF2,7.0499,2026-09-30,Nippon (248),Nippon,CARE A1+,HDFC Securities Limited**
INE700G14VH8,7.0501,2026-09-30,SBI (497),SBI,CRISIL A1+,HDFC Securities Ltd.
INE700G14VI6,7.05,2026-09-30,ICICI Pru (149),ICICI Pru,CRISIL A1+,HDFC Securities Ltd **
INE700G14VJ4,7.05,2026-09-30,ICICI Pru (248); UTI (248),ICICI Pru,CRISIL A1+,HDFC Securities Ltd **
INE700G14VM8,7.05,2026-09-30,UTI (248),UTI,ICRA-A1+,CP HDFC SECURITIES LTD
INE700G14VN6,7.06,2026-09-30,Tata (743),Tata,CRISIL-A1+,** - HDFC SECURITIES LTD - CP - 19/11/2026
INE700G14VP1,7.06,2026-09-30,Axis (198),Axis,ICRA A1+,HDFC Securities Limited (17/11/2026) **
INE700G14VQ9,7.06,2026-09-30,Axis (396),Axis,ICRA A1+,HDFC Securities Limited (18/11/2026) **
INE700G14VR7,7.06,2026-09-30,Tata (297),Tata,CRISIL-A1+,** - HDFC SECURITIES LTD - CP - 20/11/2026
INE700G14VT3,7.06,2026-09-30,ICICI Pru (297); Axis (198); Nippon (247),ICICI Pru,CRISIL A1+,HDFC Securities Ltd **
INE700G14VU1,7.06,2026-09-30,ICICI Pru (148); Axis (49),ICICI Pru,CRISIL A1+,HDFC Securities Ltd **
INE700G14VV9,7.06,2026-09-30,ICICI Pru (495),ICICI Pru,CRISIL A1+,HDFC Securities Ltd **
INE700G14VZ0,6.7898,2026-09-30,SBI (498),SBI,CRISIL A1+,HDFC Securities Ltd.
INE700G14WB9,7.1,2026-09-30,ICICI Pru (493),ICICI Pru,CRISIL A1+,HDFC Securities Ltd **
INE700G14WC7,7.1,2026-09-30,ICICI Pru (493),ICICI Pru,CRISIL A1+,HDFC Securities Ltd **
INE700G14WI4,7.17,2026-09-30,Axis (492),Axis,ICRA A1+,HDFC Securities Limited (18/12/2026) **
INE700G14WJ2,7.1,2026-09-30,ICICI Pru (395),ICICI Pru,CRISIL A1+,HDFC Securities Ltd **
INE700G14WN4,7.0975,2026-09-30,Nippon (148),Nippon,CARE A1+,HDFC Securities Limited**
INE702C01027,,,UTI (298),,Industrial Products,EQ - APL APOLLO TUBES LTD
INE703B01027,,,UTI (57),,Industrial Products,EQ - RATNAMANI METALS & TUBES LTD.
INE704I14LF1,7.31,2026-09-30,ICICI Pru (99),ICICI Pru,CRISIL A1+,Barclays Investments & Loans (India) Ltd. **
INE704I14LG9,7.36,2026-09-30,UTI (99),UTI,CRISIL-A1+,CP BARCLAYS INVESTMENTS AND LOANS INDIA PRIVATE LIMITED
INE704J01044,,,UTI (3),,Oil,EQ - VEDANTA OIL AND GAS LTD.
INE704P01025,,,UTI (0),,Industrial Manufacturing,EQ - COCHIN SHIPYARD LTD
INE710A01016,,,SBI (45),,Cigarettes & Tobacco Products,VST Industries Ltd.
INE715A01015,,,SBI (37),,Auto Components,Wheels India Ltd.
INE716A01013,,,UTI (0),,Consumer Durables,EQ - WHIRLPOOL OF INDIA LTD.
INE716B01029,,,UTI (158),,Entertainment,EQ - TIPS MUSIC LIMITED
INE718I01012,,,SBI (2); UTI (0),,Cement & Cement Products,JSW Cement Ltd.
INE721A01047,,,"UTI (2,388); Tata (1)",,Finance,EQ - SHRIRAM FINANCE LTD
INE721A07RQ0,7.3144,2026-09-30,SBI (25); Axis (1),SBI,CRISIL AAA,Shriram Finance Ltd.
INE721A07RR8,7.14,2026-09-30,ICICI Pru (25),ICICI Pru,CRISIL AAA,Shriram Finance Ltd. **
INE721A07RV0,7.9125,2026-09-30,Axis (5),Axis,CRISIL AAA,9.233% Shriram Finance Limited (18/05/2027) **
INE721A07RZ1,7.5975,2026-09-30,Axis (25),Axis,CRISIL AAA,9.10% Shriram Finance Limited (18/03/2027) **
INE721A07SD6,8.05,2026-09-30,Axis (97),Axis,CRISIL AAA,09.15% Shriram Finance Limited (28/06/2029) **
INE721A08CY4,8.39,2026-09-30,ICICI Pru (41),ICICI Pru,CRISIL AAA,Shriram Finance Ltd. **
INE721I01024,,,UTI (145),,Not Applicable,EQ - NATIONAL STOCK EXCHANGE OF INDIA LIMITED
INE725A01030,,,UTI (0),,Power,EQ - NAVA LTD.
INE725H08162,7.08,2026-09-30,UTI (15),UTI,IND-AA,NCD TATA PROJECTS LTD
INE725H08188,8.1848,2026-09-30,SBI (155),SBI,IND AA,Tata Projects Ltd.
INE725H08196,8.1849,2026-09-30,SBI (100),SBI,CRISIL AA,Tata Projects Ltd.
INE725H08204,8.45,2026-09-30,SBI (55),SBI,IND AA,Tata Projects Ltd.
INE725H08238,8.6399,2026-09-30,Axis (25); Tata (5),Axis,CRISIL AA,8.3% Tata Projects Limited (07/01/2028) **
INE725H08246,8.12,2026-09-30,ICICI Pru (500),ICICI Pru,FITCH AA,Tata Projects Ltd. **
INE725H08287,8.7449,2026-09-30,SBI (203),SBI,IND AA,Tata Projects Ltd.
INE725H08295,8.7449,2026-09-30,SBI (153),SBI,IND AA,Tata Projects Ltd.
INE725H14DS8,6.7049,2026-09-30,Axis (197),Axis,CRISIL A1+,Tata Projects Limited (11/12/2026) **
INE725H14EI7,6.6549,2026-09-30,SBI (198),SBI,CRISIL A1+,Tata Projects Ltd.
INE725H14EJ5,6.6801,2026-09-30,SBI (198),SBI,CRISIL A1+,Tata Projects Ltd.
INE725H14EK3,7.04,2026-09-30,UTI (146),UTI,CRISIL-A1+,CP TATA PROJECTS LTD
INE725H14EL1,6.7052,2026-09-30,Nippon (99),Nippon,FITCH A1+,Tata Projects Limited**
INE726G01019,,,SBI (45); ICICI Pru (15); UTI (124),,Insurance,ICICI Prudential Life Insurance Company Ltd.
INE726G08030,8.2849,2026-09-30,Nippon (71),Nippon,CRISIL AAA,7.69% ICICI Prudential Life Insurance Company Limited**
INE729N08055,8.3643,2026-09-30,SBI (50); ICICI Pru (19),SBI,CRISIL AA+,TVS Credit Services Ltd.
INE729N08063,8.36,2026-09-30,ICICI Pru (15),ICICI Pru,CRISIL AA+,TVS Credit Services Ltd. **
INE729N08071,8.6844,2026-09-30,SBI (96),SBI,CRISIL AA+,TVS Credit Services Ltd.
INE729N08089,8.67,2026-09-30,ICICI Pru (308),ICICI Pru,CRISIL AA+,TVS Credit Services Ltd. **
INE729N08097,8.69,2026-09-30,ICICI Pru (101),ICICI Pru,CRISIL AA+,TVS Credit Services Ltd. **
INE729N08113,8.8,2026-09-30,ICICI Pru (71),ICICI Pru,CRISIL AA+,TVS Credit Services Ltd. **
INE729N14IT5,7.07,2026-09-30,ICICI Pru (99); Axis (99),ICICI Pru,CRISIL A1+,TVS Credit Services Ltd. **
INE729N14IU3,7.09,2026-09-30,UTI (198),UTI,CRISIL-A1+,CP TVS CREDIT SERVICES LIMITED
INE731H01025,,,UTI (0),,"Agricultural, Commercial & Construction Vehicles",EQ - ACTION CONSTRUCTION EQUIPMENT
INE732A01036,,,UTI (0),,Industrial Products,EQ - KIRLOSKAR BROTHERS LTD.
INE732I01021,,,UTI (6),,Capital Markets,EQ - ANGEL ONE LTD
INE732I07010,9.7549,2026-09-30,Nippon (50),Nippon,ICRA AA-,8.75% Angel One Limited**
INE732I14CW6,8.29,2026-09-30,UTI (98),UTI,ICRA-A1+,CP ANGEL ONE LTD
INE732I14CX4,8.29,2026-09-30,Tata (292),Tata,CRISIL-A1+,** - ANGEL ONE LTD - CP - 28/01/2027
INE732I14CY2,8.29,2026-09-30,ICICI Pru (292); Nippon (195),ICICI Pru,ICRA A1+,Angel One Ltd. **
INE732I14CZ9,8.2918,2026-09-30,Nippon (73); UTI (194),Nippon,ICRA A1+,Angel One Limited**
INE732I14DE2,8.3688,2026-09-30,Nippon (96),Nippon,CARE A1+,Angel One Limited**
INE732I14DF9,8.37,2026-09-30,UTI (193),UTI,CARE-A1+,CP ANGEL ONE LTD
INE732I14DO1,9.03,2026-09-30,ICICI Pru (188); Nippon (94),ICICI Pru,ICRA A1+,Angel One Ltd. **
INE732I14DQ6,7.72,2026-09-30,Tata (199),Tata,ICRA-A1+,** - ANGEL ONE LTD - CP - 28/10/2026
INE732I14DR4,7.9748,2026-09-30,Axis (199),Axis,ICRA A1+,Angel One Limited (03/11/2026) **
INE732I14DT0,8.0,2026-09-30,ICICI Pru (198); Axis (148),ICICI Pru,ICRA A1+,Angel One Ltd. **
INE732I14DU8,8.05,2026-09-30,Tata (493),Tata,ICRA-A1+,** - ANGEL ONE LTD - CP - 03/12/2026
INE732I14DV6,8.05,2026-09-30,Tata (493),Tata,ICRA-A1+,** - ANGEL ONE LTD - CP - 07/12/2026
INE732I14DW4,8.05,2026-09-30,Tata (148),Tata,ICRA-A1+,** - ANGEL ONE LTD - CP - 08/12/2026
INE733E01010,,,"ICICI Pru (30); Axis (2); Nippon (3); UTI (3,198)",,Power,NTPC Ltd.
INE733E07KJ7,7.39,2026-09-30,HDFC (25); Axis (25),HDFC,CRISIL - AAA,NTPC Limited^
INE733E07KL3,7.395,2026-09-30,Axis (125); UTI (50),Axis,CRISIL AAA,7.32% NTPC Limited (17/07/2029) **
INE733E08171,7.6562,2026-09-30,Nippon (24),Nippon,CRISIL AAA,6.43% NTPC Limited**
INE733E08239,7.71,2026-09-30,HDFC (25),HDFC,CRISIL - AAA,NTPC Limited^
INE733E08270,7.725,2026-09-30,Axis (24),Axis,CRISIL AAA,6.84% NTPC Limited (09/05/2035) **
INE733E14CE1,5.86,2026-09-30,ICICI Pru (849); Tata (425),ICICI Pru,CRISIL A1+,NTPC Ltd. **
INE733E14CF8,5.9,2026-09-30,HDFC (250); SBI (499); ICICI Pru (300); UTI (449),HDFC,CRISIL - A1+,NTPC Limited
INE733E14CH4,6.23,2026-09-30,ICICI Pru (497); Axis (994); Nippon (497); UTI (398),ICICI Pru,CRISIL A1+,NTPC Ltd. **
INE733E14CI2,5.9007,2026-09-30,SBI (997),SBI,CRISIL A1+,NTPC Ltd.
INE733E14CJ0,6.31,2026-09-30,HDFC (988),HDFC,CRISIL - A1+,NTPC Limited^
INE736A01011,,,SBI (2); UTI (85),,Capital Markets,Central Depository Services (I) Ltd.
INE738I01010,,,UTI (75),,Commercial Services & Supplies,EQ - ECLERX SERVICES LTD.
INE739E01017,,,UTI (193),,Consumer Durables,EQ - CERA SANITARYWARE LTD.
INE741K01010,,,UTI (148),,Finance,EQ - CREDITACCESS GRAMEEN LTD
INE742F01042,,,"UTI (2,722); Tata (1)",,Transport Infrastructure,EQ - ADANI PORTS AND SPECIAL ECONO
INE742F14RK4,6.28,2026-09-30,Tata (498),Tata,CRISIL-A1+,** - ADANI PORTS & SPECIAL ECONOMIC ZONE LTD - CP - 26/10/2026
INE743M01012,,,UTI (59),,Industrial Products,EQ - RHI MAGNESITA INDIA LTD
INE745C01018,,,UTI,,Not Applicable,EQ - TELEPHONE CABLES LTD.
INE745G01043,,,UTI (865); Tata (2),,Capital Markets,EQ - MULTI COMMODITY EXCHANGE OF IN
INE746L07014,8.55,2026-09-30,ICICI Pru (294),ICICI Pru,ICRA AAA,GS India Finance Pvt Ltd **
INE746L07022,8.53,2026-09-30,Nippon (50),Nippon,ICRA AAA,8.07% Goldman Sachs India Finance Private Limited**
INE749A01030,,,ICICI Pru (1); UTI (177),,Ferrous Metals,Jindal Steel Ltd.
INE750C01026,,,UTI (244),,Pharmaceuticals & Biotechnology,EQ - MARKSANS PHARMA LTD.
INE752E01010,,,"Nippon (1); UTI (2,800)",,Power,Power Grid Corporation of India Limited
INE752E07IX2,7.4,2026-09-30,ICICI Pru (10),ICICI Pru,CRISIL AAA,Power Grid Corporation Of India Ltd. **
INE752E07JM3,6.38,2026-09-30,Nippon (10),Nippon,CRISIL AAA,9.25% Power Grid Corporation of India Limited**
INE752E07JN1,6.9176,2026-09-30,Nippon (25),Nippon,ICRA AAA,9.25% Power Grid Corporation of India Limited**
INE752E07KA6,7.2625,2026-09-30,SBI (5); ICICI Pru (20),SBI,CRISIL AAA,Power Grid Corporation of India Ltd.
INE752E07KL3,6.2457,2026-09-30,Nippon (8),Nippon,CRISIL AAA,8.85% Power Grid Corporation of India Limited**
INE752E07KY6,7.26,2026-09-30,ICICI Pru (10),ICICI Pru,CRISIL AAA,Power Grid Corporation Of India Ltd. **
INE752E07MA2,6.2447,2026-09-30,Nippon (20),Nippon,CRISIL AAA,8.93% Power Grid Corporation of India Limited**
INE752E07MH7,7.66,2026-09-30,Axis (4),Axis,CRISIL AAA,8.20% Power Grid Corporation of India Limited (23/01/2030) **
INE752E07MU0,7.48,2026-09-30,Tata (35),Tata,CRISIL-AAA,** 08.40 % POWER GRID CORPORATION OF INDIA LTD - 27/05/2028
INE752E07MV8,7.5538,2026-09-30,Nippon (10),Nippon,CRISIL AAA,8.4% Power Grid Corporation of India Limited**
INE752E07NT0,7.2593,2026-09-30,Nippon (5),Nippon,CRISIL AAA,8.13% Power Grid Corporation of India Limited**
INE752E07OC4,6.4744,2026-09-30,Nippon (85),Nippon,CRISIL AAA,7.36% Power Grid Corporation of India Limited**
INE752E07OE0,6.9176,2026-09-30,Nippon (50),Nippon,CRISIL AAA,7.89% Power Grid Corporation of India Limited**
INE752E07OF7,7.2625,2026-09-30,SBI (0); ICICI Pru (25); Tata (39),SBI,CRISIL AAA,Power Grid Corporation of India Ltd.
INE752E07OG5,7.3975,2026-09-30,SBI (0); ICICI Pru (162); Tata (37),SBI,CRISIL AAA,Power Grid Corporation of India Ltd.
INE752E08551,7.51,2026-09-30,Tata (51),Tata,CRISIL-AAA,** 08.24 % POWER GRID CORPORATION OF INDIA LTD - 14/02/2029
INE752E08601,7.5787,2026-09-30,Nippon (15),Nippon,CRISIL AAA,7.49% Power Grid Corporation of India Limited**
INE752E08668,6.9175,2026-09-30,Nippon (5),Nippon,CRISIL AAA,6.05% Power Grid Corporation of India Limited**
INE752E08676,7.7,2026-09-30,HDFC (195); Axis (16); Nippon (62),HDFC,CRISIL - AAA,Power Grid Corporation of India Ltd.^
INE752E08684,7.7,2026-09-30,Axis (68),Axis,CRISIL AAA,7.52% Power Grid Corporation of India Limited (23/03/2033) **
INE752E08692,7.7,2026-09-30,HDFC (101); Nippon (85),HDFC,CRISIL - AAA,Power Grid Corporation of India Ltd.^
INE752E08718,7.7,2026-09-30,HDFC (180); Axis (36),HDFC,CRISIL - AAA,Power Grid Corporation of India Ltd.^
INE752E08726,7.78,2026-09-30,HDFC (119); SBI (382),HDFC,CRISIL - AAA,Power Grid Corporation of India Ltd.^
INE752E08742,7.78,2026-09-30,HDFC (40); SBI (127),HDFC,CRISIL - AAA,Power Grid Corporation of India Ltd.^
INE752E08759,7.7738,2026-09-30,SBI (39),SBI,CRISIL AAA,Power Grid Corporation of India Ltd.
INE752E08767,7.7747,2026-09-30,Axis (72),Axis,CRISIL AAA,7.08% Power Grid Corporation of India Limited (25/10/2034) **
INE752E08775,7.7705,2026-09-30,Axis (96),Axis,CRISIL AAA,7.12% Power Grid Corporation of India Limited (24/12/2034) **
INE752E08783,7.78,2026-09-30,HDFC (0); SBI (28); Axis (24),HDFC,CRISIL - AAA,Power Grid Corporation of India Ltd.^
INE752E08791,7.7709,2026-09-30,Axis (24),Axis,CRISIL AAA,6.98% Power Grid Corporation of India Limited (12/08/2035) **
INE752E08809,7.7747,2026-09-30,Nippon (97),Nippon,CRISIL AAA,7.02% Power Grid Corporation of India Limited**
INE755K14FU0,6.4603,2026-09-30,Nippon (99),Nippon,CRISIL A1+,Dalmia Cement (Bharat) Limited**
INE755L07015,10.14,2026-09-30,ICICI Pru (201); Axis (55); Nippon (40),ICICI Pru,ICRA A+(CE),Bamboo Hotels & Global Centre (Delhi) Pvt Ltd. **
INE756I01012,,,SBI (1); UTI (30),,Finance,HDB Financial Services Ltd.
INE756I07EJ2,8.03,2026-09-30,HDFC (219); Nippon (4),HDFC,CRISIL - AAA,HDB Financial Services Ltd.^
INE756I07EU9,7.3149,2026-09-30,SBI (110),SBI,CRISIL AAA,HDB Financial Services Ltd.
INE756I07EX3,7.865,2026-09-30,Axis (85),Axis,CRISIL AAA,8.2378% HDB Financial Services Limited (06/04/2027) **
INE756I07EY1,7.88,2026-09-30,HDFC (6); Axis (187); Nippon (1),HDFC,CRISIL - AAA,HDB Financial Services Ltd.^
INE756I07EZ8,8.0199,2026-09-30,Axis (8),Axis,CRISIL AAA,8.3439% HDB Financial Services Limited (05/07/2027) **
INE756I07FB6,8.2,2026-09-30,Nippon (19); UTI (35),Nippon,CRISIL AAA,7.96% HDB Financial Services Limited**
INE756I07FE0,8.315,2026-09-30,Axis (34),Axis,CRISIL AAA,7.5519% HDB Financial Services Limited (04/04/2029) **
INE756I07FG5,8.22,2026-09-30,HDFC (153),HDFC,CRISIL - AAA,HDB Financial Services Ltd.
INE756I07FH3,8.26,2026-09-30,SBI (294); Nippon (10),SBI,CRISIL AAA,HDB Financial Services Ltd.
INE756I07FQ4,8.32,2026-09-30,HDFC (75); SBI (175),HDFC,CRISIL - AAA,HDB Financial Services Ltd.^
INE756I07FR2,8.315,2026-09-30,SBI (50); Nippon (297),SBI,CRISIL AAA,HDB Financial Services Ltd.
INE756I14GP0,6.5839,2026-09-30,SBI (500),SBI,CRISIL A1+,HDB Financial Services Ltd.
INE756I14GR6,7.0,2026-09-30,SBI (497),SBI,CRISIL A1+,HDB Financial Services Ltd.
INE758E01017,,,UTI (759),,Finance,EQ - JIO FINANCIAL SERVICES LTD
INE758T01015,,,"Nippon (1); UTI (6,582); Tata (2)",,Retailing,Eternal Limited
INE761H01022,,,SBI (1); UTI (91),,Textiles & Apparels,Page Industries Ltd.
INE763G08967,8.19,2026-09-30,Axis (131),Axis,CRISIL AAA,7.45% ICICI Securities Limited (24/11/2028) **
INE763G14F35,7.4,2026-09-30,Axis (243); UTI (15),Axis,CRISIL A1+,ICICI Securities Limited (12/02/2027) **
INE763G14F50,7.4,2026-09-30,HDFC (195),HDFC,CRISIL - A1+,ICICI Securities Ltd^
INE763G14F68,7.4,2026-09-30,HDFC (243),HDFC,CRISIL - A1+,ICICI Securities Ltd^
INE763G14F76,7.4,2026-09-30,Axis (243); Nippon (194),Axis,CRISIL A1+,ICICI Securities Limited (18/02/2027) **
INE763G14F92,7.4,2026-09-30,HDFC (243); Tata (485),HDFC,CRISIL - A1+,ICICI Securities Ltd^
INE763G14G42,7.4499,2026-09-30,Axis (24); UTI (48),Axis,CRISIL A1+,ICICI Securities Limited (05/03/2027) **
INE763G14J49,7.051,2026-09-30,SBI (990),SBI,CRISIL A1+,ICICI Securities Ltd.
INE763G14L29,7.45,2026-09-30,HDFC (241),HDFC,CRISIL - A1+,ICICI Securities Ltd^
INE763G14L37,7.4499,2026-09-30,SBI (48),SBI,CRISIL A1+,ICICI Securities Ltd.
INE763G14L60,7.45,2026-09-30,HDFC (193); Nippon (241),HDFC,CRISIL - A1+,ICICI Securities Ltd^
INE763G14L78,7.45,2026-09-30,UTI (193),UTI,CRISIL-A1+,CP ICICI SECURITIES LTD.
INE763G14L86,6.7758,2026-09-30,SBI (995),SBI,CRISIL A1+,ICICI Securities Ltd.
INE763G14M51,7.04,2026-09-30,HDFC (770); SBI (248); Axis (497),HDFC,CRISIL - A1+,ICICI Securities Ltd^
INE763G14M69,7.04,2026-09-30,HDFC (99),HDFC,CRISIL - A1+,ICICI Securities Ltd^
INE763G14M77,7.04,2026-09-30,HDFC (744),HDFC,CRISIL - A1+,ICICI Securities Ltd^
INE763G14M93,7.0512,2026-09-30,Nippon (124),Nippon,CRISIL A1+,ICICI Securities Limited**
INE763G14N01,7.0652,2026-09-30,Axis (544),Axis,CRISIL A1+,ICICI Securities Limited (26/11/2026) **
INE763G14N19,7.11,2026-09-30,UTI (148),UTI,CRISIL-A1+,CP ICICI SECURITIES LTD.
INE763G14N27,7.1048,2026-09-30,Axis (247),Axis,CRISIL A1+,ICICI Securities Limited (02/12/2026) **
INE763G14N35,7.1051,2026-09-30,Axis (494); Nippon (296),Axis,CRISIL A1+,ICICI Securities Limited (04/12/2026) **
INE763G14N43,7.1051,2026-09-30,Nippon (247),Nippon,CRISIL A1+,ICICI Securities Limited**
INE763G14N50,7.11,2026-09-30,HDFC (790),HDFC,CRISIL - A1+,ICICI Securities Ltd^
INE763G14N68,7.1048,2026-09-30,Axis (148),Axis,CRISIL A1+,ICICI Securities Limited (08/12/2026) **
INE763G14O00,7.11,2026-09-30,HDFC (197); Axis (493); Nippon (74),HDFC,CRISIL - A1+,ICICI Securities Ltd^
INE763G14O26,7.1601,2026-09-30,Nippon (246),Nippon,ICRA A1+,ICICI Securities Limited**
INE763I01026,,,UTI (0),,Electrical Equipment,EQ - TRANSFORMERS & RECTIFIERS (IND
INE765G01017,,,ICICI Pru (25); UTI (159),,Insurance,ICICI Lombard General Insurance Company Ltd.
INE766P01016,,,UTI (67),,Transport Services,EQ - MAHINDRA LOGISTICS LTD.
INE768C01028,,,UTI (0),,Food Products,EQ -ZYDUS WELLNESS LTD.
INE769A01020,,,UTI (0),,Chemicals & Petrochemicals,EQ - AARTI INDUSTRIES LTD.
INE769A14AN8,7.73,2026-09-30,HDFC (222),HDFC,CRISIL - A1+,Aarti Industries Ltd.^
INE769A14AP3,7.73,2026-09-30,HDFC (74),HDFC,CRISIL - A1+,Aarti Industries Ltd.^
INE774D01024,,,SBI (300); UTI (197),,Finance,Mahindra & Mahindra Financial Services Ltd.
INE774D07UM6,7.94,2026-09-30,HDFC (3); ICICI Pru (50),HDFC,CRISIL - AAA,Mahindra & Mahindra Financial Services Ltd.^
INE774D07VE1,7.64,2026-09-30,HDFC (50); SBI (1); Axis (119); Nippon (2),HDFC,CRISIL - AAA,Mahindra & Mahindra Financial Services Ltd.^
INE774D07VF8,8.2725,2026-09-30,Axis (25); Nippon (25); UTI (50),Axis,CRISIL AAA,8.18% Mahindra & Mahindra Financial Services Limited (31/05/2029)
INE774D07VG6,8.1149,2026-09-30,Axis (2); Nippon (10); UTI (1),Axis,CRISIL AAA,8.01% Mahindra & Mahindra Financial Services Limited (24/12/2027) **
INE774D07VJ0,7.9,2026-09-30,ICICI Pru (155); Axis (85); UTI (25),ICICI Pru,CRISIL AAA,Mahindra & Mahindra Financial Services Ltd. **
INE774D07VK8,7.96,2026-09-30,ICICI Pru (300),ICICI Pru,CRISIL AAA,Mahindra & Mahindra Financial Services Ltd. **
INE774D07VM4,8.17,2026-09-30,ICICI Pru (160); Nippon (175),ICICI Pru,CRISIL AAA,Mahindra & Mahindra Financial Services Ltd. **
INE774D07VO0,8.17,2026-09-30,ICICI Pru (224),ICICI Pru,CRISIL AAA,Mahindra & Mahindra Financial Services Ltd. **
INE774D07VP7,8.7366,2026-09-30,SBI (150); ICICI Pru (600); Axis (100); Nippon (450); UTI (200),SBI,CRISIL AAA,Mahindra & Mahindra Financial Services Ltd.
INE774D07VQ5,8.2862,2026-09-30,SBI (50),SBI,CRISIL AAA,Mahindra & Mahindra Financial Services Ltd.
INE774D14TL6,7.27,2026-09-30,HDFC (24); Axis (180); Tata (24),HDFC,CRISIL - A1+,Mahindra & Mahindra Financial Services Ltd.^
INE774D14TO0,7.32,2026-09-30,HDFC (24); ICICI Pru (48); Tata (242),HDFC,CRISIL - A1+,Mahindra & Mahindra Financial Services Ltd.^
INE774D14TS1,6.955,2026-09-30,Axis (15); Nippon (10),Axis,CRISIL A1+,Mahindra & Mahindra Financial Services Limited (14/12/2026) **
INE774D14TW3,7.27,2026-09-30,HDFC (24); SBI (146); ICICI Pru (24); Axis (73); Nippon (24); Tata (267),HDFC,CRISIL - A1+,Mahindra & Mahindra Financial Services Ltd.^
INE775A01035,,,SBI (265); ICICI Pru (2); Nippon (2); UTI (889),,Auto Components,Samvardhana Motherson International Ltd.
INE776C01039,,,UTI (13),,Transport Infrastructure,EQ - GMR AIRPORTS LIMITED
INE776C08075,9.9259,2026-09-30,SBI (632); Axis (43); Nippon (21),SBI,CRISIL AA-,GMR Airports Ltd.
INE776C08083,9.38,2026-09-30,HDFC (159); Axis (58); Nippon (114),HDFC,CRISIL - AA-,GMR Airports Limited^
INE776C08091,9.9759,2026-09-30,Nippon (35),Nippon,CRISIL AA-,5% GMR Airports Limited**
INE777K01022,,,UTI (0),,Industrial Products,EQ - R R KABEL LTD
INE780C01023,,,UTI (0),,Finance,EQ - JM FINANCIAL LTD.
INE782A01015,,,SBI (29),,Consumer Durables,Bosch Home Comfort India Ltd.
INE787D01026,,,SBI (21); UTI (330),,Auto Components,Balkrishna Industries Ltd.
INE787H07057,8.0,2026-09-30,Axis (3),Axis,CRISIL AAA,9.41% India Infrastructure Fin Co Ltd (27/07/2037) **
INE787H08212,7.885,2026-09-30,SBI (121),SBI,IND AAA,India Infrastructure Finance Company Ltd.
INE787H08220,7.885,2026-09-30,SBI (24),SBI,[ICRA]AAA,India Infrastructure Finance Company Ltd.
INE789E01012,,,UTI (238),,"Paper, Forest & Jute Products",EQ - JK PAPER LTD.
INE790I14HI2,7.67,2026-09-30,HDFC (49),HDFC,CRISIL - A1+,HSBC InvestDirect Financial Services (India) Ltd.^
INE790I14HJ0,7.67,2026-09-30,Tata (146),Tata,CRISIL-A1+,** - HSBC INVESTDIRECT FINANCIAL SERVICES (I) LTD - CP - 29/01/2027
INE790I14HK8,7.67,2026-09-30,Tata (122),Tata,CRISIL-A1+,** - HSBC INVESTDIRECT FINANCIAL SERVICES (I) LTD - CP - 15/01/2027
INE790I14ID1,7.11,2026-09-30,UTI (74),UTI,CRISIL-A1+,CP HSBC INVESTDIRECT FINANCIAL SERVICES (I) LTD.
INE790I14IF6,7.11,2026-09-30,UTI (272),UTI,CRISIL-A1+,CP HSBC INVESTDIRECT FINANCIAL SERVICES (I) LTD.
INE790I14IG4,7.67,2026-09-30,Axis (49),Axis,CRISIL A1+,HSBC InvestDirect Financial Services (India) Limited (20/01/2027) **
INE790I14IH2,7.155,2026-09-30,Nippon (123),Nippon,CRISIL A1+,HSBC InvestDirect Financial Services (India) Limited**
INE790I14II0,7.155,2026-09-30,Nippon (99),Nippon,CRISIL A1+,HSBC InvestDirect Financial Services (India) Limited**
INE790Z07061,8.0996,2026-09-30,SBI (529),SBI,[ICRA]AAA,Interise Trust
INE790Z07103,8.9641,2026-09-30,SBI (90),SBI,[ICRA]AAA,Interise Trust
INE790Z14067,6.5786,2026-09-30,SBI (950),SBI,[ICRA]A1+,Interise Trust
INE791I01019,,,UTI (430),,Realty,EQ - BRIGADE ENTERPRISES LTD.
INE794A01010,,,UTI (1),,Pharmaceuticals & Biotechnology,EQ - NEULAND LABORATORIES LTD.
INE795G01014,,,SBI (86); ICICI Pru (23); Axis (1); Nippon (1); UTI (960),,Insurance,HDFC Life Insurance Company Ltd.
INE797F01020,,,SBI (69); UTI (477),,Leisure Services,Jubilant Foodworks Ltd.
INE800X07071,8.33,2026-09-30,UTI (50),UTI,CRISIL-AA+,NCD HERO HOUSING FINANCE LTD
INE802J07019,8.92,2026-09-30,Nippon (101),Nippon,ICRA AA+,8.81% GMR Hyderabad International Airport Limited**
INE802J07027,8.92,2026-09-30,Nippon (150),Nippon,ICRA AA+,8.71% GMR Hyderabad International Airport Limited**
INE802J07035,8.9099,2026-09-30,Axis (75),Axis,ICRA AA+,8.58% GMR Hyderabad International Airport Limited (28/03/2034) **
INE804L01022,,,ICICI Pru (19),,Retailing,Medplus Health Services Ltd
INE806T01020,,,UTI (80),,Leisure Services,EQ - SAPPHIRE FOODS INDIA LTD
INE807F01027,,,UTI (20),,Pharmaceuticals & Biotechnology,EQ - VIYASH SCIENTIFIC LTD
INE810G01011,,,UTI (0),,Industrial Products,EQ - SHYAM METALICS & ENERGY LTD
INE811A01038,,,UTI (32); Tata (1),,Industrial Products,EQ - KIRLOSKAR PNEUMATIC CO. LTD.
INE811K01011,,,UTI (38),,Realty,EQ - PRESTIGE ESTATES PROJECTS LTD
INE813A01018,,,SBI (154),,Realty,Mahindra Lifespace Developers Ltd.
INE813H01021,,,SBI (2); UTI (175),,Power,Torrent Power Ltd.
INE813H07150,7.5301,2026-09-30,Axis (35),Axis,CRISIL AA+,7.25% Torrent Power Limited (03/03/2027) **
INE813H07192,7.53,2026-09-30,UTI (50),UTI,CRISIL-AA+,NCD TORRENT POWER LTD.
INE813H07234,8.1,2026-09-30,SBI (50),SBI,CRISIL AA+,Torrent Power Ltd.
INE813H07242,8.3047,2026-09-30,SBI (43),SBI,CRISIL AA+,Torrent Power Ltd.
INE813H07283,8.3047,2026-09-30,SBI (101),SBI,CRISIL AA+,Torrent Power Ltd.
INE813H07309,8.3649,2026-09-30,SBI (10),SBI,CRISIL AA+,Torrent Power Ltd.
INE813H07333,8.07,2026-09-30,ICICI Pru (140),ICICI Pru,CRISIL AA+,Torrent Power Ltd. **
INE813H07341,7.39,2026-09-30,HDFC (75),HDFC,CRISIL - AA+,Torrent Power Ltd.^
INE813H07366,8.22,2026-09-30,ICICI Pru (125),ICICI Pru,CRISIL AA+,Torrent Power Ltd. **
INE813H07374,8.07,2026-09-30,ICICI Pru (50); Axis (5),ICICI Pru,CRISIL AA+,Torrent Power Ltd. **
INE813H07382,7.4249,2026-09-30,SBI (31); Axis (19),SBI,CRISIL AA+,Torrent Power Ltd.
INE813H07432,8.23,2026-09-30,ICICI Pru (50),ICICI Pru,CRISIL AA+,Torrent Power Ltd. **
INE813H07440,8.3047,2026-09-30,SBI (546); Nippon (20),SBI,CRISIL AA+,Torrent Power Ltd.
INE814H01029,,,UTI (712); Tata (1),,Power,EQ - ADANI POWER LTD.
INE814H07190,8.605,2026-09-30,SBI (941); ICICI Pru (423); Axis (60); Nippon (189); Tata (224),SBI,CRISIL AA,Adani Power Ltd.
INE814H07208,8.73,2026-09-30,Axis (10); Nippon (5); UTI (25); Tata (5),Axis,CRISIL AA,8.20% Adani Power Limited (25/01/2029) **
INE818H01020,,,UTI (0),,Agricultural Food & other Products,EQ - LT FOODS LTD.
INE819V01029,,,UTI (0),,Industrial Manufacturing,EQ - ADITYA INFOTECH LTD
INE821I01022,,,UTI (7),,Construction,EQ - IRB INFRASTRUCTURE DEV LTD.
INE823G01014,,,UTI (213),,Cement & Cement Products,EQ - J.K.CEMENT LTD
INE824H14TG0,7.78,2026-09-30,HDFC (98),HDFC,CRISIL - A1+,Julius Baer Capital (India) Pvt. Ltd.^
INE824H14TH8,7.78,2026-09-30,HDFC (98),HDFC,CRISIL - A1+,Julius Baer Capital (India) Pvt. Ltd.^
INE824H14TJ4,7.78,2026-09-30,ICICI Pru (342),ICICI Pru,CRISIL A1+,Julius Baer Capital (India) Pvt. Ltd. **
INE824H14TK2,7.78,2026-09-30,Tata (195),Tata,CRISIL-A1+,** - JULIUS BAER CAPITAL IND PVT LTD - CP - 27/01/2027
INE824H14TZ0,7.78,2026-09-30,ICICI Pru (48),ICICI Pru,CRISIL A1+,Julius Baer Capital (India) Pvt. Ltd. **
INE824H14UT1,7.0,2026-09-30,ICICI Pru (249),ICICI Pru,CRISIL A1+,Julius Baer Capital (India) Pvt. Ltd. **
INE824H14UU9,7.0,2026-09-30,HDFC (249),HDFC,CRISIL - A1+,Julius Baer Capital (India) Pvt. Ltd.^
INE824H14UV7,7.3355,2026-09-30,SBI (248),SBI,CRISIL A1+,Julius Baer Capital (India) Pvt. Ltd.
INE824H14UX3,7.83,2026-09-30,ICICI Pru (242),ICICI Pru,CRISIL A1+,Julius Baer Capital (India) Pvt. Ltd. **
INE824H14UY1,7.34,2026-09-30,ICICI Pru (248),ICICI Pru,CRISIL A1+,Julius Baer Capital (India) Pvt. Ltd. **
INE824H14UZ8,7.36,2026-09-30,HDFC (248),HDFC,CRISIL - A1+,Julius Baer Capital (India) Pvt. Ltd.^
INE824H14VA9,7.36,2026-09-30,ICICI Pru (148),ICICI Pru,CRISIL A1+,Julius Baer Capital (India) Pvt. Ltd. **
INE824H14VE1,7.41,2026-09-30,HDFC (197),HDFC,CRISIL - A1+,Julius Baer Capital (India) Pvt. Ltd.^
INE825A01020,,,UTI (0),,Textiles & Apparels,EQ - VARDHMAN TEXTILES LTD.
INE825V01034,,,UTI (59),,Retailing,EQ - VEDANT FASHIONS LTD
INE831R07318,7.3099,2026-09-30,Axis (50); Nippon (125),Axis,ICRA AAA,6.70% Aditya Birla Housing Finance Limited (22/01/2027) **
INE831R07391,7.3649,2026-09-30,SBI (25); Axis (50),SBI,[ICRA]AAA,Aditya Birla Housing Finance Ltd.
INE831R07425,7.31,2026-09-30,ICICI Pru (50); Nippon (58); UTI (25),ICICI Pru,ICRA AAA,Aditya Birla Housing Finance Ltd. **
INE831R07458,8.1519,2026-09-30,Nippon (45),Nippon,ICRA AAA,8.12% Aditya Birla Housing Finance Limited**
INE831R07474,6.7151,2026-09-30,Axis (68); Nippon (50),Axis,ICRA AAA,8.0956% Aditya Birla Housing Finance Limited (22/12/2026) **
INE831R07516,8.175,2026-09-30,Nippon (30); UTI (50),Nippon,CRISIL AAA,7.85% Aditya Birla Housing Finance Limited**
INE831R07540,8.177,2026-09-30,SBI (298); UTI (50),SBI,CRISIL AAA,Aditya Birla Housing Finance Ltd.
INE831R07557,7.6998,2026-09-30,Axis (60); UTI (75),Axis,CRISIL AAA,7.8989% Aditya Birla Housing Finance Limited (08/06/2027) **
INE831R07573,8.21,2026-09-30,SBI (298); Nippon (139),SBI,CRISIL AAA,Aditya Birla Housing Finance Ltd.
INE831R07607,7.9399,2026-09-30,SBI (30); Nippon (5),SBI,CRISIL AAA,Aditya Birla Housing Finance Ltd.
INE831R07631,8.21,2026-09-30,UTI (74),UTI,CRISIL-AAA,NCD ADITYA BIRLA HOUSING FINANCE LTD
INE831R14FX8,7.0,2026-09-30,ICICI Pru (292),ICICI Pru,CRISIL A1+,Aditya Birla Housing Finance Ltd. **
INE831R14FY6,7.1,2026-09-30,ICICI Pru (146); Nippon (49),ICICI Pru,CRISIL A1+,Aditya Birla Housing Finance Ltd. **
INE831R14FZ3,7.1,2026-09-30,ICICI Pru (243),ICICI Pru,CRISIL A1+,Aditya Birla Housing Finance Ltd. **
INE831R14GA4,7.1,2026-09-30,HDFC (243); ICICI Pru (97),HDFC,CRISIL - A1+,Aditya Birla Housing Finance Ltd^
INE831R14GG1,6.06,2026-09-30,ICICI Pru (299),ICICI Pru,CRISIL A1+,Aditya Birla Housing Finance Ltd. **
INE831R14GI7,6.0194,2026-09-30,Nippon (200),Nippon,CRISIL A1+,Aditya Birla Housing Finance Limited**
INE831R14GK3,6.45,2026-09-30,Tata (298),Tata,CRISIL-A1+,** - ADITYA BIRLA HOUSING FINANCE LTD - CP - 03/11/2026
INE831R14GL1,6.45,2026-09-30,ICICI Pru (50),ICICI Pru,CRISIL A1+,Aditya Birla Housing Finance Ltd. **
INE831R14GM9,6.4452,2026-09-30,SBI (497),SBI,CRISIL A1+,Aditya Birla Housing Finance Ltd.
INE831R14GN7,6.46,2026-09-30,ICICI Pru (99); Axis (124),ICICI Pru,CRISIL A1+,Aditya Birla Housing Finance Ltd. **
INE831R14GO5,6.51,2026-09-30,Nippon (346),Nippon,CRISIL A1+,Aditya Birla Housing Finance Limited**
INE836A01035,,,UTI (0),,IT - Software,EQ - BIRLASOFT LTD
INE837H01020,,,UTI (30),,Pharmaceuticals & Biotechnology,EQ - ADVANCED ENZYME TECHNOLOGIE LT
INE839M01018,,,UTI (1),,Electrical Equipment,EQ - SCHNEIDER ELECTRIC INFRASTRUCT
INE842C01021,,,SBI (21); UTI (0),,Auto Components,Minda Corporation Ltd.
INE844O01030,,,UTI (32),,Gas,EQ - GUJARAT ENERGY LIMITED
INE845D01014,,,SBI (17),,Textiles & Apparels,Ganesha Ecosphere Ltd.
INE848E01016,,,SBI (166); UTI (1),,Power,NHPC Ltd.
INE848E07385,6.9562,2026-09-30,Nippon (5),Nippon,ICRA AAA,8.85% NHPC Limited**
INE848E07872,7.39,2026-09-30,HDFC (45),HDFC,CARE - AAA,NHPC Ltd.^
INE848E07AC9,7.25,2026-09-30,ICICI Pru (25),ICICI Pru,FITCH AAA,NHPC Ltd. **
INE848E07AN6,7.59,2026-09-30,HDFC (22),HDFC,CARE - AAA,NHPC Ltd.^
INE848E07AP1,6.1369,2026-09-30,Nippon (25),Nippon,ICRA AAA,7.5% NHPC Limited**
INE848E07AQ9,7.485,2026-09-30,SBI (25); Axis (5),SBI,[ICRA]AAA,NHPC Ltd.
INE848E07AR7,7.57,2026-09-30,Nippon (20),Nippon,ICRA AAA,7.5% NHPC Limited**
INE848E07AS5,7.615,2026-09-30,Axis (5),Axis,ICRA AAA,7.5% NHPC Limited (06/10/2029) **
INE848E07AU1,6.9063,2026-09-30,Nippon (33),Nippon,ICRA AAA,7.38% NHPC Limited**
INE848E07AV9,7.505,2026-09-30,SBI (43),SBI,[ICRA]AAA,NHPC Ltd.
INE848E07AW7,7.59,2026-09-30,SBI (2),SBI,[ICRA]AAA,NHPC Ltd.
INE848E07BA1,7.51,2026-09-30,UTI (15),UTI,IND-AAA,NCD NHPC LTD.
INE848E07BK0,7.25,2026-09-30,Nippon (5),Nippon,ICRA AAA,6.8% NHPC Limited**
INE848E08136,7.565,2026-09-30,Axis (15); Nippon (0),Axis,CARE AAA,8.12% NHPC Limited (22/03/2029) **
INE848E08193,7.77,2026-09-30,HDFC (10),HDFC,CARE - AAA,NHPC Ltd.^
INE848E08219,7.66,2026-09-30,HDFC (10),HDFC,CARE - AAA,NHPC Ltd.^
INE848E08227,7.65,2026-09-30,HDFC (10),HDFC,CARE - AAA,NHPC Ltd.^
INE848E08235,7.59,2026-09-30,HDFC (10),HDFC,CARE - AAA,NHPC Ltd.^
INE848E08243,7.51,2026-09-30,HDFC (10),HDFC,CARE - AAA,NHPC Ltd.^
INE848E08250,6.9562,2026-09-30,Nippon (10),Nippon,CARE AAA,7.59% NHPC Limited**
INE848E08375,7.39,2026-09-30,HDFC (25),HDFC,CARE - AAA,NHPC Ltd.^
INE849A01020,,,"UTI (2,109)",,Retailing,EQ - TRENT LIMITED
INE850D01014,,,UTI (71); Tata (0),,Food Products,EQ - GODREJ AGROVET LTD
INE852O01025,,,SBI (32); UTI (0),,Finance,Aptus Value Housing Finance India Ltd.
INE852O07147,7.92,2026-09-30,ICICI Pru (201),ICICI Pru,CARE AA,Aptus Value Housing Finance India Ltd. **
INE852O07154,8.5149,2026-09-30,Axis (16),Axis,CARE AA,8.75% Aptus Value Housing Finance India Limited (11/03/2030) **
INE852O07162,8.765,2026-09-30,Nippon (112),Nippon,CARE AA,8.75% Aptus Value Housing Finance India Limited**
INE854D01024,,,UTI (63),,Beverages,EQ - UNITED SPIRITS LTD.
INE855R01021,,,UTI (2),,Commercial Services & Supplies,EQ - RADIANT CASH MANAGEMENT SERVICES LTD
INE859C07246,9.4599,2026-09-30,Axis (40),Axis,CARE AA-,9.4% IKF Finance Limited (12/08/2027) **
INE859C07303,9.585,2026-09-30,Axis (85),Axis,CARE AA-,9% IKF Finance Limited (12/09/2028) **
INE860A01027,,,"SBI (96); Axis (1); Nippon (1); UTI (2,390); Tata (1)",,IT - Software,HCL Technologies Ltd.
INE860H07IG1,8.12,2026-09-30,Nippon (25),Nippon,ICRA AAA,7.92% Aditya Birla Capital Limited**
INE860H07II7,8.15,2026-09-30,Nippon (70),Nippon,ICRA AAA,8.12% Aditya Birla Capital Limited**
INE860H07IX6,7.525,2026-09-30,Axis (150),Axis,ICRA AAA,8.46% Aditya Birla Capital Limited (26/02/2027) (FRN) **
INE860H07IY4,7.85,2026-09-30,HDFC (1); Axis (67); Nippon (3),HDFC,CRISIL - AAA,Aditya Birla Capital ltd.^
INE860H07JC8,8.22,2026-09-30,UTI (75),UTI,CRISIL-AAA,NCD ADITYA BIRLA CAPITAL LTD
INE861G08050,7.85,2026-09-30,Axis (1),Axis,CRISIL AAA(CE),7.64% Food Corporation Of India (12/12/2029)
INE864A01011,,,UTI,,Not Applicable,EQ - MTZ POLFILMS LTD.
INE864I01014,,,UTI (47),,Electrical Equipment,EQ - MTAR TECHNOLOGIES LTD
INE865C14QT3,7.07,2026-09-30,ICICI Pru (149),ICICI Pru,CRISIL A1+,Aditya Birla Money Ltd. **
INE865C14QV9,7.33,2026-09-30,Axis (99),Axis,CRISIL A1+,Aditya Birla Money Limited (03/11/2026) **
INE865C14QW7,7.33,2026-09-30,ICICI Pru (99),ICICI Pru,CRISIL A1+,Aditya Birla Money Ltd. **
INE865C14QX5,7.33,2026-09-30,HDFC (149),HDFC,CRISIL - A1+,Aditya Birla Money Limited^
INE865C14RB9,7.355,2026-09-30,Axis (148),Axis,CRISIL A1+,Aditya Birla Money Limited (26/11/2026) **
INE865C14RC7,7.36,2026-09-30,HDFC (148),HDFC,CRISIL - A1+,Aditya Birla Money Limited^
INE865C14RE3,7.41,2026-09-30,ICICI Pru (99),ICICI Pru,CRISIL A1+,Aditya Birla Money Ltd. **
INE865C14RG8,7.41,2026-09-30,HDFC (99),HDFC,CRISIL - A1+,Aditya Birla Money Limited^
INE865C14RH6,7.41,2026-09-30,HDFC (49),HDFC,CRISIL - A1+,Aditya Birla Money Limited^
INE868B01028,,,UTI (5),,Construction,EQ - NCC LTD
INE870H14XM3,6.4399,2026-09-30,Nippon (99),Nippon,FITCH A1+,Network18 Media & Investments Limited**
INE870H14XN1,6.44,2026-09-30,ICICI Pru (298),ICICI Pru,ICRA A1+,Network18 Media & Investments Ltd. **
INE870H14XO9,6.44,2026-09-30,ICICI Pru (99),ICICI Pru,ICRA A1+,Network18 Media & Investments Ltd. **
INE870H14XP6,6.4399,2026-09-30,Nippon (149),Nippon,FITCH A1+,Network18 Media & Investments Limited**
INE870H14XS0,6.44,2026-09-30,ICICI Pru (99),ICICI Pru,ICRA A1+,Network18 Media & Investments Ltd. **
INE870H14XT8,6.47,2026-09-30,HDFC (99),HDFC,CARE - A1+,Network 18 Media & Investments Limited^
INE870H14XV4,6.4898,2026-09-30,Axis (297),Axis,CARE A1+,Network18 Media & Investments Limited (03/12/2026) **
INE870H14XW2,6.49,2026-09-30,ICICI Pru (198),ICICI Pru,ICRA A1+,Network18 Media & Investments Ltd. **
INE870H14XX0,6.49,2026-09-30,ICICI Pru (99),ICICI Pru,ICRA A1+,Network18 Media & Investments Ltd. **
INE871C01038,,,SBI (34); ICICI Pru (5); UTI (0),,Food Products,Avanti Feeds Ltd.
INE871D01010,,,UTI,,Not Applicable,EQ - INFRASTRUCTURE LEASING & FIN.S
INE872J01023,,,UTI (0),,Leisure Services,EQ - DEVYANI INTERNATIONAL LTD
INE878B01027,,,UTI (156),,Industrial Products,EQ - KEI INDUSTRIES LTD.
INE879F14ME8,7.35,2026-09-30,HDFC (49); Tata (99),HDFC,CRISIL - A1+,Infina Finance Pvt. Ltd.^
INE879F14MJ7,7.84,2026-09-30,Tata (293),Tata,CRISIL-A1+,** - INFINA FINANCE PVT LTD - CP - 18/01/2027
INE879F14ML3,7.84,2026-09-30,ICICI Pru (195),ICICI Pru,CRISIL A1+,Infina Finance Pvt. Ltd. **
INE879F14MM1,7.84,2026-09-30,HDFC (195),HDFC,CRISIL - A1+,Infina Finance Pvt. Ltd.^
INE879F14MN9,7.84,2026-09-30,ICICI Pru (146),ICICI Pru,CRISIL A1+,Infina Finance Pvt. Ltd. **
INE879F14MP4,7.89,2026-09-30,HDFC (145),HDFC,CRISIL - A1+,Infina Finance Pvt. Ltd.^
INE879F14MR0,7.89,2026-09-30,ICICI Pru (145),ICICI Pru,CRISIL A1+,Infina Finance Pvt. Ltd. **
INE879F14MT6,7.89,2026-09-30,ICICI Pru (96),ICICI Pru,CRISIL A1+,Infina Finance Pvt. Ltd. **
INE879F14NK3,6.8332,2026-09-30,SBI (100),SBI,CRISIL A1+,Infina Finance Pvt. Ltd.
INE879F14NM9,7.3449,2026-09-30,Axis (99),Axis,CRISIL A1+,Infina Finance Private Limited (04/12/2026) **
INE879F14NN7,8.1299,2026-09-30,Axis (237),Axis,CRISIL A1+,Infina Finance Private Limited (11/06/2027) **
INE879F14NQ0,7.27,2026-09-30,UTI (99),UTI,CRISIL-A1+,CP INFINA FINANCE PRIVATE LIMITED
INE879F14NT4,7.8899,2026-09-30,Axis (121),Axis,CRISIL A1+,Infina Finance Private Limited (05/03/2027) **
INE879F14NU2,7.8899,2026-09-30,Axis (72),Axis,CRISIL A1+,Infina Finance Private Limited (25/03/2027) **
INE880J01026,,,SBI (4); UTI (118),,Transport Infrastructure,JSW Infrastructure Ltd.
INE881D01027,,,UTI (238),,IT - Software,EQ - ORACLE FINANCIAL SERVICES SOFT
INE882Z08098,11.39,2026-09-30,Nippon (25),Nippon,CRISIL AA-,10.1% Muthoot Housing Finance Co ltd**
INE883A01011,,,UTI (132),,Auto Components,EQ - MRF LTD.
INE883F01010,,,UTI (0),,Finance,EQ - AADHAR HOUSING FINANCE LTD
INE883F07330,8.08,2026-09-30,ICICI Pru (20); Axis (80); UTI (15),ICICI Pru,ICRA AA+,Aadhar Housing Finance Ltd. **
INE883F07389,8.66,2026-09-30,ICICI Pru (25); Axis (55),ICICI Pru,ICRA AA+,Aadhar Housing Finance Ltd. **
INE883F07397,8.63,2026-09-30,ICICI Pru (69),ICICI Pru,CARE AA+,Aadhar Housing Finance Ltd. **
INE883F07405,8.637,2026-09-30,SBI (123),SBI,[ICRA]AA+,Aadhar Housing Finance Ltd.
INE883F07413,9.13,2026-09-30,ICICI Pru (50); Axis (60),ICICI Pru,ICRA AA+,Aadhar Housing Finance Ltd. **
INE883F14153,6.83,2026-09-30,UTI (99),UTI,ICRA-A1+,CP AADHAR HOUSING FINANCE LIMITED
INE884G01032,,,UTI,,Not Applicable,EQ - GPI TEXTILES LTD.
INE885A01032,,,UTI (0),,Auto Components,EQ - AMARA RAJA ENERGY & MOBILITY LTD
INE887G01027,,,SBI (150),,Textiles & Apparels,Gokaldas Exports Ltd.
INE891D01026,,,UTI (28),,Commercial Services & Supplies,EQ - REDINGTON LTD
INE891D14D27,6.93,2026-09-30,UTI (99),UTI,CRISIL-A1+,CP REDINGTON LTD
INE891D14D35,6.9649,2026-09-30,Nippon (197),Nippon,CRISIL A1+,Redington Limited**
INE891D14D50,6.93,2026-09-30,ICICI Pru (148),ICICI Pru,CRISIL A1+,Redington (India) Ltd. **
INE891K07721,6.9998,2026-09-30,Nippon (5),Nippon,CRISIL AAA,6.8% Axis Finance Limited**
INE891K07937,8.27,2026-09-30,UTI (15),UTI,CARE-AAA,NCD AXIS FINANCE LTD
INE891K07952,7.9483,2026-09-30,Axis (25),Axis,CARE AAA,8.35% Axis Finance Limited (07/05/2027) **
INE891K07AG7,8.2,2026-09-30,UTI (99),UTI,CRISIL-AAA,NCD AXIS FINANCE LTD
INE891K14QI5,7.33,2026-09-30,HDFC (49),HDFC,CRISIL - A1+,Axis Finance Ltd.^
INE893J01029,,,ICICI Pru (8),,Industrial Products,Mold-Tek Packaging Ltd
INE894V01022,,,UTI (0),,Auto Components,EQ - BELRISE INDUSTRIES LTD
INE896L07975,8.27,2026-09-30,ICICI Pru (100),ICICI Pru,CARE AA-,Indostar Capital Finance Ltd. **
INE896L07AF6,8.27,2026-09-30,ICICI Pru (200),ICICI Pru,CARE AA-,Indostar Capital Finance Ltd. **
INE896L07AG4,8.95,2026-09-30,ICICI Pru (45),ICICI Pru,CARE AA-,Indostar Capital Finance Ltd. **
INE896L07AJ8,8.68,2026-09-30,ICICI Pru (251),ICICI Pru,CARE AA-,Indostar Capital Finance Ltd. **
INE896L07AK6,9.17,2026-09-30,SBI (100),SBI,CARE AA-,Indostar Capital Finance Ltd.
INE896L07AL4,8.97,2026-09-30,Axis (40); Nippon (125),Axis,CARE AA-,9.4% IndoStar Capital Finance Limited (18/06/2027) **
INE896L07AM2,9.35,2026-09-30,SBI (149),SBI,CARE AA-,Indostar Capital Finance Ltd.
INE896L07AN0,9.345,2026-09-30,SBI (149),SBI,CARE AA-,Indostar Capital Finance Ltd.
INE896L07AP5,9.25,2026-09-30,SBI (200),SBI,CARE AA-,Indostar Capital Finance Ltd.
INE896L07AQ3,9.33,2026-09-30,Tata (45),Tata,CRISIL-AA-,** 09.25 % INDOSTAR CAPITAL FINANCE LTD - 24/01/2028
INE896L07AR1,9.25,2026-09-30,Tata (100),Tata,CRISIL-AA-,** 09.25 % INDOSTAR CAPITAL FINANCE LTD - 23/11/2027
INE901L01018,,,UTI (157),,Pharmaceuticals & Biotechnology,EQ - ALEMBIC PHARMACEUTICALS
INE901L14CP5,6.6273,2026-09-30,Nippon (99),Nippon,CRISIL A1+,Alembic Pharmaceuticals Limited**
INE903U01023,,,UTI (0),,Realty,EQ - SIGNATUREGLOBAL (INDIA) LTD
INE906B07GO3,7.45,2026-09-30,HDFC (41); Axis (10),HDFC,CRISIL - AAA,National Highways Authority of India^
INE906B07GP0,7.45,2026-09-30,HDFC (417); Axis (5); Nippon (0),HDFC,CRISIL - AAA,National Highways Authority of India^
INE906B07HD4,7.47,2026-09-30,HDFC (26),HDFC,CRISIL - AAA,National Highways Authority of India^
INE906B07HF9,7.47,2026-09-30,HDFC (25),HDFC,CRISIL - AAA,National Highways Authority of India^
INE906B07HG7,7.47,2026-09-30,HDFC (100); Axis (5),HDFC,CRISIL - AAA,National Highways Authority of India^
INE906B07HH5,7.47,2026-09-30,HDFC (70); Nippon (30); UTI (25),HDFC,CRISIL - AAA,National Highways Authority of India^
INE906B07HP8,7.5875,2026-09-30,Nippon (10),Nippon,CRISIL AAA,7.35% National Highways Authority Of India**
INE909H08386,8.66,2026-09-30,ICICI Pru (57),ICICI Pru,CRISIL AA+,TMF Holdings Ltd. **
INE909H08394,8.52,2026-09-30,ICICI Pru (20),ICICI Pru,CRISIL AA+,TMF Holdings Ltd. **
INE913H01037,,,UTI (244),,Auto Components,EQ - ENDURANCE TECHNOLOGIES LTD
INE914M01019,,,UTI (281),,Healthcare Services,EQ - ASTER DM QUALITY CARE LIMITED
INE915D08DC0,8.37,2026-09-30,ICICI Pru (581),ICICI Pru,ICRA AAA,Citicorp Finance (India) Ltd. **
INE916D146J4,7.2083,2026-09-30,SBI (49),SBI,CRISIL A1+,Kotak Mahindra Prime Ltd.
INE916D146N6,7.265,2026-09-30,SBI (73); Axis (24),SBI,CRISIL A1+,Kotak Mahindra Prime Ltd.
INE916D146O4,7.27,2026-09-30,UTI (24),UTI,CRISIL-A1+,CP KOTAK MAHINDRA PRIME LTD.
INE916D146P1,6.59,2026-09-30,ICICI Pru (25); Axis (25),ICICI Pru,CRISIL A1+,Kotak Mahindra Prime Ltd. **
INE916D147J2,7.86,2026-09-30,HDFC (47); Nippon (70),HDFC,CRISIL - A1+,Kotak Mahindra Prime Ltd.^
INE916DA7RP6,8.06,2026-09-30,SBI (10),SBI,CRISIL AAA,Kotak Mahindra Prime Ltd.
INE916DA7RX0,8.065,2026-09-30,Nippon (5),Nippon,CRISIL AAA,7.99% Kotak Mahindra Prime Limited**
INE916DA7SE8,8.13,2026-09-30,HDFC (100); Axis (25),HDFC,CRISIL - AAA,Kotak Mahindra Prime Ltd.^
INE916DA7SJ7,8.17,2026-09-30,HDFC (5),HDFC,CRISIL - AAA,Kotak Mahindra Prime Ltd.^
INE916DA7SL3,7.05,2026-09-30,ICICI Pru (40),ICICI Pru,CRISIL AAA,Kotak Mahindra Prime Ltd. **
INE916DA7SN9,7.43,2026-09-30,UTI (25),UTI,CRISIL-AAA,NCD KOTAK MAHINDRA PRIME LTD.
INE916DA7SO7,7.78,2026-09-30,UTI (25),UTI,CRISIL-AAA,NCD KOTAK MAHINDRA PRIME LTD.
INE916DA7SP4,7.21,2026-09-30,SBI (25); Nippon (13),SBI,CRISIL AAA,Kotak Mahindra Prime Ltd.
INE916DA7SR0,7.43,2026-09-30,UTI (25),UTI,CRISIL-AAA,NCD KOTAK MAHINDRA PRIME LTD.
INE916DA7ST6,8.06,2026-09-30,HDFC (50),HDFC,CRISIL - AAA,Kotak Mahindra Prime Ltd.^
INE916DA7SU4,7.7999,2026-09-30,SBI (1); Axis (255); Nippon (1),SBI,CRISIL AAA,Kotak Mahindra Prime Ltd.
INE916DA7SW0,8.27,2026-09-30,Nippon (15); UTI (49),Nippon,CRISIL AAA,7.78% Kotak Mahindra Prime Limited**
INE916DA7SZ3,8.16,2026-09-30,Axis (15); UTI (25),Axis,CRISIL AAA,7.6% Kotak Mahindra Prime Limited (19/05/2028) **
INE916DA7TB2,8.16,2026-09-30,UTI (49),UTI,CRISIL-AAA,NCD KOTAK MAHINDRA PRIME LTD.
INE916DA7TD8,8.165,2026-09-30,Axis (10),Axis,CRISIL AAA,7.299% Kotak Mahindra Prime Limited (22/09/2028) **
INE916DA7TE6,8.165,2026-09-30,Axis (25),Axis,CRISIL AAA,7.288% Kotak Mahindra Prime Limited (24/10/2028) **
INE916DA7TM9,8.27,2026-09-30,SBI (55),SBI,CRISIL AAA,Kotak Mahindra Prime Ltd.
INE916DA7TN7,8.28,2026-09-30,UTI (99),UTI,CRISIL-AAA,NCD KOTAK MAHINDRA PRIME LTD.
INE916DA7TO5,8.3275,2026-09-30,SBI (30),SBI,CRISIL AAA,Kotak Mahindra Prime Ltd.
INE916U01025,,,SBI (20); UTI (35),,Consumer Durables,Sheela Foam Ltd.
INE916U08012,7.0749,2026-09-30,SBI (54); ICICI Pru (115),SBI,IND AA,Sheela Foam Ltd.
INE917I01010,,,"Nippon (2); UTI (1,493)",,Automobiles,Bajaj Auto Limited
INE918I01026,,,"SBI (308); Nippon (1); UTI (1,601)",,Finance,Bajaj Finserv Ltd.
INE918K07PW3,8.65,2026-09-30,UTI (75),UTI,CARE-AA,NCD NUVAMA WEALTH FINANCE LTD
INE918K07PY9,8.715,2026-09-30,Nippon (100),Nippon,CARE AA,9% Nuvama Wealth Finance Limited**
INE918K07PZ6,8.92,2026-09-30,ICICI Pru (125); Axis (50); UTI (25),ICICI Pru,CARE AA,Nuvama Wealth Finance Ltd. **
INE918K07QY7,9.17,2026-09-30,ICICI Pru (300); Axis (50),ICICI Pru,ICRA AA,Nuvama Wealth Finance Ltd. **
INE918K14CY3,8.47,2026-09-30,Tata (49),Tata,CRISIL-A1+,** - NUVAMA WEALTH FINANCE LTD - CP - 27/01/2027
INE918K14CZ0,8.47,2026-09-30,UTI (97),UTI,CRISIL-A1+,CP NUVAMA WEALTH FINANCE LTD
INE918K14DU9,7.9998,2026-09-30,Axis (49),Axis,CRISIL A1+,Nuvama Wealth Finance Limited (04/12/2026) **
INE918K14DV7,7.95,2026-09-30,Nippon (99),Nippon,CRISIL A1+,Nuvama Wealth Finance Limited**
INE918Z01012,,,Nippon (0); UTI (0),,Industrial Manufacturing,Kaynes Technology India Limited
INE921L01032,,,SBI (4),,Electrical Equipment,Powerica Ltd.
INE922K01024,,,UTI (20),,Finance,EQ - INDIA SHELTER FINANCE CORPORATION LTD
INE926X01010,,,UTI (28),,Construction,EQ - H G INFRA ENGINEERING LTD.
INE926X08015,9.945,2026-09-30,SBI (344),SBI,[ICRA]AA-,H.G. Infra Engineering Ltd.
INE927D01051,,,UTI (0),,Auto Components,EQ - JBM AUTO LTD.
INE929O14FH0,6.3751,2026-09-30,SBI (745),SBI,CRISIL A1+,Reliance Retail Ventures Ltd.
INE929O14FI8,6.43,2026-09-30,ICICI Pru (495); Axis (742); Nippon (495),ICICI Pru,CRISIL A1+,Reliance Retail Ventures Ltd **
INE929O14FK4,6.43,2026-09-30,"HDFC (1,976); ICICI Pru (642); Nippon (247)",HDFC,CRISIL - A1+,Reliance Retail ventures Ltd.^
INE929O14FL2,6.43,2026-09-30,HDFC (494); UTI (198),HDFC,CRISIL - A1+,Reliance Retail ventures Ltd.^
INE929O14FM0,6.4,2026-09-30,HDFC (495); ICICI Pru (743),HDFC,CRISIL - A1+,Reliance Retail ventures Ltd.^
INE929O14FN8,6.0051,2026-09-30,"SBI (1,991)",SBI,CRISIL A1+,Reliance Retail Ventures Ltd.
INE929O14FO6,6.38,2026-09-30,HDFC (497); SBI (994); ICICI Pru (994); Axis (969); Nippon (248),HDFC,CRISIL - A1+,Reliance Retail ventures Ltd.^
INE929O14FP3,6.38,2026-09-30,"ICICI Pru (1,191)",ICICI Pru,CRISIL A1+,Reliance Retail Ventures Ltd **
INE929O14FQ1,6.38,2026-09-30,ICICI Pru (496),ICICI Pru,CRISIL A1+,Reliance Retail Ventures Ltd **
INE930H01031,,,SBI (2); UTI (5),,Textiles & Apparels,K.P.R. Mill Ltd.
INE930P01018,,,UTI (0),,Chemicals & Petrochemicals,EQ - ANUPAM RASAYAN INDIA LTD
INE931S01010,,,SBI (1); UTI (390); Tata (0),,Power,Adani Energy Solutions Ltd.
INE933S01016,,,ICICI Pru (10); UTI (102),,Retailing,Indiamart Intermesh Ltd.
INE935A01035,,,UTI (515),,Pharmaceuticals & Biotechnology,EQ - GLENMARK PHARMACEUTICALS LTD.
INE935N01020,,,"Nippon (1); UTI (1,124); Tata (1)",,Consumer Durables,Dixon Technologies (India) Limited
INE936D07182,7.9,2026-09-30,HDFC (25); SBI (675); ICICI Pru (200); Axis (25); Nippon (50); UTI (75); Tata (50),HDFC,CRISIL - AAA,Jamnagar Utilities & Power Pvt. Limited^
INE936D07190,7.9991,2026-09-30,SBI (97); ICICI Pru (527),SBI,CRISIL AAA,Jamnagar Utilities & Power Pvt. Ltd.
INE941D07166,6.78,2026-09-30,Nippon (1); UTI (25),Nippon,CRISIL AAA,7.9% Sikka Ports and Terminals Limited**
INE941D14774,6.11,2026-09-30,HDFC (100); ICICI Pru (798),HDFC,CRISIL - A1+,Sikka Port and Terminal Ltd.^
INE941D14782,6.58,2026-09-30,HDFC (198); Axis (297); Tata (297),HDFC,CRISIL - A1+,Sikka Port and Terminal Ltd.^
INE944F01028,,,UTI (80); Tata (1),,Beverages,EQ - RADICO KHAITAN LTD.
INE947N01017,,,SBI (34),,Aerospace & Defense,Aequs Ltd.
INE947Q01028,,,UTI (620),,Pharmaceuticals & Biotechnology,EQ - LAURUS LABS LTD.
INE949L01017,,,Nippon (7); UTI (866),,Banks,AU Small Finance Bank Limited
INE949L16EA7,6.52,2026-09-30,UTI (25),UTI,CRISIL-A1+,CD - AU SMALL FINANCE BANK - 13/11/2026
INE949L16ED1,6.6,2026-09-30,ICICI Pru (246),ICICI Pru,CRISIL A1+,AU Small Finance Bank Ltd. **
INE949L16EE9,7.05,2026-09-30,UTI (196),UTI,IND-A1+,CD - AU SMALL FINANCE BANK LTD - 11/01/2027
INE949L16EF6,7.08,2026-09-30,HDFC (195),HDFC,CARE - A1+,Au Small Finance Bank Ltd.^
INE949L16EH2,7.08,2026-09-30,HDFC (292),HDFC,CRISIL - A1+,Au Small Finance Bank Ltd.^
INE949L16EI0,7.0801,2026-09-30,Axis (49); Nippon (146),Axis,CRISIL A1+,AU Small Finance Bank Limited (18/02/2027) **
INE949L16EJ8,7.185,2026-09-30,Axis (291),Axis,CARE A1+,AU Small Finance Bank Limited (03/03/2027) **
INE949L16EK6,7.19,2026-09-30,HDFC (242),HDFC,IND - A1+,Au Small Finance Bank Ltd.^
INE949L16EM2,7.1851,2026-09-30,Axis (97); Nippon (97),Axis,CRISIL A1+,AU Small Finance Bank Limited (09/03/2027) **
INE949L16EN0,7.6149,2026-09-30,Nippon (95),Nippon,CARE A1+,AU Small Finance Bank Limited**
INE949L16EO8,7.62,2026-09-30,UTI (238),UTI,CARE-A1+,CD - AU SMALL FINANCE BANK LTD - 10/06/2027
INE949L16EP5,7.92,2026-09-30,HDFC (93); Nippon (93); UTI (140),HDFC,CARE - A1+,Au Small Finance Bank Ltd.^
INE949L16EQ3,7.05,2026-09-30,Nippon (98),Nippon,CARE A1+,AU Small Finance Bank Limited**
INE949L16ER1,6.5949,2026-09-30,Nippon (198),Nippon,CARE A1+,AU Small Finance Bank Limited**
INE950O07438,7.47,2026-09-30,UTI (175),UTI,CRISIL-AAA,NCD MAHINDRA RURAL HOUSING FINANCE LTD
INE950O07446,8.0696,2026-09-30,SBI (25),SBI,CRISIL AAA,Mahindra Rural Housing Finance Ltd.
INE950O07453,7.5249,2026-09-30,SBI (25),SBI,CRISIL AAA,Mahindra Rural Housing Finance Ltd.
INE950O07495,7.9749,2026-09-30,SBI (250),SBI,CRISIL AAA,Mahindra Rural Housing Finance Ltd.
INE950O07511,8.0,2026-09-30,ICICI Pru (199),ICICI Pru,CRISIL AAA,Mahindra Rural Housing Finance Ltd. **
INE950O07529,7.9799,2026-09-30,SBI (114); ICICI Pru (44),SBI,CRISIL AAA,Mahindra Rural Housing Finance Ltd.
INE950O07537,8.255,2026-09-30,SBI (73),SBI,CRISIL AAA,Mahindra Rural Housing Finance Ltd.
INE950O07545,7.98,2026-09-30,UTI (81); Tata (30),UTI,CRISIL-AAA,NCD MAHINDRA RURAL HOUSING FINANCE LTD
INE950O07560,8.61,2026-09-30,ICICI Pru (226); Nippon (31); UTI (79),ICICI Pru,CRISIL AAA,Mahindra Rural Housing Finance Ltd. **
INE950O08303,7.89,2026-09-30,HDFC (150); ICICI Pru (200),HDFC,CRISIL - AAA,Mahindra Rural Housing Finance Ltd^
INE950O14CA8,7.03,2026-09-30,Tata (196),Tata,CRISIL-A1+,** - MAHINDRA RURAL HOUSING FINANCE LTD - CP - 27/01/2027
INE950O14CB6,7.15,2026-09-30,UTI (145),UTI,CRISIL-A1+,CP MAHINDRA RURAL HOUSING FINANCE LTD
INE950O14CC4,6.51,2026-09-30,UTI (248),UTI,CRISIL-A1+,CP MAHINDRA RURAL HOUSING FINANCE LTD
INE951I01027,,,ICICI Pru (8),,Consumer Durables,V-Guard Industries Ltd.
INE953O01021,,,UTI (0),,Auto Components,EQ - SANSERA ENGINEERING LTD
INE955V01021,,,ICICI Pru (2),,Retailing,Arvind Fashions Ltd.
INE956O01016,,,SBI (3); UTI (336),,Retailing,Lenskart Solutions Ltd.
INE957N07799,7.8927,2026-09-30,Nippon (250),Nippon,CRISIL AA+,8.89% Hero Fincorp Limited**
INE957N14KQ4,7.13,2026-09-30,UTI (100),UTI,CRISIL-A1+,CP HERO FINCORP LTD.
INE957N14KR2,7.5598,2026-09-30,SBI (198),SBI,CRISIL A1+,Hero FinCorp Ltd.
INE957N14KS0,7.5598,2026-09-30,SBI (197),SBI,CRISIL A1+,Hero FinCorp Ltd.
INE957N14KX0,7.49,2026-09-30,UTI (198),UTI,CRISIL-A1+,CP HERO FINCORP LTD.
INE957N14KY8,7.4852,2026-09-30,Nippon (198),Nippon,CRISIL A1+,Hero Fincorp Limited**
INE957N14KZ5,7.8399,2026-09-30,SBI (292),SBI,CRISIL A1+,Hero FinCorp Ltd.
INE957N14LA6,7.84,2026-09-30,HDFC (146),HDFC,CRISIL - A1+,Hero Fincorp Ltd.^
INE959A01019,,,SBI (98); UTI (0),,Chemicals & Petrochemicals,Privi Speciality Chemicals Ltd.
INE961O01016,,,UTI (60); Tata (1),,Healthcare Services,EQ - RAINBOW CHILDRENS MEDICARE LTD
INE962Y01021,,,UTI (0),,Construction,EQ - IRCON INTERNATIONAL LIMITED.
INE967H01025,,,UTI (29),,Healthcare Services,EQ - KRISHNA INSTITUTE OF MEDI SCIE
INE970X01018,,,UTI (0),,Leisure Services,EQ -LEMON TREE HOTELS LTD
INE973U14318,7.1,2026-09-30,UTI (99),UTI,CRISIL-A1+,CP NU VISTA LTD
INE973U14326,7.0953,2026-09-30,Nippon (99),Nippon,CRISIL A1+,Nu Vista Limited**
INE974X01010,,,Nippon (0); UTI (240),,Auto Components,Tube Investments of India Limited
INE975F07IM9,6.75,2026-09-30,ICICI Pru (6); Nippon (4),ICICI Pru,CRISIL AAA,Kotak Mahindra Investments Ltd. **
INE975F07IO5,7.29,2026-09-30,SBI (77); Nippon (10),SBI,CRISIL AAA,Kotak Mahindra Investments Ltd.
INE975F07IP2,7.53,2026-09-30,HDFC (65); Axis (15); Nippon (10),HDFC,CRISIL - AAA,Kotak Mahindra Investments Ltd.^
INE975F07IQ0,7.9149,2026-09-30,Axis (50),Axis,CRISIL AAA,8.2366% Kotak Mahindra Investments Limited (27/05/2027) **
INE975F07IR8,7.98,2026-09-30,HDFC (240); Axis (7),HDFC,CRISIL - AAA,Kotak Mahindra Investments Ltd.^
INE975F07IS6,8.155,2026-09-30,Nippon (5),Nippon,CRISIL AAA,8.37% Kotak Mahindra Investments Limited**
INE975F07IU2,8.16,2026-09-30,HDFC (4),HDFC,CRISIL - AAA,Kotak Mahindra Investments Ltd.^
INE975F07JB0,8.31,2026-09-30,Nippon (98),Nippon,CRISIL AAA,7.61% Kotak Mahindra Investments Limited**
INE976A01021,,,SBI (43),,"Paper, Forest & Jute Products",West Coast Paper Mills Ltd.
INE976D01017,,,UTI,,Not Applicable,EQ - SHUBH SHANTI SERVICES LTD.
INE976G01028,,,UTI (20); Tata (0),,Banks,EQ - RBL BANK LTD
INE976I01016,,,UTI (171),,Finance,EQ - TATA CAPITAL LTD
INE976I07CT9,7.77,2026-09-30,HDFC (1); SBI (1); Axis (219),HDFC,CRISIL - AAA,Tata Capital Ltd.^
INE976I07DC3,7.57,2026-09-30,HDFC (75); SBI (130); ICICI Pru (140),HDFC,ICRA - AAA,Tata Capital Ltd.
INE976I07DE9,8.84,2026-09-30,ICICI Pru (80); Axis (498); Nippon (174); UTI (100),ICICI Pru,CRISIL AAA,Tata Capital Ltd. **
INE976I07DF6,8.2,2026-09-30,HDFC (25); SBI (200); Nippon (55),HDFC,CRISIL - AAA,Tata Capital Ltd.^
INE976I07DG4,8.2392,2026-09-30,Axis (35),Axis,CRISIL AAA,7.88% Tata Capital Limited (07/07/2031)
INE976I07DH2,8.24,2026-09-30,Nippon (109),Nippon,CRISIL AAA,8.05% Tata Capital Limited
INE976I14QY5,7.28,2026-09-30,ICICI Pru (388); UTI (97),ICICI Pru,CRISIL A1+,Tata Capital Financial Services Ltd. **
INE976I14RA3,7.285,2026-09-30,Axis (24),Axis,CRISIL A1+,Tata Capital Limited (09/03/2027) **
INE976I14RR7,7.2849,2026-09-30,SBI (145); UTI (48),SBI,CRISIL A1+,TATA Capital Ltd.
INE976I14RT3,6.95,2026-09-30,ICICI Pru (50),ICICI Pru,CRISIL A1+,Tata Capital Ltd. **
INE976I14RV9,6.95,2026-09-30,ICICI Pru (248); Axis (495),ICICI Pru,CRISIL A1+,Tata Capital Ltd. **
INE976I14RW7,7.88,2026-09-30,HDFC (47); SBI (47); Nippon (56),HDFC,CRISIL - A1+,Tata Capital Ltd.^
INE979A01025,,,UTI (0),,Entertainment,EQ - SAREGAMA  INDIA LTD
INE979B01015,,,SBI (2),,Consumer Durables,Hawkins Cookers Ltd.
INE980O01024,,,UTI (0),,Industrial Manufacturing,EQ - JYOTI CNC AUTOMATION LTD
INE982J01020,,,UTI (192); Tata (1),,Financial Technology (Fintech),EQ - ONE 97 COMMUNICATIONS LTD
INE985S01024,,,ICICI Pru (1); UTI (42),,Commercial Services & Supplies,Teamlease Services Ltd.
INE987B01026,,,UTI (0),,Pharmaceuticals & Biotechnology,EQ - NATCO PHARMA LTD.
INE989C01038,,,Tata (0),,,DIAMOND POWER INFRASTRUCTURE LTD
INE998I01010,,,UTI (63),,Leisure Services,EQ - MAHINDRA HOLIDAYS & RESORTS IN
INE999A01023,,,UTI (43),,Industrial Products,EQ - KSB LTD
INF0RQ622028,5.82,2026-09-30,HDFC (468); SBI (632); ICICI Pru (725); Axis (347); Nippon (377); UTI (205); Tata (221),SBI,,Corporate Debt Market Development Fund
INF174K01LC6,,,Axis (204),,,Kotak Arbitrage Fund - Growth - Direct
INF179K01UT0,,,"HDFC (1,762)",,,HDFC Flexi Cap Fund - Direct Plan- Growth Option
INF179K01VF7,,,HDFC (167),,,HDFC Ultra Short to Short Term Fund - Direct Plan - Growth Option
INF179K01VS0,,,HDFC (91),,,HDFC Gilt Fund - Growth Option - Direct Plan
INF179K01WI9,,,HDFC (243),,,HDFC Medium Term Fund - Growth Option - Direct Plan
INF179K01WL3,,,HDFC (155),,,HDFC Medium to Long Term Fund - Direct Plan - Growth Option
INF179K01WQ2,,,HDFC (56),,,HDFC Infrastructure Fund - Direct Plan- Growth Option
INF179K01XD8,,,"HDFC (1,651)",,,HDFC Corporate Bond Fund - Growth Option - Direct Plan
INF179K01XQ0,,,HDFC (129),,,HDFC Mid Cap Fund - Direct Plan - Growth Option
INF179K01YM7,,,HDFC (539),,,HDFC Short Term Fund - Growth Option - Direct Plan
INF179K01YV8,,,"HDFC (2,019)",,,HDFC Large Cap Fund - Direct Plan - Growth Option
INF179KA1FZ3,,,HDFC (19),,,HDFC Credit Risk Fund - Growth Option - Direct Plan
INF179KA1KT6,,,HDFC (983),,,HDFC ARBITRAGE FUND - Direct Plan - Growth Option
INF179KA1RQ7,,,HDFC (544),,,HDFC Large & Mid Cap Fund - Direct Plan- Growth Option
INF179KA1RW5,,,HDFC (676),,,HDFC Small Cap Fund - Direct Plan- Growth Option
INF179KB1HU9,,,HDFC (448),,,HDFC Money Market Fund - Direct Plan - Growth Option
INF179KC1981,,,HDFC (712),,,HDFC Gold Exchange Traded Fund
INF179KC1AO6,,,HDFC (72),,,HDFC Dividend Yield Fund - Direct Plan - Growth Option
INF179KC1BG0,,,HDFC (214),,,HDFC Banking & Financial Services Fund - Direct Plan - Growth Option
INF179KC1BS5,,,HDFC (231),,,HDFC Multi Cap Fund - Direct Plan - Growth Option
INF179KC1ET7,,,HDFC (35),,,HDFC Long Term Fund - Direct Plan - Growth Option
INF179KC1GO3,,,HDFC (93),,,HDFC Consumption Fund - Direct Plan - Growth Option
INF179KC1HI3,,,HDFC (176),,,HDFC Technology Fund - Direct Plan - Growth Option
INF179KC1JK5,,,HDFC (1),,,HDFC CRISIL-IBX Financial Services 3-6 Months Debt Index Fund - Direct Plan - Growth Option
INF200K01QU0,,,SBI (820),,Mutual Fund/ETF,SBI Arbitrage Fund - Direct Plan - Growth Option
INF200K01RD4,,,SBI (169),,Mutual Fund/ETF,SBI Dynamic Term Fund - DIRECT PLAN - Growth Option
INF200K01RJ1,,,SBI (223),,Mutual Fund/ETF,SBI FOCUSED FUND - DIRECT PLAN -Growth Option
INF200K01RM5,,,SBI (118),,Mutual Fund/ETF,SBI CONSUMPTION OPPORTUNITIES FUND - DIRECT PLAN - Growth Option
INF200K01SB6,,,SBI (95),,Mutual Fund/ETF,SBI COMMA Fund - DIRECT PLAN - Growth Option
INF200K01SR2,,,SBI (208),,Mutual Fund/ETF,SBI Medium to Long Term Fund-DIRECT PLAN -Growth Option
INF200K01SZ5,,,SBI (65),,Mutual Fund/ETF,SBI Money Market Fund - Direct Plan - Growth Option
INF200K01UG1,,,SBI (65),,Mutual Fund/ETF,SBI Flexicap Fund - DIRECT PLAN - Growth Option
INF200K01UJ5,,,SBI (206),,Mutual Fund/ETF,SBI LARGE & MIDCAP FUND -DIRECT PLAN -Growth Option
INF200K01UP2,,,SBI (140),,Mutual Fund/ETF,SBI HEALTHCARE OPPORTUNITIES FUND - DIRECT PLAN -Growth Option
INF200K01V08,,,SBI (181),,Mutual Fund/ETF,SBI BANKING & PSU DEBT FUND - Direct Plan - Growth Option
INF200K01VB0,,,SBI (416),,Mutual Fund/ETF,SBI MEDIUM TERM FUND - DIRECT PLAN - Growth Option
INF200K01VE4,,,SBI (255),,Mutual Fund/ETF,SBI SHORT TERM FUND - DIRECT PLAN -Growth Option
INF200KA14W3,,,SBI (113),,Mutual Fund/ETF,SBI Dividend Yield Fund - Direct Plan - Growth Option
INF200KA1507,,,SBI (122),,Mutual Fund/ETF,SBI BANKING & FINANCIAL SERVICES FUND - DIRECT PLAN - Growth Option
INF200KA16D8,,,"SBI (1,351)",,Mutual Fund/ETF,SBI Gold ETF
INF200KA1YR4,,,SBI (453),,Mutual Fund/ETF,SBI Corporate Bond Fund - Direct Plan - Growth Option
INF200KB1183,,,SBI (113),,Mutual Fund/ETF,SBI Automotive Opportunities Fund - Direct Plan - Growth Option
INF200KB1217,,,SBI (750),,Mutual Fund/ETF,SBI Silver ETF
INF200KB1324,,,SBI (116),,Mutual Fund/ETF,SBI Innovative Opportunities Fund - Direct Plan - Growth Option
INF204K01A74,,,Nippon (93),,,Nippon India Credit Risk Fund Debt Op Dr Plan Grth
INF204K01C15,,,Axis (203); Nippon (310),,,Nippon India Corporate Bond Fund - Direct Plan-Growth Plan
INF204K01E05,,,Nippon (51),,,Nippon India Floating Int Rt Fd-Dir Pl-Gr Pl-GrOpt
INF204K01XZ7,,,Nippon (320),,,Nippon India Arbitrage Fund Dir Growth Pln Gr Op
INF204K01ZH0,,,Nippon (5),,,Nippon India Liquid Fund-Direct Growth Plan
INF204KC1GR5,,,Nippon (6),,,Nippon Ind CRISI-9-12Fin Ser Debt In Fd-Dr Pl-GrOp
INF209K01VP1,,,Axis (301),,,Aditya Birla Sun Life Arbitrage Fund - Growth - Direct Plan
INF277KA1372,,,Tata (7),,CAPITAL MARKETS,TATA NIFTY SDL PLUS AAA PSU BOND DEC 2027 60 40 INDEX FUND
INF789F01XQ6,,,UTI (1),,-,MF UNITS UTI LIQUID FUND
INF789F01XV6,,,"UTI (2,134)",,-,MF UNITS UTI-MONEY MARKET FUND
INF789F1A538,,,UTI (104),,-,MF UNITS UTI - CORPORATE BOND FUND
INF789F1ACX5,,,UTI (457),,-,MF UNITS UTI - FLOATER FUND
INF789F1AG68,,,UTI (15),,-,MF UNITS UTI NIFTY 1D RATE LIQUID ETF – GROWTH ETF
INF789F1AG76,,,UTI (4),,-,MF UNITS UTI Nifty 500 Exchange Traded Fund ETF
INF789F1AH42,,,UTI (5),,-,MF UNITS UTI BSE India Sector Leaders Exchange Traded Fund ETF
INF789F1AUV1,,,UTI (2),,-,MF UNITS UTI Nifty Bank ETF ETF
INF789F1AUX7,,,"UTI (2,425)",,-,MF UNITS UTI MF- GOLD EXCHANGE TRADED FUND ETF
INF789F1AYK6,,,UTI (748),,-,MF UNITS UTI MF- SILVER EXCHANGE TRADED FUND ETF
INF789F1AZE6,,,UTI (23),,-,MF UNITS Nifty 5 yr Benchmark G-Sec ETF ETF
INF789F1AZF3,,,UTI (23),,-,MF UNITS Nifty 10 yr Benchmark G-Sec ETF ETF
INF789FB1RG6,,,UTI (61),,-,MF UNITS UTI - ARBITRAGE FUND
INF846K017X1,,,Axis (72),,,Axis CRISIL-IBX AAA Bond NBFC - Jun 2027 Index Fund - Direct Plan - Growth Option
INF846K01PZ1,,,Axis (565),,,Axis Arbitrage Fund Direct Plan Growth
INF846K01ZM8,,,Axis (890),,,Axis Corporate Bond Fund - Direct Plan Growth
INF846KA1226,,,Axis (41),,,Axis CRISIL-IBX Financial Services 3-6 Months Debt Index Fund - Direct Plan - Growth option
