isin,as_of,yield,source,holders
IN000127C018,2026-06-30,5.66,HDFC,HDFC
IN000127C018,2026-07-15,5.66,HDFC,HDFC
IN000127C018,2026-07-31,5.62,HDFC,HDFC (2)
IN000130C012,2026-06-30,6.66,HDFC,HDFC
IN000130C012,2026-07-15,6.68,HDFC,HDFC
IN000130C012,2026-07-31,6.76,HDFC,HDFC (8)
IN000227C024,2026-06-30,5.68,HDFC,HDFC; SBI; Nippon
IN000227C024,2026-07-15,5.77,HDFC,HDFC; SBI; Nippon
IN000227C024,2026-07-31,5.77,HDFC,HDFC (150); SBI (64); Nippon (39)
IN000227C024,2026-08-15,5.6995,SBI,SBI (64); Nippon (39)
IN000227C032,2026-06-30,5.6847,Axis,Axis
IN000227C032,2026-07-31,5.7696,Axis,Axis (10)
IN000227C032,2026-08-15,5.6127,Axis,Axis (10)
IN000228C030,2026-06-30,6.1347,Axis,Axis
IN000228C030,2026-07-31,6.212,Axis,Axis (10)
IN000228C030,2026-08-15,6.212,Axis,Axis (10)
IN000229C020,2026-06-30,6.3806,SBI,SBI; Aditya Birla
IN000229C020,2026-07-15,6.4363,SBI,SBI
IN000229C020,2026-07-31,6.5061,SBI,SBI (4); Aditya Birla (1)
IN000229C020,2026-08-15,6.455,SBI,SBI (4)
IN000230C028,2026-06-30,6.67,HDFC,HDFC
IN000230C028,2026-07-15,6.7,HDFC,HDFC
IN000230C028,2026-07-31,6.77,HDFC,HDFC (24)
IN000231C026,2026-06-30,6.7858,Aditya Birla,Aditya Birla; Kotak
IN000231C026,2026-07-31,6.8197,Aditya Birla,Aditya Birla (4); Kotak (23)
IN000231C026,2026-08-15,6.73,Kotak,Kotak (23)
IN000327C048,2026-06-30,5.68,HDFC,HDFC; SBI; Aditya Birla; Nippon
IN000327C048,2026-07-15,5.78,HDFC,HDFC; SBI; Nippon
IN000327C048,2026-07-31,5.77,HDFC,HDFC (26); SBI (25); Aditya Birla (101); Nippon (2)
IN000327C048,2026-08-15,5.7083,SBI,SBI (25); Nippon (2)
IN000327C055,2026-06-30,5.6847,SBI,SBI; Aditya Birla; Nippon
IN000327C055,2026-07-15,5.7761,SBI,SBI; Nippon
IN000327C055,2026-07-31,5.7704,SBI,SBI (9); Aditya Birla (38); Nippon (24)
IN000327C055,2026-08-15,5.7057,SBI,SBI (9); Nippon (24)
IN000328C046,2026-06-30,6.1967,Aditya Birla,Aditya Birla
IN000328C046,2026-07-31,6.2666,Aditya Birla,Aditya Birla (14)
IN000328C053,2026-06-30,6.1927,Aditya Birla,Aditya Birla
IN000328C053,2026-07-31,6.2635,Aditya Birla,Aditya Birla (32)
IN000329C044,2026-06-30,6.3871,SBI,SBI; Aditya Birla; Nippon
IN000329C044,2026-07-15,6.4439,SBI,SBI; Nippon
IN000329C044,2026-07-31,6.5159,SBI,SBI (3); Aditya Birla (31); Nippon (0)
IN000329C044,2026-08-15,6.456,SBI,SBI (3); Nippon (0)
IN000329C051,2026-06-30,6.3854,SBI,SBI; Aditya Birla
IN000329C051,2026-07-15,6.4419,SBI,SBI
IN000329C051,2026-07-31,6.5133,SBI,SBI (1); Aditya Birla (9)
IN000329C051,2026-08-15,6.4558,SBI,SBI (1)
IN000330C042,2026-06-30,6.68,HDFC,HDFC
IN000330C042,2026-07-15,6.7,HDFC,HDFC
IN000330C042,2026-07-31,6.77,HDFC,HDFC (66)
IN000330C059,2026-06-30,6.67,HDFC,HDFC
IN000330C059,2026-07-15,6.7,HDFC,HDFC
IN000330C059,2026-07-31,6.77,HDFC,HDFC (4)
IN000427C020,2026-06-30,5.77,HDFC,HDFC
IN000427C020,2026-07-15,5.81,HDFC,HDFC
IN000427C020,2026-07-31,5.78,HDFC,HDFC (5)
IN000427C038,2026-06-30,5.7986,SBI,SBI
IN000427C038,2026-07-15,5.8231,SBI,SBI
IN000427C038,2026-07-31,5.7778,SBI,SBI (6)
IN000427C038,2026-08-15,5.8115,SBI,SBI (6)
IN000427C046,2026-06-30,5.7818,SBI,SBI
IN000427C046,2026-07-15,5.8215,SBI,SBI
IN000427C046,2026-07-31,5.7766,SBI,SBI (14)
IN000427C046,2026-08-15,5.8105,SBI,SBI (14)
IN000428C044,2026-06-30,6.2507,Aditya Birla,Aditya Birla
IN000428C044,2026-07-31,6.2918,Aditya Birla,Aditya Birla (23)
IN000429C042,2026-06-30,6.4066,Nippon,Nippon
IN000429C042,2026-07-15,6.4626,Nippon,Nippon
IN000429C042,2026-07-31,6.5253,Nippon,Nippon (55)
IN000429C042,2026-08-15,6.4791,Nippon,Nippon (55)
IN000430C016,2026-06-30,6.68,HDFC,HDFC
IN000430C016,2026-07-15,6.76,HDFC,HDFC
IN000430C016,2026-07-31,6.78,HDFC,HDFC (20)
IN000430C032,2026-06-30,6.6742,SBI,SBI
IN000430C032,2026-07-15,6.7552,SBI,SBI
IN000430C032,2026-07-31,6.7804,SBI,SBI (1)
IN000430C032,2026-08-15,6.6762,SBI,SBI (1)
IN000430C040,2026-06-30,6.6723,Aditya Birla,Aditya Birla; Nippon
IN000430C040,2026-07-15,6.7534,Nippon,Nippon
IN000430C040,2026-07-31,6.779,Aditya Birla,Aditya Birla (12); Nippon (63)
IN000430C040,2026-08-15,6.6746,Nippon,Nippon (64)
IN000431C014,2026-06-30,6.78,Kotak,Kotak
IN000431C014,2026-07-31,6.83,Kotak,Kotak (6)
IN000431C014,2026-08-15,6.73,Kotak,Kotak (6)
IN000431C030,2026-06-30,6.78,Kotak,Kotak
IN000431C030,2026-07-31,6.83,Kotak,Kotak (19)
IN000431C030,2026-08-15,6.73,Kotak,Kotak (19)
IN000435C031,2026-06-30,7.19,HDFC,HDFC
IN000435C049,2026-06-30,7.1921,Aditya Birla,Aditya Birla
IN000435C049,2026-07-31,7.2719,Aditya Birla,Aditya Birla (15)
IN000436C039,2026-06-30,7.22,Kotak,Kotak
IN000436C039,2026-07-31,7.31,Kotak,Kotak (17)
IN000436C039,2026-08-15,7.21,Kotak,Kotak (17)
IN000436C047,2026-06-30,7.2228,Aditya Birla,Aditya Birla; Kotak
IN000436C047,2026-07-31,7.3083,Aditya Birla,Aditya Birla (33); Kotak (8)
IN000436C047,2026-08-15,7.21,Kotak,Kotak (8)
IN000437C037,2026-06-30,7.24,Kotak,Kotak
IN000437C037,2026-07-31,7.32,Kotak,Kotak (17)
IN000437C037,2026-08-15,7.26,Kotak,Kotak (17)
IN000437C045,2026-06-30,7.2412,Aditya Birla,Aditya Birla; Kotak
IN000437C045,2026-07-31,7.3202,Aditya Birla,Aditya Birla (52); Kotak (14)
IN000437C045,2026-08-15,7.26,Kotak,Kotak (14)
IN000438C035,2026-06-30,7.25,Kotak,Kotak
IN000438C035,2026-07-31,7.32,Kotak,Kotak (20)
IN000438C035,2026-08-15,7.27,Kotak,Kotak (20)
IN000438C043,2026-06-30,7.2506,Aditya Birla,Aditya Birla; Kotak
IN000438C043,2026-07-31,7.3221,Aditya Birla,Aditya Birla (29); Kotak (13)
IN000438C043,2026-08-15,7.27,Kotak,Kotak (13)
IN000439C033,2026-06-30,7.33,Kotak,Kotak
IN000439C033,2026-07-31,7.36,Kotak,Kotak (17)
IN000439C033,2026-08-15,7.3,Kotak,Kotak (17)
IN000439C041,2026-06-30,7.3269,Aditya Birla,Aditya Birla; Kotak
IN000439C041,2026-07-31,7.36,Aditya Birla,Aditya Birla (18); Kotak (12)
IN000439C041,2026-08-15,7.3,Kotak,Kotak (12)
IN000443C043,2026-06-30,7.62,Kotak,Kotak
IN000443C043,2026-07-31,7.66,Kotak,Kotak (7)
IN000444C041,2026-06-30,7.7,Kotak,Kotak
IN000444C041,2026-07-31,7.73,Kotak,Kotak (15)
IN000445C048,2026-06-30,7.78,Kotak,Kotak
IN000445C048,2026-07-31,7.8,Kotak,Kotak (14)
IN000528C025,2026-06-30,6.2626,Axis,Axis
IN000528C025,2026-07-31,6.3012,Axis,Axis (9)
IN000528C025,2026-08-15,6.2799,Axis,Axis (9)
IN000529C023,2026-06-30,6.4116,SBI,SBI
IN000529C023,2026-07-15,6.4686,SBI,SBI
IN000529C023,2026-07-31,6.5329,SBI,SBI (3)
IN000529C023,2026-08-15,6.4799,SBI,SBI (3)
IN000530C021,2026-06-30,6.6847,Aditya Birla,Aditya Birla
IN000530C021,2026-07-31,6.7832,Aditya Birla,Aditya Birla (39)
IN000530C039,2026-06-30,6.6938,Aditya Birla,Aditya Birla
IN000530C039,2026-07-31,6.7869,Aditya Birla,Aditya Birla (12)
IN000534C023,2026-06-30,7.15,Kotak,Kotak
IN000534C023,2026-07-31,7.23,Kotak,Kotak (18)
IN000534C023,2026-08-15,7.13,Kotak,Kotak (18)
IN000535C020,2026-06-30,7.19,HDFC,HDFC; Kotak
IN000535C020,2026-07-31,7.27,Kotak,Kotak (6)
IN000535C020,2026-08-15,7.19,Kotak,Kotak (6)
IN000536C028,2026-06-30,7.22,Kotak,Kotak
IN000536C028,2026-07-31,7.31,Kotak,Kotak (3)
IN000536C028,2026-08-15,7.21,Kotak,Kotak (3)
IN000537C018,2026-06-30,7.24,Kotak,Kotak
IN000537C018,2026-07-31,7.32,Kotak,Kotak (22)
IN000537C018,2026-08-15,7.26,Kotak,Kotak (22)
IN000537C026,2026-06-30,7.24,Kotak,Kotak
IN000537C026,2026-07-31,7.32,Kotak,Kotak (10)
IN000537C026,2026-08-15,7.26,Kotak,Kotak (10)
IN000538C016,2026-06-30,7.25,Kotak,Kotak
IN000538C016,2026-07-31,7.32,Kotak,Kotak (20)
IN000538C016,2026-08-15,7.27,Kotak,Kotak (20)
IN000538C024,2026-06-30,7.25,Kotak,Kotak
IN000538C024,2026-07-31,7.32,Kotak,Kotak (9)
IN000538C024,2026-08-15,7.27,Kotak,Kotak (9)
IN000539C022,2026-06-30,7.34,Kotak,Kotak
IN000539C022,2026-07-31,7.37,Kotak,Kotak (2)
IN000539C022,2026-08-15,7.31,Kotak,Kotak (2)
IN000540C020,2026-06-30,7.46,Kotak,Kotak
IN000540C020,2026-07-31,7.49,Kotak,Kotak (2)
IN000540C020,2026-08-15,7.41,Kotak,Kotak (2)
IN000541C028,2026-06-30,7.5,Kotak,Kotak
IN000541C028,2026-07-31,7.51,Kotak,Kotak (9)
IN000541C028,2026-08-15,7.43,Kotak,Kotak (9)
IN000542C026,2026-06-30,7.56,Kotak,Kotak
IN000543C024,2026-06-30,7.63,Kotak,Kotak
IN000543C024,2026-07-31,7.67,Kotak,Kotak (8)
IN000544C022,2026-06-30,7.71,Kotak,Kotak
IN000544C022,2026-07-31,7.73,Kotak,Kotak (2)
IN000627C033,2026-06-30,5.86,HDFC,HDFC; Aditya Birla; Nippon; UTI
IN000627C033,2026-07-15,5.95,HDFC,HDFC; Nippon
IN000627C033,2026-07-31,5.94,HDFC,HDFC (5); Aditya Birla (10); Nippon (1); UTI (65)
IN000627C033,2026-08-15,5.8138,Nippon,Nippon (1)
IN000627C041,2026-06-30,5.8585,SBI,SBI; Aditya Birla; Nippon
IN000627C041,2026-07-15,5.9524,SBI,SBI; Nippon
IN000627C041,2026-07-31,5.9308,SBI,SBI (12); Aditya Birla (10); Nippon (9)
IN000627C041,2026-08-15,5.8138,SBI,SBI (12); Nippon (9)
IN000627C058,2026-06-30,5.8585,SBI,SBI; Nippon
IN000627C058,2026-07-15,5.9524,SBI,SBI; Nippon
IN000627C058,2026-07-31,5.9354,SBI,SBI (8); Nippon (10)
IN000627C058,2026-08-15,5.8138,SBI,SBI (9); Nippon (10)
IN000627C074,2026-06-30,5.8585,SBI,SBI; Aditya Birla; Nippon
IN000627C074,2026-07-15,5.9524,SBI,SBI; Nippon
IN000627C074,2026-07-31,5.9369,SBI,SBI (8); Aditya Birla (14); Nippon (1)
IN000627C074,2026-08-15,5.8138,SBI,SBI (8); Nippon (1)
IN000627C090,2026-06-30,5.8585,SBI,SBI; Aditya Birla; Nippon
IN000627C090,2026-07-15,5.9532,SBI,SBI; Nippon
IN000627C090,2026-07-31,5.9416,SBI,SBI (2); Aditya Birla (8); Nippon (2)
IN000627C090,2026-08-15,5.8165,SBI,SBI (2); Nippon (2)
IN000628C031,2026-06-30,6.3595,Nippon,Nippon
IN000628C031,2026-07-15,6.3274,Nippon,Nippon
IN000628C031,2026-07-31,6.3312,Nippon,Nippon (1)
IN000628C031,2026-08-15,6.3625,Nippon,Nippon (1)
IN000628C049,2026-06-30,6.3568,SBI,SBI; Nippon
IN000628C049,2026-07-15,6.3249,SBI,SBI; Nippon
IN000628C049,2026-07-31,6.3289,SBI,SBI (6); Nippon (5)
IN000628C049,2026-08-15,6.3591,SBI,SBI (6); Nippon (5)
IN000628C072,2026-06-30,6.3591,Aditya Birla,Aditya Birla; Nippon
IN000628C072,2026-07-15,6.3269,Nippon,Nippon
IN000628C072,2026-07-31,6.3307,Aditya Birla,Aditya Birla (18); Nippon (5)
IN000628C072,2026-08-15,6.3618,Nippon,Nippon (5)
IN000629C039,2026-06-30,6.4659,Aditya Birla,Aditya Birla
IN000629C039,2026-07-31,6.576,Aditya Birla,Aditya Birla (4)
IN000629C054,2026-06-30,6.4654,Aditya Birla,Aditya Birla
IN000629C054,2026-07-31,6.5753,Aditya Birla,Aditya Birla (1)
IN000629C088,2026-06-30,6.4621,Aditya Birla,Aditya Birla
IN000629C088,2026-07-31,6.5702,Aditya Birla,Aditya Birla (1)
IN000630C078,2026-06-30,6.6995,Aditya Birla,Aditya Birla
IN000630C078,2026-07-31,6.7911,Aditya Birla,Aditya Birla (24)
IN000631C043,2026-06-30,6.7911,Aditya Birla,Aditya Birla
IN000631C043,2026-07-31,6.8299,Aditya Birla,Aditya Birla (18)
IN000631C050,2026-06-30,6.79,Kotak,Kotak
IN000631C050,2026-07-31,6.83,Kotak,Kotak (73)
IN000631C050,2026-08-15,6.74,Kotak,Kotak (74)
IN000632C041,2026-06-30,6.9708,Aditya Birla,Aditya Birla
IN000632C041,2026-07-31,6.9809,Aditya Birla,Aditya Birla (17)
IN000635C044,2026-06-30,7.21,HDFC,HDFC
IN000726C017,2026-06-30,5.4749,SBI,SBI; Aditya Birla
IN000728C013,2026-06-30,6.3498,Nippon,Nippon
IN000728C013,2026-07-15,6.3458,Nippon,Nippon
IN000728C013,2026-07-31,6.3908,Nippon,Nippon (2)
IN000728C013,2026-08-15,6.3726,Nippon,Nippon (2)
IN000826C023,2026-06-30,5.3495,SBI,SBI; Aditya Birla; Axis
IN000826C023,2026-07-15,5.3429,SBI,SBI
IN000826C023,2026-07-31,5.4703,SBI,SBI (136); Aditya Birla (50); Axis (10)
IN000826C023,2026-08-15,5.4041,SBI,SBI (136); Axis (10)
IN000826C031,2026-07-31,5.5421,SBI,SBI (15)
IN000827C021,2026-06-30,5.8874,Axis,Axis
IN000827C021,2026-07-31,5.9717,Axis,Axis (16)
IN000827C021,2026-08-15,5.9429,Axis,Axis (16)
IN000827C039,2026-06-30,5.8778,Axis,Axis
IN000827C039,2026-07-31,5.964,Axis,Axis (10)
IN000827C039,2026-08-15,5.9354,Axis,Axis (10)
IN000828C029,2026-06-30,6.3618,Aditya Birla,Aditya Birla
IN000828C029,2026-07-31,6.4116,Aditya Birla,Aditya Birla (28)
IN000829C027,2026-06-30,6.5558,Aditya Birla,Aditya Birla
IN000829C027,2026-07-31,6.7107,Aditya Birla,Aditya Birla (12)
IN000831C023,2026-06-30,6.8127,Aditya Birla,Aditya Birla
IN000831C023,2026-07-31,6.8392,Aditya Birla,Aditya Birla (4)
IN000832C039,2026-06-30,6.9776,Axis,Axis
IN000832C039,2026-07-31,7.0187,Axis,Axis (17)
IN000832C039,2026-08-15,6.9444,Axis,Axis (17)
IN000926C021,2026-06-30,5.373,SBI,SBI
IN000926C021,2026-07-15,5.4637,SBI,SBI
IN000926C021,2026-07-31,5.4312,SBI,SBI (16)
IN000926C021,2026-08-15,5.3866,SBI,SBI (16)
IN000926C047,2026-06-30,5.3711,SBI,SBI; Aditya Birla
IN000926C047,2026-07-15,5.4673,SBI,SBI
IN000926C047,2026-07-31,5.4337,SBI,SBI (106); Aditya Birla (67)
IN000926C047,2026-08-15,5.3846,SBI,SBI (106)
IN000926C054,2026-06-30,5.3743,SBI,SBI; Aditya Birla
IN000926C054,2026-07-15,5.463,SBI,SBI
IN000926C054,2026-07-31,5.4294,SBI,SBI (13); Aditya Birla (41)
IN000926C054,2026-08-15,5.3955,SBI,SBI (13)
IN000926C070,2026-06-30,5.36,HDFC,HDFC
IN000926C070,2026-07-15,5.35,HDFC,HDFC
IN000926C070,2026-07-31,5.43,HDFC,HDFC (3)
IN000926P015,2026-06-30,5.36,HDFC,HDFC
IN000926P015,2026-07-15,5.35,HDFC,HDFC
IN000926P015,2026-07-31,5.43,HDFC,HDFC (80)
IN000927C045,2026-06-30,5.9836,Aditya Birla,Aditya Birla
IN000927C045,2026-07-31,6.0919,Aditya Birla,Aditya Birla (19)
IN000927C052,2026-06-30,5.9796,Aditya Birla,Aditya Birla; Axis
IN000927C052,2026-07-31,6.0887,Aditya Birla,Aditya Birla (10); Axis (23)
IN000927C052,2026-08-15,6.0674,Axis,Axis (23)
IN000928C043,2026-06-30,6.3683,Aditya Birla,Aditya Birla
IN000928C043,2026-07-31,6.4213,Aditya Birla,Aditya Birla (5)
IN000928C050,2026-06-30,6.3666,Aditya Birla,Aditya Birla
IN000928C050,2026-07-31,6.4188,Aditya Birla,Aditya Birla (9)
IN000929C041,2026-06-30,6.56,HDFC,HDFC; SBI
IN000929C041,2026-07-15,6.67,HDFC,HDFC; SBI
IN000929C041,2026-07-31,6.72,HDFC,HDFC (30); SBI (3)
IN000929C041,2026-08-15,6.5817,SBI,SBI (3)
IN001026C011,2026-06-30,5.4058,SBI,SBI
IN001026C011,2026-07-15,5.5059,SBI,SBI
IN001026C011,2026-07-31,5.4376,SBI,SBI (4)
IN001026C011,2026-08-15,5.4439,SBI,SBI (4)
IN001026C037,2026-06-30,5.3978,SBI,SBI
IN001026C037,2026-07-15,5.5007,SBI,SBI
IN001026C037,2026-07-31,5.4305,SBI,SBI (25)
IN001026C037,2026-08-15,5.4418,SBI,SBI (25)
IN001026C045,2026-06-30,5.3838,Aditya Birla,Aditya Birla
IN001026C045,2026-07-31,5.4181,Aditya Birla,Aditya Birla (25)
IN001028C033,2026-06-30,6.3762,Axis,Axis
IN001028C033,2026-07-31,6.4333,Axis,Axis (13)
IN001028C033,2026-08-15,6.4057,Axis,Axis (13)
IN001028C041,2026-06-30,6.3745,Aditya Birla,Aditya Birla
IN001028C041,2026-07-31,6.4307,Aditya Birla,Aditya Birla (22)
IN001029C031,2026-06-30,6.5717,Aditya Birla,Aditya Birla
IN001029C031,2026-07-31,6.7226,Aditya Birla,Aditya Birla (12)
IN001029C049,2026-06-30,6.5699,Nippon,Nippon
IN001029C049,2026-07-15,6.6801,Nippon,Nippon
IN001029C049,2026-07-31,6.7212,Nippon,Nippon (51)
IN001029C049,2026-08-15,6.5875,Nippon,Nippon (51)
IN001030C047,2026-06-30,6.7767,Aditya Birla,Aditya Birla
IN001030C047,2026-07-31,6.8072,Aditya Birla,Aditya Birla (12)
IN001032C043,2026-06-30,6.9766,Axis,Axis
IN001032C043,2026-07-31,7.0221,Axis,Axis (17)
IN001032C043,2026-08-15,6.9568,Axis,Axis (17)
IN001033C041,2026-06-30,7.114,Aditya Birla,Aditya Birla
IN001033C041,2026-07-31,7.1108,Aditya Birla,Aditya Birla (28)
IN001034C049,2026-06-30,7.1714,Aditya Birla,Aditya Birla
IN001034C049,2026-07-31,7.2556,Aditya Birla,Aditya Birla (14)
IN001035C038,2026-06-30,7.22,HDFC,HDFC; Kotak
IN001035C038,2026-07-31,7.29,Kotak,Kotak (16)
IN001035C038,2026-08-15,7.2,Kotak,Kotak (16)
IN001036C036,2026-06-30,7.22,Kotak,Kotak
IN001036C036,2026-07-31,7.31,Kotak,Kotak (15)
IN001036C036,2026-08-15,7.24,Kotak,Kotak (15)
IN001036C044,2026-06-30,7.2166,Aditya Birla,Aditya Birla; Kotak
IN001036C044,2026-07-31,7.312,Aditya Birla,Aditya Birla (32); Kotak (15)
IN001036C044,2026-08-15,7.24,Kotak,Kotak (15)
IN001037C034,2026-06-30,7.24,Kotak,Kotak
IN001037C034,2026-07-31,7.32,Kotak,Kotak (16)
IN001037C034,2026-08-15,7.27,Kotak,Kotak (16)
IN001037C042,2026-06-30,7.2443,Aditya Birla,Aditya Birla
IN001037C042,2026-07-31,7.3233,Aditya Birla,Aditya Birla (46)
IN001038C032,2026-06-30,7.28,Kotak,Kotak
IN001038C032,2026-07-31,7.33,Kotak,Kotak (6)
IN001038C032,2026-08-15,7.28,Kotak,Kotak (7)
IN001039C030,2026-06-30,7.38,Kotak,Kotak
IN001039C030,2026-07-31,7.39,Kotak,Kotak (12)
IN001039C030,2026-08-15,7.34,Kotak,Kotak (12)
IN001039C048,2026-06-30,7.3798,Aditya Birla,Aditya Birla
IN001039C048,2026-07-31,7.3912,Aditya Birla,Aditya Birla (18)
IN001041C036,2026-06-30,7.52,Kotak,Kotak
IN001041C036,2026-07-31,7.52,Kotak,Kotak (2)
IN001041C036,2026-08-15,7.45,Kotak,Kotak (2)
IN001042C042,2026-06-30,7.59,Kotak,Kotak
IN001042C042,2026-07-31,7.62,Kotak,Kotak (9)
IN001043C040,2026-06-30,7.67,Kotak,Kotak
IN001043C040,2026-07-31,7.69,Kotak,Kotak (16)
IN001044C048,2026-06-30,7.74,Kotak,Kotak
IN001044C048,2026-07-31,7.76,Kotak,Kotak (6)
IN001126C027,2026-06-30,5.4802,SBI,SBI
IN001126C027,2026-07-15,5.5532,SBI,SBI
IN001126C027,2026-07-31,5.4956,SBI,SBI (4)
IN001126C027,2026-08-15,5.4489,SBI,SBI (4)
IN001128C023,2026-06-30,6.3795,SBI,SBI
IN001128C023,2026-07-15,6.384,SBI,SBI
IN001128C023,2026-07-31,6.4384,SBI,SBI (3)
IN001128C023,2026-08-15,6.4063,SBI,SBI (3)
IN001134C021,2026-06-30,7.18,Kotak,Kotak
IN001134C021,2026-07-31,7.26,Kotak,Kotak (17)
IN001134C021,2026-08-15,7.16,Kotak,Kotak (18)
IN001135C028,2026-06-30,7.21,HDFC,HDFC; Kotak
IN001135C028,2026-07-31,7.29,Kotak,Kotak (19)
IN001135C028,2026-08-15,7.21,Kotak,Kotak (19)
IN001136C026,2026-06-30,7.22,Kotak,Kotak
IN001136C026,2026-07-31,7.31,Kotak,Kotak (18)
IN001136C026,2026-08-15,7.24,Kotak,Kotak (18)
IN001137C016,2026-06-30,7.24,Kotak,Kotak
IN001137C016,2026-07-31,7.32,Kotak,Kotak (16)
IN001137C016,2026-08-15,7.27,Kotak,Kotak (16)
IN001137C024,2026-06-30,7.24,Kotak,Kotak
IN001137C024,2026-07-31,7.32,Kotak,Kotak (10)
IN001137C024,2026-08-15,7.27,Kotak,Kotak (10)
IN001138C022,2026-06-30,7.28,Kotak,Kotak
IN001138C022,2026-07-31,7.34,Kotak,Kotak (9)
IN001138C022,2026-08-15,7.28,Kotak,Kotak (9)
IN001139C020,2026-06-30,7.39,Kotak,Kotak
IN001139C020,2026-07-31,7.4,Kotak,Kotak (2)
IN001139C020,2026-08-15,7.34,Kotak,Kotak (2)
IN001140C028,2026-06-30,7.47,Kotak,Kotak
IN001140C028,2026-07-31,7.5,Kotak,Kotak (2)
IN001140C028,2026-08-15,7.43,Kotak,Kotak (2)
IN001141C026,2026-06-30,7.53,Kotak,Kotak
IN001142C024,2026-06-30,7.59,Kotak,Kotak
IN001142C024,2026-07-31,7.63,Kotak,Kotak (2)
IN001143C022,2026-06-30,7.68,Kotak,Kotak
IN001143C022,2026-07-31,7.7,Kotak,Kotak (2)
IN001144C020,2026-06-30,7.74,Kotak,Kotak
IN001144C020,2026-07-31,7.77,Kotak,Kotak (1)
IN001226C033,2026-06-30,5.5,HDFC,HDFC; SBI; Kotak
IN001226C033,2026-07-15,5.59,HDFC,HDFC; SBI
IN001226C033,2026-07-31,5.55,HDFC,HDFC (5); SBI (52); Kotak (25)
IN001226C033,2026-08-15,5.5522,SBI,SBI (52); Kotak (25)
IN001226C041,2026-06-30,5.4997,SBI,SBI; Aditya Birla
IN001226C041,2026-07-15,5.5846,SBI,SBI
IN001226C041,2026-07-31,5.5474,SBI,SBI (27); Aditya Birla (10)
IN001226C041,2026-08-15,5.5396,SBI,SBI (27)
IN001226C058,2026-06-30,5.4997,SBI,SBI; Aditya Birla
IN001226C058,2026-07-15,5.5867,SBI,SBI
IN001226C058,2026-07-31,5.5499,SBI,SBI (62); Aditya Birla (56)
IN001226C058,2026-08-15,5.5471,SBI,SBI (63)
IN001226C066,2026-06-30,5.4997,SBI,SBI
IN001226C066,2026-07-15,5.5995,SBI,SBI
IN001226C066,2026-07-31,5.5565,SBI,SBI (5)
IN001226C066,2026-08-15,5.5615,SBI,SBI (5)
IN001226C074,2026-06-30,5.4997,SBI,SBI; Aditya Birla
IN001226C074,2026-07-15,5.5874,SBI,SBI
IN001226C074,2026-07-31,5.5507,SBI,SBI (65); Aditya Birla (78)
IN001226C074,2026-08-15,5.5496,SBI,SBI (65)
IN001226C082,2026-06-30,5.4997,SBI,SBI
IN001226C082,2026-07-15,5.5768,SBI,SBI
IN001226C082,2026-07-31,5.5371,SBI,SBI (10)
IN001226C082,2026-08-15,5.5121,SBI,SBI (10)
IN001226C090,2026-06-30,5.4997,SBI,SBI; Aditya Birla
IN001226C090,2026-07-15,5.5926,SBI,SBI
IN001226C090,2026-07-31,5.5533,SBI,SBI (16); Aditya Birla (10)
IN001226C090,2026-08-15,5.5553,SBI,SBI (16)
IN001227C031,2026-06-30,6.13,HDFC,HDFC; Aditya Birla
IN001227C031,2026-07-15,6.19,HDFC,HDFC
IN001227C031,2026-07-31,6.17,HDFC,HDFC (5); Aditya Birla (0)
IN001227C049,2026-06-30,6.1303,Aditya Birla,Aditya Birla
IN001227C049,2026-07-31,6.163,Aditya Birla,Aditya Birla (9)
IN001227C056,2026-06-30,6.04,UTI,UTI
IN001227C056,2026-07-31,6.08,UTI,UTI (6)
IN001228C039,2026-06-30,6.3894,SBI,SBI
IN001228C039,2026-07-15,6.3956,SBI,SBI
IN001228C039,2026-07-31,6.4532,SBI,SBI (2)
IN001228C039,2026-08-15,6.4079,SBI,SBI (2)
IN001228C047,2026-06-30,6.3882,SBI,SBI
IN001228C047,2026-07-15,6.3942,SBI,SBI
IN001228C047,2026-07-31,6.4514,SBI,SBI (3)
IN001228C047,2026-08-15,6.4077,SBI,SBI (3)
IN001228C054,2026-06-30,6.3889,Aditya Birla,Aditya Birla
IN001228C054,2026-07-31,6.4525,Aditya Birla,Aditya Birla (9)
IN001228C070,2026-06-30,6.3891,SBI,SBI; Aditya Birla
IN001228C070,2026-07-15,6.3953,SBI,SBI
IN001228C070,2026-07-31,6.4528,SBI,SBI (7); Aditya Birla (9)
IN001228C070,2026-08-15,6.4078,SBI,SBI (7)
IN001228C096,2026-06-30,6.3899,SBI,SBI
IN001228C096,2026-07-15,6.3961,SBI,SBI
IN001228C096,2026-07-31,6.4539,SBI,SBI (2)
IN001228C096,2026-08-15,6.4079,SBI,SBI (2)
IN001229C052,2026-06-30,6.6314,SBI,SBI; Aditya Birla
IN001229C052,2026-07-15,6.7165,SBI,SBI
IN001229C052,2026-07-31,6.7523,SBI,SBI (1); Aditya Birla (4)
IN001229C052,2026-08-15,6.6248,SBI,SBI (1)
IN001229C078,2026-06-30,6.6316,Aditya Birla,Aditya Birla
IN001229C078,2026-07-31,6.7526,Aditya Birla,Aditya Birla (8)
IN001231C041,2026-06-30,6.8915,Aditya Birla,Aditya Birla
IN001231C041,2026-07-31,6.8653,Aditya Birla,Aditya Birla (18)
IN001232C031,2026-06-30,6.9757,Aditya Birla,Aditya Birla
IN001232C031,2026-07-31,7.0251,Aditya Birla,Aditya Birla (0)
IN001232C049,2026-06-30,6.9758,Aditya Birla,Aditya Birla
IN001232C049,2026-07-31,7.0248,Aditya Birla,Aditya Birla (16)
IN001235C042,2026-06-30,7.21,HDFC,HDFC
IN0020020106,2026-06-30,6.75,HDFC,HDFC; Nippon
IN0020020106,2026-07-15,6.74,HDFC,HDFC; Nippon
IN0020020106,2026-07-31,6.73,HDFC,HDFC (15); Nippon (107)
IN0020020106,2026-08-15,6.6744,Nippon,Nippon (107)
IN0020020247,2026-06-30,6.092,Aditya Birla,Aditya Birla
IN0020020247,2026-07-31,6.1415,Aditya Birla,Aditya Birla (1)
IN0020040039,2026-06-30,6.88,HDFC,HDFC
IN0020040039,2026-07-15,6.87,HDFC,HDFC
IN0020040039,2026-07-31,6.91,HDFC,HDFC (5)
IN0020050012,2026-06-30,6.8852,Nippon,Nippon
IN0020050012,2026-07-15,6.8967,Nippon,Nippon
IN0020050012,2026-07-31,6.9446,Nippon,Nippon (2)
IN0020050012,2026-08-15,6.8552,Nippon,Nippon (2)
IN0020060029,2026-06-30,6.0431,Nippon,Nippon
IN0020060029,2026-07-15,6.1802,Nippon,Nippon
IN0020060029,2026-07-31,6.1692,Nippon,Nippon (76)
IN0020060029,2026-08-15,6.0477,Nippon,Nippon (76)
IN0020060045,2026-06-30,6.9161,Aditya Birla,Aditya Birla; Nippon
IN0020060045,2026-07-15,6.9725,Nippon,Nippon
IN0020060045,2026-07-31,7.0284,Aditya Birla,Aditya Birla (0); Nippon (4)
IN0020060045,2026-08-15,6.9627,Nippon,Nippon (4)
IN0020060078,2026-06-30,5.6661,Aditya Birla,Aditya Birla; Nippon
IN0020060078,2026-07-15,5.931,Nippon,Nippon
IN0020060078,2026-07-31,5.8632,Aditya Birla,Aditya Birla (85); Nippon (56); Tata (25)
IN0020060078,2026-08-15,5.6237,Nippon,Nippon (55); Tata (25)
IN0020070036,2026-06-30,5.809,Nippon,Nippon
IN0020070036,2026-07-15,5.9894,Nippon,Nippon
IN0020070036,2026-07-31,5.911,Nippon,Nippon (16)
IN0020070036,2026-08-15,5.8338,Nippon,Nippon (16)
IN0020070044,2026-06-30,6.67,HDFC,HDFC; Aditya Birla
IN0020070044,2026-07-15,6.71,HDFC,HDFC
IN0020070044,2026-07-31,6.75,HDFC,HDFC (0); Aditya Birla (0)
IN0020070069,2026-06-30,5.8854,SBI,SBI; Aditya Birla; Nippon
IN0020070069,2026-07-15,5.9388,SBI,SBI; Nippon
IN0020070069,2026-07-31,5.8946,SBI,SBI (1); Aditya Birla (50); Nippon (48)
IN0020070069,2026-08-15,5.8427,SBI,SBI (1); Nippon (48)
IN0020080050,2026-06-30,7.0255,Aditya Birla,Aditya Birla; Nippon
IN0020080050,2026-07-15,7.0495,Nippon,Nippon
IN0020080050,2026-07-31,6.9986,Aditya Birla,Aditya Birla (3); Nippon (75)
IN0020080050,2026-08-15,7.0115,Nippon,Nippon (25)
IN0020110055,2026-06-30,6.53,HDFC,HDFC; ICICI Pru; Axis; Nippon
IN0020110055,2026-07-15,6.52,HDFC,HDFC; ICICI Pru; Nippon
IN0020110055,2026-07-31,6.57,HDFC,HDFC (36); ICICI Pru (533); Axis (0); Nippon (164)
IN0020110055,2026-08-15,6.46,ICICI Pru,ICICI Pru (535); Axis (0); Nippon (165)
IN0020110063,2026-06-30,7.2894,Nippon,Nippon
IN0020110063,2026-07-15,7.3182,Nippon,Nippon
IN0020110063,2026-07-31,7.2721,Nippon,Nippon (4)
IN0020110063,2026-08-15,7.2088,Nippon,Nippon (4)
IN0020120039,2026-06-30,5.26,HDFC,HDFC; SBI; Aditya Birla
IN0020120062,2026-06-30,7.2907,Nippon,Nippon
IN0020120062,2026-07-15,7.3604,Nippon,Nippon
IN0020120062,2026-07-31,7.3426,Nippon,Nippon (11)
IN0020120062,2026-08-15,7.2489,Nippon,Nippon (11)
IN0020130053,2026-06-30,6.6,ICICI Pru,ICICI Pru; Axis
IN0020130053,2026-07-15,6.65,ICICI Pru,ICICI Pru
IN0020130053,2026-07-31,6.56,ICICI Pru,ICICI Pru (201); Axis (5)
IN0020130053,2026-08-15,6.49,ICICI Pru,ICICI Pru (201); Axis (6)
IN0020130079,2026-06-30,7.3552,Nippon,Nippon
IN0020130079,2026-07-15,7.4048,Nippon,Nippon
IN0020130079,2026-07-31,7.4135,Nippon,Nippon (589)
IN0020130079,2026-08-15,7.3074,Nippon,Nippon (618)
IN0020140011,2026-06-30,6.1307,Aditya Birla,Aditya Birla; Axis; Nippon
IN0020140011,2026-07-15,6.112,Nippon,Nippon
IN0020140011,2026-07-31,6.0982,Axis,Axis (1); Nippon (24)
IN0020140011,2026-08-15,6.0757,Axis,Axis (1); Nippon (24)
IN0020140060,2026-06-30,5.44,HDFC,HDFC; Aditya Birla; Axis
IN0020140060,2026-07-15,5.48,HDFC,HDFC
IN0020140060,2026-07-31,5.4,HDFC,HDFC (98); Aditya Birla (16); Axis (2); Tata (56)
IN0020140060,2026-08-15,5.3673,Axis,Axis (2); Tata (56)
IN0020140078,2026-06-30,7.3642,Aditya Birla,Aditya Birla; Nippon
IN0020140078,2026-07-15,7.4139,Nippon,Nippon
IN0020140078,2026-07-31,7.4229,Aditya Birla,Aditya Birla (1); Nippon (464)
IN0020140078,2026-08-15,7.3291,Nippon,Nippon (468)
IN0020150028,2026-06-30,6.5,ICICI Pru,ICICI Pru; Aditya Birla; Axis
IN0020150028,2026-07-15,6.51,ICICI Pru,ICICI Pru
IN0020150028,2026-07-31,6.53,ICICI Pru,ICICI Pru (25); Aditya Birla (0); Axis (2)
IN0020150028,2026-08-15,6.43,ICICI Pru,ICICI Pru (25); Axis (2)
IN0020150044,2026-06-30,7.336,Nippon,Nippon
IN0020150044,2026-07-15,7.4111,Nippon,Nippon
IN0020150044,2026-07-31,7.4229,Nippon,"Nippon (1,096)"
IN0020150044,2026-08-15,7.3125,Nippon,"Nippon (1,108)"
IN0020150051,2026-06-30,6.8451,Nippon,Nippon
IN0020150051,2026-07-15,6.8162,Nippon,Nippon
IN0020150051,2026-07-31,6.912,Nippon,Nippon (9)
IN0020150051,2026-08-15,6.8156,Nippon,Nippon (9)
IN0020150069,2026-06-30,6.26,HDFC,HDFC; SBI; Aditya Birla; Axis; Nippon
IN0020150069,2026-07-15,6.31,HDFC,HDFC; SBI; Nippon
IN0020150069,2026-07-31,6.39,HDFC,HDFC (32); SBI (5); Aditya Birla (32); Axis (1); Nippon (7)
IN0020150069,2026-08-15,6.2635,SBI,SBI (5); Axis (1); Nippon (7)
IN0020160019,2026-06-30,6.51,ICICI Pru,ICICI Pru; Nippon
IN0020160019,2026-07-15,6.52,ICICI Pru,ICICI Pru; Nippon
IN0020160019,2026-07-31,6.57,ICICI Pru,ICICI Pru (7); Nippon (2)
IN0020160019,2026-08-15,6.45,ICICI Pru,ICICI Pru (7); Nippon (2)
IN0020160035,2026-06-30,5.25,HDFC,HDFC; SBI; ICICI Pru; Aditya Birla; Nippon; Kotak; UTI
IN0020160035,2026-07-15,5.21,HDFC,HDFC; SBI; ICICI Pru; Nippon
IN0020160035,2026-07-31,5.33,HDFC,"HDFC (4,218); SBI (100); ICICI Pru (771); Aditya Birla (861); Nippon (265); Kotak (300); UTI (50); Tata (245)"
IN0020160035,2026-08-15,5.135,SBI,SBI (100); ICICI Pru (771); Nippon (265); Kotak (300); Tata (245)
IN0020160068,2026-06-30,7.4073,Nippon,Nippon
IN0020160068,2026-07-15,7.4368,Nippon,Nippon
IN0020160068,2026-07-31,7.4451,Nippon,Nippon (796)
IN0020160068,2026-08-15,7.3198,Nippon,Nippon (801)
IN0020160092,2026-06-30,7.44,HDFC,HDFC; Nippon
IN0020160092,2026-07-15,7.46,HDFC,HDFC; Nippon
IN0020160092,2026-07-31,7.62,HDFC,"HDFC (77); Nippon (1,347)"
IN0020160092,2026-08-15,7.49,Nippon,"Nippon (1,344)"
IN0020160100,2026-06-30,6.8071,Aditya Birla,Aditya Birla
IN0020160100,2026-07-31,6.8227,Aditya Birla,Aditya Birla (4)
IN0020160100,2026-08-15,6.7371,Nippon,Nippon (25)
IN0020160118,2026-06-30,6.3958,SBI,SBI; Aditya Birla; Axis; Nippon
IN0020160118,2026-07-15,6.46,HDFC,HDFC; SBI; Nippon
IN0020160118,2026-07-31,6.5,HDFC,HDFC (0); SBI (5); Aditya Birla (10); Axis (1); Nippon (3); Tata (61)
IN0020160118,2026-08-15,6.3502,SBI,SBI (5); Axis (1); Nippon (3); Tata (61)
IN0020170026,2026-06-30,5.81,HDFC,HDFC; SBI; Aditya Birla; Axis; Nippon; UTI
IN0020170026,2026-07-15,5.85,HDFC,HDFC; SBI; Nippon
IN0020170026,2026-07-31,5.8,HDFC,HDFC (118); SBI (504); Aditya Birla (115); Axis (2); Nippon (100); UTI (50)
IN0020170026,2026-08-15,5.7978,SBI,SBI (196); Axis (2); Nippon (100)
IN0020170042,2026-06-30,6.58,HDFC,HDFC; Nippon
IN0020170042,2026-07-15,6.64,HDFC,HDFC; Nippon
IN0020170042,2026-07-31,6.61,HDFC,HDFC (50); Nippon (2); Tata (2)
IN0020170042,2026-08-15,6.4765,Nippon,Nippon (2); Tata (2)
IN0020170174,2026-06-30,5.9645,Aditya Birla,Aditya Birla; Nippon
IN0020170174,2026-07-15,6.0407,Nippon,Nippon
IN0020170174,2026-07-31,6.0411,Aditya Birla,Aditya Birla (18); Nippon (52)
IN0020170174,2026-08-15,6.0125,Nippon,Nippon (52)
IN0020180041,2026-06-30,6.14,HDFC,HDFC; SBI; ICICI Pru
IN0020180041,2026-07-15,6.16,HDFC,HDFC; SBI; ICICI Pru
IN0020180041,2026-07-31,6.16,HDFC,"HDFC (1,576); SBI (26); ICICI Pru (929)"
IN0020180041,2026-08-15,6.11,ICICI Pru,SBI (26); ICICI Pru (930)
IN0020180454,2026-06-30,6.2518,Aditya Birla,Aditya Birla; Axis; Nippon
IN0020180454,2026-07-15,6.3418,Nippon,Nippon
IN0020180454,2026-07-31,6.3041,Aditya Birla,Aditya Birla (2); Axis (3); Nippon (4)
IN0020180454,2026-08-15,6.2011,Axis,Axis (3); Nippon (4)
IN0020190032,2026-06-30,7.4533,Nippon,Nippon
IN0020190032,2026-07-15,7.4445,Nippon,Nippon
IN0020190032,2026-07-31,7.5674,Nippon,Nippon (5)
IN0020190032,2026-08-15,7.4349,Nippon,Nippon (5)
IN0020190040,2026-06-30,7.3457,Nippon,Nippon
IN0020190040,2026-07-15,7.3953,Nippon,Nippon
IN0020190040,2026-07-31,7.4094,Nippon,Nippon (16); Tata (1)
IN0020190040,2026-08-15,7.3157,Nippon,Nippon (16); Tata (1)
IN0020190065,2026-06-30,6.82,HDFC,HDFC; Aditya Birla; Axis
IN0020190065,2026-07-15,6.8,HDFC,HDFC
IN0020190065,2026-07-31,6.81,HDFC,HDFC (8); Aditya Birla (8); Axis (3)
IN0020190065,2026-08-15,6.7217,Axis,Axis (3)
IN0020200054,2026-06-30,7.42,HDFC,HDFC; Nippon
IN0020200054,2026-07-15,7.44,HDFC,HDFC; Nippon
IN0020200054,2026-07-31,7.57,HDFC,HDFC (48); Nippon (89)
IN0020200054,2026-08-15,7.4901,Nippon,Nippon (90)
IN0020200070,2026-06-30,6.47,HDFC,HDFC; ICICI Pru; Axis
IN0020200070,2026-07-15,6.52,HDFC,HDFC; ICICI Pru
IN0020200070,2026-07-31,6.52,HDFC,HDFC (17); ICICI Pru (0); Axis (5)
IN0020200070,2026-08-15,6.44,ICICI Pru,ICICI Pru (0); Axis (5)
IN0020200096,2026-06-30,6.85,HDFC,HDFC; Axis
IN0020200096,2026-07-15,6.8,HDFC,HDFC
IN0020200096,2026-07-31,6.88,HDFC,HDFC (22); Axis (1)
IN0020200096,2026-08-15,6.7921,Axis,Axis (1)
IN0020200120,2026-06-30,6.22,HDFC,HDFC; SBI; ICICI Pru; Aditya Birla; Axis; Nippon; Kotak; UTI
IN0020200120,2026-07-15,6.24,HDFC,HDFC; SBI; ICICI Pru; Nippon
IN0020200120,2026-07-31,6.23,HDFC,"HDFC (520); SBI (203); ICICI Pru (1,449); Aditya Birla (939); Axis (17); Nippon (73); Kotak (2); UTI (1)"
IN0020200120,2026-08-15,6.14,ICICI Pru,"SBI (203); ICICI Pru (1,449); Axis (12); Nippon (73); Kotak (2)"
IN0020200153,2026-06-30,6.49,HDFC,HDFC; ICICI Pru
IN0020200153,2026-07-15,6.52,HDFC,HDFC; ICICI Pru
IN0020200153,2026-07-31,6.52,HDFC,HDFC (23); ICICI Pru (19)
IN0020200153,2026-08-15,6.46,ICICI Pru,ICICI Pru (19)
IN0020200187,2026-06-30,7.5462,Nippon,Nippon
IN0020200187,2026-07-15,7.6249,Nippon,Nippon
IN0020200187,2026-07-31,7.7135,Nippon,Nippon (54)
IN0020200187,2026-08-15,7.59,Nippon,Nippon (55)
IN0020200252,2026-06-30,7.43,HDFC,HDFC; Aditya Birla; Nippon; Kotak
IN0020200252,2026-07-15,7.47,HDFC,HDFC; Nippon
IN0020200252,2026-07-31,7.56,HDFC,HDFC (69); Aditya Birla (3); Nippon (549); Kotak (0)
IN0020200252,2026-08-15,7.4271,Nippon,Nippon (556); Kotak (0)
IN0020200294,2026-06-30,6.48,HDFC,HDFC; ICICI Pru
IN0020200294,2026-07-15,6.55,HDFC,HDFC; ICICI Pru
IN0020200294,2026-07-31,6.51,HDFC,HDFC (3); ICICI Pru (10)
IN0020200294,2026-08-15,6.44,ICICI Pru,ICICI Pru (10)
IN0020200401,2026-06-30,7.56,HDFC,HDFC; Aditya Birla
IN0020200401,2026-07-15,7.61,HDFC,HDFC
IN0020200401,2026-07-31,7.71,HDFC,HDFC (0); Aditya Birla (27)
IN0020210020,2026-06-30,6.9,HDFC,HDFC; ICICI Pru; Axis; Nippon
IN0020210020,2026-07-15,6.89,HDFC,HDFC; ICICI Pru; Nippon
IN0020210020,2026-07-31,6.93,HDFC,HDFC (10); ICICI Pru (128); Axis (4); Nippon (1)
IN0020210020,2026-08-15,6.88,ICICI Pru,ICICI Pru (64); Axis (4); Nippon (1)
IN0020210095,2026-06-30,6.59,HDFC,HDFC; SBI; Aditya Birla; Axis
IN0020210095,2026-07-15,6.57,HDFC,HDFC; SBI
IN0020210095,2026-07-31,6.53,HDFC,HDFC (549); SBI (13); Aditya Birla (1); Axis (2)
IN0020210095,2026-08-15,6.4516,SBI,SBI (16); Axis (2)
IN0020210137,2026-06-30,6.14,HDFC,HDFC; ICICI Pru; Aditya Birla; Nippon
IN0020210137,2026-07-15,6.14,HDFC,HDFC; ICICI Pru; Nippon
IN0020210137,2026-07-31,6.15,HDFC,HDFC (641); ICICI Pru (418); Aditya Birla (299); Nippon (113)
IN0020210137,2026-08-15,6.12,ICICI Pru,ICICI Pru (419); Nippon (113)
IN0020210152,2026-06-30,6.88,HDFC,HDFC; ICICI Pru; Axis; Nippon
IN0020210152,2026-07-15,6.9,HDFC,HDFC; ICICI Pru; Nippon
IN0020210152,2026-07-31,6.93,HDFC,HDFC (302); ICICI Pru (15); Axis (4); Nippon (102)
IN0020210152,2026-08-15,6.8625,Axis,Axis (4); Nippon (103)
IN0020210160,2026-06-30,5.8,HDFC,HDFC; ICICI Pru; Aditya Birla; Axis; Nippon; Kotak; UTI
IN0020210160,2026-07-15,5.84,HDFC,HDFC; ICICI Pru; Nippon
IN0020210160,2026-07-31,5.83,HDFC,HDFC (982); ICICI Pru (310); Aditya Birla (104); Axis (176); Nippon (1); Kotak (126); UTI (101)
IN0020210160,2026-08-15,5.86,ICICI Pru,ICICI Pru (310); Axis (176); Nippon (1); Kotak (50)
IN0020210186,2026-06-30,5.49,HDFC,HDFC; SBI; Aditya Birla; Axis; UTI
IN0020210186,2026-07-15,5.5,HDFC,HDFC; SBI
IN0020210186,2026-07-31,5.41,HDFC,HDFC (667); SBI (45); Aditya Birla (4); Axis (6); UTI (280); Tata (16)
IN0020210186,2026-08-15,5.2973,SBI,SBI (45); Axis (6); Tata (15)
IN0020210194,2026-06-30,7.41,HDFC,HDFC; Nippon
IN0020210194,2026-07-15,7.46,HDFC,HDFC; Nippon
IN0020210194,2026-07-31,7.58,HDFC,"HDFC (179); Nippon (1,091)"
IN0020210194,2026-08-15,7.4544,Nippon,"Nippon (1,106)"
IN0020210202,2026-06-30,7.56,HDFC,HDFC
IN0020210202,2026-07-15,7.64,HDFC,HDFC
IN0020210202,2026-07-31,7.71,HDFC,HDFC (32)
IN0020210244,2026-06-30,6.63,HDFC,HDFC; Aditya Birla; Nippon; UTI
IN0020210244,2026-07-15,6.64,HDFC,HDFC; Nippon
IN0020210244,2026-07-31,6.65,HDFC,HDFC (21); Aditya Birla (18); Nippon (10); UTI (2)
IN0020210244,2026-08-15,6.5423,Nippon,Nippon (10)
IN0020220011,2026-06-30,6.21,HDFC,HDFC; SBI; Aditya Birla; Axis; Nippon
IN0020220011,2026-07-15,6.29,HDFC,HDFC; SBI; Nippon
IN0020220011,2026-07-31,6.35,HDFC,"HDFC (121); SBI (1,891); Aditya Birla (511); Axis (5); Nippon (83); Tata (69)"
IN0020220011,2026-08-15,6.263,SBI,"SBI (1,894); Axis (5); Nippon (83); Tata (69)"
IN0020220029,2026-06-30,6.93,HDFC,HDFC; SBI; Aditya Birla; Nippon
IN0020220029,2026-07-15,6.94,HDFC,HDFC; SBI; Nippon
IN0020220029,2026-07-31,6.99,HDFC,"HDFC (760); SBI (2,566); Aditya Birla (63); Nippon (577)"
IN0020220029,2026-08-15,6.873,SBI,"SBI (2,558); Nippon (581)"
IN0020220037,2026-06-30,5.74,HDFC,HDFC; SBI; Aditya Birla; Axis; Nippon; UTI
IN0020220037,2026-07-15,5.87,HDFC,HDFC; SBI; Nippon
IN0020220037,2026-07-31,5.84,HDFC,HDFC (490); SBI (122); Aditya Birla (40); Axis (20); Nippon (281); UTI (51); Tata (20)
IN0020220037,2026-08-15,5.8069,SBI,SBI (122); Axis (20); Nippon (281); Tata (20)
IN0020220060,2026-06-30,6.7,HDFC,HDFC; Axis; Nippon; UTI
IN0020220060,2026-07-15,6.7,HDFC,HDFC; Nippon
IN0020220060,2026-07-31,6.71,HDFC,HDFC (574); Axis (45); Nippon (52); UTI (4)
IN0020220060,2026-08-15,6.602,Axis,Axis (45); Nippon (52)
IN0020220086,2026-06-30,7.42,HDFC,HDFC; Axis
IN0020220086,2026-07-15,7.54,HDFC,HDFC
IN0020220086,2026-07-31,7.59,HDFC,HDFC (537); Axis (47); Tata (10)
IN0020220086,2026-08-15,7.51,Axis,Axis (48); Tata (10)
IN0020220102,2026-06-30,6.9,HDFC,HDFC; ICICI Pru; Aditya Birla
IN0020220102,2026-07-15,6.92,HDFC,HDFC; ICICI Pru
IN0020220102,2026-07-31,6.98,HDFC,HDFC (36); ICICI Pru (16); Aditya Birla (62)
IN0020220102,2026-08-15,6.91,ICICI Pru,ICICI Pru (16)
IN0020220136,2026-06-30,6.12,HDFC,HDFC
IN0020220151,2026-06-30,6.75,HDFC,HDFC; ICICI Pru; Aditya Birla; Axis; Nippon; Kotak
IN0020220151,2026-07-15,6.75,HDFC,HDFC; ICICI Pru; Nippon
IN0020220151,2026-07-31,6.77,HDFC,HDFC (284); ICICI Pru (0); Aditya Birla (33); Axis (17); Nippon (5); Kotak (1)
IN0020220151,2026-08-15,6.68,ICICI Pru,ICICI Pru (0); Axis (17); Nippon (5); Kotak (1)
IN0020230010,2026-06-30,6.0759,Aditya Birla,Aditya Birla; Axis; Nippon; UTI
IN0020230010,2026-07-15,6.0948,Nippon,Nippon
IN0020230010,2026-07-31,6.1053,Aditya Birla,Aditya Birla (116); Axis (121); Nippon (38); UTI (127)
IN0020230010,2026-08-15,6.0298,Axis,Axis (121); Nippon (38)
IN0020230036,2026-06-30,6.4366,SBI,SBI; Aditya Birla; Axis; Nippon; Kotak
IN0020230036,2026-07-15,6.5103,SBI,SBI; Nippon
IN0020230036,2026-07-31,6.49,SBI,SBI (155); Aditya Birla (162); Axis (8); Nippon (128); Kotak (5); Tata (31)
IN0020230036,2026-08-15,6.4134,SBI,SBI (155); Axis (8); Nippon (128); Kotak (5); Tata (31)
IN0020230044,2026-06-30,7.57,HDFC,HDFC; Aditya Birla; Axis; Nippon; Kotak
IN0020230044,2026-07-15,7.66,HDFC,HDFC; Nippon
IN0020230044,2026-07-31,7.71,HDFC,HDFC (192); Aditya Birla (43); Axis (43); Nippon (101); Kotak (110)
IN0020230044,2026-08-15,7.6042,Axis,Axis (44); Nippon (97); Kotak (112)
IN0020230051,2026-06-30,7.44,HDFC,HDFC; Aditya Birla; Axis; Nippon; Kotak; UTI
IN0020230051,2026-07-15,7.53,HDFC,HDFC; Nippon
IN0020230051,2026-07-31,7.63,HDFC,"HDFC (1,272); Aditya Birla (205); Axis (195); Nippon (68); Kotak (77); UTI (0)"
IN0020230051,2026-08-15,7.497,Axis,Axis (292); Nippon (69); Kotak (78)
IN0020230077,2026-06-30,6.92,HDFC,HDFC; SBI; ICICI Pru; Axis; UTI
IN0020230077,2026-07-15,6.93,HDFC,HDFC; SBI; ICICI Pru
IN0020230077,2026-07-31,6.97,HDFC,HDFC (349); SBI (246); ICICI Pru (2); Axis (31); UTI (880)
IN0020230077,2026-08-15,6.9139,SBI,SBI (247); ICICI Pru (2); Axis (31)
IN0020230085,2026-06-30,6.75,HDFC,HDFC; SBI; Axis; UTI
IN0020230085,2026-07-15,6.8,HDFC,HDFC; SBI
IN0020230085,2026-07-31,6.79,HDFC,HDFC (288); SBI (10); Axis (70); UTI (68); Tata (51)
IN0020230085,2026-08-15,6.712,SBI,SBI (10); Axis (70); Tata (52)
IN0020230101,2026-06-30,6.1008,Aditya Birla,Aditya Birla; Axis; Nippon; UTI
IN0020230101,2026-07-15,6.0743,Nippon,Nippon
IN0020230101,2026-07-31,6.2126,Aditya Birla,Aditya Birla (2); Axis (5); Nippon (82); UTI (26)
IN0020230101,2026-08-15,6.0761,Axis,Axis (5); Nippon (82)
IN0020230119,2026-06-30,5.38,ICICI Pru,ICICI Pru
IN0020230119,2026-07-15,5.43,ICICI Pru,ICICI Pru
IN0020230119,2026-07-31,5.38,ICICI Pru,ICICI Pru (0)
IN0020230119,2026-08-15,5.31,ICICI Pru,ICICI Pru (0)
IN0020230127,2026-06-30,7.5942,Aditya Birla,Aditya Birla; Axis
IN0020230127,2026-07-31,7.734,Aditya Birla,Aditya Birla (44); Axis (5)
IN0020230127,2026-08-15,7.602,Axis,Axis (5)
IN0020230135,2026-06-30,6.5148,Aditya Birla,Aditya Birla; Axis; Nippon; UTI
IN0020230135,2026-07-15,6.5473,Nippon,Nippon
IN0020230135,2026-07-31,6.5119,Aditya Birla,Aditya Birla (16); Axis (9); Nippon (164); UTI (630); Tata (103)
IN0020230135,2026-08-15,6.4623,Axis,Axis (4); Nippon (164); Tata (104)
IN0020230150,2026-06-30,6.78,HDFC,HDFC
IN0020240019,2026-06-30,6.82,HDFC,HDFC; Aditya Birla; Axis; Nippon; Kotak; UTI
IN0020240019,2026-07-15,6.84,HDFC,HDFC; Nippon
IN0020240019,2026-07-31,6.86,HDFC,HDFC (47); Aditya Birla (24); Axis (39); Nippon (5); Kotak (1); UTI (220); Tata (26)
IN0020240019,2026-08-15,6.8011,Axis,Axis (39); Nippon (5); Kotak (1); Tata (26)
IN0020240027,2026-06-30,7.02,HDFC,HDFC; Aditya Birla; Axis; UTI
IN0020240027,2026-07-15,7.04,HDFC,HDFC
IN0020240027,2026-07-31,7.04,HDFC,HDFC (374); Aditya Birla (26); Axis (4); UTI (1)
IN0020240027,2026-08-15,6.97,Axis,Axis (4)
IN0020240035,2026-06-30,7.57,HDFC,HDFC; ICICI Pru; Aditya Birla; Axis; Nippon; Kotak; UTI
IN0020240035,2026-07-15,7.66,HDFC,HDFC; ICICI Pru; Nippon
IN0020240035,2026-07-31,7.73,HDFC,"HDFC (875); ICICI Pru (2,964); Aditya Birla (1,233); Axis (82); Nippon (187); Kotak (1); UTI (75); Tata (0)"
IN0020240035,2026-08-15,7.6,ICICI Pru,"ICICI Pru (2,961); Axis (83); Nippon (190); Kotak (1); Tata (0)"
IN0020240043,2026-06-30,5.8299,Aditya Birla,Aditya Birla
IN0020240043,2026-07-31,5.8459,Aditya Birla,Aditya Birla (13)
IN0020240050,2026-06-30,6.2429,Aditya Birla,Aditya Birla; Axis; Nippon; UTI
IN0020240050,2026-07-15,6.3511,Nippon,Nippon
IN0020240050,2026-07-31,6.3758,Aditya Birla,Aditya Birla (7); Axis (5); Nippon (4); UTI (101)
IN0020240050,2026-08-15,6.2649,Axis,Axis (5); Nippon (4)
IN0020240076,2026-06-30,6.56,HDFC,HDFC; SBI; Aditya Birla; Nippon; Kotak; UTI
IN0020240076,2026-07-15,6.57,HDFC,HDFC; SBI; Nippon
IN0020240076,2026-07-31,6.53,HDFC,HDFC (26); SBI (6); Aditya Birla (5); Nippon (77); Kotak (2)
IN0020240076,2026-08-15,6.4535,SBI,SBI (6); Nippon (77); Kotak (2)
IN0020240118,2026-06-30,7.44,HDFC,HDFC; ICICI Pru; Aditya Birla; Axis; Nippon; Kotak; UTI
IN0020240118,2026-07-15,7.55,HDFC,HDFC; ICICI Pru; Nippon
IN0020240118,2026-07-31,7.58,HDFC,HDFC (786); ICICI Pru (791); Aditya Birla (77); Axis (86); Nippon (38); Kotak (134); UTI (10); Tata (120)
IN0020240118,2026-08-15,7.5,ICICI Pru,ICICI Pru (798); Axis (87); Nippon (39); Kotak (135); Tata (48)
IN0020240126,2026-06-30,6.83,HDFC,HDFC; SBI; ICICI Pru; Aditya Birla; Axis; Nippon; UTI
IN0020240126,2026-07-15,6.8,HDFC,HDFC; SBI; ICICI Pru; Nippon
IN0020240126,2026-07-31,6.89,HDFC,HDFC (40); SBI (105); ICICI Pru (5); Aditya Birla (120); Axis (29); Nippon (10); UTI (25); Tata (35)
IN0020240126,2026-08-15,6.7948,SBI,SBI (106); ICICI Pru (5); Axis (29); Nippon (10); Tata (35)
IN0020240134,2026-06-30,7.02,HDFC,HDFC; ICICI Pru; Aditya Birla; Axis; UTI
IN0020240134,2026-07-15,7.03,HDFC,HDFC; ICICI Pru
IN0020240134,2026-07-31,7.06,HDFC,HDFC (105); ICICI Pru (0); Aditya Birla (7); Axis (5); UTI (50)
IN0020240134,2026-08-15,6.97,ICICI Pru,ICICI Pru (0); Axis (5)
IN0020240142,2026-06-30,7.63,HDFC,HDFC; SBI; ICICI Pru; Aditya Birla; Axis; Kotak
IN0020240142,2026-07-15,7.66,HDFC,HDFC; SBI; ICICI Pru
IN0020240142,2026-07-31,7.72,HDFC,HDFC (38); ICICI Pru (23); Aditya Birla (62); Axis (1); Kotak (3)
IN0020240142,2026-08-15,7.6,ICICI Pru,ICICI Pru (24); Axis (1); Kotak (3)
IN0020240159,2026-06-30,6.8908,Aditya Birla,Aditya Birla
IN0020240159,2026-07-31,6.848,Aditya Birla,Aditya Birla (65)
IN0020240183,2026-06-30,6.3706,SBI,SBI; Axis; Nippon; UTI
IN0020240183,2026-07-15,6.4273,Nippon,Nippon
IN0020240183,2026-07-31,6.5076,Axis,Axis (3); Nippon (3); UTI (121)
IN0020240183,2026-08-15,6.3818,Axis,Axis (3); Nippon (4)
IN0020240191,2026-06-30,6.626,SBI,SBI
IN0020240191,2026-07-15,6.6034,SBI,SBI
IN0020240191,2026-07-31,6.5888,SBI,SBI (76)
IN0020240191,2026-08-15,6.4578,SBI,SBI (76)
IN0020250018,2026-06-30,7.59,HDFC,HDFC; SBI; ICICI Pru; Aditya Birla; Axis; Nippon; Kotak; UTI
IN0020250018,2026-07-15,7.65,HDFC,HDFC; SBI; ICICI Pru; Nippon
IN0020250018,2026-07-31,7.73,HDFC,"HDFC (647); SBI (590); ICICI Pru (4,389); Aditya Birla (881); Axis (37); Nippon (247); Kotak (1,977); UTI (252); Tata (366)"
IN0020250018,2026-08-15,7.5893,SBI,"SBI (363); ICICI Pru (4,466); Axis (47); Nippon (251); Kotak (2,012); Tata (447)"
IN0020250026,2026-06-30,6.8163,Axis,Axis; Nippon; UTI
IN0020250026,2026-07-15,6.8573,Nippon,Nippon
IN0020250026,2026-07-31,6.8935,Axis,Axis (4); Nippon (468); UTI (53)
IN0020250026,2026-08-15,6.812,Axis,Axis (4); Nippon (471)
IN0020250042,2026-06-30,7.09,HDFC,HDFC; SBI; ICICI Pru; Aditya Birla; Axis; Nippon; Kotak; UTI
IN0020250042,2026-07-15,7.12,HDFC,HDFC; SBI; ICICI Pru; Nippon
IN0020250042,2026-07-31,7.14,HDFC,"HDFC (264); SBI (505); ICICI Pru (434); Aditya Birla (1,626); Axis (125); Nippon (136); Kotak (49); UTI (277)"
IN0020250042,2026-08-15,7.07,SBI,SBI (605); ICICI Pru (397); Axis (77); Nippon (107); Kotak (49)
IN0020250059,2026-06-30,6.6306,SBI,SBI; Aditya Birla; Axis; Nippon; UTI
IN0020250059,2026-07-15,6.6772,SBI,SBI; Nippon
IN0020250059,2026-07-31,6.6891,Axis,Axis (34); Nippon (34); UTI (174)
IN0020250059,2026-08-15,6.5686,Axis,Axis (34); Nippon (35)
IN0020250067,2026-06-30,6.4292,SBI,SBI; Nippon; UTI
IN0020250067,2026-07-15,6.4617,SBI,SBI; Nippon
IN0020250067,2026-07-31,6.4872,SBI,SBI (109); Nippon (25); UTI (39)
IN0020250067,2026-08-15,6.414,SBI,SBI (109); Nippon (25)
IN0020250075,2026-06-30,7.44,HDFC,HDFC; SBI; ICICI Pru; Aditya Birla; Axis; Nippon; Kotak; UTI
IN0020250075,2026-07-15,7.53,HDFC,HDFC; SBI; ICICI Pru; Nippon
IN0020250075,2026-07-31,7.61,HDFC,"HDFC (492); SBI (297); ICICI Pru (1,703); Aditya Birla (144); Axis (63); Nippon (190); Kotak (881); UTI (913)"
IN0020250075,2026-08-15,7.4864,SBI,"SBI (380); ICICI Pru (1,377); Axis (172); Nippon (192); Kotak (1,002); Tata (25)"
IN0020250091,2026-06-30,6.87,HDFC,HDFC; SBI; ICICI Pru; Aditya Birla; Axis; Nippon; Kotak; UTI
IN0020250091,2026-07-15,6.89,HDFC,HDFC; SBI; Nippon
IN0020250091,2026-07-31,6.93,HDFC,HDFC (10); SBI (748); Aditya Birla (483); Axis (133); Nippon (884); Kotak (20); UTI (161)
IN0020250091,2026-08-15,6.8486,SBI,SBI (752); Axis (35); Nippon (878); Kotak (364)
IN0020250117,2026-06-30,7.5901,SBI,SBI
IN0020250117,2026-07-15,7.6548,SBI,SBI
IN0020250117,2026-07-31,7.725,SBI,SBI (478)
IN0020250117,2026-08-15,7.5981,SBI,SBI (426)
IN0020250133,2026-06-30,6.7038,Axis,Axis; Nippon
IN0020250133,2026-07-15,6.752,Nippon,Nippon
IN0020250133,2026-07-31,6.7377,Axis,Axis (147)
IN0020250133,2026-08-15,6.6611,Axis,Axis (6)
IN0020250141,2026-06-30,6.5225,SBI,SBI; ICICI Pru; Aditya Birla; Nippon; UTI
IN0020250141,2026-07-15,6.5621,SBI,SBI; ICICI Pru; Nippon
IN0020250141,2026-07-31,6.5513,SBI,SBI (30); ICICI Pru (20); Aditya Birla (1); Nippon (389); UTI (75); Tata (25)
IN0020250141,2026-08-15,6.4605,SBI,SBI (30); ICICI Pru (20); Nippon (392); Tata (130)
IN002025Y404,2026-06-30,5.17,HDFC,HDFC; SBI; ICICI Pru; Aditya Birla; Nippon; Kotak
IN002025Y412,2026-06-30,5.1513,SBI,SBI; ICICI Pru; Axis; Nippon; UTI
IN002025Y412,2026-07-15,5.2568,SBI,SBI; ICICI Pru; Nippon
IN002025Y420,2026-06-30,5.15,HDFC,HDFC; SBI; Aditya Birla; Nippon
IN002025Y420,2026-07-15,5.25,HDFC,HDFC; SBI; Nippon
IN002025Y438,2026-06-30,5.1638,SBI,SBI; Aditya Birla; Axis; Nippon; UTI
IN002025Y438,2026-07-15,5.2509,SBI,SBI; ICICI Pru; Nippon
IN002025Y446,2026-06-30,5.21,HDFC,HDFC; Nippon; Kotak
IN002025Y446,2026-07-15,5.24,HDFC,HDFC; Nippon
IN002025Y446,2026-07-31,5.15,HDFC,HDFC (225); Axis (75); Nippon (145); Kotak (749)
IN002025Y453,2026-06-30,5.21,HDFC,HDFC; Kotak; UTI
IN002025Y453,2026-07-15,5.21,HDFC,HDFC; Nippon
IN002025Y453,2026-07-31,5.2,HDFC,HDFC (100); ICICI Pru (100); Axis (165); Nippon (100); Kotak (419); UTI (679); Tata (5)
IN002025Y461,2026-06-30,5.22,Aditya Birla,Aditya Birla; Axis; Nippon; Kotak; UTI
IN002025Y461,2026-07-15,5.247,Nippon,Nippon
IN002025Y461,2026-07-31,5.2,ICICI Pru,ICICI Pru (75); Aditya Birla (499); Axis (299); Kotak (100); UTI (324); Tata (538)
IN002025Y461,2026-08-15,5.11,ICICI Pru,ICICI Pru (75); Axis (300); Nippon (100); Kotak (100); Tata (645)
IN002025Y479,2026-06-30,5.2201,SBI,SBI; Nippon; Kotak; UTI
IN002025Y479,2026-07-15,5.2466,SBI,SBI; Nippon
IN002025Y479,2026-07-31,5.1796,SBI,"SBI (1,749); ICICI Pru (169); Axis (996); Nippon (663); Kotak (319); UTI (299); Tata (100)"
IN002025Y479,2026-08-15,5.1012,SBI,"SBI (1,752); ICICI Pru (245); Axis (1,098); Nippon (709); Kotak (175); Tata (100)"
IN002025Y487,2026-06-30,5.19,HDFC,HDFC; Aditya Birla; Axis; Nippon; Kotak; UTI
IN002025Y487,2026-07-15,5.27,HDFC,HDFC; Nippon
IN002025Y487,2026-07-31,5.21,HDFC,HDFC (448); Aditya Birla (532); Axis (665); Nippon (423); Kotak (995); UTI (199); Tata (100)
IN002025Y487,2026-08-15,5.05,ICICI Pru,ICICI Pru (30); Axis (636); Nippon (434); Kotak (828); Tata (75)
IN002025Y495,2026-06-30,5.19,HDFC,HDFC; SBI; ICICI Pru; Aditya Birla; Axis; Nippon; Kotak; UTI
IN002025Y495,2026-07-15,5.27,HDFC,HDFC; SBI; ICICI Pru; Nippon
IN002025Y495,2026-07-31,5.21,HDFC,"HDFC (482); SBI (139); Aditya Birla (497); Axis (273); Nippon (507); Kotak (1,044); UTI (298)"
IN002025Y495,2026-08-15,5.1,SBI,SBI (394); ICICI Pru (149); Axis (359); Nippon (807); Kotak (50); Tata (50)
IN002025Y503,2026-06-30,5.19,HDFC,HDFC; ICICI Pru; Aditya Birla; Axis; Nippon; Kotak; UTI
IN002025Y503,2026-07-15,5.25,HDFC,HDFC; ICICI Pru; Nippon
IN002025Y503,2026-07-31,5.24,HDFC,"HDFC (174); Aditya Birla (1,167); Axis (74); Nippon (472); Kotak (1,440); UTI (658); Tata (601)"
IN002025Y503,2026-08-15,5.14,Axis,"Axis (75); Nippon (323); Kotak (1,294); Tata (602)"
IN002025Z146,2026-06-30,5.19,HDFC,HDFC; SBI; ICICI Pru
IN002025Z153,2026-06-30,5.17,HDFC,HDFC; ICICI Pru; Aditya Birla; Nippon; Kotak; UTI
IN002025Z161,2026-06-30,5.15,ICICI Pru,ICICI Pru; Axis; Nippon
IN002025Z161,2026-07-15,5.25,SBI,SBI; ICICI Pru; Nippon
IN002025Z179,2026-06-30,5.15,HDFC,HDFC; Axis; Nippon; Kotak; UTI
IN002025Z179,2026-07-15,5.25,HDFC,HDFC; Nippon
IN002025Z187,2026-06-30,5.16,HDFC,HDFC; SBI; Aditya Birla; Nippon; UTI
IN002025Z187,2026-07-15,5.25,HDFC,HDFC; SBI; Nippon
IN002025Z195,2026-06-30,5.21,HDFC,HDFC; Aditya Birla; Axis; Nippon; Kotak; UTI
IN002025Z195,2026-07-15,5.24,HDFC,HDFC; Nippon
IN002025Z195,2026-07-31,5.15,HDFC,HDFC (175); Aditya Birla (300); Axis (500); Nippon (150); Kotak (100); UTI (50); Tata (50)
IN002025Z203,2026-06-30,5.21,ICICI Pru,ICICI Pru; Kotak; UTI
IN002025Z203,2026-07-15,5.2339,SBI,SBI; ICICI Pru
IN002025Z203,2026-07-31,5.1995,SBI,SBI (100); ICICI Pru (5); Nippon (5); Kotak (170); UTI (50); Tata (10)
IN002025Z211,2026-07-15,5.2363,SBI,SBI
IN002025Z211,2026-07-31,5.2,HDFC,HDFC (40); SBI (858); Aditya Birla (175); Axis (150); Nippon (25); UTI (50)
IN002025Z211,2026-08-15,5.1037,SBI,SBI (860); Axis (150); Nippon (35)
IN002025Z229,2026-06-30,5.22,UTI,UTI
IN002025Z229,2026-07-31,5.19,ICICI Pru,ICICI Pru (15); Nippon (5); UTI (249)
IN002025Z229,2026-08-15,5.11,ICICI Pru,ICICI Pru (15); Axis (15); Nippon (5)
IN002025Z237,2026-06-30,5.1908,Aditya Birla,Aditya Birla
IN002025Z237,2026-07-31,5.2057,SBI,SBI (199); Aditya Birla (189); Tata (199)
IN002025Z237,2026-08-15,5.0495,SBI,SBI (200); ICICI Pru (80); Tata (100)
IN002025Z245,2026-06-30,5.19,HDFC,HDFC; Aditya Birla; Kotak
IN002025Z245,2026-07-15,5.27,HDFC,HDFC
IN002025Z245,2026-07-31,5.21,HDFC,HDFC (99); Aditya Birla (224); Kotak (199)
IN002025Z245,2026-08-15,5.13,Axis,Axis (10); Kotak (199)
IN002025Z252,2026-06-30,5.19,HDFC,HDFC; SBI; ICICI Pru; Aditya Birla; Nippon; UTI
IN002025Z252,2026-07-15,5.24,HDFC,HDFC; SBI; ICICI Pru; Nippon
IN002025Z252,2026-07-31,5.23,HDFC,HDFC (50); SBI (477); ICICI Pru (109); Aditya Birla (402); Nippon (99); UTI (99); Tata (89)
IN002025Z252,2026-08-15,5.1399,SBI,SBI (483); ICICI Pru (110); Nippon (100); Tata (164)
IN002025Z260,2026-06-30,5.19,Aditya Birla,Aditya Birla
IN002025Z260,2026-07-31,5.2368,Aditya Birla,Aditya Birla (546)
IN002025Z278,2026-06-30,5.3108,SBI,SBI; Aditya Birla; Axis; Nippon
IN002025Z278,2026-07-15,5.2946,SBI,SBI; Nippon
IN002025Z278,2026-07-31,5.298,SBI,SBI (45); Aditya Birla (644); Nippon (149)
IN002025Z278,2026-08-15,5.2064,SBI,SBI (94); Nippon (149)
IN002025Z286,2026-06-30,5.3117,SBI,SBI
IN002025Z286,2026-07-15,5.2798,SBI,SBI
IN002025Z286,2026-07-31,5.2998,SBI,SBI (5); Aditya Birla (990)
IN002025Z286,2026-08-15,5.2202,SBI,SBI (923)
IN002025Z294,2026-06-30,5.3117,Axis,Axis
IN002025Z294,2026-07-31,5.3,Axis,Axis (25)
IN002025Z294,2026-08-15,5.2037,Axis,Axis (25)
IN002025Z302,2026-06-30,5.3109,Axis,Axis
IN002025Z302,2026-07-31,5.3232,Axis,Axis (25)
IN002025Z302,2026-08-15,5.2439,Axis,Axis (25)
IN002025Z310,2026-06-30,5.3109,Axis,Axis
IN002025Z310,2026-07-31,5.32,Axis,Axis (133)
IN002025Z310,2026-08-15,5.24,Axis,Axis (134)
IN002025Z328,2026-06-30,5.41,Aditya Birla,Aditya Birla; Axis
IN002025Z328,2026-07-31,5.3866,Aditya Birla,Aditya Birla (246); Axis (4)
IN002025Z328,2026-08-15,5.2457,Axis,Axis (4)
IN002025Z344,2026-07-15,5.44,HDFC,HDFC
IN002025Z344,2026-07-31,5.39,HDFC,HDFC (25); Tata (1)
IN002025Z344,2026-08-15,5.29,Tata,Tata (1)
IN002025Z351,2026-07-31,5.39,UTI,UTI (197)
IN002025Z369,2026-06-30,5.41,ICICI Pru,ICICI Pru
IN002025Z369,2026-07-15,5.47,ICICI Pru,ICICI Pru
IN002025Z369,2026-07-31,5.47,ICICI Pru,ICICI Pru (29)
IN002025Z369,2026-08-15,5.41,ICICI Pru,ICICI Pru (30)
IN002025Z377,2026-06-30,5.41,UTI,UTI
IN002025Z377,2026-07-31,5.47,UTI,UTI (196)
IN002025Z385,2026-06-30,5.41,SBI,SBI
IN002025Z385,2026-07-15,5.467,SBI,SBI
IN002025Z385,2026-07-31,5.4667,SBI,SBI (10)
IN002025Z385,2026-08-15,5.4063,SBI,SBI (10); Nippon (98); Tata (309)
IN002025Z435,2026-06-30,5.43,SBI,SBI
IN002025Z435,2026-07-15,5.546,SBI,SBI
IN002025Z435,2026-07-31,5.585,SBI,SBI (49)
IN002025Z435,2026-08-15,5.4801,SBI,SBI (49)
IN002025Z443,2026-08-15,5.53,Nippon,Nippon (439)
IN002025Z450,2026-06-30,5.45,Kotak,Kotak
IN002025Z450,2026-07-31,5.59,Kotak,Kotak (388)
IN002025Z450,2026-08-15,5.53,Kotak,Kotak (389)
IN002025Z468,2026-06-30,5.4526,Aditya Birla,Aditya Birla
IN002025Z468,2026-07-31,5.5875,Aditya Birla,Aditya Birla (121)
IN002025Z468,2026-08-15,5.54,Nippon,Nippon (34)
IN002025Z476,2026-06-30,5.4526,SBI,SBI
IN002025Z476,2026-07-15,5.5506,SBI,SBI
IN002025Z476,2026-07-31,5.5875,SBI,SBI (727)
IN002025Z476,2026-08-15,5.5323,SBI,SBI (729)
IN002025Z484,2026-06-30,5.4808,SBI,SBI; UTI
IN002025Z484,2026-07-15,5.5556,SBI,SBI
IN002025Z484,2026-07-31,5.5806,SBI,"SBI (1,259); UTI (161)"
IN002025Z484,2026-08-15,5.5404,SBI,"SBI (1,262)"
IN0020260025,2026-06-30,6.85,HDFC,HDFC; SBI; ICICI Pru; Aditya Birla; Axis; Nippon; UTI
IN0020260025,2026-07-15,6.89,HDFC,HDFC; SBI; ICICI Pru; Nippon
IN0020260025,2026-07-31,6.95,HDFC,"HDFC (368); SBI (9,672); ICICI Pru (4,914); Aditya Birla (2,329); Axis (1,135); Nippon (1,805); UTI (140); Tata (276)"
IN0020260025,2026-08-15,6.8726,SBI,"SBI (9,415); ICICI Pru (2,756); Axis (1,100); Nippon (1,958); Tata (272)"
IN0020260033,2026-06-30,7.53,HDFC,HDFC; SBI; Aditya Birla; Axis
IN0020260033,2026-07-15,7.62,HDFC,HDFC; SBI
IN0020260033,2026-07-31,7.7,HDFC,"HDFC (158); SBI (4,248); Aditya Birla (968); Axis (589); Nippon (61); Kotak (1,039)"
IN0020260033,2026-08-15,7.5758,SBI,"SBI (4,050); Axis (215); Nippon (62); Kotak (1,055)"
IN0020260041,2026-07-31,7.15,HDFC,HDFC (10); Aditya Birla (133); Axis (118); UTI (75); Tata (451)
IN0020260041,2026-08-15,7.06,ICICI Pru,ICICI Pru (40); Axis (8); Tata (384)
IN0020260066,2026-08-15,6.6768,SBI,SBI (300)
IN002026X016,2026-06-30,5.17,HDFC,HDFC; SBI; ICICI Pru; Aditya Birla; Axis; Nippon; Kotak; UTI
IN002026X024,2026-06-30,5.15,HDFC,HDFC; SBI; Axis; Kotak
IN002026X024,2026-07-15,5.25,HDFC,HDFC; SBI
IN002026X032,2026-06-30,5.15,HDFC,HDFC; SBI; ICICI Pru; Axis; Nippon; UTI
IN002026X032,2026-07-15,5.25,HDFC,HDFC; SBI; ICICI Pru; Nippon
IN002026X040,2026-06-30,5.16,HDFC,HDFC; ICICI Pru; Aditya Birla; Nippon; UTI
IN002026X040,2026-07-15,5.25,HDFC,HDFC; SBI; ICICI Pru; Nippon
IN002026X057,2026-06-30,5.2101,Aditya Birla,Aditya Birla; Axis; Nippon; Kotak
IN002026X057,2026-07-15,5.24,HDFC,HDFC; SBI; ICICI Pru; Nippon
IN002026X057,2026-07-31,5.15,HDFC,"HDFC (510); SBI (1,224); ICICI Pru (190); Aditya Birla (2,152); Axis (675); Nippon (774); Kotak (140); UTI (50); Tata (100)"
IN002026X065,2026-06-30,5.2101,SBI,SBI; ICICI Pru; Aditya Birla; Axis; Kotak; UTI
IN002026X065,2026-07-15,5.2438,SBI,SBI; ICICI Pru
IN002026X065,2026-07-31,5.1995,SBI,"SBI (1,418); ICICI Pru (110); Aditya Birla (1,771); Axis (449); Nippon (100); Kotak (1,298); UTI (185); Tata (85)"
IN002026X073,2026-06-30,5.22,HDFC,HDFC; SBI; ICICI Pru; Nippon; Kotak; UTI
IN002026X073,2026-07-15,5.24,HDFC,HDFC; SBI; ICICI Pru; Nippon
IN002026X073,2026-07-31,5.1903,SBI,"SBI (558); ICICI Pru (1,066); Nippon (544); Kotak (783); UTI (2,059); Tata (279)"
IN002026X073,2026-08-15,5.1037,SBI,"SBI (560); ICICI Pru (1,068); Nippon (170); Kotak (785); Tata (205)"
IN002026X081,2026-06-30,5.22,ICICI Pru,ICICI Pru; Nippon; Kotak; UTI
IN002026X081,2026-07-15,5.2466,SBI,SBI; ICICI Pru; Nippon
IN002026X081,2026-07-31,5.1927,SBI,"SBI (498); ICICI Pru (2,655); Axis (25); Nippon (563); Kotak (349); UTI (498); Tata (1,195)"
IN002026X081,2026-08-15,5.1125,SBI,"SBI (499); ICICI Pru (2,561); Axis (25); Nippon (514); Kotak (349); Tata (1,188)"
IN002026X099,2026-06-30,5.19,HDFC,HDFC; ICICI Pru; Axis; Kotak; UTI
IN002026X099,2026-07-15,5.27,HDFC,HDFC; ICICI Pru
IN002026X099,2026-07-31,5.21,HDFC,"HDFC (3,533); ICICI Pru (885); Axis (274); Kotak (995); UTI (249)"
IN002026X099,2026-08-15,5.05,ICICI Pru,ICICI Pru (887); Axis (274); Kotak (998)
IN002026X107,2026-06-30,5.186,SBI,SBI; ICICI Pru; Axis; Kotak
IN002026X107,2026-07-15,5.2702,SBI,SBI; ICICI Pru
IN002026X107,2026-07-31,5.2048,SBI,"SBI (5,966); ICICI Pru (1,442); Aditya Birla (60); Axis (257); Kotak (572)"
IN002026X107,2026-08-15,5.1118,SBI,"SBI (5,979); ICICI Pru (1,445); Axis (257); Kotak (573)"
IN002026X115,2026-06-30,5.19,HDFC,HDFC; SBI; ICICI Pru; Aditya Birla; Axis; Nippon
IN002026X115,2026-07-15,5.24,HDFC,HDFC; SBI; ICICI Pru; Nippon
IN002026X115,2026-07-31,5.23,HDFC,"HDFC (472); SBI (869); ICICI Pru (497); Aditya Birla (507); Axis (2,980); Nippon (1,192); Tata (517)"
IN002026X115,2026-08-15,5.1399,SBI,"SBI (871); ICICI Pru (498); Axis (2,987); Nippon (1,195); Tata (518)"
IN002026X123,2026-06-30,5.19,HDFC,HDFC; SBI; ICICI Pru; Aditya Birla; Kotak
IN002026X123,2026-07-15,5.24,HDFC,HDFC; SBI; ICICI Pru
IN002026X123,2026-07-31,5.24,HDFC,"HDFC (992); SBI (1,737); ICICI Pru (824); Aditya Birla (248); Kotak (1,229); Tata (2,183)"
IN002026X123,2026-08-15,5.1399,SBI,"SBI (1,740); ICICI Pru (825); Kotak (1,232); Tata (1,989)"
IN002026X131,2026-07-15,5.32,ICICI Pru,ICICI Pru; Nippon
IN002026X131,2026-07-31,5.31,ICICI Pru,"ICICI Pru (496); Nippon (694); UTI (496); Tata (1,472)"
IN002026X131,2026-08-15,5.19,ICICI Pru,"ICICI Pru (497); Nippon (695); Tata (1,202)"
IN002026X149,2026-07-15,5.28,ICICI Pru,ICICI Pru
IN002026X149,2026-07-31,5.3,ICICI Pru,ICICI Pru (432); Aditya Birla (753); Kotak (990)
IN002026X149,2026-08-15,5.2,ICICI Pru,ICICI Pru (433); Kotak (993); Tata (99)
IN002026X156,2026-07-15,5.33,HDFC,HDFC; SBI; ICICI Pru
IN002026X156,2026-07-31,5.3,HDFC,"HDFC (1,484); SBI (1,771); ICICI Pru (801); Axis (1,499); Kotak (85)"
IN002026X156,2026-08-15,5.2037,SBI,"SBI (1,775); ICICI Pru (803); Axis (1,502); Kotak (85)"
IN002026X164,2026-07-31,5.33,HDFC,"HDFC (988); SBI (1,183); ICICI Pru (1,324); Aditya Birla (494); Axis (494); Nippon (1,087); Kotak (988)"
IN002026X164,2026-08-15,5.235,SBI,"SBI (1,186); ICICI Pru (1,327); Axis (495); Nippon (1,159); Kotak (990); Tata (248)"
IN002026X172,2026-07-31,5.32,ICICI Pru,"ICICI Pru (1,520); Nippon (469); Tata (400)"
IN002026X172,2026-08-15,5.24,ICICI Pru,"ICICI Pru (1,227); Nippon (589); Tata (989)"
IN002026X180,2026-08-15,5.2449,SBI,"SBI (3,460); Tata (173)"
IN002026X198,2026-08-15,5.2401,SBI,"SBI (1,017); ICICI Pru (1,185); Kotak (1,481); Tata (617)"
IN002026Y014,2026-06-30,5.3108,SBI,SBI
IN002026Y014,2026-07-15,5.2798,SBI,SBI
IN002026Y014,2026-07-31,5.3025,SBI,SBI (20); Aditya Birla (708)
IN002026Y014,2026-08-15,5.216,SBI,SBI (20)
IN002026Y022,2026-08-15,5.2,Tata,Tata (198)
IN002026Y030,2026-06-30,5.31,HDFC,HDFC
IN002026Y030,2026-07-15,5.36,HDFC,HDFC
IN002026Y030,2026-07-31,5.33,HDFC,HDFC (198)
IN002026Y055,2026-06-30,5.41,HDFC,HDFC; ICICI Pru
IN002026Y055,2026-07-15,5.43,HDFC,HDFC; ICICI Pru
IN002026Y055,2026-07-31,5.39,HDFC,HDFC (99); ICICI Pru (247)
IN002026Y055,2026-08-15,5.2,ICICI Pru,ICICI Pru (247)
IN002026Y063,2026-08-15,5.2401,SBI,SBI (494)
IN002026Y071,2026-06-30,5.41,HDFC,HDFC; ICICI Pru
IN002026Y071,2026-07-15,5.44,HDFC,HDFC; ICICI Pru
IN002026Y071,2026-07-31,5.39,HDFC,HDFC (394); ICICI Pru (236)
IN002026Y071,2026-08-15,5.29,ICICI Pru,ICICI Pru (335)
IN002026Y113,2026-06-30,5.41,ICICI Pru,ICICI Pru; Axis
IN002026Y113,2026-07-15,5.47,ICICI Pru,ICICI Pru
IN002026Y113,2026-07-31,5.47,ICICI Pru,"ICICI Pru (1,225); Axis (98)"
IN002026Y113,2026-08-15,5.41,ICICI Pru,"ICICI Pru (1,228); Axis (1,129); Nippon (196); Tata (133)"
IN002026Y121,2026-06-30,5.41,HDFC,HDFC; SBI; ICICI Pru; Axis
IN002026Y121,2026-07-15,5.47,HDFC,HDFC; SBI; ICICI Pru
IN002026Y121,2026-07-31,5.47,HDFC,"HDFC (489); SBI (1,272); ICICI Pru (391); Axis (227)"
IN002026Y121,2026-08-15,5.3962,SBI,"SBI (1,275); ICICI Pru (392); Axis (228); Tata (88)"
IN002026Y139,2026-07-15,5.47,HDFC,HDFC; Nippon
IN002026Y139,2026-07-31,5.47,HDFC,HDFC (479); Nippon (293); Tata (909)
IN002026Y139,2026-08-15,5.4063,Nippon,Nippon (294); Tata (186)
IN002026Y154,2026-07-15,5.55,HDFC,HDFC; ICICI Pru
IN002026Y154,2026-07-31,5.59,HDFC,HDFC (585); ICICI Pru (483); Tata (151)
IN002026Y154,2026-08-15,5.48,ICICI Pru,ICICI Pru (411); Tata (152)
IN002026Y162,2026-07-31,5.57,HDFC,HDFC (487); Axis (195); Nippon (195); Kotak (487)
IN002026Y162,2026-08-15,5.4846,Axis,Axis (195); Nippon (195); Kotak (488)
IN002026Y170,2026-07-31,5.59,HDFC,HDFC (779); ICICI Pru (423); Kotak (336); Tata (827)
IN002026Y170,2026-08-15,5.48,ICICI Pru,ICICI Pru (424); Kotak (337); Tata (829)
IN002026Y188,2026-08-15,5.53,ICICI Pru,"ICICI Pru (97); Nippon (390); Kotak (1,218); Tata (24)"
IN002026Y196,2026-08-15,5.53,Kotak,"Kotak (1,363)"
IN002026Z011,2026-06-30,5.58,HDFC,HDFC
IN002026Z011,2026-07-15,5.66,HDFC,HDFC
IN002026Z011,2026-07-31,5.6,HDFC,HDFC (1)
IN002026Z078,2026-06-30,5.58,Axis,Axis
IN002026Z169,2026-07-31,5.71,Tata,Tata (142)
IN002026Z169,2026-08-15,5.65,Tata,Tata (95)
IN1020140134,2026-06-30,7.0974,Nippon,Nippon
IN1020140134,2026-07-15,7.1406,Nippon,Nippon
IN1020140134,2026-07-31,7.1717,Nippon,Nippon (0)
IN1020140134,2026-08-15,7.0863,Nippon,Nippon (0)
IN1020160033,2026-06-30,5.3727,SBI,SBI; Aditya Birla; Kotak
IN1020160066,2026-06-30,5.47,HDFC,HDFC; SBI; ICICI Pru; Aditya Birla; Nippon
IN1020160066,2026-07-15,5.47,HDFC,HDFC; SBI; ICICI Pru; Nippon
IN1020160066,2026-07-31,5.36,HDFC,HDFC (1); SBI (58); ICICI Pru (5); Aditya Birla (25); Nippon (4)
IN1020160231,2026-06-30,5.81,Axis,Axis
IN1020160231,2026-07-31,5.7174,Axis,Axis (10)
IN1020160231,2026-08-15,5.6741,Axis,Axis (10)
IN1020160355,2026-06-30,5.6584,Aditya Birla,Aditya Birla
IN1020160355,2026-07-31,5.5657,Aditya Birla,Aditya Birla (25)
IN1020160371,2026-06-30,5.69,HDFC,HDFC; SBI; Aditya Birla
IN1020160371,2026-07-15,5.77,HDFC,HDFC; SBI
IN1020160371,2026-07-31,5.63,HDFC,HDFC (40); SBI (35); Aditya Birla (25)
IN1020160371,2026-08-15,5.5524,SBI,SBI (35)
IN1020160405,2026-06-30,5.69,ICICI Pru,ICICI Pru; Aditya Birla
IN1020160405,2026-07-15,5.77,ICICI Pru,ICICI Pru
IN1020160405,2026-07-31,5.68,ICICI Pru,ICICI Pru (1); Aditya Birla (2)
IN1020160405,2026-08-15,5.62,ICICI Pru,ICICI Pru (1)
IN1020160413,2026-06-30,5.6883,SBI,SBI; Aditya Birla
IN1020160413,2026-07-15,5.7652,SBI,SBI
IN1020160413,2026-07-31,5.6807,SBI,SBI (26); Aditya Birla (10)
IN1020160413,2026-08-15,5.6174,SBI,SBI (26)
IN1020160421,2026-06-30,5.85,HDFC,HDFC; Aditya Birla
IN1020160421,2026-07-15,5.89,HDFC,HDFC
IN1020160421,2026-07-31,5.85,HDFC,HDFC (4); Aditya Birla (24)
IN1020160439,2026-06-30,5.87,HDFC,HDFC
IN1020160439,2026-07-15,5.97,HDFC,HDFC
IN1020160439,2026-07-31,5.94,HDFC,HDFC (81)
IN1020160454,2026-06-30,5.8966,SBI,SBI; Aditya Birla; Nippon
IN1020160454,2026-07-15,5.9739,SBI,SBI; Nippon
IN1020160454,2026-07-31,5.9404,SBI,SBI (51); Aditya Birla (1); Nippon (10)
IN1020160454,2026-08-15,5.9584,SBI,SBI (51); Nippon (10)
IN1020160462,2026-06-30,5.8966,SBI,SBI; Aditya Birla
IN1020160462,2026-07-15,5.9739,SBI,SBI
IN1020160462,2026-07-31,5.9404,SBI,SBI (20); Aditya Birla (25)
IN1020160462,2026-08-15,5.9584,SBI,SBI (20)
IN1020170016,2026-06-30,6.0223,Nippon,Nippon
IN1020170016,2026-07-15,6.0137,Nippon,Nippon
IN1020170016,2026-07-31,6.0729,Nippon,Nippon (1)
IN1020170016,2026-08-15,6.0061,Nippon,Nippon (1)
IN1020170040,2026-06-30,6.03,ICICI Pru,ICICI Pru
IN1020170040,2026-07-15,6.06,ICICI Pru,ICICI Pru
IN1020170040,2026-07-31,6.11,ICICI Pru,ICICI Pru (20)
IN1020170040,2026-08-15,6.04,ICICI Pru,ICICI Pru (20)
IN1020170131,2026-06-30,6.73,HDFC,HDFC; Nippon; UTI
IN1020170131,2026-07-15,6.75,HDFC,HDFC; Nippon
IN1020170131,2026-07-31,6.79,HDFC,HDFC (5); Nippon (36); UTI (5)
IN1020170131,2026-08-15,6.6467,Nippon,Nippon (36)
IN1020180080,2026-06-30,6.7654,Nippon,Nippon
IN1020180080,2026-07-15,6.7877,Nippon,Nippon
IN1020180080,2026-07-31,6.805,Nippon,Nippon (8)
IN1020180080,2026-08-15,6.7076,Nippon,Nippon (8)
IN1020180098,2026-06-30,6.0326,SBI,SBI; ICICI Pru
IN1020180098,2026-07-15,6.0498,SBI,SBI; ICICI Pru
IN1020180098,2026-07-31,6.0986,SBI,SBI (5); ICICI Pru (10)
IN1020180098,2026-08-15,6.0164,SBI,SBI (5); ICICI Pru (10)
IN1020180213,2026-06-30,6.45,ICICI Pru,ICICI Pru; Aditya Birla
IN1020180213,2026-07-15,6.4,ICICI Pru,ICICI Pru
IN1020180213,2026-07-31,6.36,ICICI Pru,ICICI Pru (5); Aditya Birla (0)
IN1020180213,2026-08-15,6.13,ICICI Pru,ICICI Pru (5)
IN1020180403,2026-06-30,6.74,HDFC,HDFC
IN1020180403,2026-07-15,6.76,HDFC,HDFC
IN1020180403,2026-07-31,6.8,HDFC,HDFC (4)
IN1020190501,2026-06-30,7.0344,Nippon,Nippon
IN1020190501,2026-07-15,7.1068,Nippon,Nippon
IN1020190501,2026-07-31,7.0843,Nippon,Nippon (30)
IN1020190501,2026-08-15,7.0239,Nippon,Nippon (30)
IN1020190519,2026-06-30,7.2064,Nippon,Nippon
IN1020190519,2026-07-15,7.2297,Nippon,Nippon
IN1020190519,2026-07-31,7.1858,Nippon,Nippon (161)
IN1020190519,2026-08-15,7.1909,Nippon,Nippon (161)
IN1020190584,2026-06-30,7.37,UTI,UTI
IN1020190584,2026-07-31,7.29,UTI,UTI (10)
IN1020200086,2026-06-30,6.012,Aditya Birla,Aditya Birla; UTI
IN1020200086,2026-07-31,6.0626,Aditya Birla,Aditya Birla (2); UTI (5)
IN1020200110,2026-06-30,6.012,Aditya Birla,Aditya Birla; UTI
IN1020200110,2026-07-31,6.078,Aditya Birla,Aditya Birla (5); UTI (5)
IN1020200144,2026-06-30,6.7447,Aditya Birla,Aditya Birla
IN1020200144,2026-07-31,6.7843,Aditya Birla,Aditya Birla (5); Tata (42)
IN1020200144,2026-08-15,6.58,Tata,Tata (42)
IN1020200219,2026-06-30,7.08,Kotak,Kotak
IN1020200219,2026-07-31,7.12,Kotak,Kotak (5)
IN1020200219,2026-08-15,7.06,Kotak,Kotak (5)
IN1020200474,2026-06-30,6.83,Kotak,Kotak
IN1020200474,2026-07-31,6.85,Kotak,Kotak (0)
IN1020200474,2026-08-15,6.83,Kotak,Kotak (0)
IN1020210093,2026-06-30,7.715,Aditya Birla,Aditya Birla
IN1020210093,2026-07-31,7.7382,Aditya Birla,Aditya Birla (31)
IN1020210234,2026-06-30,7.5795,Axis,Axis
IN1020210234,2026-07-31,7.54,Axis,Axis (2)
IN1020210234,2026-08-15,7.5698,Axis,Axis (2)
IN1020220100,2026-06-30,6.02,ICICI Pru,ICICI Pru
IN1020220100,2026-07-15,6.04,ICICI Pru,ICICI Pru
IN1020220100,2026-07-31,6.09,ICICI Pru,ICICI Pru (10)
IN1020220100,2026-08-15,6.01,ICICI Pru,ICICI Pru (10)
IN1020220167,2026-06-30,7.5461,Aditya Birla,Aditya Birla
IN1020220167,2026-07-31,7.5312,Aditya Birla,Aditya Birla (14)
IN1020220183,2026-06-30,7.6276,Aditya Birla,Aditya Birla
IN1020220183,2026-07-31,7.6217,Aditya Birla,Aditya Birla (24)
IN1020220530,2026-06-30,7.5795,Aditya Birla,Aditya Birla
IN1020220530,2026-07-31,7.54,Aditya Birla,Aditya Birla (26)
IN1020220589,2026-06-30,6.84,ICICI Pru,ICICI Pru
IN1020220589,2026-07-15,6.87,ICICI Pru,ICICI Pru
IN1020220589,2026-07-31,6.86,ICICI Pru,ICICI Pru (10)
IN1020220589,2026-08-15,6.84,ICICI Pru,ICICI Pru (10)
IN1020220613,2026-06-30,6.9043,Nippon,Nippon
IN1020220613,2026-07-15,6.9475,Nippon,Nippon
IN1020220613,2026-07-31,6.9882,Nippon,Nippon (0); Tata (5)
IN1020220613,2026-08-15,6.9029,Nippon,Nippon (0); Tata (5)
IN1020220696,2026-06-30,6.7259,Nippon,Nippon
IN1020220696,2026-07-15,6.7497,Nippon,Nippon
IN1020220696,2026-07-31,6.7892,Nippon,Nippon (10)
IN1020220696,2026-08-15,6.6467,Nippon,Nippon (58)
IN1020220720,2026-06-30,6.9,ICICI Pru,ICICI Pru; Nippon
IN1020220720,2026-07-15,6.95,ICICI Pru,ICICI Pru; Nippon
IN1020220720,2026-07-31,6.99,ICICI Pru,ICICI Pru (5); Nippon (5)
IN1020220720,2026-08-15,6.9,ICICI Pru,ICICI Pru (5); Nippon (5)
IN1020220746,2026-06-30,7.3345,Aditya Birla,Aditya Birla
IN1020220746,2026-07-31,7.2987,Aditya Birla,Aditya Birla (0)
IN1020230026,2026-06-30,7.3345,Aditya Birla,Aditya Birla
IN1020230026,2026-07-31,7.2987,Aditya Birla,Aditya Birla (26)
IN1020230034,2026-06-30,7.37,UTI,UTI
IN1020230034,2026-07-31,7.29,UTI,UTI (8)
IN1020230620,2026-07-31,6.92,Tata,Tata (10)
IN1020230620,2026-08-15,6.87,Tata,Tata (10)
IN1020230703,2026-06-30,7.21,HDFC,HDFC
IN1020230703,2026-07-15,7.23,HDFC,HDFC
IN1020230703,2026-07-31,7.19,HDFC,HDFC (2)
IN1020230752,2026-06-30,6.9,ICICI Pru,ICICI Pru
IN1020230752,2026-07-15,6.95,ICICI Pru,ICICI Pru
IN1020230752,2026-07-31,6.99,ICICI Pru,ICICI Pru (15)
IN1020230752,2026-08-15,6.9,ICICI Pru,ICICI Pru (15)
IN1020240017,2026-06-30,7.08,HDFC,HDFC
IN1020240330,2026-06-30,7.44,UTI,UTI
IN1020240330,2026-07-31,7.41,UTI,UTI (2)
IN1020240561,2026-06-30,7.7521,Aditya Birla,Aditya Birla
IN1020240561,2026-07-31,7.7835,Aditya Birla,Aditya Birla (3)
IN1020240785,2026-06-30,7.58,HDFC,HDFC
IN1020240801,2026-06-30,7.7003,Axis,Axis; UTI
IN1020240801,2026-07-31,7.6331,Axis,Axis (2); UTI (145)
IN1020240801,2026-08-15,7.6216,Axis,Axis (2)
IN1020250040,2026-06-30,7.7,HDFC,HDFC
IN1020250099,2026-06-30,7.6133,Nippon,Nippon
IN1020250099,2026-07-15,7.6131,Nippon,Nippon
IN1020250099,2026-07-31,7.6009,Nippon,Nippon (24)
IN1020250099,2026-08-15,7.5809,Nippon,Nippon (24)
IN1020250123,2026-06-30,7.48,UTI,UTI
IN1020250123,2026-07-31,7.46,UTI,UTI (191)
IN1020250149,2026-06-30,7.6849,Aditya Birla,Aditya Birla
IN1020250149,2026-07-31,7.6435,Aditya Birla,Aditya Birla (47)
IN1020250230,2026-06-30,7.5199,SBI,SBI
IN1020250230,2026-07-15,7.5262,SBI,SBI
IN1020250230,2026-07-31,7.397,SBI,SBI (34)
IN1020250255,2026-07-31,7.08,Tata,Tata (54)
IN1020250255,2026-08-15,7.09,Tata,Tata (54)
IN1020250271,2026-06-30,7.4,UTI,UTI
IN1020250271,2026-07-31,7.39,UTI,UTI (97)
IN1020250289,2026-06-30,7.53,HDFC,HDFC
IN1020250289,2026-07-15,7.54,HDFC,HDFC
IN1020250289,2026-07-31,7.41,HDFC,HDFC (40)
IN1020250297,2026-06-30,7.55,HDFC,HDFC
IN1020250297,2026-07-15,7.53,HDFC,HDFC
IN1020250297,2026-07-31,7.53,HDFC,HDFC (27)
IN1020250305,2026-06-30,7.62,HDFC,HDFC; Nippon
IN1020250305,2026-07-15,7.62,HDFC,HDFC; Nippon
IN1020250305,2026-07-31,7.61,HDFC,HDFC (34); Nippon (25)
IN1020250305,2026-08-15,7.5913,Nippon,Nippon (25)
IN1020250313,2026-06-30,7.7,HDFC,HDFC; ICICI Pru
IN1020250313,2026-07-15,7.66,HDFC,HDFC; ICICI Pru
IN1020250313,2026-07-31,7.63,HDFC,HDFC (51); ICICI Pru (232)
IN1020250313,2026-08-15,7.62,ICICI Pru,ICICI Pru (232)
IN1020250321,2026-06-30,7.79,ICICI Pru,ICICI Pru
IN1020250321,2026-07-15,7.86,ICICI Pru,ICICI Pru
IN1020250321,2026-07-31,7.81,ICICI Pru,ICICI Pru (245)
IN1020250321,2026-08-15,7.79,ICICI Pru,ICICI Pru (245)
IN1020250339,2026-06-30,7.79,ICICI Pru,ICICI Pru
IN1020250339,2026-07-15,7.86,ICICI Pru,ICICI Pru
IN1020250339,2026-07-31,7.82,ICICI Pru,ICICI Pru (220)
IN1020250339,2026-08-15,7.79,ICICI Pru,ICICI Pru (220)
IN1020250347,2026-06-30,7.53,HDFC,HDFC
IN1020250347,2026-07-15,7.54,HDFC,HDFC
IN1020250347,2026-07-31,7.41,HDFC,HDFC (25)
IN1020250354,2026-06-30,7.62,HDFC,HDFC
IN1020250354,2026-07-15,7.62,HDFC,HDFC
IN1020250354,2026-07-31,7.61,HDFC,HDFC (11)
IN1020250370,2026-06-30,7.6237,Nippon,Nippon
IN1020250370,2026-07-15,7.6235,Nippon,Nippon
IN1020250370,2026-07-31,7.6113,Nippon,Nippon (0)
IN1020250370,2026-08-15,7.5913,Nippon,Nippon (0)
IN1020250529,2026-06-30,7.56,UTI,UTI
IN1020250578,2026-06-30,7.56,UTI,UTI
IN1020250602,2026-06-30,7.6,UTI,UTI
IN1020250602,2026-07-31,7.64,UTI,UTI (5)
IN1020250610,2026-06-30,7.65,UTI,UTI
IN1020250610,2026-07-31,7.67,UTI,UTI (204)
IN1020250636,2026-06-30,7.57,UTI,UTI
IN1020250636,2026-07-31,7.6,UTI,UTI (15)
IN1020260015,2026-06-30,7.7065,Nippon,Nippon; UTI
IN1020260015,2026-07-15,7.7357,Nippon,Nippon
IN1020260015,2026-07-31,7.6539,Nippon,Nippon (47)
IN1020260015,2026-08-15,7.6455,Nippon,Nippon (47)
IN1020260072,2026-06-30,7.3345,SBI,SBI
IN1020260072,2026-07-15,7.3694,SBI,SBI
IN1020260072,2026-07-31,7.2987,SBI,SBI (797)
IN1020260072,2026-08-15,7.2953,SBI,SBI (797)
IN1220160023,2026-06-30,5.6872,SBI,SBI
IN1220160023,2026-07-15,5.7641,SBI,SBI
IN1220160023,2026-07-31,5.665,SBI,SBI (39); Nippon (40)
IN1220160023,2026-08-15,5.5866,SBI,SBI (39); Nippon (40)
IN1220160031,2026-06-30,5.68,HDFC,HDFC
IN1220160031,2026-07-15,5.75,HDFC,HDFC
IN1220160031,2026-07-31,5.66,HDFC,HDFC (2)
IN1220170014,2026-06-30,6.02,ICICI Pru,ICICI Pru
IN1220170014,2026-07-15,6.04,ICICI Pru,ICICI Pru
IN1220170014,2026-07-31,6.09,ICICI Pru,ICICI Pru (5)
IN1220170014,2026-08-15,6.01,ICICI Pru,ICICI Pru (5)
IN1220170030,2026-06-30,6.03,ICICI Pru,ICICI Pru
IN1220170030,2026-07-15,6.06,ICICI Pru,ICICI Pru
IN1220170030,2026-07-31,6.11,ICICI Pru,ICICI Pru (51)
IN1220170030,2026-08-15,6.04,ICICI Pru,ICICI Pru (51)
IN1220170048,2026-06-30,6.45,ICICI Pru,ICICI Pru
IN1220170048,2026-07-15,6.37,ICICI Pru,ICICI Pru
IN1220170048,2026-07-31,6.29,ICICI Pru,ICICI Pru (51)
IN1220170048,2026-08-15,6.11,ICICI Pru,ICICI Pru (51)
IN1220170063,2026-06-30,6.45,ICICI Pru,ICICI Pru
IN1220170063,2026-07-15,6.4,ICICI Pru,ICICI Pru
IN1220170063,2026-07-31,6.36,ICICI Pru,ICICI Pru (5)
IN1220170063,2026-08-15,6.13,ICICI Pru,ICICI Pru (5)
IN1220190186,2026-06-30,7.0708,SBI,SBI
IN1220190186,2026-07-15,7.1276,SBI,SBI
IN1220190186,2026-07-31,7.1177,SBI,SBI (100)
IN1220190186,2026-08-15,7.0521,SBI,SBI (101)
IN1220200183,2026-06-30,7.0915,Aditya Birla,Aditya Birla
IN1220200183,2026-07-31,7.1405,Aditya Birla,Aditya Birla (39)
IN1220200290,2026-06-30,5.835,Aditya Birla,Aditya Birla
IN1220200290,2026-07-31,5.9044,Aditya Birla,Aditya Birla (5)
IN1220210018,2026-06-30,5.3742,Aditya Birla,Aditya Birla
IN1220220157,2026-06-30,7.24,UTI,UTI
IN1220220157,2026-07-31,7.21,UTI,UTI (5)
IN1220230016,2026-06-30,7.38,UTI,UTI
IN1220230016,2026-07-31,7.35,UTI,UTI (3)
IN1220240023,2026-06-30,7.5543,Aditya Birla,Aditya Birla
IN1220240023,2026-07-31,7.5956,Aditya Birla,Aditya Birla (35)
IN1220250105,2026-06-30,7.6104,Aditya Birla,Aditya Birla
IN1220250105,2026-07-31,7.6044,Aditya Birla,Aditya Birla (106)
IN1220250238,2026-06-30,7.3427,Aditya Birla,Aditya Birla
IN1220250238,2026-07-31,7.3177,Aditya Birla,Aditya Birla (25)
IN1320160113,2026-06-30,5.6523,Aditya Birla,Aditya Birla; Axis
IN1320160113,2026-07-31,5.5946,Aditya Birla,Aditya Birla (60); Axis (5)
IN1320160113,2026-08-15,5.5166,Axis,Axis (5)
IN1320160121,2026-06-30,5.6621,Aditya Birla,Aditya Birla; Nippon
IN1320160121,2026-07-15,5.739,Nippon,Nippon
IN1320160121,2026-07-31,5.6545,Aditya Birla,Aditya Birla (45); Nippon (15)
IN1320160121,2026-08-15,5.5916,Nippon,Nippon (15)
IN1320160139,2026-06-30,5.6623,Aditya Birla,Aditya Birla
IN1320160139,2026-07-31,5.6547,Aditya Birla,Aditya Birla (110)
IN1320160147,2026-06-30,5.8267,Aditya Birla,Aditya Birla
IN1320160147,2026-07-15,5.885,Nippon,Nippon
IN1320160147,2026-07-31,5.8425,Aditya Birla,Aditya Birla (5); Nippon (5)
IN1320160147,2026-08-15,5.7876,Nippon,Nippon (5)
IN1320160162,2026-06-30,5.8473,Aditya Birla,Aditya Birla; Nippon
IN1320160162,2026-07-15,5.9665,Nippon,Nippon
IN1320160162,2026-07-31,5.933,Aditya Birla,Aditya Birla (62); Axis (50); Nippon (25)
IN1320160162,2026-08-15,5.8276,Axis,Axis (50); Nippon (25)
IN1320160170,2026-06-30,5.87,ICICI Pru,ICICI Pru; Aditya Birla
IN1320160170,2026-07-15,5.97,ICICI Pru,ICICI Pru
IN1320160170,2026-07-31,5.93,ICICI Pru,ICICI Pru (56); Aditya Birla (25)
IN1320160170,2026-08-15,5.91,ICICI Pru,ICICI Pru (56)
IN1320180053,2026-06-30,7.0173,Nippon,Nippon
IN1320180053,2026-07-15,6.9933,Nippon,Nippon
IN1320180053,2026-07-31,7.0502,Nippon,Nippon (16)
IN1320180053,2026-08-15,6.9493,Nippon,Nippon (16)
IN1320180061,2026-06-30,7.02,ICICI Pru,ICICI Pru
IN1320180061,2026-07-15,6.99,ICICI Pru,ICICI Pru
IN1320180061,2026-07-31,7.05,ICICI Pru,ICICI Pru (83)
IN1320180061,2026-08-15,6.95,ICICI Pru,ICICI Pru (83)
IN1320180079,2026-06-30,7.0173,SBI,SBI
IN1320180079,2026-07-15,6.9932,SBI,SBI
IN1320180079,2026-07-31,7.0502,SBI,SBI (16)
IN1320180079,2026-08-15,6.9493,SBI,SBI (16)
IN1320190227,2026-06-30,7.4076,Nippon,Nippon
IN1320190227,2026-07-15,7.3751,Nippon,Nippon
IN1320190227,2026-07-31,7.3291,Nippon,Nippon (1)
IN1320190227,2026-08-15,7.2988,Nippon,Nippon (1)
IN1320200141,2026-06-30,6.8252,Nippon,Nippon
IN1320200141,2026-07-15,6.7818,Nippon,Nippon
IN1320200141,2026-07-31,6.8304,Nippon,Nippon (10)
IN1320200141,2026-08-15,6.6907,Nippon,Nippon (10)
IN1320210025,2026-06-30,6.03,ICICI Pru,ICICI Pru; Aditya Birla
IN1320210025,2026-07-15,6.06,ICICI Pru,ICICI Pru
IN1320210025,2026-07-31,6.11,ICICI Pru,ICICI Pru (70); Aditya Birla (30)
IN1320210025,2026-08-15,6.04,ICICI Pru,ICICI Pru (70)
IN1320210033,2026-06-30,6.5,ICICI Pru,ICICI Pru
IN1320210033,2026-07-15,6.37,ICICI Pru,ICICI Pru
IN1320210033,2026-07-31,6.29,ICICI Pru,ICICI Pru (95)
IN1320210033,2026-08-15,6.11,ICICI Pru,ICICI Pru (96)
IN1320210041,2026-06-30,6.91,HDFC,HDFC
IN1320210041,2026-07-15,6.88,HDFC,HDFC
IN1320210041,2026-07-31,6.88,HDFC,HDFC (95)
IN1320220164,2026-06-30,7.31,UTI,UTI
IN1320220164,2026-07-31,7.22,UTI,UTI (15)
IN1320220172,2026-06-30,7.42,UTI,UTI
IN1320220172,2026-07-31,7.32,UTI,UTI (1)
IN1320230114,2026-06-30,7.7118,Aditya Birla,Aditya Birla
IN1320230114,2026-07-31,7.6914,Aditya Birla,Aditya Birla (30)
IN1320230205,2026-06-30,7.6983,Aditya Birla,Aditya Birla
IN1320230205,2026-07-31,7.7544,Aditya Birla,Aditya Birla (25)
IN1320250013,2026-06-30,7.64,Kotak,Kotak
IN1320250013,2026-07-31,7.57,Kotak,Kotak (77)
IN1320250013,2026-08-15,7.57,Kotak,Kotak (77)
IN1320250021,2026-06-30,7.6415,SBI,SBI; UTI
IN1320250021,2026-07-15,7.5571,SBI,SBI
IN1320250021,2026-07-31,7.5669,SBI,SBI (97); UTI (48)
IN1320250021,2026-08-15,7.5683,SBI,SBI (97)
IN1320250047,2026-06-30,7.72,HDFC,HDFC
IN1320250070,2026-06-30,7.32,ICICI Pru,ICICI Pru; Nippon
IN1320250070,2026-07-15,7.25,ICICI Pru,ICICI Pru; Nippon
IN1320250070,2026-07-31,7.23,ICICI Pru,ICICI Pru (478); Nippon (66)
IN1320250070,2026-08-15,7.22,ICICI Pru,ICICI Pru (478); Nippon (66)
IN1320250088,2026-06-30,7.58,HDFC,HDFC; Aditya Birla; Axis; Kotak
IN1320250088,2026-07-31,7.4555,Aditya Birla,Aditya Birla (188); Axis (12); Kotak (101)
IN1320250088,2026-08-15,7.4817,Axis,Axis (12); Kotak (101)
IN1320250096,2026-06-30,7.1648,Axis,Axis
IN1320250096,2026-07-31,7.152,Axis,Axis (65)
IN1320250096,2026-08-15,7.0852,Axis,Axis (65)
IN1320250104,2026-06-30,7.5955,Axis,Axis; Kotak
IN1320250104,2026-07-31,7.5685,Axis,Axis (0); Kotak (115)
IN1320250104,2026-08-15,7.5632,Axis,Axis (0); Kotak (115)
IN1320250112,2026-06-30,7.7,ICICI Pru,ICICI Pru; Kotak
IN1320250112,2026-07-15,7.63,ICICI Pru,ICICI Pru
IN1320250112,2026-07-31,7.65,ICICI Pru,ICICI Pru (436); Kotak (90)
IN1320250112,2026-08-15,7.63,ICICI Pru,ICICI Pru (436); Kotak (90)
IN1320250146,2026-06-30,7.8,ICICI Pru,ICICI Pru
IN1320250146,2026-07-15,7.84,ICICI Pru,ICICI Pru
IN1320250146,2026-07-31,7.82,ICICI Pru,ICICI Pru (2)
IN1320250146,2026-08-15,7.78,ICICI Pru,ICICI Pru (2)
IN1320250195,2026-06-30,7.6519,Aditya Birla,Aditya Birla
IN1320250195,2026-07-31,7.5773,Aditya Birla,Aditya Birla (25)
IN1320250211,2026-06-30,7.58,HDFC,HDFC; Aditya Birla; Axis; Kotak
IN1320250211,2026-07-31,7.4555,Aditya Birla,Aditya Birla (66); Axis (4); Kotak (51)
IN1320250211,2026-08-15,7.4817,Axis,Axis (4); Kotak (51)
IN1320250229,2026-07-31,7.26,Axis,Axis (122)
IN1320250229,2026-08-15,7.2246,Axis,Axis (122)
IN1320250278,2026-06-30,7.6983,SBI,SBI; Axis; UTI
IN1320250278,2026-07-15,7.7693,SBI,SBI
IN1320250278,2026-07-31,7.7544,SBI,SBI (204); Axis (25); UTI (66)
IN1320250278,2026-08-15,7.6906,SBI,SBI (205); Axis (26)
IN1320250294,2026-06-30,7.77,HDFC,HDFC; Axis; UTI
IN1320250294,2026-07-15,7.78,HDFC,HDFC
IN1320250294,2026-07-31,7.76,HDFC,HDFC (81); Axis (3); UTI (10)
IN1320250294,2026-08-15,7.7178,Axis,Axis (3)
IN1320260020,2026-06-30,7.65,HDFC,HDFC
IN1320260053,2026-07-31,7.7604,SBI,SBI (75)
IN1320260053,2026-08-15,7.7119,SBI,SBI (76)
IN1420160054,2026-06-30,5.67,HDFC,HDFC
IN1420160054,2026-07-15,5.75,HDFC,HDFC
IN1420160054,2026-07-31,5.62,HDFC,HDFC (2)
IN1420180144,2026-06-30,6.9667,Nippon,Nippon
IN1420180144,2026-07-15,6.9945,Nippon,Nippon
IN1420180144,2026-07-31,7.0462,Nippon,Nippon (0)
IN1420180144,2026-08-15,6.9298,Nippon,Nippon (0)
IN1420250137,2026-06-30,7.6,HDFC,HDFC
IN1420250137,2026-07-15,7.56,HDFC,HDFC
IN1420250137,2026-07-31,7.56,HDFC,HDFC (89)
IN1520160061,2026-06-30,5.32,HDFC,HDFC; SBI; Aditya Birla; Nippon
IN1520160079,2026-06-30,5.32,HDFC,HDFC; Aditya Birla; Nippon
IN1520160079,2026-07-15,5.35,HDFC,HDFC; Nippon
IN1520160087,2026-06-30,5.41,SBI,SBI; Aditya Birla; Axis; Nippon
IN1520160087,2026-07-15,5.41,SBI,SBI; Nippon
IN1520160087,2026-07-31,5.3028,SBI,SBI (151); Aditya Birla (11); Axis (9); Nippon (15)
IN1520160095,2026-06-30,5.41,Aditya Birla,Aditya Birla; Nippon
IN1520160095,2026-07-15,5.41,Nippon,Nippon
IN1520160095,2026-07-31,5.3028,Aditya Birla,Aditya Birla (2); Nippon (5)
IN1520160095,2026-08-15,5.2128,Nippon,Nippon (5)
IN1520160152,2026-06-30,5.6254,SBI,SBI; Aditya Birla
IN1520160152,2026-07-15,5.7018,SBI,SBI
IN1520160152,2026-07-31,5.6174,SBI,SBI (5); Aditya Birla (65)
IN1520160152,2026-08-15,5.5541,SBI,SBI (5)
IN1520160160,2026-06-30,5.63,HDFC,HDFC; Aditya Birla; Nippon
IN1520160160,2026-07-15,5.7,HDFC,HDFC; Nippon
IN1520160160,2026-07-31,5.62,HDFC,HDFC (8); Aditya Birla (45); Nippon (5)
IN1520160160,2026-08-15,5.5541,Nippon,Nippon (5)
IN1520160178,2026-06-30,5.76,HDFC,HDFC; SBI; Aditya Birla
IN1520160178,2026-07-15,5.81,HDFC,HDFC; SBI
IN1520160178,2026-07-31,5.76,HDFC,HDFC (5); SBI (40); Aditya Birla (60)
IN1520160178,2026-08-15,5.75,SBI,SBI (40)
IN1520160186,2026-06-30,5.76,ICICI Pru,ICICI Pru; Aditya Birla; Nippon
IN1520160186,2026-07-15,5.89,ICICI Pru,ICICI Pru; Nippon
IN1520160186,2026-07-31,5.76,ICICI Pru,ICICI Pru (2); Aditya Birla (76); Nippon (106)
IN1520160186,2026-08-15,5.75,ICICI Pru,ICICI Pru (2); Nippon (106)
IN1520160194,2026-06-30,5.78,HDFC,HDFC; Aditya Birla; Nippon; UTI
IN1520160194,2026-07-15,5.88,HDFC,HDFC; Nippon
IN1520160194,2026-07-31,5.85,HDFC,HDFC (52); Aditya Birla (126); Nippon (116); UTI (25)
IN1520160194,2026-08-15,5.79,Nippon,Nippon (116)
IN1520160202,2026-06-30,5.807,Aditya Birla,Aditya Birla; Axis; Nippon
IN1520160202,2026-07-15,5.8841,Nippon,Nippon
IN1520160202,2026-07-31,5.8507,Aditya Birla,Aditya Birla (30); Axis (40); Nippon (81)
IN1520160202,2026-08-15,5.8687,Axis,Axis (40); Nippon (91)
IN1520170011,2026-06-30,5.9571,Aditya Birla,Aditya Birla
IN1520170011,2026-07-31,6.0076,Aditya Birla,Aditya Birla (20)
IN1520170045,2026-06-30,5.96,HDFC,HDFC; SBI; Axis; Nippon; UTI
IN1520170045,2026-07-15,5.97,HDFC,HDFC; SBI; Nippon
IN1520170045,2026-07-31,6.02,HDFC,HDFC (0); SBI (25); Axis (349); Nippon (46); UTI (10)
IN1520170045,2026-08-15,5.9408,SBI,SBI (25); Axis (278); Nippon (46)
IN1520170052,2026-06-30,5.9622,SBI,SBI; Nippon; UTI
IN1520170052,2026-07-15,5.9949,SBI,SBI
IN1520170052,2026-07-31,6.0437,SBI,SBI (5); UTI (1)
IN1520170052,2026-08-15,5.9717,SBI,SBI (5)
IN1520170060,2026-06-30,6.39,ICICI Pru,ICICI Pru
IN1520170060,2026-07-15,6.3,ICICI Pru,ICICI Pru
IN1520170060,2026-07-31,6.22,ICICI Pru,ICICI Pru (162)
IN1520170060,2026-08-15,6.04,ICICI Pru,ICICI Pru (162)
IN1520170078,2026-06-30,6.388,SBI,SBI; ICICI Pru
IN1520170078,2026-07-15,6.3013,SBI,SBI; ICICI Pru
IN1520170078,2026-07-31,6.2239,SBI,SBI (55); ICICI Pru (105)
IN1520170078,2026-08-15,6.0388,SBI,SBI (55); ICICI Pru (105)
IN1520170086,2026-06-30,6.39,ICICI Pru,ICICI Pru; Aditya Birla
IN1520170086,2026-07-15,6.32,ICICI Pru,ICICI Pru
IN1520170086,2026-07-31,6.25,ICICI Pru,ICICI Pru (153); Aditya Birla (1)
IN1520170086,2026-08-15,6.06,ICICI Pru,ICICI Pru (153)
IN1520170094,2026-06-30,6.388,SBI,SBI; ICICI Pru
IN1520170094,2026-07-15,6.3167,SBI,SBI; ICICI Pru
IN1520170094,2026-07-31,6.2806,SBI,SBI (66); ICICI Pru (72)
IN1520170094,2026-08-15,6.0594,SBI,SBI (66); ICICI Pru (72)
IN1520170128,2026-06-30,6.4737,Aditya Birla,Aditya Birla
IN1520170128,2026-07-31,6.4049,Aditya Birla,Aditya Birla (5); Tata (23)
IN1520170128,2026-08-15,6.28,Tata,Tata (23)
IN1520170136,2026-06-30,6.4737,Aditya Birla,Aditya Birla; Axis
IN1520170136,2026-07-31,6.4049,Aditya Birla,Aditya Birla (0); Axis (5); Tata (41)
IN1520170136,2026-08-15,6.3761,Axis,Axis (5); Tata (41)
IN1520170144,2026-07-31,6.31,Tata,Tata (0)
IN1520170144,2026-08-15,6.28,Tata,Tata (0)
IN1520170151,2026-07-31,6.31,Tata,Tata (20)
IN1520170151,2026-08-15,6.28,Tata,Tata (20)
IN1520170185,2026-06-30,6.7037,Aditya Birla,Aditya Birla; Nippon; UTI
IN1520170185,2026-07-15,6.712,Nippon,Nippon
IN1520170185,2026-07-31,6.7554,Aditya Birla,Aditya Birla (1); Nippon (2); UTI (0)
IN1520170185,2026-08-15,6.6003,Nippon,Nippon (2)
IN1520170193,2026-06-30,6.7037,Nippon,Nippon
IN1520170193,2026-07-15,6.712,Nippon,Nippon
IN1520170193,2026-07-31,6.7554,Nippon,Nippon (1)
IN1520170193,2026-08-15,6.6003,Nippon,Nippon (1)
IN1520170201,2026-06-30,6.7037,Nippon,Nippon
IN1520170201,2026-07-15,6.712,Nippon,Nippon
IN1520170201,2026-07-31,6.7554,Nippon,Nippon (0)
IN1520170201,2026-08-15,6.6003,Nippon,Nippon (0)
IN1520170219,2026-06-30,6.7037,Aditya Birla,Aditya Birla; Nippon
IN1520170219,2026-07-15,6.712,Nippon,Nippon
IN1520170219,2026-07-31,6.7554,Aditya Birla,Aditya Birla (5); Nippon (1)
IN1520170219,2026-08-15,6.6003,Nippon,Nippon (1)
IN1520170227,2026-06-30,6.7,Kotak,Kotak
IN1520170227,2026-07-31,6.76,Kotak,Kotak (26)
IN1520170227,2026-08-15,6.6,Kotak,Kotak (26)
IN1520170235,2026-06-30,6.7,Kotak,Kotak
IN1520170235,2026-07-31,6.76,Kotak,Kotak (1)
IN1520170235,2026-08-15,6.6,Kotak,Kotak (1)
IN1520170243,2026-06-30,6.7037,Aditya Birla,Aditya Birla; Nippon
IN1520170243,2026-07-15,6.712,Nippon,Nippon
IN1520170243,2026-07-31,6.7554,Aditya Birla,Aditya Birla (5); Nippon (4)
IN1520170243,2026-08-15,6.6003,Nippon,Nippon (4)
IN1520180036,2026-06-30,6.7397,Aditya Birla,Aditya Birla; Kotak
IN1520180036,2026-07-31,6.7608,Aditya Birla,Aditya Birla (5); Kotak (6)
IN1520180036,2026-08-15,6.61,Kotak,Kotak (6)
IN1520180044,2026-06-30,6.7294,Nippon,Nippon; Kotak
IN1520180044,2026-07-15,6.7347,Nippon,Nippon
IN1520180044,2026-07-31,6.7608,Nippon,Nippon (0); Kotak (1)
IN1520180044,2026-08-15,6.6149,Nippon,Nippon (0); Kotak (1)
IN1520180077,2026-06-30,6.79,ICICI Pru,ICICI Pru
IN1520180077,2026-07-15,6.81,ICICI Pru,ICICI Pru
IN1520180077,2026-07-31,6.8,ICICI Pru,ICICI Pru (7)
IN1520180077,2026-08-15,6.73,ICICI Pru,ICICI Pru (7)
IN1520180119,2026-06-30,6.79,ICICI Pru,ICICI Pru
IN1520180119,2026-07-15,6.81,ICICI Pru,ICICI Pru
IN1520180119,2026-07-31,6.8,ICICI Pru,ICICI Pru (30)
IN1520180119,2026-08-15,6.73,ICICI Pru,ICICI Pru (30)
IN1520180150,2026-06-30,6.81,ICICI Pru,ICICI Pru
IN1520180150,2026-07-15,6.82,ICICI Pru,ICICI Pru
IN1520180150,2026-07-31,6.82,ICICI Pru,ICICI Pru (2)
IN1520180150,2026-08-15,6.78,ICICI Pru,ICICI Pru (2)
IN1520180176,2026-06-30,6.81,ICICI Pru,ICICI Pru
IN1520180176,2026-07-15,6.82,ICICI Pru,ICICI Pru
IN1520180176,2026-07-31,6.82,ICICI Pru,ICICI Pru (5)
IN1520180176,2026-08-15,6.78,ICICI Pru,ICICI Pru (5)
IN1520180184,2026-06-30,6.81,ICICI Pru,ICICI Pru
IN1520180184,2026-07-15,6.82,ICICI Pru,ICICI Pru
IN1520180184,2026-07-31,6.82,ICICI Pru,ICICI Pru (10)
IN1520180184,2026-08-15,6.78,ICICI Pru,ICICI Pru (10)
IN1520180192,2026-06-30,6.81,ICICI Pru,ICICI Pru
IN1520180192,2026-07-15,6.82,ICICI Pru,ICICI Pru
IN1520180192,2026-07-31,6.82,ICICI Pru,ICICI Pru (5)
IN1520180192,2026-08-15,6.78,ICICI Pru,ICICI Pru (5)
IN1520180200,2026-06-30,6.81,ICICI Pru,ICICI Pru; Aditya Birla
IN1520180200,2026-07-15,6.82,ICICI Pru,ICICI Pru
IN1520180200,2026-07-31,6.82,ICICI Pru,ICICI Pru (0); Aditya Birla (26)
IN1520180200,2026-08-15,6.78,ICICI Pru,ICICI Pru (0)
IN1520180218,2026-06-30,6.81,ICICI Pru,ICICI Pru; Aditya Birla
IN1520180218,2026-07-15,6.82,ICICI Pru,ICICI Pru
IN1520180218,2026-07-31,6.82,ICICI Pru,ICICI Pru (13); Aditya Birla (0)
IN1520180218,2026-08-15,6.78,ICICI Pru,ICICI Pru (13)
IN1520180226,2026-06-30,6.81,ICICI Pru,ICICI Pru
IN1520180226,2026-07-15,6.82,ICICI Pru,ICICI Pru
IN1520180226,2026-07-31,6.82,ICICI Pru,ICICI Pru (36); Tata (5)
IN1520180226,2026-08-15,6.78,ICICI Pru,ICICI Pru (36); Tata (5)
IN1520180234,2026-06-30,6.81,ICICI Pru,ICICI Pru
IN1520180234,2026-07-15,6.82,ICICI Pru,ICICI Pru
IN1520180234,2026-07-31,6.82,ICICI Pru,ICICI Pru (25)
IN1520180234,2026-08-15,6.78,ICICI Pru,ICICI Pru (36)
IN1520180259,2026-06-30,6.87,ICICI Pru,ICICI Pru
IN1520180259,2026-07-15,6.9,ICICI Pru,ICICI Pru
IN1520180259,2026-07-31,6.95,ICICI Pru,ICICI Pru (9)
IN1520180259,2026-08-15,6.84,ICICI Pru,ICICI Pru (9)
IN1520180275,2026-06-30,6.8749,Nippon,Nippon
IN1520180275,2026-07-15,6.9027,Nippon,Nippon
IN1520180275,2026-07-31,6.9544,Nippon,Nippon (1)
IN1520180275,2026-08-15,6.8381,Nippon,Nippon (1)
IN1520180283,2026-06-30,6.87,ICICI Pru,ICICI Pru; Nippon
IN1520180283,2026-07-15,6.9,ICICI Pru,ICICI Pru; Nippon
IN1520180283,2026-07-31,6.95,ICICI Pru,ICICI Pru (5); Nippon (9)
IN1520180283,2026-08-15,6.84,ICICI Pru,ICICI Pru (5); Nippon (9)
IN1520180291,2026-06-30,6.87,ICICI Pru,ICICI Pru; Nippon
IN1520180291,2026-07-15,6.9,ICICI Pru,ICICI Pru; Nippon
IN1520180291,2026-07-31,6.95,ICICI Pru,ICICI Pru (15); Nippon (1)
IN1520180291,2026-08-15,6.84,ICICI Pru,ICICI Pru (16); Nippon (1)
IN1520180309,2026-06-30,6.87,ICICI Pru,ICICI Pru; Nippon
IN1520180309,2026-07-15,6.9,ICICI Pru,ICICI Pru; Nippon
IN1520180309,2026-07-31,6.95,ICICI Pru,ICICI Pru (10); Nippon (2)
IN1520180309,2026-08-15,6.84,ICICI Pru,ICICI Pru (10); Nippon (2)
IN1520180317,2026-06-30,6.8755,SBI,SBI; ICICI Pru; Aditya Birla; Nippon
IN1520180317,2026-07-15,6.9027,SBI,SBI; ICICI Pru; Nippon
IN1520180317,2026-07-31,6.9544,SBI,SBI (5); ICICI Pru (1); Aditya Birla (1); Nippon (3); Tata (5)
IN1520180317,2026-08-15,6.8381,SBI,SBI (5); ICICI Pru (1); Nippon (3); Tata (5)
IN1520180325,2026-06-30,6.8749,SBI,SBI; ICICI Pru; Nippon
IN1520180325,2026-07-15,6.9027,SBI,SBI; ICICI Pru; Nippon
IN1520180325,2026-07-31,6.9544,SBI,SBI (5); ICICI Pru (5); Nippon (1)
IN1520180325,2026-08-15,6.8381,SBI,SBI (5); ICICI Pru (5); Nippon (1)
IN1520180333,2026-06-30,6.8749,Nippon,Nippon
IN1520180333,2026-07-15,6.9027,Nippon,Nippon
IN1520180333,2026-07-31,6.9544,Nippon,Nippon (84)
IN1520180333,2026-08-15,6.8381,Nippon,Nippon (84)
IN1520180341,2026-06-30,6.8749,SBI,SBI
IN1520180341,2026-07-15,6.9027,SBI,SBI
IN1520180341,2026-07-31,6.9544,SBI,SBI (4); Tata (5)
IN1520180341,2026-08-15,6.8381,SBI,SBI (4); Tata (5)
IN1520190019,2026-06-30,6.882,Nippon,Nippon
IN1520190019,2026-07-15,6.9105,Nippon,Nippon
IN1520190019,2026-07-31,6.9699,Nippon,Nippon (30)
IN1520190019,2026-08-15,6.8639,Nippon,Nippon (30)
IN1520190035,2026-06-30,6.882,Nippon,Nippon
IN1520190035,2026-07-15,6.9105,Nippon,Nippon
IN1520190035,2026-07-31,6.9699,Nippon,Nippon (15)
IN1520190035,2026-08-15,6.8639,Nippon,Nippon (21)
IN1520190084,2026-06-30,5.41,SBI,SBI; Kotak
IN1520190084,2026-07-15,5.41,SBI,SBI
IN1520190084,2026-07-31,5.3028,SBI,SBI (55); Kotak (7)
IN1520190092,2026-06-30,5.41,HDFC,HDFC; SBI; ICICI Pru; Aditya Birla
IN1520190092,2026-07-15,5.41,HDFC,HDFC; SBI; ICICI Pru
IN1520190092,2026-07-31,5.3028,SBI,SBI (160); ICICI Pru (15); Aditya Birla (25)
IN1520190092,2026-08-15,5.2128,SBI,SBI (160); ICICI Pru (15)
IN1520190118,2026-06-30,6.9053,Nippon,Nippon
IN1520190118,2026-07-15,6.9466,Nippon,Nippon
IN1520190118,2026-07-31,6.9931,Nippon,Nippon (50)
IN1520190118,2026-08-15,6.9053,Nippon,Nippon (51)
IN1520190126,2026-07-31,6.31,Tata,Tata (1)
IN1520190126,2026-08-15,6.28,Tata,Tata (1)
IN1520190142,2026-07-15,6.9714,SBI,SBI
IN1520190142,2026-07-31,6.9935,SBI,SBI (2)
IN1520190142,2026-08-15,6.9106,SBI,SBI (2)
IN1520190159,2026-06-30,6.9156,SBI,SBI
IN1520190159,2026-07-15,6.9714,SBI,SBI
IN1520190159,2026-07-31,6.9935,SBI,SBI (10)
IN1520190159,2026-08-15,6.9106,SBI,SBI (10)
IN1520190175,2026-06-30,6.9932,Nippon,Nippon
IN1520190175,2026-07-15,7.069,Nippon,Nippon
IN1520190175,2026-07-31,7.0401,Nippon,Nippon (10)
IN1520190175,2026-08-15,6.9486,Nippon,Nippon (10)
IN1520190183,2026-06-30,6.9932,Nippon,Nippon
IN1520190183,2026-07-15,7.05,Nippon,Nippon
IN1520190183,2026-07-31,7.0401,Nippon,Nippon (22)
IN1520190183,2026-08-15,6.9486,Nippon,Nippon (22)
IN1520190217,2026-06-30,6.9932,Axis,Axis; Nippon
IN1520190217,2026-07-15,7.05,Nippon,Nippon
IN1520190217,2026-07-31,7.0401,Axis,Axis (1); Nippon (47)
IN1520190217,2026-08-15,6.9486,Axis,Axis (1); Nippon (47)
IN1520200016,2026-06-30,6.8717,Aditya Birla,Aditya Birla
IN1520200016,2026-07-31,6.9595,Aditya Birla,Aditya Birla (31)
IN1520200032,2026-06-30,6.8613,Nippon,Nippon
IN1520200032,2026-07-15,6.8898,Nippon,Nippon
IN1520200032,2026-07-31,6.9492,Nippon,Nippon (6)
IN1520200032,2026-08-15,6.8433,Nippon,Nippon (6)
IN1520200040,2026-06-30,7.0041,Nippon,Nippon
IN1520200040,2026-07-15,7.0604,Nippon,Nippon
IN1520200040,2026-07-31,7.0409,Nippon,Nippon (5)
IN1520200040,2026-08-15,6.9572,Nippon,Nippon (5)
IN1520200073,2026-06-30,7.0042,Nippon,Nippon
IN1520200073,2026-07-15,7.0863,Nippon,Nippon
IN1520200073,2026-07-31,7.0498,Nippon,Nippon (2)
IN1520200073,2026-08-15,6.9677,Nippon,Nippon (2)
IN1520200123,2026-06-30,7.0042,Nippon,Nippon
IN1520200123,2026-07-15,7.0863,Nippon,Nippon
IN1520200123,2026-07-31,7.0498,Nippon,Nippon (111)
IN1520200123,2026-08-15,6.9677,Nippon,Nippon (111)
IN1520200131,2026-06-30,7.0042,Nippon,Nippon
IN1520200131,2026-07-15,7.0863,Nippon,Nippon
IN1520200131,2026-07-31,7.0498,Nippon,Nippon (8)
IN1520200131,2026-08-15,6.9677,Nippon,Nippon (8)
IN1520200149,2026-06-30,6.8949,Aditya Birla,Aditya Birla
IN1520200149,2026-07-31,6.9828,Aditya Birla,Aditya Birla (1)
IN1520200156,2026-06-30,7.0042,Aditya Birla,Aditya Birla; Nippon
IN1520200156,2026-07-15,7.0863,Nippon,Nippon
IN1520200156,2026-07-31,7.0498,Aditya Birla,Aditya Birla (2); Nippon (115)
IN1520200156,2026-08-15,6.9677,Nippon,Nippon (116)
IN1520200164,2026-06-30,7.0042,Nippon,Nippon
IN1520200164,2026-07-15,7.0863,Nippon,Nippon
IN1520200164,2026-07-31,7.0498,Nippon,Nippon (10)
IN1520200164,2026-08-15,6.9677,Nippon,Nippon (10)
IN1520200172,2026-06-30,7.0087,Nippon,Nippon
IN1520200172,2026-07-15,7.0905,Nippon,Nippon
IN1520200172,2026-07-31,7.058,Nippon,Nippon (30)
IN1520200172,2026-08-15,6.9843,Nippon,Nippon (30)
IN1520200198,2026-06-30,7.0087,Nippon,Nippon; Kotak
IN1520200198,2026-07-15,7.0905,Nippon,Nippon
IN1520200198,2026-07-31,7.058,Nippon,Nippon (20); Kotak (0)
IN1520200198,2026-08-15,6.9843,Nippon,Nippon (20); Kotak (0)
IN1520200214,2026-06-30,7.0087,Nippon,Nippon
IN1520200214,2026-07-15,7.0905,Nippon,Nippon
IN1520200214,2026-07-31,7.058,Nippon,Nippon (4)
IN1520200214,2026-08-15,6.9843,Nippon,Nippon (4)
IN1520200222,2026-06-30,6.9053,Nippon,Nippon
IN1520200222,2026-07-15,6.9611,Nippon,Nippon
IN1520200222,2026-07-31,6.9832,Nippon,Nippon (15)
IN1520200222,2026-08-15,6.9003,Nippon,Nippon (15)
IN1520200271,2026-06-30,7.1277,Nippon,Nippon
IN1520200271,2026-07-15,7.1432,Nippon,Nippon
IN1520200271,2026-07-31,7.1123,Nippon,Nippon (5)
IN1520200271,2026-08-15,7.0863,Nippon,Nippon (5)
IN1520200297,2026-06-30,7.1277,Nippon,Nippon
IN1520200297,2026-07-15,7.1432,Nippon,Nippon
IN1520200297,2026-07-31,7.1123,Nippon,Nippon (0)
IN1520200297,2026-08-15,7.0863,Nippon,Nippon (0)
IN1520200347,2026-06-30,5.7967,Aditya Birla,Aditya Birla; Axis; Nippon
IN1520200347,2026-07-15,5.8841,Nippon,Nippon
IN1520200347,2026-07-31,5.8404,Aditya Birla,Aditya Birla (161); Axis (161); Nippon (65)
IN1520200347,2026-08-15,5.8584,Axis,Axis (161); Nippon (65)
IN1520200354,2026-06-30,6.9828,Nippon,Nippon
IN1520200354,2026-07-15,7.0397,Nippon,Nippon
IN1520200354,2026-07-31,7.0298,Nippon,Nippon (55)
IN1520200354,2026-08-15,6.9383,Axis,Axis (10); Nippon (55)
IN1520210015,2026-06-30,7.0,HDFC,HDFC; Nippon
IN1520210015,2026-07-15,7.06,HDFC,HDFC; Nippon
IN1520210015,2026-07-31,7.04,HDFC,HDFC (1); Nippon (5)
IN1520210015,2026-08-15,6.9572,Nippon,Nippon (5)
IN1520210098,2026-06-30,6.38,ICICI Pru,ICICI Pru
IN1520210098,2026-07-15,6.3064,SBI,SBI; ICICI Pru
IN1520210098,2026-07-31,6.2703,SBI,SBI (15); ICICI Pru (50)
IN1520210098,2026-08-15,6.183,SBI,SBI (15); ICICI Pru (50)
IN1520210106,2026-07-31,7.1307,SBI,SBI (25)
IN1520210106,2026-08-15,7.1033,SBI,SBI (25)
IN1520210130,2026-06-30,5.5854,SBI,SBI; Aditya Birla; Kotak
IN1520210130,2026-07-15,5.6118,SBI,SBI
IN1520210130,2026-07-31,5.4924,SBI,SBI (265); Aditya Birla (200); Kotak (100)
IN1520210130,2026-08-15,5.449,SBI,SBI (265); Kotak (100)
IN1520210205,2026-06-30,7.2675,Nippon,Nippon
IN1520210205,2026-07-15,7.282,Nippon,Nippon
IN1520210205,2026-07-31,7.2476,Nippon,Nippon (50)
IN1520210205,2026-08-15,7.2132,Nippon,Nippon (50)
IN1520210213,2026-06-30,7.2675,Aditya Birla,Aditya Birla
IN1520220014,2026-06-30,7.1376,Nippon,Nippon
IN1520220014,2026-07-15,7.1342,Nippon,Nippon
IN1520220014,2026-07-31,7.1304,Nippon,Nippon (10)
IN1520220014,2026-08-15,7.0971,Nippon,Nippon (10)
IN1520220063,2026-07-15,7.3011,Nippon,Nippon
IN1520220063,2026-07-31,7.27,Nippon,Nippon (40)
IN1520220063,2026-08-15,7.2217,Nippon,Nippon (40)
IN1520220097,2026-06-30,5.44,HDFC,HDFC; SBI; ICICI Pru; Aditya Birla
IN1520220097,2026-07-15,5.45,HDFC,HDFC; SBI; ICICI Pru
IN1520220097,2026-07-31,5.33,HDFC,HDFC (105); SBI (391); ICICI Pru (10); Aditya Birla (517)
IN1520220097,2026-08-15,5.2608,SBI,SBI (391); ICICI Pru (10)
IN1520220113,2026-06-30,7.2928,Axis,Axis
IN1520220113,2026-07-31,7.27,Axis,Axis (21)
IN1520220113,2026-08-15,7.2217,Axis,Axis (21)
IN1520220121,2026-06-30,5.5954,Aditya Birla,Aditya Birla
IN1520220121,2026-07-31,5.5024,Aditya Birla,Aditya Birla (25)
IN1520220154,2026-06-30,5.6254,Aditya Birla,Aditya Birla; Kotak
IN1520220154,2026-07-31,5.5674,SBI,SBI (5); Aditya Birla (301); Kotak (45)
IN1520220154,2026-08-15,5.489,SBI,SBI (5); Kotak (45)
IN1520220188,2026-06-30,7.185,SBI,SBI
IN1520220188,2026-07-15,7.1824,SBI,SBI
IN1520220188,2026-07-31,7.1682,SBI,SBI (51)
IN1520220188,2026-08-15,7.1128,SBI,SBI (51)
IN1520220212,2026-06-30,7.32,UTI,UTI
IN1520220212,2026-07-31,7.24,UTI,UTI (10)
IN1520220238,2026-06-30,6.9932,Nippon,Nippon
IN1520220238,2026-07-15,7.05,Nippon,Nippon
IN1520220238,2026-07-31,7.0401,Nippon,Nippon (51)
IN1520220238,2026-08-15,6.9486,Nippon,Nippon (51)
IN1520220253,2026-06-30,7.32,UTI,UTI
IN1520220253,2026-07-31,7.24,UTI,UTI (5)
IN1520220287,2026-06-30,7.32,UTI,UTI
IN1520220287,2026-07-31,7.24,UTI,UTI (15)
IN1520220329,2026-06-30,7.5769,SBI,SBI
IN1520220329,2026-07-15,7.5579,SBI,SBI
IN1520220329,2026-07-31,7.5584,SBI,SBI (102)
IN1520220329,2026-08-15,7.526,SBI,SBI (102)
IN1520230021,2026-06-30,7.1376,Nippon,Nippon
IN1520230021,2026-07-15,7.1342,Nippon,Nippon
IN1520230021,2026-07-31,7.1304,Nippon,Nippon (5)
IN1520230021,2026-08-15,7.0971,Nippon,Nippon (5)
IN1520230039,2026-06-30,6.7191,Axis,Axis
IN1520230039,2026-07-31,6.7505,Axis,Axis (30)
IN1520230039,2026-08-15,6.6046,Axis,Axis (30)
IN1520230047,2026-06-30,6.7191,Nippon,Nippon
IN1520230047,2026-07-15,6.7244,Nippon,Nippon
IN1520230047,2026-07-31,6.7505,Nippon,Nippon (0)
IN1520230047,2026-08-15,6.6046,Nippon,Nippon (0)
IN1520230062,2026-06-30,6.39,ICICI Pru,ICICI Pru
IN1520230062,2026-07-15,6.32,ICICI Pru,ICICI Pru
IN1520230062,2026-07-31,6.28,ICICI Pru,ICICI Pru (35)
IN1520230062,2026-08-15,6.19,ICICI Pru,ICICI Pru (35)
IN1520230138,2026-06-30,7.185,Nippon,Nippon
IN1520230138,2026-07-15,7.1824,Nippon,Nippon
IN1520230138,2026-07-31,7.1682,Nippon,Nippon (33)
IN1520230138,2026-08-15,7.1128,Nippon,Nippon (33)
IN1520230161,2026-06-30,5.76,HDFC,HDFC; Aditya Birla; Axis
IN1520230161,2026-07-15,5.81,HDFC,HDFC
IN1520230161,2026-07-31,5.76,HDFC,HDFC (75); Aditya Birla (247); Axis (156)
IN1520230161,2026-08-15,5.75,Axis,Axis (156)
IN1520230187,2026-07-31,6.99,Tata,Tata (34)
IN1520230187,2026-08-15,6.97,Tata,Tata (34)
IN1520230195,2026-06-30,7.2675,Nippon,Nippon
IN1520230195,2026-07-15,7.282,Nippon,Nippon
IN1520230195,2026-07-31,7.2476,Nippon,Nippon (26)
IN1520230195,2026-08-15,7.2132,Nippon,Nippon (26)
IN1520230203,2026-06-30,7.45,HDFC,HDFC
IN1520230203,2026-07-15,7.42,HDFC,HDFC
IN1520230203,2026-07-31,7.37,HDFC,HDFC (193)
IN1520230211,2026-06-30,7.48,HDFC,HDFC
IN1520230211,2026-07-15,7.48,HDFC,HDFC
IN1520230211,2026-07-31,7.49,HDFC,HDFC (122)
IN1520230229,2026-06-30,7.45,HDFC,HDFC
IN1520230229,2026-07-15,7.42,HDFC,HDFC
IN1520230229,2026-07-31,7.37,HDFC,HDFC (92)
IN1520230237,2026-06-30,7.48,HDFC,HDFC
IN1520230237,2026-07-15,7.48,HDFC,HDFC
IN1520230237,2026-07-31,7.49,HDFC,HDFC (71)
IN1520230245,2026-06-30,7.45,ICICI Pru,ICICI Pru
IN1520230245,2026-07-15,7.42,ICICI Pru,ICICI Pru
IN1520230245,2026-07-31,7.37,ICICI Pru,ICICI Pru (102)
IN1520230245,2026-08-15,7.39,ICICI Pru,ICICI Pru (102)
IN1520230260,2026-06-30,7.13,Kotak,Kotak
IN1520230260,2026-07-31,7.11,Kotak,Kotak (76)
IN1520230260,2026-08-15,7.09,Kotak,Kotak (76)
IN1520230278,2026-06-30,7.1277,Nippon,Nippon
IN1520230278,2026-07-15,7.1536,Nippon,Nippon
IN1520230278,2026-07-31,7.1123,Nippon,Nippon (25)
IN1520230278,2026-08-15,7.0863,Nippon,Nippon (25)
IN1520230286,2026-06-30,7.32,UTI,UTI
IN1520230286,2026-07-31,7.24,UTI,UTI (5)
IN1520240020,2026-06-30,6.7819,Aditya Birla,Aditya Birla
IN1520240020,2026-07-31,6.7911,Aditya Birla,Aditya Birla (15)
IN1520240038,2026-06-30,6.9053,Aditya Birla,Aditya Birla
IN1520240038,2026-07-31,6.9931,Aditya Birla,Aditya Birla (5)
IN1520240186,2026-06-30,5.77,HDFC,HDFC; Aditya Birla; Axis
IN1520240186,2026-07-15,5.87,HDFC,HDFC
IN1520240186,2026-07-31,5.84,HDFC,HDFC (201); Aditya Birla (797); Axis (10)
IN1520240186,2026-08-15,5.78,Axis,Axis (10)
IN1520240202,2026-06-30,7.2675,Axis,Axis; Nippon
IN1520240202,2026-07-15,7.282,Nippon,Nippon
IN1520240202,2026-07-31,7.2476,Axis,Axis (66); Nippon (48)
IN1520240202,2026-08-15,7.2132,Axis,Axis (66); Nippon (48)
IN1520240301,2026-06-30,7.32,UTI,UTI
IN1520240301,2026-07-31,7.374,Axis,Axis (25); UTI (10)
IN1520250011,2026-06-30,7.26,Kotak,Kotak
IN1520250011,2026-07-31,7.24,Kotak,Kotak (68)
IN1520250011,2026-08-15,7.2,Kotak,Kotak (68)
IN1520250144,2026-06-30,7.29,HDFC,HDFC
IN1520250144,2026-07-15,7.3,HDFC,HDFC
IN1520250144,2026-07-31,7.27,HDFC,HDFC (11)
IN1520250169,2026-06-30,7.48,ICICI Pru,ICICI Pru
IN1520250169,2026-07-15,7.48,ICICI Pru,ICICI Pru
IN1520250169,2026-07-31,7.49,ICICI Pru,ICICI Pru (96)
IN1520250169,2026-08-15,7.47,ICICI Pru,ICICI Pru (96)
IN1520250177,2026-07-31,7.1579,SBI,SBI (129)
IN1520250177,2026-08-15,7.1025,SBI,SBI (129)
IN1520250185,2026-06-30,7.28,HDFC,HDFC; Kotak
IN1520250185,2026-07-15,7.29,HDFC,HDFC
IN1520250185,2026-07-31,7.26,HDFC,HDFC (25); Kotak (216)
IN1520250185,2026-08-15,7.21,Kotak,Kotak (216)
IN1520250193,2026-06-30,7.46,HDFC,HDFC
IN1520250193,2026-07-15,7.45,HDFC,HDFC
IN1520250193,2026-07-31,7.38,HDFC,HDFC (54)
IN1520250227,2026-06-30,7.48,HDFC,HDFC
IN1520250227,2026-07-15,7.48,HDFC,HDFC
IN1520250227,2026-07-31,7.49,HDFC,HDFC (298)
IN1520250243,2026-06-30,7.019,Nippon,Nippon
IN1520250243,2026-07-15,7.1008,Nippon,Nippon
IN1520250243,2026-07-31,7.0683,Nippon,Nippon (50)
IN1520250243,2026-08-15,6.9946,Nippon,Nippon (50)
IN1520250250,2026-06-30,7.185,Axis,Axis
IN1520250276,2026-06-30,7.27,ICICI Pru,ICICI Pru; Aditya Birla; Nippon; Kotak
IN1520250276,2026-07-15,7.27,ICICI Pru,ICICI Pru; Nippon
IN1520250276,2026-07-31,7.25,ICICI Pru,ICICI Pru (2); Nippon (150); Kotak (551)
IN1520250276,2026-08-15,7.21,ICICI Pru,ICICI Pru (2); Axis (100); Nippon (151)
IN1520260036,2026-06-30,7.5769,Aditya Birla,Aditya Birla
IN1520260036,2026-07-31,7.5584,Aditya Birla,Aditya Birla (14)
IN1520260051,2026-06-30,7.63,HDFC,HDFC; SBI
IN1520260051,2026-07-15,7.61,HDFC,HDFC; SBI
IN1520260051,2026-07-31,7.58,HDFC,HDFC (46); SBI (952)
IN1520260051,2026-08-15,7.5376,SBI,SBI (884)
IN1520260093,2026-06-30,7.5352,SBI,SBI
IN1520260093,2026-07-15,7.4827,SBI,SBI
IN1520260093,2026-07-31,7.498,SBI,SBI (452)
IN1520260093,2026-08-15,7.4851,SBI,SBI (452)
IN1520260101,2026-06-30,7.6303,SBI,SBI; Aditya Birla
IN1520260101,2026-07-15,7.7122,SBI,SBI
IN1520260101,2026-07-31,7.6739,SBI,SBI (50); Aditya Birla (50)
IN1520260101,2026-08-15,7.6429,SBI,SBI (50)
IN1520260127,2026-08-15,7.5476,Nippon,Nippon (101)
IN1620160185,2026-06-30,5.49,HDFC,HDFC; Aditya Birla
IN1620160185,2026-07-15,5.5,HDFC,HDFC
IN1620160185,2026-07-31,5.3802,SBI,SBI (45); Aditya Birla (160)
IN1620160185,2026-08-15,5.3159,SBI,SBI (195)
IN1620160193,2026-06-30,5.49,HDFC,HDFC; SBI; Aditya Birla
IN1620160193,2026-07-15,5.5,HDFC,HDFC; SBI
IN1620160193,2026-07-31,5.38,HDFC,HDFC (1); SBI (165); Aditya Birla (40)
IN1620160193,2026-08-15,5.3159,SBI,SBI (165)
IN1620160227,2026-06-30,5.7268,SBI,SBI
IN1620160227,2026-07-15,5.8037,SBI,SBI
IN1620160227,2026-07-31,5.6567,SBI,SBI (50)
IN1620160227,2026-08-15,5.5668,SBI,SBI (50)
IN1620160235,2026-06-30,5.7168,SBI,SBI
IN1620160235,2026-07-15,5.7937,SBI,SBI
IN1620160235,2026-07-31,5.6467,SBI,SBI (10)
IN1620160235,2026-08-15,5.5568,SBI,SBI (10)
IN1620160243,2026-06-30,5.7268,Aditya Birla,Aditya Birla; Nippon
IN1620160243,2026-07-15,5.8037,Nippon,Nippon
IN1620160243,2026-07-31,5.7068,Aditya Birla,Aditya Birla (5); Nippon (10); Tata (96)
IN1620160243,2026-08-15,5.6318,Nippon,Nippon (10); Tata (96)
IN1620160268,2026-07-31,5.943,Axis,Axis (136)
IN1620160268,2026-08-15,5.8275,Axis,Axis (86)
IN1620160276,2026-06-30,5.9,HDFC,HDFC; Aditya Birla; Axis; Nippon
IN1620160276,2026-07-15,5.98,HDFC,HDFC; Nippon
IN1620160276,2026-07-31,5.94,HDFC,HDFC (3); Aditya Birla (15); Axis (1); Nippon (0)
IN1620160276,2026-08-15,5.9073,Axis,Axis (1); Nippon (0)
IN1620160284,2026-06-30,5.8993,Aditya Birla,Aditya Birla; Nippon
IN1620160284,2026-07-15,5.9765,Nippon,Nippon
IN1620160284,2026-07-31,5.943,Aditya Birla,Aditya Birla (3); Nippon (1)
IN1620160284,2026-08-15,5.9073,Nippon,Nippon (1)
IN1620160292,2026-06-30,5.8993,Aditya Birla,Aditya Birla; Nippon
IN1620160292,2026-07-15,5.9765,Nippon,Nippon
IN1620160292,2026-07-31,5.943,Aditya Birla,Aditya Birla (37); Nippon (21)
IN1620160292,2026-08-15,5.9073,Nippon,Nippon (21)
IN1620170010,2026-06-30,6.02,ICICI Pru,ICICI Pru; Axis; UTI
IN1620170010,2026-07-15,6.04,ICICI Pru,ICICI Pru
IN1620170010,2026-07-31,6.11,ICICI Pru,ICICI Pru (12); Axis (152); UTI (5)
IN1620170010,2026-08-15,6.02,ICICI Pru,ICICI Pru (12); Axis (152)
IN1620170028,2026-06-30,6.0291,SBI,SBI; ICICI Pru
IN1620170028,2026-07-15,6.0618,SBI,SBI; ICICI Pru
IN1620170028,2026-07-31,6.1269,SBI,SBI (56); ICICI Pru (20)
IN1620170028,2026-08-15,6.0549,SBI,SBI (56); ICICI Pru (20)
IN1620170036,2026-06-30,6.477,SBI,SBI; ICICI Pru
IN1620170036,2026-07-15,6.425,SBI,SBI; ICICI Pru
IN1620170036,2026-07-31,6.3888,SBI,SBI (15); ICICI Pru (125)
IN1620170036,2026-08-15,6.152,SBI,SBI (15); ICICI Pru (125)
IN1620170051,2026-06-30,6.477,SBI,SBI; ICICI Pru
IN1620170051,2026-07-15,6.425,SBI,SBI; ICICI Pru
IN1620170051,2026-07-31,6.3888,SBI,SBI (12); ICICI Pru (70)
IN1620170051,2026-08-15,6.3015,SBI,SBI (12); ICICI Pru (70)
IN1620170077,2026-06-30,6.5718,Aditya Birla,Aditya Birla
IN1620170077,2026-07-31,6.5076,Aditya Birla,Aditya Birla (0)
IN1620170119,2026-06-30,6.7814,Aditya Birla,Aditya Birla; Nippon
IN1620170119,2026-07-15,6.7864,Nippon,Nippon
IN1620170119,2026-07-31,6.842,Aditya Birla,Aditya Birla (3); Nippon (3)
IN1620170119,2026-08-15,6.6817,Nippon,Nippon (3)
IN1620170143,2026-06-30,6.67,UTI,UTI
IN1620170143,2026-07-31,6.73,UTI,UTI (1)
IN1620170150,2026-06-30,6.7814,Nippon,Nippon
IN1620170150,2026-07-15,6.7864,Nippon,Nippon
IN1620170150,2026-07-31,6.842,Nippon,Nippon (52)
IN1620170150,2026-08-15,6.6817,Nippon,Nippon (1)
IN1620170168,2026-06-30,6.7814,Aditya Birla,Aditya Birla; Nippon; UTI
IN1620170168,2026-07-15,6.7606,Nippon,Nippon
IN1620170168,2026-07-31,6.842,Aditya Birla,Aditya Birla (5); Nippon (1); UTI (1)
IN1620170168,2026-08-15,6.6817,Nippon,Nippon (1)
IN1620180035,2026-06-30,6.8749,Aditya Birla,Aditya Birla; Nippon
IN1620180035,2026-07-15,6.9317,Nippon,Nippon
IN1620180035,2026-07-31,6.888,Aditya Birla,Aditya Birla (46); Nippon (5)
IN1620180035,2026-08-15,6.8157,Nippon,Nippon (5)
IN1620180050,2026-06-30,6.87,ICICI Pru,ICICI Pru; Nippon
IN1620180050,2026-07-15,6.93,ICICI Pru,ICICI Pru; Nippon
IN1620180050,2026-07-31,6.89,ICICI Pru,ICICI Pru (10); Nippon (89)
IN1620180050,2026-08-15,6.82,ICICI Pru,ICICI Pru (10); Nippon (89)
IN1620180118,2026-06-30,7.5579,Aditya Birla,Aditya Birla
IN1620180118,2026-07-31,7.568,Aditya Birla,Aditya Birla (74)
IN1620190158,2026-06-30,7.0781,Nippon,Nippon
IN1620190158,2026-07-15,7.135,Nippon,Nippon
IN1620190158,2026-07-31,7.1022,Nippon,Nippon (35)
IN1620190158,2026-08-15,7.0302,Nippon,Nippon (35)
IN1620190190,2026-06-30,6.9638,Nippon,Nippon
IN1620190190,2026-07-15,6.9915,Nippon,Nippon
IN1620190190,2026-07-31,7.0307,Nippon,Nippon (106)
IN1620190190,2026-08-15,6.9093,Nippon,Nippon (106)
IN1620210147,2026-06-30,6.9534,Nippon,Nippon
IN1620210147,2026-07-15,6.9812,Nippon,Nippon
IN1620210147,2026-07-31,7.0203,Nippon,Nippon (2)
IN1620210147,2026-08-15,6.899,Nippon,Nippon (2)
IN1620220070,2026-07-31,6.72,Tata,Tata (20)
IN1620220070,2026-08-15,6.58,Tata,Tata (20)
IN1620220096,2026-06-30,6.03,HDFC,HDFC; ICICI Pru; Nippon
IN1620220096,2026-07-15,6.06,HDFC,HDFC; ICICI Pru; Nippon
IN1620220096,2026-07-31,6.13,HDFC,HDFC (1); ICICI Pru (30); Nippon (0)
IN1620220096,2026-08-15,6.05,ICICI Pru,ICICI Pru (30); Nippon (0)
IN1620220120,2026-06-30,7.5475,Aditya Birla,Aditya Birla
IN1620220120,2026-07-31,7.5577,Aditya Birla,Aditya Birla (1)
IN1620220369,2026-06-30,7.37,UTI,UTI
IN1620220369,2026-07-31,7.3,UTI,UTI (8)
IN1620220401,2026-06-30,7.37,UTI,UTI
IN1620220401,2026-07-31,7.3,UTI,UTI (5)
IN1620220419,2026-06-30,7.2152,Aditya Birla,Aditya Birla
IN1620220419,2026-07-31,7.1718,Aditya Birla,Aditya Birla (4)
IN1620220435,2026-06-30,7.3428,Aditya Birla,Aditya Birla
IN1620220435,2026-07-31,7.3072,Aditya Birla,Aditya Birla (26)
IN1620220468,2026-06-30,7.3428,Aditya Birla,Aditya Birla
IN1620220468,2026-07-31,7.3055,Aditya Birla,Aditya Birla (1)
IN1620220484,2026-06-30,7.5019,Aditya Birla,Aditya Birla; UTI
IN1620220484,2026-07-31,7.4321,Aditya Birla,Aditya Birla (0); UTI (26)
IN1620230020,2026-06-30,6.96,Nippon,Nippon
IN1620230020,2026-07-15,7.0093,Nippon,Nippon
IN1620230020,2026-07-31,7.0462,Nippon,Nippon (56)
IN1620230020,2026-08-15,6.9352,Nippon,Nippon (56)
IN1620230046,2026-06-30,6.024,Axis,Axis
IN1620230046,2026-07-31,6.1063,Axis,Axis (10)
IN1620230046,2026-08-15,6.024,Axis,Axis (10)
IN1620230095,2026-06-30,7.2127,Nippon,Nippon
IN1620230095,2026-07-15,7.2155,Nippon,Nippon
IN1620230095,2026-07-31,7.1899,Nippon,Nippon (25)
IN1620230095,2026-08-15,7.1618,Nippon,Nippon (25)
IN1620230335,2026-06-30,7.6036,Aditya Birla,Aditya Birla
IN1620230335,2026-07-31,7.5664,Aditya Birla,Aditya Birla (39)
IN1620230426,2026-06-30,7.6036,Aditya Birla,Aditya Birla; Axis
IN1620230426,2026-07-31,7.5664,Aditya Birla,Aditya Birla (15); Axis (15)
IN1620230426,2026-08-15,7.5499,Axis,Axis (15)
IN1620240367,2026-06-30,7.57,UTI,UTI
IN1620240367,2026-07-31,7.61,UTI,UTI (1)
IN1620250077,2026-06-30,7.71,HDFC,HDFC
IN1620250077,2026-07-15,7.76,HDFC,HDFC
IN1620250077,2026-07-31,7.75,HDFC,HDFC (1)
IN1620250085,2026-06-30,7.71,HDFC,HDFC
IN1620250135,2026-06-30,7.71,ICICI Pru,ICICI Pru
IN1620250135,2026-07-15,7.76,ICICI Pru,ICICI Pru
IN1620250135,2026-07-31,7.75,ICICI Pru,ICICI Pru (218)
IN1620250135,2026-08-15,7.7,ICICI Pru,ICICI Pru (219)
IN1620250168,2026-06-30,7.71,HDFC,HDFC
IN1620250184,2026-06-30,7.71,ICICI Pru,ICICI Pru
IN1620250184,2026-07-15,7.76,ICICI Pru,ICICI Pru
IN1620250184,2026-07-31,7.75,ICICI Pru,ICICI Pru (75)
IN1620250184,2026-08-15,7.7,ICICI Pru,ICICI Pru (76)
IN1620250283,2026-06-30,7.7072,Nippon,Nippon
IN1620250317,2026-06-30,7.64,UTI,UTI
IN1620250325,2026-06-30,7.72,ICICI Pru,ICICI Pru
IN1620250325,2026-07-15,7.78,ICICI Pru,ICICI Pru
IN1620250325,2026-07-31,7.77,ICICI Pru,ICICI Pru (217)
IN1620250325,2026-08-15,7.71,ICICI Pru,ICICI Pru (218)
IN1620250358,2026-06-30,7.79,HDFC,HDFC; UTI
IN1620250358,2026-07-31,7.7,UTI,UTI (151)
IN1620250366,2026-06-30,7.78,HDFC,HDFC
IN1620250366,2026-07-15,7.79,HDFC,HDFC
IN1620250366,2026-07-31,7.78,HDFC,HDFC (40)
IN1620250374,2026-06-30,7.0678,SBI,SBI
IN1620250374,2026-07-15,7.1246,SBI,SBI
IN1620250424,2026-06-30,7.3428,Aditya Birla,Aditya Birla
IN1620250432,2026-06-30,7.71,ICICI Pru,ICICI Pru
IN1620250432,2026-07-15,7.76,ICICI Pru,ICICI Pru
IN1620250432,2026-07-31,7.75,ICICI Pru,ICICI Pru (20)
IN1620250432,2026-08-15,7.7,ICICI Pru,ICICI Pru (20)
IN1620250457,2026-06-30,7.64,UTI,UTI
IN1620250457,2026-07-31,7.64,UTI,UTI (15)
IN1720160010,2026-06-30,5.6254,SBI,SBI
IN1720160010,2026-07-15,5.6523,SBI,SBI
IN1720160010,2026-07-31,5.5328,SBI,SBI (10)
IN1720160010,2026-08-15,5.4895,SBI,SBI (10)
IN1720160028,2026-06-30,5.6555,SBI,SBI
IN1720160028,2026-07-15,5.7322,SBI,SBI
IN1720160028,2026-07-31,5.5979,SBI,SBI (43)
IN1720160028,2026-08-15,5.5195,SBI,SBI (43)
IN1720160549,2026-06-30,5.85,ICICI Pru,ICICI Pru
IN1720160549,2026-07-15,5.93,ICICI Pru,ICICI Pru
IN1720160549,2026-07-31,5.9,ICICI Pru,ICICI Pru (3)
IN1720160549,2026-08-15,5.91,ICICI Pru,ICICI Pru (3)
IN1720170019,2026-06-30,6.0,ICICI Pru,ICICI Pru
IN1720170019,2026-07-15,6.02,ICICI Pru,ICICI Pru
IN1720170019,2026-07-31,6.07,ICICI Pru,ICICI Pru (20)
IN1720170019,2026-08-15,5.99,ICICI Pru,ICICI Pru (20)
IN1720170035,2026-06-30,6.43,ICICI Pru,ICICI Pru
IN1720170035,2026-07-15,6.38,ICICI Pru,ICICI Pru
IN1720170035,2026-07-31,6.34,ICICI Pru,ICICI Pru (76)
IN1720170035,2026-08-15,6.1,ICICI Pru,ICICI Pru (76)
IN1720180059,2026-06-30,6.959,Nippon,Nippon
IN1720180059,2026-07-15,6.9868,Nippon,Nippon
IN1720180059,2026-07-31,7.0385,Nippon,Nippon (0)
IN1720180059,2026-08-15,6.9118,Nippon,Nippon (0)
IN1720220228,2026-06-30,7.3518,Aditya Birla,Aditya Birla
IN1720220228,2026-07-31,7.3318,Aditya Birla,Aditya Birla (5)
IN1720250084,2026-06-30,7.74,ICICI Pru,ICICI Pru
IN1720250084,2026-07-15,7.78,ICICI Pru,ICICI Pru
IN1720250084,2026-07-31,7.77,ICICI Pru,ICICI Pru (448)
IN1720250084,2026-08-15,7.71,ICICI Pru,ICICI Pru (450)
IN1720250100,2026-06-30,7.74,HDFC,HDFC
IN1720250118,2026-06-30,6.9893,SBI,SBI
IN1720250118,2026-07-15,7.0452,SBI,SBI
IN1720250118,2026-07-31,7.0673,SBI,SBI (5)
IN1720250118,2026-08-15,6.974,SBI,SBI (5)
IN1820170067,2026-06-30,6.39,ICICI Pru,ICICI Pru
IN1820170067,2026-07-15,6.34,ICICI Pru,ICICI Pru
IN1820170067,2026-07-31,6.31,ICICI Pru,ICICI Pru (15)
IN1820170067,2026-08-15,6.29,ICICI Pru,ICICI Pru (15)
IN1820170075,2026-06-30,6.39,ICICI Pru,ICICI Pru
IN1820170075,2026-07-15,6.34,ICICI Pru,ICICI Pru
IN1820170075,2026-07-31,6.31,ICICI Pru,ICICI Pru (56)
IN1820170075,2026-08-15,6.29,ICICI Pru,ICICI Pru (56)
IN1920160018,2026-06-30,5.6,HDFC,HDFC; SBI; Aditya Birla
IN1920160018,2026-07-15,5.6,HDFC,HDFC; SBI
IN1920160018,2026-07-31,5.5,HDFC,HDFC (16); SBI (50); Aditya Birla (68)
IN1920160018,2026-08-15,5.4591,SBI,SBI (50)
IN1920160026,2026-06-30,5.5954,Aditya Birla,Aditya Birla; Nippon
IN1920160026,2026-07-15,5.62,HDFC,HDFC; Nippon
IN1920160026,2026-07-31,5.5,HDFC,HDFC (5); Aditya Birla (31); Nippon (25)
IN1920160026,2026-08-15,5.4591,Nippon,Nippon (50)
IN1920160034,2026-06-30,5.6254,Aditya Birla,Aditya Birla
IN1920160034,2026-07-31,5.5674,Aditya Birla,Aditya Birla (161); Nippon (15)
IN1920160034,2026-08-15,5.4891,Nippon,Nippon (15)
IN1920160042,2026-06-30,5.6155,Aditya Birla,Aditya Birla; Nippon
IN1920160042,2026-07-15,5.6918,Nippon,Nippon
IN1920160042,2026-07-31,5.5574,Aditya Birla,Aditya Birla (25)
IN1920160059,2026-06-30,5.63,HDFC,HDFC; SBI; Aditya Birla; Nippon
IN1920160059,2026-07-15,5.7,HDFC,HDFC; SBI; Nippon
IN1920160059,2026-07-31,5.62,HDFC,HDFC (10); SBI (10); Aditya Birla (10); Nippon (18)
IN1920160059,2026-08-15,5.5541,SBI,SBI (10); Nippon (18)
IN1920160067,2026-06-30,5.6254,Aditya Birla,Aditya Birla; Nippon
IN1920160067,2026-07-15,5.7018,Nippon,Nippon
IN1920160067,2026-07-31,5.6174,Aditya Birla,Aditya Birla (6); Nippon (50)
IN1920160067,2026-08-15,5.5541,Nippon,Nippon (50)
IN1920160075,2026-06-30,5.7607,SBI,SBI; Aditya Birla; Nippon; UTI
IN1920160075,2026-07-15,5.805,SBI,SBI; Nippon
IN1920160075,2026-07-31,5.7625,SBI,SBI (40); Aditya Birla (50); Nippon (20); UTI (25)
IN1920160075,2026-08-15,5.75,SBI,SBI (40); Nippon (20)
IN1920160083,2026-06-30,5.76,ICICI Pru,ICICI Pru; Aditya Birla; Nippon
IN1920160083,2026-07-15,5.89,ICICI Pru,ICICI Pru; Nippon
IN1920160083,2026-07-31,5.76,ICICI Pru,ICICI Pru (2); Aditya Birla (96); Nippon (111)
IN1920160083,2026-08-15,5.75,ICICI Pru,ICICI Pru (2); Nippon (111)
IN1920160091,2026-06-30,5.7812,Aditya Birla,Aditya Birla; Nippon
IN1920160091,2026-07-15,5.8841,Nippon,Nippon
IN1920160091,2026-07-31,5.8507,Aditya Birla,Aditya Birla (57); Nippon (50)
IN1920160091,2026-08-15,5.79,Nippon,Nippon (50)
IN1920160109,2026-06-30,5.807,SBI,SBI; Aditya Birla; Axis; Nippon; UTI
IN1920160109,2026-07-15,5.8841,SBI,SBI; Nippon
IN1920160109,2026-07-31,5.8507,SBI,SBI (10); Aditya Birla (26); Axis (10); Nippon (137); UTI (2)
IN1920160109,2026-08-15,5.8687,SBI,SBI (10); Axis (10); Nippon (136)
IN1920160117,2026-06-30,5.81,HDFC,HDFC; SBI; Aditya Birla; Axis; Nippon; UTI
IN1920160117,2026-07-15,5.88,HDFC,HDFC; SBI; Nippon
IN1920160117,2026-07-31,5.85,HDFC,HDFC (20); SBI (101); Aditya Birla (127); Axis (21); Nippon (249); UTI (25); Tata (491)
IN1920160117,2026-08-15,5.8687,SBI,SBI (101); Axis (21); Nippon (259); Tata (491)
IN1920160125,2026-06-30,5.81,HDFC,HDFC; Aditya Birla; Axis; Nippon
IN1920160125,2026-07-15,5.88,HDFC,HDFC; Nippon
IN1920160125,2026-07-31,5.85,HDFC,HDFC (76); Aditya Birla (215); Axis (37); Nippon (56)
IN1920160125,2026-08-15,5.8687,Axis,Axis (37); Nippon (56)
IN1920170025,2026-06-30,6.39,ICICI Pru,ICICI Pru
IN1920170025,2026-07-15,6.32,ICICI Pru,ICICI Pru
IN1920170025,2026-07-31,6.28,ICICI Pru,ICICI Pru (149)
IN1920170025,2026-08-15,6.1934,SBI,SBI (162); ICICI Pru (210)
IN1920170041,2026-06-30,6.4737,Aditya Birla,Aditya Birla
IN1920170041,2026-07-31,6.4049,Aditya Birla,Aditya Birla (0)
IN1920170066,2026-07-31,6.31,Tata,Tata (5)
IN1920170066,2026-08-15,6.28,Tata,Tata (5)
IN1920170074,2026-07-31,6.31,Tata,Tata (16)
IN1920170074,2026-08-15,6.28,Tata,Tata (16)
IN1920170090,2026-06-30,6.47,HDFC,HDFC
IN1920170090,2026-07-15,6.42,HDFC,HDFC
IN1920170090,2026-07-31,6.4,HDFC,HDFC (2)
IN1920170108,2026-07-31,6.31,Tata,Tata (5)
IN1920170108,2026-08-15,6.28,Tata,Tata (5)
IN1920170116,2026-06-30,6.4737,Nippon,Nippon
IN1920170116,2026-07-15,6.4154,Nippon,Nippon
IN1920170116,2026-07-31,6.4049,Nippon,Nippon (2); Tata (36)
IN1920170116,2026-08-15,6.3761,Nippon,Nippon (2); Tata (36)
IN1920170124,2026-07-31,6.31,Tata,Tata (2)
IN1920170124,2026-08-15,6.28,Tata,Tata (2)
IN1920170132,2026-06-30,6.47,Kotak,Kotak
IN1920170132,2026-07-31,6.4,Kotak,Kotak (5); Tata (10)
IN1920170132,2026-08-15,6.38,Kotak,Kotak (5); Tata (10)
IN1920170157,2026-06-30,6.69,ICICI Pru,ICICI Pru; Nippon; Kotak
IN1920170157,2026-07-15,6.7,ICICI Pru,ICICI Pru; Nippon
IN1920170157,2026-07-31,6.75,ICICI Pru,ICICI Pru (4); Nippon (1); Kotak (4)
IN1920170157,2026-08-15,6.59,ICICI Pru,ICICI Pru (4); Nippon (1); Kotak (4)
IN1920170165,2026-06-30,6.69,HDFC,HDFC
IN1920170165,2026-07-15,6.71,HDFC,HDFC
IN1920170165,2026-07-31,6.76,HDFC,HDFC (51)
IN1920180081,2026-06-30,6.81,ICICI Pru,ICICI Pru
IN1920180081,2026-07-15,6.82,ICICI Pru,ICICI Pru
IN1920180081,2026-07-31,6.82,ICICI Pru,ICICI Pru (21); Tata (2)
IN1920180081,2026-08-15,6.78,ICICI Pru,ICICI Pru (21); Tata (2)
IN1920180115,2026-06-30,6.81,ICICI Pru,ICICI Pru; Aditya Birla
IN1920180115,2026-07-15,6.82,ICICI Pru,ICICI Pru
IN1920180115,2026-07-31,6.82,ICICI Pru,ICICI Pru (16); Aditya Birla (0)
IN1920180115,2026-08-15,6.78,ICICI Pru,ICICI Pru (16)
IN1920180131,2026-06-30,6.8749,Nippon,Nippon
IN1920180131,2026-07-15,6.9027,Nippon,Nippon
IN1920180131,2026-07-31,6.9544,Nippon,Nippon (1)
IN1920180131,2026-08-15,6.8381,Nippon,Nippon (1)
IN1920180149,2026-06-30,6.8749,Axis,Axis; Nippon
IN1920180149,2026-07-15,6.9027,Nippon,Nippon
IN1920180149,2026-07-31,6.9544,Axis,Axis (88); Nippon (1)
IN1920180149,2026-08-15,6.8381,Axis,Axis (88); Nippon (1)
IN1920180156,2026-06-30,7.1381,Aditya Birla,Aditya Birla; Axis; Nippon
IN1920180156,2026-07-15,7.1639,Nippon,Nippon
IN1920180156,2026-07-31,7.1226,Aditya Birla,Aditya Birla (37); Nippon (42)
IN1920180156,2026-08-15,7.0967,Nippon,Nippon (42)
IN1920180164,2026-06-30,6.87,ICICI Pru,ICICI Pru; Axis; Nippon
IN1920180164,2026-07-15,6.9,ICICI Pru,ICICI Pru; Nippon
IN1920180164,2026-07-31,6.95,ICICI Pru,ICICI Pru (7); Axis (26); Nippon (16)
IN1920180164,2026-08-15,6.84,ICICI Pru,ICICI Pru (7); Axis (26); Nippon (16)
IN1920180172,2026-06-30,6.8749,Nippon,Nippon
IN1920180172,2026-07-15,6.9027,Nippon,Nippon
IN1920180172,2026-07-31,6.9544,Nippon,Nippon (1); Tata (10)
IN1920180172,2026-08-15,6.8381,Nippon,Nippon (1); Tata (10)
IN1920180180,2026-06-30,6.8749,Nippon,Nippon
IN1920180180,2026-07-15,6.9027,Nippon,Nippon
IN1920180180,2026-07-31,6.9544,Nippon,Nippon (1)
IN1920180180,2026-08-15,6.8381,Nippon,Nippon (1)
IN1920180206,2026-06-30,6.87,ICICI Pru,ICICI Pru; Axis; Nippon
IN1920180206,2026-07-15,6.9,ICICI Pru,ICICI Pru; Nippon
IN1920180206,2026-07-31,6.95,ICICI Pru,ICICI Pru (12); Axis (52); Nippon (9)
IN1920180206,2026-08-15,6.84,ICICI Pru,ICICI Pru (12); Axis (52); Nippon (9)
IN1920180214,2026-06-30,6.8749,SBI,SBI; Axis; Nippon
IN1920180214,2026-07-15,6.9027,SBI,SBI; Nippon
IN1920180214,2026-07-31,6.9544,SBI,SBI (1); Axis (103); Nippon (1)
IN1920180214,2026-08-15,6.8381,SBI,SBI (1); Axis (103); Nippon (1)
IN1920180222,2026-06-30,6.8749,SBI,SBI; Nippon
IN1920180222,2026-07-15,6.9027,SBI,SBI; Nippon
IN1920180222,2026-07-31,6.9544,SBI,SBI (5); Axis (207); Nippon (0)
IN1920180222,2026-08-15,6.8381,SBI,SBI (5); Axis (182); Nippon (0)
IN1920190023,2026-06-30,6.39,ICICI Pru,ICICI Pru
IN1920190023,2026-07-15,6.32,ICICI Pru,ICICI Pru
IN1920190023,2026-07-31,6.28,ICICI Pru,ICICI Pru (10)
IN1920190023,2026-08-15,6.06,ICICI Pru,ICICI Pru (10)
IN1920190080,2026-06-30,6.92,HDFC,HDFC
IN1920190080,2026-07-15,6.97,HDFC,HDFC
IN1920190080,2026-07-31,6.99,HDFC,HDFC (5)
IN1920190106,2026-06-30,6.9156,Nippon,Nippon
IN1920190106,2026-07-15,6.9714,Nippon,Nippon
IN1920190106,2026-07-31,6.9931,Nippon,Nippon (45)
IN1920190106,2026-08-15,6.9106,Nippon,Nippon (45)
IN1920190114,2026-06-30,6.9156,SBI,SBI
IN1920190114,2026-07-15,6.9714,SBI,SBI
IN1920190114,2026-07-31,6.9879,SBI,SBI (5)
IN1920190114,2026-08-15,6.9106,SBI,SBI (5)
IN1920190155,2026-06-30,6.9932,Axis,Axis; Nippon
IN1920190155,2026-07-15,7.05,Nippon,Nippon
IN1920190155,2026-07-31,7.0401,Axis,Axis (202); Nippon (15)
IN1920190155,2026-08-15,6.9486,Axis,Axis (152); Nippon (15)
IN1920190163,2026-06-30,7.1277,Nippon,Nippon
IN1920190163,2026-07-15,7.1484,Nippon,Nippon
IN1920190163,2026-07-31,7.1123,Nippon,Nippon (5)
IN1920190163,2026-08-15,7.0863,Nippon,Nippon (5)
IN1920190189,2026-06-30,6.6831,Aditya Birla,Aditya Birla
IN1920190189,2026-07-31,6.7347,Aditya Birla,Aditya Birla (2); Axis (25)
IN1920190197,2026-06-30,6.9828,Axis,Axis; Nippon
IN1920190197,2026-07-15,7.0397,Nippon,Nippon
IN1920190197,2026-07-31,7.0298,Axis,Axis (25); Nippon (90)
IN1920190197,2026-08-15,6.9383,Axis,Axis (25); Nippon (90)
IN1920190213,2026-06-30,6.9932,Nippon,Nippon
IN1920190213,2026-07-15,7.05,Nippon,Nippon
IN1920190213,2026-07-31,7.0401,Nippon,Nippon (129)
IN1920190213,2026-08-15,6.9486,Nippon,Nippon (129)
IN1920200012,2026-06-30,7.0145,Nippon,Nippon
IN1920200012,2026-07-15,7.0708,Nippon,Nippon
IN1920200012,2026-07-31,7.0513,Nippon,Nippon (5)
IN1920200012,2026-08-15,6.9676,Nippon,Nippon (5)
IN1920200020,2026-06-30,7.1376,Nippon,Nippon
IN1920200020,2026-07-15,7.1342,Nippon,Nippon
IN1920200020,2026-07-31,7.1304,Nippon,Nippon (41)
IN1920200020,2026-08-15,7.0971,Nippon,Nippon (41)
IN1920200053,2026-06-30,7.0041,Nippon,Nippon
IN1920200053,2026-07-15,7.0604,Nippon,Nippon
IN1920200053,2026-07-31,7.0409,Nippon,Nippon (74)
IN1920200053,2026-08-15,6.9572,Nippon,Nippon (74)
IN1920200079,2026-06-30,5.31,HDFC,HDFC; ICICI Pru
IN1920200087,2026-06-30,6.38,ICICI Pru,ICICI Pru
IN1920200087,2026-07-15,6.29,ICICI Pru,ICICI Pru
IN1920200087,2026-07-31,6.21,ICICI Pru,ICICI Pru (119)
IN1920200087,2026-08-15,6.03,ICICI Pru,ICICI Pru (119)
IN1920200137,2026-06-30,7.0042,Nippon,Nippon
IN1920200137,2026-07-15,7.0863,Nippon,Nippon
IN1920200137,2026-07-31,7.0498,Nippon,Nippon (49)
IN1920200137,2026-08-15,6.9677,Nippon,Nippon (49)
IN1920200210,2026-06-30,7.0042,Nippon,Nippon
IN1920200210,2026-07-15,7.0863,Nippon,Nippon
IN1920200210,2026-07-31,7.0498,Nippon,Nippon (22)
IN1920200210,2026-08-15,6.9677,Nippon,Nippon (22)
IN1920200269,2026-06-30,7.28,Kotak,Kotak
IN1920200269,2026-07-31,7.26,Kotak,Kotak (1)
IN1920200269,2026-08-15,7.21,Kotak,Kotak (1)
IN1920200293,2026-06-30,7.0087,SBI,SBI
IN1920200293,2026-07-15,7.0758,SBI,SBI
IN1920200293,2026-07-31,7.058,SBI,SBI (50)
IN1920200293,2026-08-15,6.9843,SBI,SBI (50)
IN1920200319,2026-06-30,7.0087,Nippon,Nippon
IN1920200319,2026-07-15,7.0758,Nippon,Nippon
IN1920200319,2026-07-31,7.058,Nippon,Nippon (10)
IN1920200319,2026-08-15,6.9843,Nippon,Nippon (10)
IN1920200335,2026-06-30,7.0087,Nippon,Nippon
IN1920200335,2026-07-15,7.0758,Nippon,Nippon
IN1920200335,2026-07-31,7.058,Nippon,Nippon (8)
IN1920200335,2026-08-15,6.9843,Nippon,Nippon (8)
IN1920200459,2026-06-30,7.0087,Nippon,Nippon
IN1920200459,2026-07-15,7.0911,Nippon,Nippon
IN1920200459,2026-07-31,7.058,Nippon,Nippon (118)
IN1920200459,2026-08-15,6.9843,Nippon,Nippon (119)
IN1920200475,2026-06-30,7.0087,Nippon,Nippon
IN1920200475,2026-07-15,7.0758,Nippon,Nippon
IN1920200475,2026-07-31,7.058,Nippon,Nippon (41)
IN1920200475,2026-08-15,6.9843,Nippon,Nippon (41)
IN1920200491,2026-06-30,7.0087,Nippon,Nippon; Kotak
IN1920200491,2026-07-15,7.0758,Nippon,Nippon
IN1920200491,2026-07-31,7.058,Nippon,Nippon (74); Kotak (1)
IN1920200491,2026-08-15,6.9843,Nippon,Nippon (74); Kotak (1)
IN1920200533,2026-06-30,7.0087,Axis,Axis; Nippon
IN1920200533,2026-07-15,7.0758,Nippon,Nippon
IN1920200533,2026-07-31,7.058,Axis,Axis (4); Nippon (39)
IN1920200533,2026-08-15,6.9843,Axis,Axis (4); Nippon (39)
IN1920210151,2026-06-30,7.1746,Nippon,Nippon
IN1920210151,2026-07-15,7.1721,Nippon,Nippon
IN1920210151,2026-07-31,7.1579,Nippon,Nippon (3)
IN1920210151,2026-08-15,7.1025,Nippon,Nippon (3)
IN1920210243,2026-06-30,7.27,Kotak,Kotak
IN1920210243,2026-07-31,7.25,Kotak,Kotak (25)
IN1920210243,2026-08-15,7.2132,Axis,Axis (100); Kotak (25)
IN1920210250,2026-06-30,7.4791,Axis,Axis
IN1920210250,2026-07-31,7.4893,Axis,Axis (1)
IN1920210250,2026-08-15,7.4684,Axis,Axis (1)
IN1920210359,2026-06-30,7.5352,Aditya Birla,Aditya Birla
IN1920210359,2026-07-31,7.498,Aditya Birla,Aditya Birla (13)
IN1920230068,2026-06-30,7.4632,Nippon,Nippon
IN1920230068,2026-07-15,7.4539,Nippon,Nippon
IN1920230068,2026-07-31,7.3763,Nippon,Nippon (10)
IN1920230068,2026-08-15,7.3869,Nippon,Nippon (10)
IN1920230126,2026-06-30,7.5771,Nippon,Nippon
IN1920230126,2026-07-15,7.5579,Nippon,Nippon
IN1920230126,2026-07-31,7.5693,Nippon,Nippon (5)
IN1920230126,2026-08-15,7.538,Nippon,Nippon (5)
IN1920230142,2026-06-30,7.6552,Nippon,Nippon
IN1920230142,2026-07-15,7.7122,Nippon,Nippon
IN1920230142,2026-07-31,7.6739,Nippon,Nippon (76)
IN1920230142,2026-08-15,7.6429,Nippon,Nippon (76)
IN1920230183,2026-07-15,7.56,ICICI Pru,ICICI Pru
IN1920230183,2026-07-31,7.57,ICICI Pru,ICICI Pru (51)
IN1920230183,2026-08-15,7.54,ICICI Pru,ICICI Pru (51)
IN1920230258,2026-06-30,7.32,UTI,UTI
IN1920230258,2026-07-31,7.24,UTI,UTI (24)
IN1920230274,2026-06-30,7.48,ICICI Pru,ICICI Pru; Nippon
IN1920230274,2026-07-15,7.48,ICICI Pru,ICICI Pru; Nippon
IN1920230274,2026-07-31,7.49,ICICI Pru,ICICI Pru (0); Nippon (1)
IN1920230274,2026-08-15,7.47,ICICI Pru,ICICI Pru (0); Nippon (1)
IN1920230290,2026-06-30,7.5352,Axis,Axis; Kotak
IN1920230290,2026-07-31,7.5,Kotak,Kotak (6)
IN1920230290,2026-08-15,7.49,Kotak,Kotak (6)
IN1920230316,2026-06-30,7.4791,SBI,SBI; Aditya Birla
IN1920230316,2026-07-15,7.4792,SBI,SBI
IN1920230316,2026-07-31,7.4893,SBI,SBI (25); Aditya Birla (50)
IN1920230316,2026-08-15,7.4684,SBI,SBI (25)
IN1920230365,2026-06-30,7.638,Axis,Axis
IN1920230365,2026-07-31,7.6121,Axis,Axis (2)
IN1920230365,2026-08-15,7.5474,Axis,Axis (2)
IN1920230381,2026-06-30,7.4477,Aditya Birla,Aditya Birla
IN1920230381,2026-07-31,7.3725,Aditya Birla,Aditya Birla (55)
IN1920240026,2026-06-30,6.4634,Aditya Birla,Aditya Birla
IN1920240026,2026-07-15,6.4051,Nippon,Nippon
IN1920240026,2026-07-31,6.3946,Aditya Birla,Aditya Birla (20); Nippon (71)
IN1920240026,2026-08-15,6.3658,Nippon,Nippon (71)
IN1920240091,2026-06-30,7.5771,Aditya Birla,Aditya Birla
IN1920240091,2026-07-31,7.5693,Aditya Birla,Aditya Birla (15)
IN1920240232,2026-06-30,7.1691,Axis,Axis; Nippon; Kotak
IN1920240232,2026-07-15,7.1562,Nippon,Nippon
IN1920240232,2026-07-31,7.1411,Axis,Axis (30); Nippon (75); Kotak (501)
IN1920240232,2026-08-15,7.1137,Axis,Axis (30); Nippon (75)
IN1920240240,2026-06-30,7.4632,Nippon,Nippon
IN1920240240,2026-07-15,7.4539,Nippon,Nippon
IN1920240240,2026-07-31,7.3763,Nippon,Nippon (40)
IN1920240240,2026-08-15,7.3869,Nippon,Nippon (40)
IN1920240257,2026-06-30,7.48,ICICI Pru,ICICI Pru; Nippon
IN1920240257,2026-07-15,7.48,ICICI Pru,ICICI Pru; Nippon
IN1920240257,2026-07-31,7.49,ICICI Pru,ICICI Pru (361); Nippon (20)
IN1920240257,2026-08-15,7.47,ICICI Pru,ICICI Pru (362); Nippon (20)
IN1920240323,2026-06-30,7.2928,Nippon,Nippon
IN1920240323,2026-07-15,7.3011,Nippon,Nippon
IN1920240323,2026-07-31,7.27,Nippon,Nippon (4)
IN1920240323,2026-08-15,7.2217,Nippon,Nippon (4)
IN1920250124,2026-06-30,7.6296,Axis,Axis
IN1920250124,2026-07-31,7.5785,Axis,Axis (2)
IN1920250124,2026-08-15,7.5484,Axis,Axis (2)
IN1920250132,2026-06-30,7.17,Kotak,Kotak
IN1920250132,2026-07-31,7.14,Kotak,Kotak (503)
IN1920250132,2026-08-15,7.11,Kotak,Kotak (503)
IN1920250157,2026-06-30,7.45,ICICI Pru,ICICI Pru
IN1920250157,2026-07-15,7.42,ICICI Pru,ICICI Pru
IN1920250157,2026-07-31,7.37,ICICI Pru,ICICI Pru (603)
IN1920250157,2026-08-15,7.39,ICICI Pru,ICICI Pru (602)
IN1920250165,2026-06-30,7.5352,Axis,Axis; Kotak
IN1920250165,2026-07-31,7.498,Axis,"Axis (0); Kotak (1,092)"
IN1920250165,2026-08-15,7.4851,Axis,"Axis (0); Kotak (1,093)"
IN1920250173,2026-06-30,7.29,Kotak,Kotak
IN1920250173,2026-07-31,7.27,Kotak,Kotak (393)
IN1920250173,2026-08-15,7.22,Kotak,Kotak (394)
IN1920250181,2026-06-30,7.5352,Aditya Birla,Aditya Birla; Kotak
IN1920250181,2026-07-31,7.498,Aditya Birla,Aditya Birla (51); Kotak (321)
IN1920250181,2026-08-15,7.49,Kotak,Kotak (321)
IN1920250199,2026-06-30,7.58,Kotak,Kotak
IN1920250199,2026-07-31,7.57,Kotak,Kotak (696)
IN1920250199,2026-08-15,7.54,Kotak,Kotak (697)
IN1920250223,2026-06-30,7.48,ICICI Pru,ICICI Pru
IN1920250223,2026-07-15,7.48,ICICI Pru,ICICI Pru
IN1920250223,2026-07-31,7.49,ICICI Pru,ICICI Pru (300)
IN1920250223,2026-08-15,7.47,ICICI Pru,ICICI Pru (301)
IN1920250249,2026-06-30,7.58,HDFC,HDFC
IN1920250249,2026-07-15,7.56,HDFC,HDFC
IN1920250249,2026-07-31,7.57,HDFC,HDFC (25)
IN1920250256,2026-06-30,7.5748,SBI,SBI; ICICI Pru; Kotak; UTI
IN1920250256,2026-07-15,7.5579,SBI,SBI; ICICI Pru
IN1920250256,2026-07-31,7.5693,SBI,SBI (55); ICICI Pru (530); Aditya Birla (75); Kotak (201); UTI (11)
IN1920250256,2026-08-15,7.538,SBI,SBI (55); ICICI Pru (430); Kotak (201)
IN1920250264,2026-06-30,7.4632,SBI,SBI; Aditya Birla
IN1920250264,2026-07-15,7.4539,SBI,SBI
IN1920250264,2026-07-31,7.3763,SBI,SBI (351); Aditya Birla (50)
IN1920250264,2026-08-15,7.3869,SBI,SBI (351)
IN1920250272,2026-06-30,7.4791,Aditya Birla,Aditya Birla
IN1920250272,2026-07-31,7.4893,Aditya Birla,Aditya Birla (120)
IN1920250306,2026-06-30,7.5771,Nippon,Nippon
IN1920250306,2026-07-15,7.5579,Nippon,Nippon
IN1920250306,2026-07-31,7.5693,Nippon,Nippon (10)
IN1920250306,2026-08-15,7.538,Nippon,Nippon (10)
IN1920250314,2026-06-30,7.66,Kotak,Kotak
IN1920250314,2026-07-31,7.69,Kotak,Kotak (185)
IN1920250314,2026-08-15,7.63,Kotak,Kotak (186)
IN1920250322,2026-06-30,7.13,Kotak,Kotak
IN1920250322,2026-07-31,7.11,Kotak,Kotak (354)
IN1920250322,2026-08-15,7.09,Kotak,Kotak (354)
IN1920250348,2026-06-30,7.5771,Aditya Birla,Aditya Birla
IN1920250348,2026-07-31,7.5693,Aditya Birla,Aditya Birla (81)
IN2020160064,2026-06-30,5.3756,SBI,SBI
IN2020160064,2026-07-15,5.4006,SBI,SBI
IN2020160072,2026-06-30,5.46,HDFC,HDFC; SBI; Aditya Birla; Axis; Nippon
IN2020160072,2026-07-15,5.46,HDFC,HDFC; SBI; Nippon
IN2020160072,2026-07-31,5.36,HDFC,HDFC (4); SBI (210); Aditya Birla (16); Axis (5); Nippon (17)
IN2020160080,2026-06-30,5.4637,SBI,SBI; Aditya Birla; Nippon
IN2020160080,2026-07-15,5.4637,SBI,SBI; Nippon
IN2020160080,2026-07-31,5.3565,SBI,SBI (10); Aditya Birla (8); Nippon (5)
IN2020160080,2026-08-15,5.2665,SBI,SBI (10); Nippon (5)
IN2020160098,2026-06-30,5.65,HDFC,HDFC; Aditya Birla
IN2020160098,2026-07-15,5.68,HDFC,HDFC
IN2020160098,2026-07-31,5.56,HDFC,HDFC (5); Aditya Birla (25)
IN2020160106,2026-06-30,5.6787,Aditya Birla,Aditya Birla
IN2020160106,2026-07-31,5.6201,Aditya Birla,Aditya Birla (25)
IN2020160114,2026-06-30,5.6687,Aditya Birla,Aditya Birla
IN2020160114,2026-07-31,5.6101,Aditya Birla,Aditya Birla (5)
IN2020160122,2026-06-30,5.6787,Aditya Birla,Aditya Birla
IN2020160122,2026-07-31,5.6701,Aditya Birla,Aditya Birla (25)
IN2020160130,2026-06-30,5.8017,SBI,SBI; Aditya Birla; Nippon
IN2020160130,2026-07-15,5.8449,SBI,SBI; Nippon
IN2020160130,2026-07-31,5.8252,SBI,SBI (25); Aditya Birla (5); Nippon (73)
IN2020160130,2026-08-15,5.8375,SBI,SBI (25); Nippon (73)
IN2020160148,2026-06-30,5.85,HDFC,HDFC; ICICI Pru; Aditya Birla; Axis; Nippon
IN2020160148,2026-07-15,5.93,HDFC,HDFC; ICICI Pru; Nippon
IN2020160148,2026-07-31,5.92,HDFC,HDFC (2); ICICI Pru (10); Aditya Birla (3); Axis (63); Nippon (7)
IN2020160148,2026-08-15,5.96,ICICI Pru,ICICI Pru (10); Axis (63); Nippon (7)
IN2020160155,2026-06-30,5.848,Aditya Birla,Aditya Birla; Nippon; UTI
IN2020160155,2026-07-15,5.9252,Nippon,Nippon
IN2020160155,2026-07-31,5.9152,Aditya Birla,Aditya Birla (25); Nippon (61); UTI (1); Tata (96)
IN2020160155,2026-08-15,5.9587,Nippon,Nippon (61); Tata (96)
IN2020170014,2026-06-30,6.0123,Nippon,Nippon
IN2020170014,2026-07-15,6.0038,Nippon,Nippon
IN2020170014,2026-07-31,6.0722,Nippon,Nippon (5)
IN2020170014,2026-08-15,6.0054,Nippon,Nippon (5)
IN2020170022,2026-06-30,6.0123,Axis,Axis
IN2020170022,2026-07-31,6.0876,Axis,Axis (2)
IN2020170022,2026-08-15,6.0054,Axis,Axis (2)
IN2020170055,2026-06-30,6.4447,SBI,SBI; ICICI Pru
IN2020170055,2026-07-15,6.3479,SBI,SBI; ICICI Pru
IN2020170055,2026-07-31,6.2885,SBI,SBI (10); ICICI Pru (14)
IN2020170055,2026-08-15,6.1033,SBI,SBI (10); ICICI Pru (14)
IN2020170063,2026-06-30,6.44,ICICI Pru,ICICI Pru
IN2020170063,2026-07-15,6.35,ICICI Pru,ICICI Pru
IN2020170063,2026-07-31,6.29,ICICI Pru,ICICI Pru (30)
IN2020170063,2026-08-15,6.1,ICICI Pru,ICICI Pru (30)
IN2020170113,2026-06-30,6.7843,Nippon,Nippon
IN2020170113,2026-07-15,6.8002,Nippon,Nippon
IN2020170113,2026-07-31,6.846,Nippon,Nippon (3)
IN2020170113,2026-08-15,6.6702,Nippon,Nippon (3)
IN2020170121,2026-06-30,6.7843,Aditya Birla,Aditya Birla
IN2020170121,2026-07-31,6.846,Aditya Birla,Aditya Birla (1)
IN2020170147,2026-06-30,6.7843,Nippon,Nippon
IN2020170147,2026-07-15,6.8002,Nippon,Nippon
IN2020170147,2026-07-31,6.846,Nippon,Nippon (3)
IN2020170147,2026-08-15,6.6702,Nippon,Nippon (3)
IN2020180013,2026-06-30,6.7983,Axis,Axis; Nippon; UTI
IN2020180013,2026-07-15,6.7809,Nippon,Nippon
IN2020180013,2026-07-31,6.8411,Axis,Axis (5); Nippon (5); UTI (1)
IN2020180013,2026-08-15,6.6745,Axis,Axis (5); Nippon (5)
IN2020180039,2026-06-30,6.8086,Nippon,Nippon
IN2020180039,2026-07-15,6.7912,Nippon,Nippon
IN2020180039,2026-07-31,6.8514,Nippon,Nippon (0)
IN2020180039,2026-08-15,6.6848,Nippon,Nippon (0)
IN2020180047,2026-06-30,6.8086,Nippon,Nippon
IN2020180047,2026-07-15,6.7912,Nippon,Nippon
IN2020180047,2026-07-31,6.8514,Nippon,Nippon (1)
IN2020180047,2026-08-15,6.6848,Nippon,Nippon (1)
IN2020180062,2026-06-30,6.8729,Aditya Birla,Aditya Birla
IN2020180062,2026-07-31,6.8872,Aditya Birla,Aditya Birla (0)
IN2020180070,2026-06-30,7.1057,Nippon,Nippon
IN2020180070,2026-07-15,7.16,Nippon,Nippon
IN2020180070,2026-07-31,7.1571,Nippon,Nippon (10)
IN2020180070,2026-08-15,7.0402,Nippon,Nippon (11)
IN2020180104,2026-06-30,6.89,ICICI Pru,ICICI Pru
IN2020180104,2026-07-15,6.89,ICICI Pru,ICICI Pru
IN2020180104,2026-07-31,6.91,ICICI Pru,ICICI Pru (1)
IN2020180104,2026-08-15,6.84,ICICI Pru,ICICI Pru (1)
IN2020180112,2026-06-30,6.89,ICICI Pru,ICICI Pru
IN2020180112,2026-07-15,6.89,ICICI Pru,ICICI Pru
IN2020180112,2026-07-31,6.91,ICICI Pru,ICICI Pru (56)
IN2020180112,2026-08-15,6.84,ICICI Pru,ICICI Pru (56)
IN2020180138,2026-06-30,6.96,ICICI Pru,ICICI Pru
IN2020180138,2026-07-15,6.97,ICICI Pru,ICICI Pru
IN2020180138,2026-07-31,7.04,ICICI Pru,ICICI Pru (20)
IN2020180138,2026-08-15,6.9,ICICI Pru,ICICI Pru (20)
IN2020180146,2026-06-30,6.9556,Nippon,Nippon
IN2020180146,2026-07-15,6.9678,Nippon,Nippon
IN2020180146,2026-07-31,7.0403,Nippon,Nippon (7)
IN2020180146,2026-08-15,6.9032,Nippon,Nippon (7)
IN2020190061,2026-06-30,6.9523,Nippon,Nippon
IN2020190061,2026-07-15,6.9654,Nippon,Nippon
IN2020190061,2026-07-31,7.0454,Nippon,Nippon (0)
IN2020190061,2026-08-15,6.9187,Nippon,Nippon (0)
IN2020190210,2026-06-30,7.0762,Nippon,Nippon
IN2020190210,2026-07-15,7.1175,Nippon,Nippon
IN2020190210,2026-07-31,7.1267,Nippon,Nippon (35)
IN2020190210,2026-08-15,7.0053,Nippon,Nippon (35)
IN2020190228,2026-06-30,7.0658,Nippon,Nippon
IN2020190228,2026-07-15,7.1071,Nippon,Nippon
IN2020190228,2026-07-31,7.1163,Nippon,Nippon (5)
IN2020190228,2026-08-15,6.995,Nippon,Nippon (5)
IN2020200019,2026-06-30,7.0952,Nippon,Nippon
IN2020200019,2026-07-15,7.1282,Nippon,Nippon
IN2020200019,2026-07-31,7.1379,Nippon,Nippon (41)
IN2020200019,2026-08-15,7.0194,Nippon,Nippon (41)
IN2020200035,2026-06-30,7.63,ICICI Pru,ICICI Pru
IN2020200035,2026-07-15,7.57,ICICI Pru,ICICI Pru
IN2020200035,2026-07-31,7.6,ICICI Pru,ICICI Pru (38)
IN2020200035,2026-08-15,7.56,ICICI Pru,ICICI Pru (38)
IN2020200092,2026-06-30,7.0849,Nippon,Nippon
IN2020200092,2026-07-15,7.1179,Nippon,Nippon
IN2020200092,2026-07-31,7.1275,Nippon,Nippon (25)
IN2020200092,2026-08-15,7.009,Nippon,Nippon (25)
IN2020200134,2026-06-30,6.7879,Axis,Axis
IN2020200134,2026-07-31,6.8308,Axis,Axis (2)
IN2020200134,2026-08-15,6.6642,Axis,Axis (2)
IN2020200266,2026-06-30,6.774,Nippon,Nippon
IN2020200266,2026-07-15,6.7899,Nippon,Nippon
IN2020200266,2026-07-31,6.8357,Nippon,Nippon (5)
IN2020200266,2026-08-15,6.6598,Nippon,Nippon (5)
IN2020200290,2026-06-30,5.84,HDFC,HDFC; Aditya Birla; Axis; Nippon
IN2020200290,2026-07-15,5.91,HDFC,HDFC; Nippon
IN2020200290,2026-07-31,5.9,HDFC,HDFC (10); Aditya Birla (75); Axis (216); Nippon (25)
IN2020200290,2026-08-15,5.9484,Axis,Axis (216); Nippon (25)
IN2020220025,2026-06-30,7.6161,Nippon,Nippon
IN2020220025,2026-07-15,7.5587,Nippon,Nippon
IN2020220025,2026-07-31,7.5847,Nippon,Nippon (5)
IN2020220025,2026-08-15,7.551,Nippon,Nippon (5)
IN2020220116,2026-06-30,7.24,UTI,UTI
IN2020220116,2026-07-31,7.23,UTI,UTI (6)
IN2020240270,2026-06-30,7.7221,Aditya Birla,Aditya Birla
IN2020240270,2026-07-31,7.8125,Aditya Birla,Aditya Birla (1)
IN2020240296,2026-06-30,7.7189,Aditya Birla,Aditya Birla
IN2020240296,2026-07-31,7.6951,Aditya Birla,Aditya Birla (1)
IN2020240320,2026-06-30,7.63,UTI,UTI
IN2020240320,2026-07-31,7.7,UTI,UTI (2)
IN2020250139,2026-06-30,7.54,HDFC,HDFC
IN2020250253,2026-06-30,7.7132,SBI,SBI; Nippon; UTI
IN2020250253,2026-07-15,7.779,SBI,SBI; Nippon
IN2020250253,2026-07-31,7.7651,SBI,SBI (166); Nippon (25); UTI (150)
IN2020250253,2026-08-15,7.7267,SBI,SBI (166); Nippon (25)
IN2020250337,2026-06-30,7.62,UTI,UTI
IN2020250337,2026-07-31,7.64,UTI,UTI (10)
IN2120160014,2026-06-30,5.4794,SBI,SBI; ICICI Pru; Aditya Birla; Nippon
IN2120160014,2026-07-15,5.4794,SBI,SBI; ICICI Pru; Nippon
IN2120160014,2026-07-31,5.3671,SBI,SBI (91); ICICI Pru (15); Aditya Birla (113); Nippon (15)
IN2120160030,2026-06-30,5.51,HDFC,HDFC; SBI; Aditya Birla
IN2120160030,2026-07-15,5.52,HDFC,HDFC; SBI
IN2120160030,2026-07-31,5.39,HDFC,HDFC (1); SBI (54); Aditya Birla (189)
IN2120160030,2026-08-15,5.3252,SBI,SBI (54)
IN2120160048,2026-06-30,5.5083,SBI,SBI; ICICI Pru; Aditya Birla
IN2120160048,2026-07-15,5.5171,SBI,SBI; ICICI Pru
IN2120160048,2026-07-31,5.3895,SBI,SBI (80); ICICI Pru (1); Aditya Birla (101)
IN2120160048,2026-08-15,5.3252,SBI,SBI (80); ICICI Pru (1)
IN2120160055,2026-06-30,5.6643,SBI,SBI
IN2120160055,2026-07-15,5.6912,SBI,SBI
IN2120160055,2026-07-31,5.5667,SBI,SBI (25)
IN2120160055,2026-08-15,5.5417,SBI,SBI (25)
IN2120160071,2026-06-30,5.6944,Aditya Birla,Aditya Birla; Kotak
IN2120160071,2026-07-31,5.6318,Aditya Birla,Aditya Birla (70); Kotak (15)
IN2120160071,2026-08-15,5.57,Kotak,Kotak (15)
IN2120160089,2026-06-30,5.832,Aditya Birla,Aditya Birla
IN2120160089,2026-07-31,5.8269,Aditya Birla,Aditya Birla (2)
IN2120160097,2026-06-30,5.85,HDFC,HDFC; Aditya Birla; Nippon
IN2120160097,2026-07-15,5.96,HDFC,HDFC; Nippon
IN2120160097,2026-07-31,5.92,HDFC,HDFC (11); Aditya Birla (61); Nippon (25)
IN2120160097,2026-08-15,5.8544,Nippon,Nippon (25)
IN2120160105,2026-06-30,5.8783,Aditya Birla,Aditya Birla; Nippon; UTI
IN2120160105,2026-07-15,5.9555,Nippon,Nippon
IN2120160105,2026-07-31,5.9169,Aditya Birla,Aditya Birla (111); Nippon (107); UTI (5)
IN2120160105,2026-08-15,5.9349,Nippon,Nippon (112)
IN2120160154,2026-06-30,6.0,HDFC,HDFC
IN2120160154,2026-07-15,6.08,HDFC,HDFC
IN2120160154,2026-07-31,6.04,HDFC,HDFC (10)
IN2120170013,2026-06-30,6.45,ICICI Pru,ICICI Pru
IN2120170013,2026-07-15,6.4,ICICI Pru,ICICI Pru
IN2120170013,2026-07-31,6.37,ICICI Pru,ICICI Pru (3)
IN2120170013,2026-08-15,6.14,ICICI Pru,ICICI Pru (3)
IN2120170021,2026-06-30,6.45,ICICI Pru,ICICI Pru
IN2120170021,2026-07-15,6.4,ICICI Pru,ICICI Pru
IN2120170021,2026-07-31,6.37,ICICI Pru,ICICI Pru (62)
IN2120170021,2026-08-15,6.14,ICICI Pru,ICICI Pru (62)
IN2120170039,2026-06-30,6.45,ICICI Pru,ICICI Pru; Aditya Birla; Kotak
IN2120170039,2026-07-15,6.4,ICICI Pru,ICICI Pru
IN2120170039,2026-07-31,6.36,ICICI Pru,ICICI Pru (15); Aditya Birla (8); Kotak (152)
IN2120170039,2026-08-15,6.27,ICICI Pru,ICICI Pru (15); Kotak (152)
IN2120170047,2026-06-30,6.4581,SBI,SBI; ICICI Pru; Kotak
IN2120170047,2026-07-15,6.4061,SBI,SBI; ICICI Pru
IN2120170047,2026-07-31,6.3699,SBI,SBI (41); ICICI Pru (464); Kotak (101)
IN2120170047,2026-08-15,6.2774,SBI,SBI (41); ICICI Pru (464); Kotak (101)
IN2120170062,2026-06-30,6.55,Kotak,Kotak
IN2120170062,2026-07-31,6.5,Kotak,Kotak (5)
IN2120170062,2026-08-15,6.46,Kotak,Kotak (5)
IN2120170070,2026-06-30,6.766,Aditya Birla,Aditya Birla
IN2120170070,2026-07-31,6.8125,Aditya Birla,Aditya Birla (3)
IN2120180046,2026-06-30,6.8648,Aditya Birla,Aditya Birla; Nippon
IN2120180046,2026-07-15,6.8951,Nippon,Nippon
IN2120180046,2026-07-31,6.8688,Aditya Birla,Aditya Birla (2); Nippon (2)
IN2120180046,2026-08-15,6.8016,Nippon,Nippon (2)
IN2120180053,2026-06-30,6.8648,Nippon,Nippon
IN2120180053,2026-07-15,6.8951,Nippon,Nippon
IN2120180053,2026-07-31,6.8688,Nippon,Nippon (5); Tata (15)
IN2120180053,2026-08-15,6.8016,Nippon,Nippon (5); Tata (15)
IN2120180095,2026-06-30,6.89,ICICI Pru,ICICI Pru; Nippon
IN2120180095,2026-07-15,6.91,ICICI Pru,ICICI Pru
IN2120180095,2026-07-31,6.89,ICICI Pru,ICICI Pru (32)
IN2120180095,2026-08-15,6.84,ICICI Pru,ICICI Pru (32)
IN2120190086,2026-06-30,7.0658,Nippon,Nippon
IN2120190086,2026-07-15,7.0914,Nippon,Nippon
IN2120190086,2026-07-31,7.1097,Aditya Birla,Aditya Birla (25); Nippon (5)
IN2120190086,2026-08-15,7.0182,Nippon,Nippon (5)
IN2120190128,2026-06-30,7.0555,Nippon,Nippon
IN2120190128,2026-07-15,7.0811,Nippon,Nippon
IN2120190128,2026-07-31,7.0994,Nippon,Nippon (50)
IN2120190128,2026-08-15,7.0079,Nippon,Nippon (50)
IN2120190144,2026-06-30,7.0658,Nippon,Nippon
IN2120190144,2026-07-15,7.0914,Nippon,Nippon
IN2120190144,2026-07-31,7.1097,Nippon,Nippon (40)
IN2120190144,2026-08-15,7.0182,Nippon,Nippon (40)
IN2120190235,2026-06-30,6.9372,Nippon,Nippon
IN2120190235,2026-07-15,6.9804,Nippon,Nippon
IN2120190235,2026-07-31,7.0115,Nippon,Nippon (5)
IN2120190235,2026-08-15,6.8952,Nippon,Nippon (5)
IN2120200083,2026-06-30,7.0579,Nippon,Nippon
IN2120200083,2026-07-15,7.122,Nippon,Nippon
IN2120200083,2026-07-31,7.1015,Nippon,Nippon (11)
IN2120200083,2026-08-15,7.0263,Nippon,Nippon (11)
IN2120200109,2026-06-30,7.0579,Nippon,Nippon
IN2120200109,2026-07-15,7.122,Nippon,Nippon
IN2120200109,2026-07-31,7.1015,Nippon,Nippon (22)
IN2120200109,2026-08-15,7.0263,Nippon,Nippon (22)
IN2120210025,2026-07-31,5.3796,SBI,SBI (20)
IN2120210025,2026-08-15,5.3152,SBI,SBI (20)
IN2120210041,2026-06-30,7.74,HDFC,HDFC
IN2120210041,2026-07-15,7.77,HDFC,HDFC
IN2120210041,2026-07-31,7.75,HDFC,HDFC (47)
IN2120210066,2026-06-30,6.94,ICICI Pru,ICICI Pru
IN2120210066,2026-07-15,6.98,ICICI Pru,ICICI Pru
IN2120210066,2026-07-31,7.01,ICICI Pru,ICICI Pru (5)
IN2120210066,2026-08-15,6.9,ICICI Pru,ICICI Pru (5)
IN2120220024,2026-06-30,7.3466,Aditya Birla,Aditya Birla
IN2120220024,2026-07-31,7.3115,Aditya Birla,Aditya Birla (1)
IN2120220040,2026-06-30,7.36,UTI,UTI
IN2120220040,2026-07-31,7.28,UTI,UTI (20)
IN2120220057,2026-07-15,7.6989,Nippon,Nippon
IN2120220057,2026-07-31,7.6793,Nippon,Nippon (51)
IN2120220057,2026-08-15,7.6218,Nippon,Nippon (51)
IN2120220065,2026-06-30,7.4887,Aditya Birla,Aditya Birla; UTI
IN2120220065,2026-07-31,7.414,Aditya Birla,Aditya Birla (51); UTI (10)
IN2120220081,2026-06-30,7.7076,Aditya Birla,Aditya Birla
IN2120220081,2026-07-15,7.6989,Nippon,Nippon
IN2120220081,2026-07-31,7.6793,Aditya Birla,Aditya Birla (25); Nippon (40)
IN2120220081,2026-08-15,7.6218,Nippon,Nippon (40)
IN2120250062,2026-06-30,7.7601,Aditya Birla,Aditya Birla
IN2120250062,2026-07-31,7.7977,Aditya Birla,Aditya Birla (5)
IN2120250096,2026-06-30,7.76,HDFC,HDFC
IN2120250096,2026-07-15,7.83,HDFC,HDFC
IN2120250096,2026-07-31,7.8,HDFC,HDFC (34)
IN2120250112,2026-06-30,7.8,HDFC,HDFC
IN2120250112,2026-07-15,7.88,HDFC,HDFC
IN2120250112,2026-07-31,7.84,HDFC,HDFC (27)
IN2120250120,2026-06-30,7.76,ICICI Pru,ICICI Pru
IN2120250120,2026-07-15,7.83,ICICI Pru,ICICI Pru
IN2120250120,2026-07-31,7.8,ICICI Pru,"ICICI Pru (1,041)"
IN2120250120,2026-08-15,7.76,ICICI Pru,"ICICI Pru (1,045)"
IN2120250138,2026-06-30,7.79,ICICI Pru,ICICI Pru
IN2120250138,2026-07-15,7.86,ICICI Pru,ICICI Pru
IN2120250138,2026-07-31,7.82,ICICI Pru,"ICICI Pru (1,239)"
IN2120250138,2026-08-15,7.77,ICICI Pru,"ICICI Pru (1,245)"
IN2120250187,2026-06-30,7.79,HDFC,HDFC; ICICI Pru
IN2120250187,2026-07-15,7.86,HDFC,HDFC; ICICI Pru
IN2120250187,2026-07-31,7.82,HDFC,HDFC (64); ICICI Pru (195)
IN2120250187,2026-08-15,7.77,ICICI Pru,ICICI Pru (196)
IN2120250195,2026-06-30,7.8,ICICI Pru,ICICI Pru
IN2120250195,2026-07-15,7.88,ICICI Pru,ICICI Pru
IN2120250195,2026-07-31,7.84,ICICI Pru,ICICI Pru (245)
IN2120250195,2026-08-15,7.8,ICICI Pru,ICICI Pru (246)
IN2120250229,2026-06-30,7.76,HDFC,HDFC
IN2120250252,2026-06-30,7.5171,Aditya Birla,Aditya Birla
IN2120250252,2026-07-31,7.4177,Aditya Birla,Aditya Birla (25)
IN2120250260,2026-06-30,7.7076,Axis,Axis
IN2120250260,2026-07-31,7.6793,Axis,Axis (4)
IN2120250260,2026-08-15,7.6218,Axis,Axis (4)
IN2120250310,2026-06-30,7.0555,SBI,SBI
IN2120250310,2026-07-15,7.0811,SBI,SBI
IN2120250351,2026-06-30,7.7601,Aditya Birla,Aditya Birla; UTI
IN2120250351,2026-07-31,7.7977,Aditya Birla,Aditya Birla (0); UTI (98)
IN2120250427,2026-06-30,7.81,HDFC,HDFC; UTI
IN2120250427,2026-07-31,7.68,UTI,UTI (0)
IN2120250450,2026-06-30,7.7395,SBI,SBI
IN2120250450,2026-07-15,7.713,SBI,SBI
IN2120250450,2026-07-31,7.7343,SBI,SBI (170)
IN2120250450,2026-08-15,7.7501,SBI,SBI (169)
IN2120250484,2026-06-30,7.58,UTI,UTI
IN2120250484,2026-07-31,7.61,UTI,UTI (75)
IN2120250492,2026-06-30,7.8063,SBI,SBI; Aditya Birla
IN2120250492,2026-07-15,7.8737,SBI,SBI
IN2120250492,2026-07-31,7.8422,SBI,SBI (55); Aditya Birla (25)
IN2120250492,2026-08-15,7.7703,SBI,SBI (20)
IN2120250534,2026-06-30,7.8227,Aditya Birla,Aditya Birla
IN2120250534,2026-07-31,7.874,Aditya Birla,Aditya Birla (64)
IN2120260046,2026-06-30,7.8016,Aditya Birla,Aditya Birla
IN2120260046,2026-07-31,7.8429,Aditya Birla,Aditya Birla (25)
IN2220160039,2026-06-30,5.32,HDFC,HDFC; SBI; Aditya Birla; Nippon; Kotak
IN2220160047,2026-06-30,5.3219,SBI,SBI; Aditya Birla; Nippon
IN2220160047,2026-07-15,5.3469,SBI,SBI; Nippon
IN2220160054,2026-06-30,5.41,HDFC,HDFC; SBI; ICICI Pru; Aditya Birla; Axis; Nippon
IN2220160054,2026-07-15,5.41,HDFC,HDFC; SBI; ICICI Pru; Nippon
IN2220160054,2026-07-31,5.3,HDFC,HDFC (27); SBI (97); ICICI Pru (4); Aditya Birla (28); Nippon (15)
IN2220160054,2026-08-15,5.2128,SBI,SBI (97); ICICI Pru (4); Nippon (15)
IN2220160062,2026-06-30,5.44,HDFC,HDFC; SBI; ICICI Pru; Aditya Birla; Nippon
IN2220160062,2026-07-15,5.45,HDFC,HDFC; SBI; ICICI Pru; Nippon
IN2220160062,2026-07-31,5.33,HDFC,HDFC (42); SBI (196); ICICI Pru (7); Aditya Birla (403); Nippon (2)
IN2220160062,2026-08-15,5.2417,SBI,SBI (196); ICICI Pru (17); Axis (5); Nippon (2)
IN2220160070,2026-06-30,5.44,HDFC,HDFC; SBI; ICICI Pru; Aditya Birla; Axis
IN2220160070,2026-07-15,5.45,HDFC,HDFC; SBI; ICICI Pru
IN2220160070,2026-07-31,5.33,HDFC,HDFC (5); SBI (306); ICICI Pru (6); Aditya Birla (43); Axis (2)
IN2220160070,2026-08-15,5.2608,SBI,SBI (306); ICICI Pru (6); Axis (2)
IN2220160088,2026-06-30,5.6,HDFC,HDFC; SBI; Aditya Birla; Nippon
IN2220160088,2026-07-15,5.6,HDFC,HDFC; SBI; Nippon
IN2220160088,2026-07-31,5.5,HDFC,HDFC (15); SBI (45); Aditya Birla (6); Nippon (3)
IN2220160088,2026-08-15,5.4591,SBI,SBI (45); Nippon (3)
IN2220160096,2026-06-30,5.5954,Aditya Birla,Aditya Birla
IN2220160096,2026-07-31,5.5024,Aditya Birla,Aditya Birla (83)
IN2220160104,2026-06-30,5.6254,SBI,SBI; Aditya Birla; Nippon
IN2220160104,2026-07-15,5.7018,SBI,SBI; Nippon
IN2220160104,2026-07-31,5.5674,SBI,SBI (1); Aditya Birla (98); Nippon (10)
IN2220160104,2026-08-15,5.489,SBI,SBI (1); Nippon (10)
IN2220160120,2026-06-30,5.6254,Aditya Birla,Aditya Birla; Nippon
IN2220160120,2026-07-15,5.7018,Nippon,Nippon
IN2220160120,2026-07-31,5.6174,Aditya Birla,Aditya Birla (25); Nippon (25)
IN2220160120,2026-08-15,5.5541,Nippon,Nippon (25)
IN2220170020,2026-06-30,5.96,HDFC,HDFC; SBI; Axis; Nippon; UTI
IN2220170020,2026-07-15,5.97,HDFC,HDFC; SBI; Nippon
IN2220170020,2026-07-31,6.02,HDFC,HDFC (0); SBI (12); Axis (612); Nippon (1); UTI (10)
IN2220170020,2026-08-15,5.9408,SBI,SBI (12); Axis (511); Nippon (1)
IN2220170038,2026-06-30,6.8717,Aditya Birla,Aditya Birla; Nippon
IN2220170038,2026-07-15,6.9002,Nippon,Nippon
IN2220170038,2026-07-31,6.9595,Aditya Birla,Aditya Birla (25); Nippon (22)
IN2220170038,2026-08-15,6.8536,Nippon,Nippon (22)
IN2220170061,2026-06-30,6.3871,SBI,SBI; ICICI Pru; Aditya Birla; Axis
IN2220170061,2026-07-15,6.3167,SBI,SBI; ICICI Pru
IN2220170061,2026-07-31,6.2806,SBI,SBI (298); ICICI Pru (523); Aditya Birla (1); Axis (26)
IN2220170061,2026-08-15,6.0594,SBI,SBI (298); ICICI Pru (524); Axis (1)
IN2220170103,2026-06-30,6.388,SBI,SBI; ICICI Pru; Axis
IN2220170103,2026-07-15,6.3167,SBI,SBI; ICICI Pru
IN2220170103,2026-07-31,6.2806,SBI,SBI (149); ICICI Pru (224); Axis (10)
IN2220170103,2026-08-15,6.1934,SBI,SBI (149); ICICI Pru (224); Axis (10)
IN2220180037,2026-06-30,6.79,Kotak,Kotak
IN2220180037,2026-07-31,6.8,Kotak,Kotak (32)
IN2220180037,2026-08-15,6.73,Kotak,Kotak (32)
IN2220180052,2026-06-30,6.81,ICICI Pru,ICICI Pru; Aditya Birla; Nippon; Kotak
IN2220180052,2026-07-15,6.82,ICICI Pru,ICICI Pru; Nippon
IN2220180052,2026-07-31,6.82,ICICI Pru,ICICI Pru (30); Aditya Birla (1); Nippon (26); Kotak (2)
IN2220180052,2026-08-15,6.78,ICICI Pru,ICICI Pru (30); Nippon (26); Kotak (2)
IN2220190010,2026-06-30,7.0248,Nippon,Nippon
IN2220190010,2026-07-15,7.0811,Nippon,Nippon
IN2220190010,2026-07-31,7.0616,Nippon,Nippon (16)
IN2220190010,2026-08-15,6.9779,Nippon,Nippon (16)
IN2220190036,2026-06-30,7.0146,Axis,Axis; Nippon
IN2220190036,2026-07-15,7.1122,Nippon,Nippon
IN2220190036,2026-07-31,7.0602,Axis,Axis (10); Nippon (25)
IN2220190036,2026-08-15,6.978,Axis,Axis (10); Nippon (25)
IN2220190085,2026-06-30,6.9156,Aditya Birla,Aditya Birla
IN2220190085,2026-07-31,6.9935,Aditya Birla,Aditya Birla (1)
IN2220190101,2026-06-30,6.9932,Nippon,Nippon
IN2220190101,2026-07-15,7.05,Nippon,Nippon
IN2220190101,2026-07-31,7.0401,Nippon,Nippon (145)
IN2220190101,2026-08-15,6.9466,Nippon,Nippon (145)
IN2220190127,2026-06-30,6.6831,Aditya Birla,Aditya Birla
IN2220190127,2026-07-31,6.7347,Aditya Birla,Aditya Birla (11)
IN2220190135,2026-07-31,6.7347,Axis,Axis (67)
IN2220200017,2026-06-30,7.0145,Nippon,Nippon
IN2220200017,2026-07-15,7.0604,Nippon,Nippon
IN2220200017,2026-07-31,7.0513,Nippon,Nippon (302)
IN2220200017,2026-08-15,6.9676,Nippon,Nippon (303)
IN2220200025,2026-06-30,7.0145,Aditya Birla,Aditya Birla; Nippon
IN2220200025,2026-07-15,7.0708,Nippon,Nippon
IN2220200025,2026-07-31,7.0513,Aditya Birla,Aditya Birla (1); Nippon (92)
IN2220200025,2026-08-15,6.9676,Nippon,Nippon (92)
IN2220200033,2026-06-30,7.0041,Nippon,Nippon
IN2220200033,2026-07-15,7.0604,Nippon,Nippon
IN2220200033,2026-07-31,7.0409,Nippon,Nippon (48)
IN2220200033,2026-08-15,6.9572,Nippon,Nippon (49)
IN2220200116,2026-06-30,6.77,Kotak,Kotak
IN2220200116,2026-07-31,6.78,Kotak,Kotak (15)
IN2220200116,2026-08-15,6.71,Kotak,Kotak (15)
IN2220200181,2026-06-30,6.77,ICICI Pru,ICICI Pru
IN2220200181,2026-07-15,6.8,ICICI Pru,ICICI Pru
IN2220200181,2026-07-31,6.78,ICICI Pru,ICICI Pru (5)
IN2220200181,2026-08-15,6.71,ICICI Pru,ICICI Pru (5)
IN2220200207,2026-06-30,7.2928,Nippon,Nippon
IN2220200207,2026-07-15,7.3011,Nippon,Nippon
IN2220200207,2026-07-31,7.27,Nippon,Nippon (25)
IN2220200207,2026-08-15,7.2217,Nippon,Nippon (25)
IN2220200215,2026-07-31,6.69,Tata,Tata (5)
IN2220200215,2026-08-15,6.64,Tata,Tata (5)
IN2220200223,2026-06-30,7.0087,Nippon,Nippon
IN2220200223,2026-07-15,7.0954,Nippon,Nippon
IN2220200223,2026-07-31,7.058,Nippon,Nippon (10)
IN2220200223,2026-08-15,6.9843,Nippon,Nippon (10)
IN2220200256,2026-06-30,6.79,ICICI Pru,ICICI Pru
IN2220200256,2026-07-15,6.8,ICICI Pru,ICICI Pru
IN2220200256,2026-07-31,6.8,ICICI Pru,ICICI Pru (20)
IN2220200256,2026-08-15,6.76,ICICI Pru,ICICI Pru (20)
IN2220200264,2026-06-30,7.0087,Axis,Axis; Nippon
IN2220200264,2026-07-15,7.0954,Nippon,Nippon
IN2220200264,2026-07-31,7.058,Axis,Axis (4); Nippon (0)
IN2220200264,2026-08-15,6.9843,Axis,Axis (4); Nippon (0)
IN2220200272,2026-06-30,6.7916,Aditya Birla,Aditya Birla
IN2220200272,2026-07-31,6.8019,Aditya Birla,Aditya Birla (1)
IN2220200280,2026-06-30,7.0087,Nippon,Nippon
IN2220200280,2026-07-15,7.0954,Nippon,Nippon
IN2220200280,2026-07-31,7.058,Nippon,Nippon (41)
IN2220200280,2026-08-15,6.9843,Nippon,Nippon (41)
IN2220200322,2026-06-30,7.0087,Nippon,Nippon
IN2220200322,2026-07-15,7.0954,Nippon,Nippon
IN2220200322,2026-07-31,7.058,Nippon,Nippon (45)
IN2220200322,2026-08-15,6.9843,Nippon,Nippon (45)
IN2220200355,2026-06-30,6.86,ICICI Pru,ICICI Pru
IN2220200355,2026-07-15,6.89,ICICI Pru,ICICI Pru
IN2220200355,2026-07-31,6.94,ICICI Pru,ICICI Pru (5)
IN2220200355,2026-08-15,6.83,ICICI Pru,ICICI Pru (5)
IN2220210073,2026-06-30,7.1272,Nippon,Nippon
IN2220210073,2026-07-15,7.1238,Nippon,Nippon
IN2220210073,2026-07-31,7.1201,Nippon,Nippon (101)
IN2220210073,2026-08-15,7.0868,Nippon,Nippon (102)
IN2220210156,2026-06-30,7.1272,Nippon,Nippon
IN2220210156,2026-07-15,7.1238,Nippon,Nippon
IN2220210156,2026-07-31,7.1201,Nippon,Nippon (10)
IN2220210156,2026-08-15,7.0868,Nippon,Nippon (10)
IN2220210214,2026-06-30,5.4,HDFC,HDFC; SBI; ICICI Pru; Aditya Birla; Axis; Nippon; Kotak
IN2220210214,2026-07-15,5.4,HDFC,HDFC; SBI; ICICI Pru; Nippon
IN2220210214,2026-07-31,5.29,HDFC,HDFC (17); SBI (608); ICICI Pru (87); Aditya Birla (465); Axis (8); Nippon (110)
IN2220210222,2026-06-30,6.38,ICICI Pru,ICICI Pru
IN2220210222,2026-07-15,6.31,ICICI Pru,ICICI Pru
IN2220210222,2026-07-31,6.27,ICICI Pru,ICICI Pru (106)
IN2220210222,2026-08-15,6.05,ICICI Pru,ICICI Pru (106)
IN2220210230,2026-06-30,6.38,ICICI Pru,ICICI Pru; Axis
IN2220210230,2026-07-15,6.31,ICICI Pru,ICICI Pru
IN2220210230,2026-07-31,6.27,ICICI Pru,ICICI Pru (175); Axis (1)
IN2220210230,2026-08-15,6.05,ICICI Pru,ICICI Pru (176); Axis (1)
IN2220210248,2026-06-30,7.32,UTI,UTI
IN2220210248,2026-07-31,7.3659,Nippon,Nippon (30); UTI (74)
IN2220210248,2026-08-15,7.3765,Nippon,Nippon (30)
IN2220210271,2026-06-30,5.7813,Aditya Birla,Aditya Birla; Axis
IN2220210271,2026-07-31,5.84,HDFC,HDFC (75); Aditya Birla (86); Axis (69)
IN2220210271,2026-08-15,5.78,Axis,Axis (69)
IN2220220015,2026-06-30,6.8717,Nippon,Nippon
IN2220220015,2026-07-15,6.9002,Nippon,Nippon
IN2220220015,2026-07-31,6.9595,Nippon,Nippon (3)
IN2220220015,2026-08-15,6.8536,Nippon,Nippon (3)
IN2220220023,2026-06-30,7.0145,Nippon,Nippon
IN2220220023,2026-07-15,7.0604,Nippon,Nippon
IN2220220023,2026-07-31,7.0513,Nippon,Nippon (71)
IN2220220023,2026-08-15,6.9676,Nippon,Nippon (71)
IN2220220031,2026-06-30,6.8717,Nippon,Nippon
IN2220220031,2026-07-15,6.9002,Nippon,Nippon
IN2220220031,2026-07-31,6.9595,Nippon,Nippon (20)
IN2220220031,2026-08-15,6.8536,Nippon,Nippon (20)
IN2220220049,2026-06-30,7.0145,Nippon,Nippon
IN2220220049,2026-07-15,7.0708,Nippon,Nippon
IN2220220049,2026-07-31,7.0513,Nippon,Nippon (31)
IN2220220049,2026-08-15,6.9676,Nippon,Nippon (31)
IN2220220064,2026-06-30,7.2675,SBI,SBI; Axis
IN2220220064,2026-07-15,7.2882,SBI,SBI; Nippon
IN2220220064,2026-07-31,7.2476,SBI,SBI (231); Nippon (51)
IN2220220064,2026-08-15,7.2132,SBI,SBI (231); Nippon (51)
IN2220220072,2026-06-30,7.48,HDFC,HDFC; Aditya Birla; Nippon
IN2220220072,2026-07-15,7.48,HDFC,HDFC; Nippon
IN2220220072,2026-07-31,7.49,HDFC,HDFC (26); Aditya Birla (1); Nippon (3)
IN2220220072,2026-08-15,7.4684,Nippon,Nippon (3)
IN2220220080,2026-06-30,7.0145,Nippon,Nippon
IN2220220080,2026-07-15,7.0708,Nippon,Nippon
IN2220220080,2026-07-31,7.0513,Nippon,Nippon (139)
IN2220220080,2026-08-15,6.9676,Nippon,Nippon (139)
IN2220220114,2026-06-30,7.2928,Aditya Birla,Aditya Birla
IN2220220114,2026-07-31,7.27,Aditya Birla,Aditya Birla (0)
IN2220220122,2026-06-30,7.019,Nippon,Nippon
IN2220220122,2026-07-15,7.1304,Nippon,Nippon
IN2220220122,2026-07-31,7.0683,Nippon,Nippon (98)
IN2220220122,2026-08-15,6.9946,Nippon,Nippon (98)
IN2220220130,2026-06-30,7.019,Nippon,Nippon; Kotak
IN2220220130,2026-07-15,7.1057,Nippon,Nippon
IN2220220130,2026-07-31,7.0683,Nippon,Nippon (62)
IN2220220130,2026-08-15,6.9946,Nippon,Nippon (62)
IN2220220148,2026-06-30,7.019,Nippon,Nippon
IN2220220148,2026-07-15,7.1057,Nippon,Nippon
IN2220220148,2026-07-31,7.0683,Nippon,Nippon (248)
IN2220220148,2026-08-15,6.9946,Nippon,Nippon (249)
IN2220220155,2026-06-30,7.1277,SBI,SBI
IN2220220155,2026-07-15,7.1465,SBI,SBI
IN2220220155,2026-07-31,7.1123,SBI,SBI (26)
IN2220220163,2026-06-30,7.44,Kotak,Kotak; UTI
IN2220220163,2026-07-31,7.37,Kotak,Kotak (2); UTI (1)
IN2220220163,2026-08-15,7.39,Kotak,Kotak (2)
IN2220220171,2026-06-30,7.1277,Nippon,Nippon; UTI
IN2220220171,2026-07-15,7.1465,Nippon,Nippon
IN2220220171,2026-07-31,7.1123,Nippon,Nippon (197); UTI (26)
IN2220220171,2026-08-15,7.0863,Nippon,Nippon (146)
IN2220220189,2026-06-30,7.32,UTI,UTI
IN2220220189,2026-07-31,7.24,UTI,UTI (5)
IN2220220197,2026-06-30,7.1277,Nippon,Nippon; Kotak
IN2220220197,2026-07-15,7.1465,Nippon,Nippon
IN2220220197,2026-07-31,7.1123,Nippon,Nippon (5); Kotak (99)
IN2220220197,2026-08-15,7.0863,Nippon,Nippon (5); Kotak (99)
IN2220220205,2026-06-30,7.32,UTI,UTI
IN2220220205,2026-07-31,7.24,UTI,UTI (26)
IN2220220213,2026-06-30,7.1277,Nippon,Nippon
IN2220220213,2026-07-15,7.1465,Nippon,Nippon
IN2220220213,2026-07-31,7.1123,Nippon,Nippon (41)
IN2220220213,2026-08-15,7.0863,Nippon,Nippon (41)
IN2220220239,2026-06-30,7.2675,Aditya Birla,Aditya Birla; Axis
IN2220220239,2026-07-31,7.2476,Aditya Birla,Aditya Birla (0); Tata (10)
IN2220220239,2026-08-15,7.09,Tata,Tata (10)
IN2220220254,2026-06-30,7.2675,Aditya Birla,Aditya Birla
IN2220220254,2026-07-31,7.2476,Aditya Birla,Aditya Birla (1)
IN2220230014,2026-06-30,6.72,HDFC,HDFC
IN2220230022,2026-06-30,7.0145,Nippon,Nippon
IN2220230022,2026-07-15,7.0708,Nippon,Nippon
IN2220230022,2026-07-31,7.0513,Nippon,Nippon (102)
IN2220230022,2026-08-15,6.9676,Nippon,Nippon (102)
IN2220230030,2026-06-30,6.7177,Nippon,Nippon
IN2220230030,2026-07-15,6.7244,Nippon,Nippon
IN2220230030,2026-07-31,6.7505,Nippon,Nippon (0)
IN2220230030,2026-08-15,6.6046,Nippon,Nippon (0)
IN2220230063,2026-07-15,7.2915,Nippon,Nippon
IN2220230063,2026-07-31,7.2476,Nippon,Nippon (50)
IN2220230063,2026-08-15,7.2132,Nippon,Nippon (51)
IN2220230089,2026-06-30,7.2675,Aditya Birla,Aditya Birla
IN2220230089,2026-07-31,7.2476,Aditya Birla,Aditya Birla (28)
IN2220230147,2026-07-31,7.35,Tata,Tata (1)
IN2220230147,2026-08-15,7.33,Tata,Tata (1)
IN2220230196,2026-06-30,7.54,HDFC,HDFC; Kotak
IN2220230196,2026-07-15,7.49,HDFC,HDFC
IN2220230196,2026-07-31,7.5,HDFC,HDFC (5); Kotak (254)
IN2220230196,2026-08-15,7.49,Kotak,Kotak (254)
IN2220230204,2026-06-30,7.5769,SBI,SBI; Nippon
IN2220230204,2026-07-15,7.5579,SBI,SBI; Nippon
IN2220230204,2026-07-31,7.5693,SBI,SBI (25); Nippon (9)
IN2220230204,2026-08-15,7.5399,Nippon,Nippon (9)
IN2220230220,2026-06-30,7.5769,Nippon,Nippon
IN2220230220,2026-07-15,7.5579,Nippon,Nippon
IN2220230220,2026-07-31,7.5693,Nippon,Nippon (5)
IN2220230220,2026-08-15,7.5399,Nippon,Nippon (5)
IN2220230238,2026-06-30,7.4,UTI,UTI
IN2220230238,2026-07-31,7.36,UTI,UTI (0)
IN2220230295,2026-06-30,7.64,Kotak,Kotak
IN2220230303,2026-06-30,7.64,Kotak,Kotak
IN2220240369,2026-06-30,7.64,HDFC,HDFC
IN2220240401,2026-06-30,7.5769,Nippon,Nippon
IN2220240401,2026-07-15,7.5579,Nippon,Nippon
IN2220240401,2026-07-31,7.5693,Nippon,Nippon (8)
IN2220240401,2026-08-15,7.5814,Nippon,Nippon (8)
IN2220240427,2026-06-30,7.64,ICICI Pru,ICICI Pru
IN2220240427,2026-07-15,7.66,ICICI Pru,ICICI Pru
IN2220240427,2026-07-31,7.61,ICICI Pru,ICICI Pru (927)
IN2220240427,2026-08-15,7.55,ICICI Pru,ICICI Pru (931)
IN2220240435,2026-06-30,7.64,ICICI Pru,ICICI Pru
IN2220240435,2026-07-15,7.71,ICICI Pru,ICICI Pru
IN2220240435,2026-07-31,7.66,ICICI Pru,ICICI Pru (786)
IN2220240435,2026-08-15,7.62,ICICI Pru,ICICI Pru (788)
IN2220240450,2026-06-30,7.638,Aditya Birla,Aditya Birla
IN2220240450,2026-07-31,7.6121,Aditya Birla,Aditya Birla (15)
IN2220240476,2026-06-30,7.52,UTI,UTI
IN2220240476,2026-07-31,7.55,UTI,UTI (3)
IN2220250012,2026-06-30,7.6264,Axis,Axis
IN2220250012,2026-07-31,7.5681,Axis,Axis (4); Tata (25)
IN2220250012,2026-08-15,7.5381,Axis,Axis (4); Tata (25)
IN2220250053,2026-06-30,7.6264,Aditya Birla,Aditya Birla
IN2220250053,2026-07-31,7.5681,Aditya Birla,Aditya Birla (14)
IN2220250095,2026-06-30,7.6264,Aditya Birla,Aditya Birla; UTI
IN2220250095,2026-07-31,7.5681,Aditya Birla,Aditya Birla (10); UTI (47)
IN2220250103,2026-06-30,7.64,HDFC,HDFC; Aditya Birla
IN2220250103,2026-07-31,7.6121,Aditya Birla,Aditya Birla (12)
IN2220250111,2026-06-30,7.64,HDFC,HDFC; Aditya Birla
IN2220250111,2026-07-31,7.6739,Aditya Birla,Aditya Birla (5)
IN2220250186,2026-06-30,7.75,ICICI Pru,ICICI Pru; UTI
IN2220250186,2026-07-15,7.81,ICICI Pru,ICICI Pru
IN2220250186,2026-07-31,7.78,ICICI Pru,ICICI Pru (155); Aditya Birla (47); UTI (142)
IN2220250186,2026-08-15,7.74,ICICI Pru,ICICI Pru (156)
IN2220250194,2026-06-30,7.74,ICICI Pru,ICICI Pru
IN2220250194,2026-07-15,7.82,ICICI Pru,ICICI Pru
IN2220250194,2026-07-31,7.79,ICICI Pru,ICICI Pru (692)
IN2220250194,2026-08-15,7.75,ICICI Pru,ICICI Pru (694)
IN2220250202,2026-06-30,7.75,ICICI Pru,ICICI Pru
IN2220250202,2026-07-15,7.83,ICICI Pru,ICICI Pru
IN2220250202,2026-07-31,7.82,ICICI Pru,ICICI Pru (685)
IN2220250202,2026-08-15,7.75,ICICI Pru,ICICI Pru (689)
IN2220250210,2026-06-30,7.75,ICICI Pru,ICICI Pru
IN2220250210,2026-07-15,7.83,ICICI Pru,ICICI Pru
IN2220250210,2026-07-31,7.8,ICICI Pru,ICICI Pru (582)
IN2220250210,2026-08-15,7.75,ICICI Pru,ICICI Pru (585)
IN2220250293,2026-06-30,7.46,ICICI Pru,ICICI Pru; Kotak
IN2220250293,2026-07-15,7.45,ICICI Pru,ICICI Pru
IN2220250293,2026-07-31,7.38,ICICI Pru,ICICI Pru (346); Kotak (100)
IN2220250293,2026-08-15,7.39,ICICI Pru,ICICI Pru (346); Kotak (100)
IN2220250301,2026-06-30,7.48,ICICI Pru,ICICI Pru
IN2220250301,2026-07-15,7.48,ICICI Pru,ICICI Pru
IN2220250301,2026-07-31,7.49,ICICI Pru,ICICI Pru (487)
IN2220250301,2026-08-15,7.47,ICICI Pru,ICICI Pru (487)
IN2220250319,2026-06-30,7.58,ICICI Pru,ICICI Pru
IN2220250319,2026-07-15,7.56,ICICI Pru,ICICI Pru
IN2220250319,2026-07-31,7.57,ICICI Pru,ICICI Pru (88)
IN2220250319,2026-08-15,7.54,ICICI Pru,ICICI Pru (88)
IN2220250343,2026-06-30,7.58,HDFC,HDFC
IN2220250343,2026-07-15,7.56,HDFC,HDFC
IN2220250343,2026-07-31,7.57,HDFC,HDFC (88)
IN2220250368,2026-06-30,7.4632,Aditya Birla,Aditya Birla
IN2220250368,2026-07-31,7.3763,Aditya Birla,Aditya Birla (50)
IN2220250376,2026-06-30,7.64,ICICI Pru,ICICI Pru
IN2220250376,2026-07-15,7.58,ICICI Pru,ICICI Pru
IN2220250376,2026-07-31,7.58,ICICI Pru,ICICI Pru (61)
IN2220250376,2026-08-15,7.55,ICICI Pru,ICICI Pru (61)
IN2220250384,2026-06-30,7.4791,Aditya Birla,Aditya Birla
IN2220250384,2026-07-31,7.4893,Aditya Birla,Aditya Birla (16)
IN2220250392,2026-06-30,7.6562,Axis,Axis
IN2220250392,2026-07-31,7.695,Axis,Axis (13)
IN2220250392,2026-08-15,7.6138,Axis,Axis (13)
IN2220250426,2026-06-30,6.9828,Nippon,Nippon; Kotak
IN2220250426,2026-07-15,7.0397,Nippon,Nippon
IN2220250426,2026-07-31,7.0298,Nippon,Nippon (50); Kotak (300)
IN2220250426,2026-08-15,6.9363,Axis,Axis (120); Nippon (50); Kotak (301)
IN2220250434,2026-06-30,7.4791,Axis,Axis
IN2220250434,2026-07-31,7.4893,Axis,Axis (6)
IN2220250434,2026-08-15,7.4684,Axis,Axis (6)
IN2220250442,2026-06-30,7.5,UTI,UTI
IN2220250442,2026-07-31,7.44,UTI,UTI (25)
IN2220250467,2026-08-15,6.9363,Axis,Axis (40)
IN2220250475,2026-06-30,7.48,ICICI Pru,ICICI Pru
IN2220250475,2026-07-15,7.48,ICICI Pru,ICICI Pru
IN2220250475,2026-07-31,7.49,ICICI Pru,ICICI Pru (107)
IN2220250475,2026-08-15,7.47,ICICI Pru,ICICI Pru (107)
IN2220250483,2026-06-30,7.6368,Nippon,Nippon
IN2220250483,2026-07-15,7.5844,Nippon,Nippon
IN2220250483,2026-07-31,7.5785,Nippon,Nippon (50)
IN2220250483,2026-08-15,7.5484,Nippon,Nippon (50)
IN2220250491,2026-06-30,7.4791,Aditya Birla,Aditya Birla
IN2220250491,2026-07-31,7.4893,Aditya Birla,Aditya Birla (5)
IN2220250533,2026-06-30,7.5769,SBI,SBI
IN2220250533,2026-07-15,7.5505,SBI,SBI
IN2220250533,2026-07-31,7.5706,SBI,SBI (101)
IN2220250533,2026-08-15,7.5399,SBI,SBI (101)
IN2220260011,2026-06-30,7.1376,SBI,SBI
IN2220260029,2026-06-30,7.64,ICICI Pru,ICICI Pru; Aditya Birla; Nippon
IN2220260029,2026-07-15,7.71,ICICI Pru,ICICI Pru; Nippon
IN2220260029,2026-07-31,7.69,ICICI Pru,ICICI Pru (51); Aditya Birla (0); Nippon (154)
IN2220260029,2026-08-15,7.65,ICICI Pru,ICICI Pru (52); Nippon (155)
IN2220260037,2026-06-30,7.7576,Aditya Birla,Aditya Birla
IN2220260037,2026-07-31,7.8276,Aditya Birla,Aditya Birla (120)
IN2220260045,2026-06-30,7.4791,SBI,SBI; ICICI Pru
IN2220260045,2026-07-15,7.4962,SBI,SBI; ICICI Pru
IN2220260045,2026-07-31,7.4893,SBI,SBI (724); ICICI Pru (79); Tata (101)
IN2220260045,2026-08-15,7.467,SBI,SBI (725); ICICI Pru (79); Tata (101)
IN2320160046,2026-08-15,5.3045,SBI,SBI (15)
IN2420180068,2026-06-30,6.92,ICICI Pru,ICICI Pru
IN2420180068,2026-07-15,7.0,ICICI Pru,ICICI Pru
IN2420180068,2026-07-31,7.05,ICICI Pru,ICICI Pru (0)
IN2420180068,2026-08-15,6.92,ICICI Pru,ICICI Pru (0)
IN2520170027,2026-06-30,6.41,SBI,SBI
IN2520170027,2026-07-15,6.387,SBI,SBI
IN2520170027,2026-07-31,6.3508,SBI,SBI (15)
IN2520170027,2026-08-15,6.2635,SBI,SBI (15)
IN2520250092,2026-06-30,7.8041,SBI,SBI
IN2520250092,2026-07-15,7.8685,SBI,SBI
IN2520250092,2026-07-31,7.836,SBI,SBI (10)
IN2520250092,2026-08-15,7.7997,SBI,SBI (10)
IN2620160035,2026-08-15,5.2576,SBI,SBI (15)
IN2620160050,2026-06-30,5.646,Aditya Birla,Aditya Birla
IN2620160050,2026-07-31,5.5884,Aditya Birla,Aditya Birla (5)
IN2620250059,2026-06-30,7.1539,Aditya Birla,Aditya Birla
IN2620250059,2026-07-31,7.2009,Aditya Birla,Aditya Birla (30)
IN2620250067,2026-06-30,7.2896,Aditya Birla,Aditya Birla
IN2620250067,2026-07-31,7.2742,Aditya Birla,Aditya Birla (35)
IN2720250082,2026-06-30,7.68,ICICI Pru,ICICI Pru
IN2720250082,2026-07-15,7.74,ICICI Pru,ICICI Pru
IN2720250082,2026-07-31,7.76,ICICI Pru,ICICI Pru (86)
IN2720250082,2026-08-15,7.73,ICICI Pru,ICICI Pru (86)
IN2720250157,2026-06-30,7.47,Kotak,Kotak
IN2820170099,2026-06-30,6.4445,SBI,SBI
IN2820170099,2026-07-15,6.3924,SBI,SBI
IN2820170099,2026-07-31,6.3563,SBI,SBI (25)
IN2820170099,2026-08-15,6.1041,SBI,SBI (25)
IN2820170115,2026-08-15,6.3465,SBI,SBI (10)
IN2820170180,2026-06-30,6.55,HDFC,HDFC
IN2820170180,2026-07-15,6.49,HDFC,HDFC
IN2820170180,2026-07-31,6.49,HDFC,HDFC (15)
IN2820180015,2026-06-30,6.7972,Nippon,Nippon
IN2820180015,2026-07-15,6.8038,Nippon,Nippon
IN2820180015,2026-07-31,6.8816,Nippon,Nippon (1)
IN2820180015,2026-08-15,6.7615,Nippon,Nippon (1)
IN2820180049,2026-06-30,6.8075,Nippon,Nippon
IN2820180049,2026-07-15,6.8141,Nippon,Nippon
IN2820180049,2026-07-31,6.892,Nippon,Nippon (1)
IN2820180049,2026-08-15,6.7718,Nippon,Nippon (1)
IN2820180056,2026-06-30,6.8075,Nippon,Nippon
IN2820180056,2026-07-15,6.8141,Nippon,Nippon
IN2820180056,2026-07-31,6.892,Nippon,Nippon (0)
IN2820180056,2026-08-15,6.7718,Nippon,Nippon (0)
IN2820180114,2026-06-30,6.89,ICICI Pru,ICICI Pru
IN2820180114,2026-07-15,6.9,ICICI Pru,ICICI Pru
IN2820180114,2026-07-31,6.95,ICICI Pru,ICICI Pru (5)
IN2820180114,2026-08-15,6.93,ICICI Pru,ICICI Pru (5)
IN2820180130,2026-06-30,6.9649,Nippon,Nippon
IN2820180130,2026-07-15,6.9927,Nippon,Nippon
IN2820180130,2026-07-31,7.0961,Nippon,Nippon (0)
IN2820180130,2026-08-15,7.0056,Nippon,Nippon (0)
IN2820190014,2026-06-30,6.9699,Nippon,Nippon
IN2820190014,2026-07-15,6.9985,Nippon,Nippon
IN2820190014,2026-07-31,7.1096,Nippon,Nippon (5)
IN2820190014,2026-08-15,7.0241,Nippon,Nippon (5)
IN2820220159,2026-06-30,7.4092,Axis,Axis
IN2820250156,2026-06-30,7.2364,Axis,Axis
IN2820250156,2026-07-31,7.3012,Axis,Axis (3)
IN2820250156,2026-08-15,7.3012,Axis,Axis (3)
IN2820260015,2026-06-30,7.6814,Axis,Axis
IN2820260015,2026-07-31,7.7054,Axis,Axis (50)
IN2820260015,2026-08-15,7.6496,Axis,Axis (50)
IN2920150124,2026-06-30,6.6949,Aditya Birla,Aditya Birla
IN2920150124,2026-07-31,6.6307,Aditya Birla,Aditya Birla (0)
IN2920160131,2026-06-30,5.4747,Aditya Birla,Aditya Birla
IN2920160131,2026-07-31,5.3787,Aditya Birla,Aditya Birla (15)
IN2920160156,2026-06-30,5.5106,SBI,SBI; ICICI Pru; Aditya Birla; Axis; Nippon
IN2920160156,2026-07-15,5.5118,SBI,SBI; ICICI Pru; Nippon
IN2920160156,2026-07-31,5.4011,SBI,SBI (125); ICICI Pru (116); Aditya Birla (124); Axis (28)
IN2920160156,2026-08-15,5.3252,SBI,SBI (125); ICICI Pru (116); Axis (28)
IN2920160164,2026-06-30,5.5106,SBI,SBI; Aditya Birla; Axis; Kotak
IN2920160164,2026-07-15,5.5194,SBI,SBI
IN2920160164,2026-07-31,5.4011,SBI,SBI (30); Aditya Birla (85); Axis (5); Kotak (2)
IN2920160164,2026-08-15,5.3252,SBI,SBI (30); Axis (5); Kotak (2)
IN2920160180,2026-06-30,5.6898,Aditya Birla,Aditya Birla
IN2920160180,2026-07-31,5.6433,Aditya Birla,Aditya Birla (85)
IN2920160198,2026-06-30,5.6798,SBI,SBI
IN2920160198,2026-07-15,5.7786,SBI,SBI
IN2920160198,2026-07-31,5.6333,SBI,SBI (25)
IN2920160198,2026-08-15,5.5434,SBI,SBI (25)
IN2920160206,2026-07-15,5.7786,Nippon,Nippon
IN2920160206,2026-07-31,5.6333,Nippon,Nippon (5)
IN2920160206,2026-08-15,5.5435,Nippon,Nippon (5)
IN2920160214,2026-06-30,5.69,ICICI Pru,ICICI Pru
IN2920160214,2026-07-15,5.79,ICICI Pru,ICICI Pru
IN2920160214,2026-07-31,5.69,ICICI Pru,ICICI Pru (3)
IN2920160214,2026-08-15,5.62,ICICI Pru,ICICI Pru (3)
IN2920160222,2026-06-30,5.8273,SBI,SBI
IN2920160222,2026-07-15,5.8899,SBI,SBI
IN2920160222,2026-07-31,5.8384,SBI,SBI (2)
IN2920160222,2026-08-15,5.8144,SBI,SBI (2)
IN2920160412,2026-06-30,5.8478,Axis,Axis; Nippon
IN2920160412,2026-07-15,5.9716,Nippon,Nippon
IN2920160412,2026-07-31,5.9288,Nippon,Nippon (8)
IN2920160412,2026-08-15,5.8544,Nippon,Nippon (8)
IN2920160420,2026-06-30,5.87,ICICI Pru,ICICI Pru; Aditya Birla; Axis
IN2920160420,2026-07-15,5.97,ICICI Pru,ICICI Pru
IN2920160420,2026-07-31,5.93,ICICI Pru,ICICI Pru (8); Aditya Birla (61); Axis (66)
IN2920160420,2026-08-15,5.93,ICICI Pru,ICICI Pru (8); Axis (66)
IN2920160438,2026-06-30,5.8735,Aditya Birla,Aditya Birla; Axis; Nippon
IN2920160438,2026-07-15,5.9716,Nippon,Nippon
IN2920160438,2026-07-31,5.94,ICICI Pru,ICICI Pru (5); Aditya Birla (5); Nippon (40)
IN2920160438,2026-08-15,5.93,ICICI Pru,ICICI Pru (5); Nippon (40)
IN2920160446,2026-06-30,5.8735,SBI,SBI; ICICI Pru
IN2920160446,2026-07-15,5.9716,SBI,SBI; ICICI Pru
IN2920160446,2026-07-31,5.9288,SBI,SBI (10); ICICI Pru (2)
IN2920160446,2026-08-15,5.9349,SBI,SBI (10); ICICI Pru (2)
IN2920170015,2026-06-30,6.0188,Axis,Axis
IN2920170015,2026-07-31,6.101,Axis,Axis (101)
IN2920170015,2026-08-15,6.0071,Axis,Axis (101)
IN2920170023,2026-06-30,6.0239,SBI,SBI; ICICI Pru
IN2920170023,2026-07-15,6.0727,SBI,SBI; ICICI Pru
IN2920170023,2026-07-31,6.1216,SBI,SBI (50); ICICI Pru (10)
IN2920170023,2026-08-15,6.038,SBI,SBI (51); ICICI Pru (10)
IN2920170031,2026-06-30,6.02,ICICI Pru,ICICI Pru
IN2920170031,2026-07-15,6.07,ICICI Pru,ICICI Pru
IN2920170031,2026-07-31,6.12,ICICI Pru,ICICI Pru (10)
IN2920170031,2026-08-15,6.04,ICICI Pru,ICICI Pru (10)
IN2920170072,2026-06-30,6.4423,SBI,SBI; ICICI Pru; Axis
IN2920170072,2026-07-15,6.3903,SBI,SBI; ICICI Pru
IN2920170072,2026-07-31,6.3542,SBI,SBI (187); ICICI Pru (727); Axis (1)
IN2920170072,2026-08-15,6.2958,SBI,SBI (187); ICICI Pru (727); Axis (1)
IN2920170098,2026-07-31,6.37,Tata,Tata (15)
IN2920170098,2026-08-15,6.38,Tata,Tata (15)
IN2920170106,2026-07-31,6.37,Tata,Tata (10)
IN2920170106,2026-08-15,6.38,Tata,Tata (10)
IN2920170114,2026-07-31,6.37,Tata,Tata (5)
IN2920170114,2026-08-15,6.38,Tata,Tata (5)
IN2920170122,2026-06-30,6.55,ICICI Pru,ICICI Pru; Nippon; Kotak
IN2920170122,2026-07-15,6.49,ICICI Pru,ICICI Pru; Nippon
IN2920170122,2026-07-31,6.47,ICICI Pru,ICICI Pru (5); Nippon (25); Kotak (3); Tata (20)
IN2920170122,2026-08-15,6.48,ICICI Pru,ICICI Pru (5); Nippon (25); Kotak (3); Tata (20)
IN2920170148,2026-07-31,6.8277,Nippon,Nippon (82)
IN2920170148,2026-08-15,6.688,Nippon,Nippon (82)
IN2920170155,2026-06-30,6.7774,Aditya Birla,Aditya Birla; Kotak
IN2920170155,2026-07-31,6.8277,Aditya Birla,Aditya Birla (0); Kotak (6)
IN2920170155,2026-08-15,6.688,Axis,Axis (6)
IN2920170189,2026-06-30,6.7774,Aditya Birla,Aditya Birla; Axis; Nippon
IN2920170189,2026-07-15,6.8116,Nippon,Nippon
IN2920170189,2026-07-31,6.8277,Aditya Birla,Aditya Birla (10); Axis (5); Nippon (31)
IN2920170189,2026-08-15,6.688,Axis,Axis (5); Nippon (31)
IN2920170197,2026-06-30,6.7774,Nippon,Nippon
IN2920170197,2026-07-15,6.8116,Nippon,Nippon
IN2920170197,2026-07-31,6.8277,Nippon,Nippon (1)
IN2920170197,2026-08-15,6.688,Nippon,Nippon (1)
IN2920170205,2026-06-30,6.7774,Aditya Birla,Aditya Birla; Nippon
IN2920170205,2026-07-15,6.8116,Nippon,Nippon
IN2920170205,2026-07-31,6.8277,Aditya Birla,Aditya Birla (21); Nippon (7)
IN2920170205,2026-08-15,6.688,Nippon,Nippon (7)
IN2920180014,2026-06-30,6.7916,Nippon,Nippon
IN2920180014,2026-07-15,6.8241,Nippon,Nippon
IN2920180014,2026-07-31,6.8295,Nippon,Nippon (2)
IN2920180014,2026-08-15,6.7073,Nippon,Nippon (2)
IN2920180030,2026-06-30,6.8019,Axis,Axis; Nippon; Kotak
IN2920180030,2026-07-15,6.8344,Nippon,Nippon
IN2920180030,2026-07-31,6.8399,Axis,Axis (5); Nippon (13); Kotak (15)
IN2920180030,2026-08-15,6.7176,Axis,Axis (5); Nippon (13); Kotak (15)
IN2920180063,2026-06-30,6.8226,Nippon,Nippon
IN2920180063,2026-07-15,6.8344,Nippon,Nippon
IN2920180063,2026-07-31,6.8399,Nippon,Nippon (5)
IN2920180063,2026-08-15,6.7176,Nippon,Nippon (5)
IN2920180097,2026-06-30,6.8019,Nippon,Nippon
IN2920180097,2026-07-15,6.8344,Nippon,Nippon
IN2920180097,2026-07-31,6.8399,Nippon,Nippon (0)
IN2920180097,2026-08-15,6.7176,Nippon,Nippon (0)
IN2920180105,2026-06-30,6.8019,Aditya Birla,Aditya Birla
IN2920180105,2026-07-31,6.8399,Aditya Birla,Aditya Birla (10)
IN2920180121,2026-06-30,6.8664,Nippon,Nippon; Kotak
IN2920180121,2026-07-15,6.9236,Nippon,Nippon
IN2920180121,2026-07-31,6.894,Nippon,Nippon (1); Kotak (6)
IN2920180121,2026-08-15,6.8585,Nippon,Nippon (1); Kotak (6)
IN2920180139,2026-06-30,6.87,Kotak,Kotak
IN2920180139,2026-07-31,6.89,Kotak,Kotak (4)
IN2920180139,2026-08-15,6.86,Kotak,Kotak (4)
IN2920180170,2026-06-30,6.87,ICICI Pru,ICICI Pru; Aditya Birla
IN2920180170,2026-07-15,6.92,ICICI Pru,ICICI Pru
IN2920180170,2026-07-31,6.89,ICICI Pru,ICICI Pru (5); Aditya Birla (10)
IN2920180170,2026-08-15,6.86,ICICI Pru,ICICI Pru (5)
IN2920180188,2026-06-30,6.87,ICICI Pru,ICICI Pru; Aditya Birla
IN2920180188,2026-07-15,6.92,ICICI Pru,ICICI Pru
IN2920180188,2026-07-31,6.89,ICICI Pru,ICICI Pru (31); Aditya Birla (1)
IN2920180188,2026-08-15,6.86,ICICI Pru,ICICI Pru (31)
IN2920180196,2026-06-30,6.87,ICICI Pru,ICICI Pru; Aditya Birla
IN2920180196,2026-07-15,6.92,ICICI Pru,ICICI Pru
IN2920180196,2026-07-31,6.89,ICICI Pru,ICICI Pru (32); Aditya Birla (52)
IN2920180196,2026-08-15,6.86,ICICI Pru,ICICI Pru (32)
IN2920180204,2026-06-30,6.87,ICICI Pru,ICICI Pru
IN2920180204,2026-07-15,6.92,ICICI Pru,ICICI Pru
IN2920180204,2026-07-31,6.89,ICICI Pru,ICICI Pru (1)
IN2920180204,2026-08-15,6.86,ICICI Pru,ICICI Pru (1)
IN2920180238,2026-06-30,6.88,ICICI Pru,ICICI Pru; Aditya Birla
IN2920180238,2026-07-15,6.91,ICICI Pru,ICICI Pru
IN2920180238,2026-07-31,6.9,ICICI Pru,ICICI Pru (16); Aditya Birla (0)
IN2920180238,2026-08-15,6.87,ICICI Pru,ICICI Pru (16)
IN2920180253,2026-06-30,6.8762,Aditya Birla,Aditya Birla
IN2920180253,2026-07-31,6.8997,Aditya Birla,Aditya Birla (0)
IN2920180261,2026-06-30,6.8762,Nippon,Nippon
IN2920180261,2026-07-15,6.9124,Nippon,Nippon
IN2920180261,2026-07-31,6.8997,Nippon,Nippon (0)
IN2920180261,2026-08-15,6.8687,Nippon,Nippon (0)
IN2920180279,2026-06-30,6.88,ICICI Pru,ICICI Pru
IN2920180279,2026-07-15,6.91,ICICI Pru,ICICI Pru
IN2920180279,2026-07-31,6.9,ICICI Pru,ICICI Pru (10)
IN2920180279,2026-08-15,6.87,ICICI Pru,ICICI Pru (82)
IN2920180303,2026-06-30,6.9298,Nippon,Nippon
IN2920180303,2026-07-15,6.9834,Nippon,Nippon
IN2920180303,2026-07-31,7.0386,Nippon,Nippon (31)
IN2920180303,2026-08-15,6.9326,Nippon,Nippon (31)
IN2920180311,2026-06-30,6.93,ICICI Pru,ICICI Pru
IN2920180311,2026-07-15,6.98,ICICI Pru,ICICI Pru
IN2920180311,2026-07-31,7.04,ICICI Pru,ICICI Pru (10)
IN2920180311,2026-08-15,6.93,ICICI Pru,ICICI Pru (10)
IN2920180329,2026-06-30,6.93,ICICI Pru,ICICI Pru
IN2920180329,2026-07-15,6.98,ICICI Pru,ICICI Pru
IN2920180329,2026-07-31,7.04,ICICI Pru,ICICI Pru (2)
IN2920180329,2026-08-15,6.93,ICICI Pru,ICICI Pru (2)
IN2920180337,2026-06-30,6.93,ICICI Pru,ICICI Pru; Nippon
IN2920180337,2026-07-15,6.98,ICICI Pru,ICICI Pru; Nippon
IN2920180337,2026-07-31,7.04,ICICI Pru,ICICI Pru (89); Nippon (5)
IN2920180337,2026-08-15,6.93,ICICI Pru,ICICI Pru (89); Nippon (5)
IN2920190013,2026-06-30,6.9368,Aditya Birla,Aditya Birla
IN2920190013,2026-07-31,7.0541,Aditya Birla,Aditya Birla (1)
IN2920190021,2026-06-30,6.9368,SBI,SBI; Nippon
IN2920190021,2026-07-15,7.0051,SBI,SBI; Nippon
IN2920190021,2026-07-31,7.0541,SBI,SBI (5); Nippon (2)
IN2920190021,2026-08-15,6.9585,SBI,SBI (5); Nippon (2)
IN2920190039,2026-06-30,6.9368,Nippon,Nippon
IN2920190039,2026-07-15,7.0051,Nippon,Nippon
IN2920190039,2026-07-31,7.0541,Nippon,Nippon (0)
IN2920190039,2026-08-15,6.9585,Nippon,Nippon (0)
IN2920190237,2026-06-30,6.984,Axis,Axis
IN2920190237,2026-07-31,7.069,Axis,Axis (0)
IN2920190237,2026-08-15,6.9735,Axis,Axis (0)
IN2920190302,2026-07-15,7.0382,Nippon,Nippon
IN2920190302,2026-07-31,7.069,Nippon,Nippon (5)
IN2920190302,2026-08-15,6.9735,Nippon,Nippon (5)
IN2920190336,2026-06-30,7.0849,Nippon,Nippon
IN2920190336,2026-07-15,7.1677,Nippon,Nippon
IN2920190336,2026-07-31,7.1244,Nippon,Nippon (10)
IN2920190336,2026-08-15,7.0433,Nippon,Nippon (10)
IN2920190443,2026-06-30,7.0746,SBI,SBI; Nippon
IN2920190443,2026-07-15,7.1574,SBI,SBI; Nippon
IN2920190443,2026-07-31,7.1141,SBI,SBI (19); Nippon (30)
IN2920190443,2026-08-15,7.0329,SBI,SBI (19); Nippon (30)
IN2920190476,2026-06-30,7.0849,Nippon,Nippon
IN2920190476,2026-07-15,7.1677,Nippon,Nippon
IN2920190476,2026-07-31,7.1244,Nippon,Nippon (5)
IN2920190476,2026-08-15,7.0433,Nippon,Nippon (5)
IN2920200036,2026-06-30,6.03,ICICI Pru,ICICI Pru; Aditya Birla; Nippon
IN2920200036,2026-07-15,6.04,ICICI Pru,ICICI Pru; Nippon
IN2920200036,2026-07-31,6.1,ICICI Pru,ICICI Pru (10); Aditya Birla (5); Nippon (5)
IN2920200036,2026-08-15,6.02,ICICI Pru,ICICI Pru (10); Nippon (5)
IN2920200267,2026-06-30,6.432,Aditya Birla,Aditya Birla
IN2920200267,2026-07-31,6.2717,Aditya Birla,Aditya Birla (15)
IN2920200465,2026-06-30,7.0795,SBI,SBI
IN2920200655,2026-06-30,7.1967,Axis,Axis
IN2920200655,2026-07-31,7.164,Axis,Axis (10)
IN2920200655,2026-08-15,7.1567,Axis,Axis (10)
IN2920200739,2026-06-30,7.207,Nippon,Nippon
IN2920200739,2026-07-15,7.2085,Nippon,Nippon
IN2920200739,2026-07-31,7.1744,Nippon,Nippon (5)
IN2920200739,2026-08-15,7.1671,Nippon,Nippon (5)
IN2920210027,2026-06-30,7.1922,Nippon,Nippon
IN2920210027,2026-07-15,7.2031,Nippon,Nippon
IN2920210027,2026-07-31,7.1822,Nippon,Nippon (99)
IN2920210027,2026-08-15,7.1592,Nippon,Nippon (99)
IN2920210225,2026-06-30,5.3766,SBI,SBI
IN2920210241,2026-06-30,5.38,HDFC,HDFC; SBI; Aditya Birla
IN2920210241,2026-07-15,5.4,HDFC,HDFC; SBI; ICICI Pru
IN2920210258,2026-06-30,7.2312,Aditya Birla,Aditya Birla
IN2920210258,2026-07-31,7.1929,Aditya Birla,Aditya Birla (1)
IN2920210266,2026-06-30,7.2312,Aditya Birla,Aditya Birla
IN2920210266,2026-07-31,7.1929,Aditya Birla,Aditya Birla (4)
IN2920210290,2026-06-30,6.43,ICICI Pru,ICICI Pru
IN2920210290,2026-07-15,6.38,ICICI Pru,ICICI Pru
IN2920210290,2026-07-31,6.34,ICICI Pru,ICICI Pru (56)
IN2920210290,2026-08-15,6.29,ICICI Pru,ICICI Pru (56)
IN2920210407,2026-06-30,5.6798,SBI,SBI; Aditya Birla
IN2920210407,2026-07-15,5.7786,SBI,SBI
IN2920210407,2026-07-31,5.6833,SBI,SBI (5); Aditya Birla (5)
IN2920210407,2026-08-15,5.6085,SBI,SBI (5)
IN2920210506,2026-06-30,5.86,HDFC,HDFC; Aditya Birla; Axis
IN2920210506,2026-07-15,5.96,HDFC,HDFC
IN2920210506,2026-07-31,5.92,HDFC,HDFC (25); Aditya Birla (50); Axis (15)
IN2920210506,2026-08-15,5.9246,Axis,Axis (15)
IN2920220026,2026-06-30,7.6025,Aditya Birla,Aditya Birla
IN2920220026,2026-07-31,7.5567,Aditya Birla,Aditya Birla (19)
IN2920220190,2026-06-30,7.23,UTI,UTI
IN2920220190,2026-07-31,7.23,UTI,UTI (1)
IN2920220224,2026-06-30,7.23,UTI,UTI
IN2920220224,2026-07-31,7.23,UTI,UTI (0)
IN2920220349,2026-06-30,7.37,UTI,UTI
IN2920220349,2026-07-31,7.3,UTI,UTI (31)
IN2920230298,2026-06-30,7.5525,Aditya Birla,Aditya Birla
IN2920230355,2026-06-30,7.5525,SBI,SBI
IN2920230355,2026-07-15,7.5692,SBI,SBI
IN2920230355,2026-07-31,7.4398,SBI,SBI (3)
IN2920230355,2026-08-15,7.4608,SBI,SBI (3)
IN2920230389,2026-06-30,7.21,HDFC,HDFC
IN2920230546,2026-06-30,7.4982,Aditya Birla,Aditya Birla
IN2920230546,2026-07-31,7.4344,Aditya Birla,Aditya Birla (1)
IN2920240032,2026-06-30,7.56,UTI,UTI
IN2920240032,2026-07-31,7.62,UTI,UTI (0)
IN2920240057,2026-06-30,7.3309,Aditya Birla,Aditya Birla
IN2920240057,2026-07-31,7.3552,Aditya Birla,Aditya Birla (10)
IN2920250163,2026-06-30,7.5805,SBI,SBI; Aditya Birla
IN2920250163,2026-07-15,7.5869,SBI,SBI
IN2920250163,2026-07-31,7.5567,SBI,SBI (25); Aditya Birla (2)
IN2920250163,2026-08-15,7.5551,SBI,SBI (25)
IN2920250171,2026-06-30,7.77,ICICI Pru,ICICI Pru
IN2920250171,2026-07-15,7.8,ICICI Pru,ICICI Pru
IN2920250171,2026-07-31,7.82,ICICI Pru,ICICI Pru (885)
IN2920250171,2026-08-15,7.75,ICICI Pru,ICICI Pru (890)
IN2920250205,2026-06-30,7.6025,Nippon,Nippon; UTI
IN2920250205,2026-07-15,7.5869,Nippon,Nippon
IN2920250205,2026-07-31,7.5567,Nippon,Nippon (2); UTI (196)
IN2920250205,2026-08-15,7.5551,Nippon,Nippon (2)
IN2920250213,2026-06-30,7.69,ICICI Pru,ICICI Pru
IN2920250213,2026-07-15,7.74,ICICI Pru,ICICI Pru
IN2920250213,2026-07-31,7.69,ICICI Pru,ICICI Pru (685)
IN2920250213,2026-08-15,7.64,ICICI Pru,ICICI Pru (688)
IN2920250221,2026-06-30,7.76,ICICI Pru,ICICI Pru
IN2920250221,2026-07-15,7.8,ICICI Pru,ICICI Pru
IN2920250221,2026-07-31,7.76,ICICI Pru,ICICI Pru (259)
IN2920250221,2026-08-15,7.74,ICICI Pru,ICICI Pru (259)
IN2920250247,2026-06-30,7.47,UTI,UTI
IN2920250247,2026-07-31,7.42,UTI,UTI (99)
IN2920250296,2026-06-30,7.69,HDFC,HDFC; ICICI Pru
IN2920250296,2026-07-15,7.68,HDFC,HDFC; ICICI Pru
IN2920250296,2026-07-31,7.65,HDFC,HDFC (88); ICICI Pru (51)
IN2920250296,2026-08-15,7.64,ICICI Pru,ICICI Pru (51)
IN2920250312,2026-06-30,7.64,ICICI Pru,ICICI Pru
IN2920250312,2026-07-15,7.66,ICICI Pru,ICICI Pru
IN2920250312,2026-07-31,7.65,ICICI Pru,ICICI Pru (58)
IN2920250312,2026-08-15,7.6,ICICI Pru,ICICI Pru (58)
IN2920250338,2026-06-30,7.6,ICICI Pru,ICICI Pru
IN2920250338,2026-07-15,7.59,ICICI Pru,ICICI Pru
IN2920250338,2026-07-31,7.56,ICICI Pru,ICICI Pru (391)
IN2920250338,2026-08-15,7.56,ICICI Pru,ICICI Pru (391)
IN2920250361,2026-06-30,7.26,ICICI Pru,ICICI Pru
IN2920250361,2026-07-15,7.26,ICICI Pru,ICICI Pru
IN2920250361,2026-07-31,7.23,ICICI Pru,ICICI Pru (15)
IN2920250361,2026-08-15,7.19,ICICI Pru,ICICI Pru (15)
IN2920250379,2026-06-30,7.57,UTI,UTI
IN2920250379,2026-07-31,7.63,UTI,UTI (5)
IN2920250395,2026-06-30,7.4982,SBI,SBI
IN2920250395,2026-07-15,7.5133,SBI,SBI
IN2920250395,2026-07-31,7.4344,SBI,SBI (5)
IN2920250395,2026-08-15,7.4381,SBI,SBI (5)
IN2920250403,2026-06-30,7.6447,Aditya Birla,Aditya Birla
IN2920250403,2026-07-31,7.645,Aditya Birla,Aditya Birla (4)
IN2920250411,2026-06-30,7.6447,Aditya Birla,Aditya Birla
IN2920250411,2026-07-31,7.645,Aditya Birla,Aditya Birla (16)
IN2920250429,2026-06-30,7.2093,Aditya Birla,Aditya Birla; Nippon
IN2920250429,2026-07-15,7.2085,Nippon,Nippon
IN2920250429,2026-07-31,7.1744,Nippon,Nippon (40)
IN2920250429,2026-08-15,7.1671,Nippon,Nippon (40)
IN2920250437,2026-06-30,7.51,UTI,UTI
IN2920250437,2026-07-31,7.51,UTI,UTI (45)
IN2920250452,2026-06-30,7.75,HDFC,HDFC; UTI
IN2920250452,2026-07-31,7.64,UTI,UTI (10)
IN2920260014,2026-06-30,7.7687,Aditya Birla,Aditya Birla
IN2920260014,2026-07-31,7.8212,Aditya Birla,Aditya Birla (118)
IN2920260030,2026-06-30,7.6447,SBI,SBI
IN2920260030,2026-07-15,7.6577,SBI,SBI
IN2920260030,2026-07-31,7.645,SBI,SBI (126)
IN2920260030,2026-08-15,7.6009,SBI,SBI (126)
IN2920260063,2026-06-30,7.7521,Nippon,Nippon
IN2920260063,2026-07-15,7.801,Nippon,Nippon
IN2920260063,2026-07-31,7.7792,Nippon,Nippon (51)
IN3020250079,2026-06-30,7.6742,SBI,SBI
IN3020250079,2026-07-15,7.6501,SBI,SBI
IN3020250079,2026-07-31,7.6615,SBI,SBI (34)
IN3020250079,2026-08-15,7.6769,SBI,SBI (34)
IN3120160061,2026-06-30,5.32,HDFC,HDFC; SBI; Aditya Birla; Kotak
IN3120160079,2026-06-30,5.3219,Aditya Birla,Aditya Birla; Axis
IN3120160087,2026-06-30,5.41,SBI,SBI; ICICI Pru; Aditya Birla; Axis; Nippon
IN3120160087,2026-07-15,5.41,SBI,SBI; ICICI Pru; Nippon
IN3120160087,2026-07-31,5.3028,SBI,SBI (45); ICICI Pru (3); Aditya Birla (50); Nippon (22)
IN3120160095,2026-06-30,5.41,HDFC,HDFC; SBI; Aditya Birla
IN3120160095,2026-07-15,5.41,HDFC,HDFC; SBI
IN3120160095,2026-07-31,5.3,HDFC,HDFC (2); SBI (20); Aditya Birla (11)
IN3120160095,2026-08-15,5.2128,SBI,SBI (20)
IN3120160103,2026-06-30,5.44,HDFC,HDFC; SBI; ICICI Pru; Aditya Birla
IN3120160103,2026-07-15,5.45,HDFC,HDFC; SBI; ICICI Pru
IN3120160103,2026-07-31,5.33,HDFC,HDFC (24); SBI (95); ICICI Pru (10); Aditya Birla (127)
IN3120160103,2026-08-15,5.2608,SBI,SBI (95); ICICI Pru (60); Axis (5)
IN3120160111,2026-06-30,5.5954,SBI,SBI
IN3120160111,2026-07-15,5.6218,SBI,SBI
IN3120160111,2026-07-31,5.5024,SBI,SBI (3)
IN3120160111,2026-08-15,5.4591,SBI,SBI (3)
IN3120160129,2026-06-30,5.6,HDFC,HDFC; SBI; Aditya Birla
IN3120160129,2026-07-15,5.62,HDFC,HDFC; SBI
IN3120160129,2026-07-31,5.5,HDFC,HDFC (20); SBI (11); Aditya Birla (50)
IN3120160129,2026-08-15,5.4591,SBI,SBI (11)
IN3120160137,2026-06-30,5.63,HDFC,HDFC; ICICI Pru; Aditya Birla; Axis
IN3120160137,2026-07-15,5.7,HDFC,HDFC; ICICI Pru
IN3120160137,2026-07-31,5.57,HDFC,HDFC (22); ICICI Pru (232); Aditya Birla (65); Axis (30)
IN3120160137,2026-08-15,5.49,ICICI Pru,ICICI Pru (232); Axis (30); Nippon (60)
IN3120160145,2026-06-30,5.6155,SBI,SBI
IN3120160145,2026-07-15,5.6918,SBI,SBI
IN3120160145,2026-07-31,5.5574,SBI,SBI (25)
IN3120160145,2026-08-15,5.479,SBI,SBI (25)
IN3120160152,2026-06-30,5.6254,SBI,SBI; ICICI Pru; Aditya Birla; Nippon; Kotak
IN3120160152,2026-07-15,5.7018,SBI,SBI; ICICI Pru; Nippon
IN3120160152,2026-07-31,5.6174,SBI,SBI (10); ICICI Pru (75); Aditya Birla (45); Nippon (5); Kotak (75)
IN3120160152,2026-08-15,5.5541,SBI,SBI (10); ICICI Pru (75); Nippon (5); Kotak (75)
IN3120160178,2026-06-30,5.7606,SBI,SBI; Aditya Birla; Nippon
IN3120160178,2026-07-15,5.805,SBI,SBI; Nippon
IN3120160178,2026-07-31,5.7625,SBI,SBI (50); Aditya Birla (25); Nippon (20)
IN3120160178,2026-08-15,5.75,SBI,SBI (50); Nippon (20)
IN3120160186,2026-06-30,5.76,ICICI Pru,ICICI Pru
IN3120160186,2026-07-15,5.89,ICICI Pru,ICICI Pru
IN3120160186,2026-07-31,5.76,ICICI Pru,ICICI Pru (5); Nippon (25)
IN3120160186,2026-08-15,5.75,ICICI Pru,ICICI Pru (5); Nippon (25)
IN3120160194,2026-06-30,5.78,HDFC,HDFC; Aditya Birla; Axis; Nippon
IN3120160194,2026-07-15,5.88,HDFC,HDFC; Nippon
IN3120160194,2026-07-31,5.85,HDFC,HDFC (6); Aditya Birla (76); Axis (20); Nippon (25); UTI (50)
IN3120160194,2026-08-15,5.79,Axis,Axis (20); Nippon (25)
IN3120160327,2026-06-30,5.9356,Axis,Axis
IN3120160327,2026-07-31,6.005,Axis,Axis (5)
IN3120160327,2026-08-15,6.0282,Axis,Axis (5)
IN3120160780,2026-06-30,6.85,HDFC,HDFC
IN3120160780,2026-07-15,6.86,HDFC,HDFC
IN3120160780,2026-07-31,6.9,HDFC,HDFC (5)
IN3120161135,2026-06-30,5.9356,Axis,Axis
IN3120161135,2026-07-31,6.005,Axis,Axis (10)
IN3120161135,2026-08-15,6.0282,Axis,Axis (10)
IN3120161309,2026-06-30,5.78,HDFC,HDFC; Aditya Birla; Nippon
IN3120161309,2026-07-15,5.88,HDFC,HDFC; Nippon
IN3120161309,2026-07-31,5.85,HDFC,HDFC (75); Aditya Birla (76); Nippon (67)
IN3120161309,2026-08-15,5.8687,Nippon,Nippon (72)
IN3120161317,2026-06-30,5.8069,Aditya Birla,Aditya Birla; Axis; UTI
IN3120161317,2026-07-31,5.8507,Aditya Birla,Aditya Birla (20); Axis (5); UTI (2)
IN3120161317,2026-08-15,5.8687,Axis,Axis (5)
IN3120161366,2026-06-30,5.96,HDFC,HDFC; Axis
IN3120161366,2026-07-15,6.04,HDFC,HDFC
IN3120161366,2026-07-31,6.01,HDFC,HDFC (3); Axis (5)
IN3120161366,2026-08-15,6.0231,Axis,Axis (5)
IN3120161424,2026-06-30,5.8069,SBI,SBI; ICICI Pru; Aditya Birla; Nippon; UTI
IN3120161424,2026-07-15,5.8841,SBI,SBI; ICICI Pru; Nippon
IN3120161424,2026-07-31,5.8507,SBI,SBI (10); ICICI Pru (5); Aditya Birla (153); Nippon (46); UTI (0)
IN3120161424,2026-08-15,5.8687,SBI,SBI (10); ICICI Pru (5); Nippon (45)
IN3120170011,2026-06-30,5.9571,Aditya Birla,Aditya Birla
IN3120170011,2026-07-31,6.0076,Aditya Birla,Aditya Birla (2)
IN3120170037,2026-06-30,5.9571,SBI,SBI; Axis
IN3120170037,2026-07-15,5.9743,SBI,SBI
IN3120170037,2026-07-31,6.0231,SBI,SBI (96); Axis (195)
IN3120170037,2026-08-15,5.9408,SBI,SBI (35); Axis (195)
IN3120170045,2026-06-30,5.96,HDFC,HDFC; SBI; ICICI Pru; Axis; Nippon; UTI
IN3120170045,2026-07-15,5.99,HDFC,HDFC; SBI; ICICI Pru; Nippon
IN3120170045,2026-07-31,6.04,HDFC,HDFC (5); SBI (5); ICICI Pru (34); Axis (3); Nippon (2); UTI (1)
IN3120170045,2026-08-15,5.9717,SBI,SBI (5); ICICI Pru (34); Axis (3); Nippon (2)
IN3120170052,2026-06-30,5.9622,SBI,SBI; ICICI Pru; Axis
IN3120170052,2026-07-15,5.9949,SBI,SBI; ICICI Pru
IN3120170052,2026-07-31,6.0437,SBI,SBI (35); ICICI Pru (22); Axis (1)
IN3120170052,2026-08-15,5.9717,SBI,SBI (35); ICICI Pru (22); Axis (1)
IN3120170060,2026-06-30,6.39,HDFC,HDFC; ICICI Pru; Axis
IN3120170060,2026-07-15,6.3,HDFC,HDFC; ICICI Pru
IN3120170060,2026-07-31,6.22,HDFC,HDFC (5); ICICI Pru (95); Axis (6)
IN3120170060,2026-08-15,6.04,ICICI Pru,ICICI Pru (95); Axis (6)
IN3120170078,2026-06-30,6.388,SBI,SBI; ICICI Pru; Aditya Birla; Axis; UTI
IN3120170078,2026-07-15,6.3013,SBI,SBI; ICICI Pru
IN3120170078,2026-07-31,6.2239,SBI,SBI (424); ICICI Pru (56); Aditya Birla (16); Axis (1); UTI (15)
IN3120170078,2026-08-15,6.0388,SBI,SBI (425); ICICI Pru (56); Axis (1)
IN3120170086,2026-06-30,6.39,ICICI Pru,ICICI Pru; Aditya Birla
IN3120170086,2026-07-15,6.32,ICICI Pru,ICICI Pru
IN3120170086,2026-07-31,6.28,ICICI Pru,ICICI Pru (174); Aditya Birla (5)
IN3120170086,2026-08-15,6.06,ICICI Pru,ICICI Pru (174)
IN3120170094,2026-06-30,6.4737,Nippon,Nippon
IN3120170094,2026-07-15,6.4154,Nippon,Nippon
IN3120170094,2026-07-31,6.4049,Nippon,Nippon (5); Tata (56)
IN3120170094,2026-08-15,6.3761,Nippon,Nippon (5); Tata (56)
IN3120170102,2026-07-31,6.31,Tata,Tata (10)
IN3120170102,2026-08-15,6.28,Tata,Tata (10)
IN3120170128,2026-06-30,6.7037,Aditya Birla,Aditya Birla; Nippon; Kotak
IN3120170128,2026-07-15,6.712,Nippon,Nippon
IN3120170128,2026-07-31,6.7554,Aditya Birla,Aditya Birla (4); Nippon (5); Kotak (9)
IN3120170128,2026-08-15,6.6003,Nippon,Nippon (5); Kotak (9)
IN3120170136,2026-06-30,6.7037,Aditya Birla,Aditya Birla
IN3120170136,2026-07-31,6.7554,Aditya Birla,Aditya Birla (0)
IN3120170144,2026-06-30,6.7037,Aditya Birla,Aditya Birla; Kotak
IN3120170144,2026-07-31,6.7554,Aditya Birla,Aditya Birla (6); Kotak (9)
IN3120170144,2026-08-15,6.6,Kotak,Kotak (9)
IN3120170151,2026-06-30,6.7037,Aditya Birla,Aditya Birla; Nippon; Kotak
IN3120170151,2026-07-15,6.712,Nippon,Nippon
IN3120170151,2026-07-31,6.7554,Aditya Birla,Aditya Birla (72); Nippon (2); Kotak (30)
IN3120170151,2026-08-15,6.6003,Nippon,Nippon (2); Kotak (30)
IN3120180010,2026-06-30,6.7244,Aditya Birla,Aditya Birla; Axis; Nippon; Kotak; UTI
IN3120180010,2026-07-15,6.7347,Nippon,Nippon
IN3120180010,2026-07-31,6.7608,Aditya Birla,Aditya Birla (28); Axis (107); Nippon (99); Kotak (31); UTI (6)
IN3120180010,2026-08-15,6.6149,Axis,Axis (108); Nippon (100); Kotak (31)
IN3120180028,2026-06-30,6.7244,Aditya Birla,Aditya Birla
IN3120180028,2026-07-31,6.7608,Aditya Birla,Aditya Birla (21)
IN3120180036,2026-06-30,6.7244,Axis,Axis; Nippon; Kotak
IN3120180036,2026-07-15,6.7347,Nippon,Nippon
IN3120180036,2026-07-31,6.7608,Axis,Axis (9); Nippon (8); Kotak (94)
IN3120180036,2026-08-15,6.6149,Axis,Axis (9); Nippon (8); Kotak (94)
IN3120180044,2026-06-30,6.72,Kotak,Kotak
IN3120180044,2026-07-31,6.76,Kotak,Kotak (5)
IN3120180044,2026-08-15,6.61,Kotak,Kotak (5)
IN3120180051,2026-06-30,6.7244,Nippon,Nippon
IN3120180051,2026-07-15,6.7347,Nippon,Nippon
IN3120180051,2026-07-31,6.7608,Nippon,Nippon (3)
IN3120180051,2026-08-15,6.6149,Nippon,Nippon (3)
IN3120180119,2026-06-30,6.4,ICICI Pru,ICICI Pru
IN3120180119,2026-07-15,6.33,ICICI Pru,ICICI Pru
IN3120180119,2026-07-31,6.29,ICICI Pru,ICICI Pru (337)
IN3120180119,2026-08-15,6.2,ICICI Pru,ICICI Pru (337)
IN3120180127,2026-06-30,5.45,HDFC,HDFC; SBI; ICICI Pru; Aditya Birla; Axis; Nippon
IN3120180127,2026-07-15,5.46,HDFC,HDFC; SBI; ICICI Pru
IN3120180127,2026-07-31,5.34,HDFC,HDFC (20); SBI (231); ICICI Pru (45); Aditya Birla (121); Axis (6)
IN3120180127,2026-08-15,5.2709,SBI,SBI (231); ICICI Pru (45); Axis (6)
IN3120180168,2026-06-30,6.81,ICICI Pru,ICICI Pru; Aditya Birla
IN3120180168,2026-07-15,6.82,ICICI Pru,ICICI Pru
IN3120180168,2026-07-31,6.82,ICICI Pru,ICICI Pru (31); Aditya Birla (4)
IN3120180168,2026-08-15,6.78,ICICI Pru,ICICI Pru (31)
IN3120180184,2026-06-30,6.81,ICICI Pru,ICICI Pru
IN3120180184,2026-07-15,6.82,ICICI Pru,ICICI Pru
IN3120180184,2026-07-31,6.82,ICICI Pru,ICICI Pru (31)
IN3120180184,2026-08-15,6.78,ICICI Pru,ICICI Pru (31)
IN3120180192,2026-06-30,6.81,ICICI Pru,ICICI Pru; Aditya Birla; Nippon
IN3120180192,2026-07-15,6.82,ICICI Pru,ICICI Pru; Nippon
IN3120180192,2026-07-31,6.82,ICICI Pru,ICICI Pru (149); Aditya Birla (52); Nippon (3); Tata (0)
IN3120180192,2026-08-15,6.78,ICICI Pru,ICICI Pru (149); Nippon (3)
IN3120180200,2026-06-30,6.81,ICICI Pru,ICICI Pru; Axis; Nippon
IN3120180200,2026-07-15,6.82,ICICI Pru,ICICI Pru; Nippon
IN3120180200,2026-07-31,6.82,ICICI Pru,ICICI Pru (99); Axis (51); Nippon (35)
IN3120180200,2026-08-15,6.78,ICICI Pru,ICICI Pru (99); Axis (52); Nippon (35)
IN3120180226,2026-06-30,6.87,ICICI Pru,ICICI Pru; Nippon
IN3120180226,2026-07-15,6.9,ICICI Pru,ICICI Pru; Nippon
IN3120180226,2026-07-31,6.95,ICICI Pru,ICICI Pru (16); Nippon (12)
IN3120180226,2026-08-15,6.82,ICICI Pru,ICICI Pru (16); Nippon (12)
IN3120190191,2026-06-30,5.6254,SBI,SBI; Aditya Birla
IN3120190191,2026-07-15,5.7018,SBI,SBI
IN3120190191,2026-07-31,5.5674,SBI,SBI (3); Aditya Birla (15)
IN3120190191,2026-08-15,5.489,SBI,SBI (3)
IN3120190209,2026-06-30,6.47,HDFC,HDFC
IN3120190209,2026-07-15,6.42,HDFC,HDFC
IN3120190209,2026-07-31,6.4,HDFC,HDFC (2)
IN3120190217,2026-06-30,6.9156,Nippon,Nippon
IN3120190217,2026-07-15,6.9714,Nippon,Nippon
IN3120190217,2026-07-31,6.994,SBI,SBI (1); Nippon (3)
IN3120190217,2026-08-15,6.9106,SBI,SBI (1); Nippon (3)
IN3120190225,2026-06-30,7.019,Nippon,Nippon
IN3120190225,2026-07-15,7.1008,Nippon,Nippon
IN3120190225,2026-07-31,7.0683,Nippon,Nippon (5)
IN3120190225,2026-08-15,6.9946,Nippon,Nippon (5)
IN3120190274,2026-06-30,5.8069,Aditya Birla,Aditya Birla
IN3120190274,2026-07-31,5.8507,Aditya Birla,Aditya Birla (116)
IN3120200016,2026-06-30,7.0145,Nippon,Nippon
IN3120200016,2026-07-15,7.0708,Nippon,Nippon
IN3120200016,2026-07-31,7.0513,Nippon,Nippon (87)
IN3120200016,2026-08-15,6.9676,Nippon,Nippon (87)
IN3120200065,2026-06-30,7.0041,Nippon,Nippon
IN3120200065,2026-07-15,7.0604,Nippon,Nippon
IN3120200065,2026-07-31,7.0409,Nippon,Nippon (24)
IN3120200065,2026-08-15,6.9572,Nippon,Nippon (24)
IN3120200115,2026-06-30,7.0041,Nippon,Nippon
IN3120200115,2026-07-15,7.0604,Nippon,Nippon
IN3120200115,2026-07-31,7.0409,Nippon,Nippon (79)
IN3120200115,2026-08-15,6.9572,Nippon,Nippon (79)
IN3120200149,2026-06-30,7.0041,Nippon,Nippon
IN3120200149,2026-07-15,7.0604,Nippon,Nippon
IN3120200149,2026-07-31,7.0409,Nippon,Nippon (5)
IN3120200149,2026-08-15,6.9572,Nippon,Nippon (5)
IN3120200214,2026-06-30,7.0042,Nippon,Nippon
IN3120200214,2026-07-15,7.0863,Nippon,Nippon
IN3120200214,2026-07-31,7.0498,Nippon,Nippon (25)
IN3120200214,2026-08-15,6.9677,Nippon,Nippon (25)
IN3120200222,2026-06-30,7.0042,Nippon,Nippon
IN3120200222,2026-07-15,7.0863,Nippon,Nippon
IN3120200222,2026-07-31,7.0498,Nippon,Nippon (86)
IN3120200222,2026-08-15,6.9677,Nippon,Nippon (86)
IN3120200255,2026-06-30,7.0042,Nippon,Nippon
IN3120200255,2026-07-15,7.0863,Nippon,Nippon
IN3120200255,2026-07-31,7.0498,Nippon,Nippon (30)
IN3120200255,2026-08-15,6.9677,Nippon,Nippon (30)
IN3120200289,2026-06-30,7.0042,Nippon,Nippon
IN3120200289,2026-07-15,7.0863,Nippon,Nippon
IN3120200289,2026-07-31,7.0498,Nippon,Nippon (20)
IN3120200289,2026-08-15,6.9677,Nippon,Nippon (20)
IN3120200297,2026-06-30,7.0042,Axis,Axis; Nippon
IN3120200297,2026-07-15,7.0863,Nippon,Nippon
IN3120200297,2026-07-31,7.0498,Axis,Axis (5); Nippon (15)
IN3120200297,2026-08-15,6.9677,Axis,Axis (5); Nippon (15)
IN3120200305,2026-06-30,6.4634,Aditya Birla,Aditya Birla
IN3120200305,2026-07-31,6.3946,Aditya Birla,Aditya Birla (0)
IN3120200339,2026-06-30,7.12,Kotak,Kotak; UTI
IN3120200339,2026-07-31,7.1,Kotak,Kotak (4); UTI (5)
IN3120200339,2026-08-15,7.08,Kotak,Kotak (4)
IN3120200347,2026-06-30,7.1174,Nippon,Nippon
IN3120200347,2026-07-15,7.1361,Nippon,Nippon
IN3120200347,2026-07-31,7.1019,Nippon,Nippon (74)
IN3120200347,2026-08-15,7.076,Nippon,Nippon (74)
IN3120200362,2026-06-30,7.1174,Nippon,Nippon
IN3120200362,2026-07-15,7.1361,Nippon,Nippon
IN3120200362,2026-07-31,7.1019,Nippon,Nippon (65)
IN3120200362,2026-08-15,7.076,Nippon,Nippon (65)
IN3120210163,2026-06-30,7.1691,SBI,SBI
IN3120210163,2026-07-15,7.1562,SBI,SBI
IN3120210163,2026-07-31,7.1411,SBI,SBI (45)
IN3120210163,2026-08-15,7.1137,SBI,SBI (45)
IN3120210254,2026-06-30,6.9053,Nippon,Nippon
IN3120210254,2026-07-15,6.9611,Nippon,Nippon
IN3120210254,2026-07-31,6.9836,Nippon,Nippon (25)
IN3120210254,2026-08-15,6.9003,Nippon,Nippon (25)
IN3120210262,2026-06-30,7.1746,Nippon,Nippon
IN3120210262,2026-07-15,7.1721,Nippon,Nippon
IN3120210262,2026-07-31,7.1579,Nippon,Nippon (4)
IN3120210262,2026-08-15,7.1025,Nippon,Nippon (4)
IN3120210296,2026-06-30,6.9932,Nippon,Nippon
IN3120210296,2026-07-15,7.05,Nippon,Nippon
IN3120210296,2026-07-31,7.0401,Nippon,Nippon (232)
IN3120210296,2026-08-15,6.9606,Nippon,Nippon (232)
IN3120210304,2026-06-30,7.2675,Nippon,Nippon
IN3120210304,2026-07-15,7.2985,Nippon,Nippon
IN3120210304,2026-07-31,7.2476,Nippon,Nippon (5)
IN3120210304,2026-08-15,7.2132,Nippon,Nippon (5)
IN3120210320,2026-08-15,6.9571,Axis,Axis (25)
IN3120210346,2026-06-30,6.9932,Axis,Axis
IN3120210346,2026-07-31,7.0401,Axis,Axis (75)
IN3120210346,2026-08-15,6.9571,Axis,Axis (75)
IN3120210361,2026-06-30,6.9932,Nippon,Nippon
IN3120210361,2026-07-15,7.05,Nippon,Nippon
IN3120210361,2026-07-31,7.0401,Nippon,Nippon (110)
IN3120210361,2026-08-15,6.9571,Nippon,Nippon (111)
IN3120210379,2026-06-30,7.2675,Aditya Birla,Aditya Birla
IN3120210379,2026-07-31,7.2476,Aditya Birla,Aditya Birla (20)
IN3120210395,2026-06-30,6.9932,Nippon,Nippon
IN3120210395,2026-07-15,7.05,Nippon,Nippon
IN3120210395,2026-07-31,7.0401,Nippon,Nippon (10)
IN3120210395,2026-08-15,6.9571,Nippon,Nippon (10)
IN3120210437,2026-06-30,6.9932,Nippon,Nippon
IN3120210437,2026-07-15,7.05,Nippon,Nippon
IN3120210437,2026-07-31,7.0401,Nippon,Nippon (10)
IN3120210437,2026-08-15,6.9571,Nippon,Nippon (10)
IN3120210502,2026-06-30,6.9932,Nippon,Nippon
IN3120210502,2026-07-15,7.05,Nippon,Nippon
IN3120210502,2026-07-31,7.0401,Nippon,Nippon (18)
IN3120210502,2026-08-15,6.9571,Nippon,Nippon (18)
IN3120220089,2026-06-30,6.91,HDFC,HDFC
IN3120220097,2026-06-30,7.2928,SBI,SBI; Kotak
IN3120220097,2026-07-15,7.3011,SBI,SBI
IN3120220097,2026-07-31,7.27,SBI,SBI (309); Kotak (2)
IN3120220097,2026-08-15,7.2217,SBI,SBI (310); Kotak (2)
IN3120220113,2026-06-30,7.2928,SBI,SBI; Nippon
IN3120220113,2026-07-15,7.3011,SBI,SBI; Nippon
IN3120220113,2026-07-31,7.27,SBI,SBI (232); Nippon (36)
IN3120220113,2026-08-15,7.2217,SBI,SBI (232); Nippon (36)
IN3120220253,2026-06-30,7.32,UTI,UTI
IN3120220253,2026-07-31,7.24,UTI,UTI (5)
IN3120220279,2026-06-30,7.4477,Aditya Birla,Aditya Birla; Axis; Nippon; UTI
IN3120220279,2026-07-15,7.4239,Nippon,Nippon
IN3120220279,2026-07-31,7.3725,Aditya Birla,Aditya Birla (13); Axis (77); Nippon (15); UTI (51)
IN3120220279,2026-08-15,7.3967,Axis,Axis (82); Nippon (15)
IN3120230302,2026-06-30,7.019,SBI,SBI
IN3120230302,2026-07-15,7.1008,SBI,SBI
IN3120230302,2026-07-31,7.0683,SBI,SBI (54)
IN3120230302,2026-08-15,6.9946,SBI,SBI (54)
IN3120230310,2026-06-30,7.019,Nippon,Nippon
IN3120230310,2026-07-15,7.1008,Nippon,Nippon
IN3120230310,2026-07-31,7.0683,Nippon,Nippon (46)
IN3120230310,2026-08-15,6.9946,Nippon,Nippon (46)
IN3120230336,2026-06-30,7.019,Nippon,Nippon
IN3120230336,2026-07-15,7.1008,Nippon,Nippon
IN3120230336,2026-07-31,7.0683,Nippon,Nippon (26)
IN3120230336,2026-08-15,6.9946,Nippon,Nippon (26)
IN3120230344,2026-06-30,7.4632,SBI,SBI
IN3120230344,2026-07-15,7.4539,SBI,SBI
IN3120230344,2026-07-31,7.3763,SBI,SBI (2)
IN3120230344,2026-08-15,7.3869,SBI,SBI (2)
IN3120230401,2026-06-30,7.13,HDFC,HDFC
IN3120230401,2026-07-15,7.15,HDFC,HDFC
IN3120230401,2026-07-31,7.11,HDFC,HDFC (4)
IN3120230468,2026-06-30,7.75,Kotak,Kotak
IN3120230468,2026-07-31,7.81,Kotak,Kotak (14)
IN3120230468,2026-08-15,7.76,Kotak,Kotak (14)
IN3120240012,2026-06-30,7.4791,Nippon,Nippon
IN3120240012,2026-07-15,7.4792,Nippon,Nippon
IN3120240012,2026-07-31,7.4893,Nippon,Nippon (2)
IN3120240012,2026-08-15,7.4684,Nippon,Nippon (2)
IN3120240038,2026-06-30,7.4791,Aditya Birla,Aditya Birla
IN3120240038,2026-07-31,7.4893,Aditya Birla,Aditya Birla (1)
IN3120240053,2026-06-30,7.48,ICICI Pru,ICICI Pru; Aditya Birla
IN3120240053,2026-07-15,7.48,ICICI Pru,ICICI Pru
IN3120240053,2026-07-31,7.49,ICICI Pru,ICICI Pru (0); Aditya Birla (0)
IN3120240053,2026-08-15,7.47,ICICI Pru,ICICI Pru (0)
IN3120240103,2026-06-30,7.4791,Aditya Birla,Aditya Birla
IN3120240103,2026-07-31,7.4893,Aditya Birla,Aditya Birla (1)
IN3120240137,2026-07-31,7.35,Tata,Tata (2)
IN3120240137,2026-08-15,7.33,Tata,Tata (2)
IN3120240228,2026-06-30,7.4791,Aditya Birla,Aditya Birla
IN3120240228,2026-07-31,7.4893,Aditya Birla,Aditya Birla (6)
IN3120240277,2026-06-30,6.91,Kotak,Kotak
IN3120240277,2026-07-31,6.99,Kotak,Kotak (100)
IN3120240277,2026-08-15,6.91,Kotak,Kotak (101)
IN3120240574,2026-06-30,7.4477,SBI,SBI; Kotak
IN3120240574,2026-07-15,7.4239,SBI,SBI
IN3120240574,2026-07-31,7.3725,SBI,SBI (0); Kotak (10)
IN3120240574,2026-08-15,7.3891,SBI,SBI (0); Kotak (10)
IN3120240582,2026-06-30,7.5767,Axis,Axis
IN3120240582,2026-07-31,7.5693,Axis,Axis (1)
IN3120240582,2026-08-15,7.5377,Axis,Axis (1)
IN3120240657,2026-06-30,7.0146,Nippon,Nippon
IN3120240657,2026-07-15,7.0966,Nippon,Nippon
IN3120240657,2026-07-31,7.0602,Nippon,Nippon (101)
IN3120240657,2026-08-15,6.978,Nippon,Nippon (101)
IN3120240699,2026-06-30,6.9053,SBI,SBI; Nippon
IN3120240699,2026-07-15,6.9466,SBI,SBI; Nippon
IN3120240699,2026-07-31,6.9931,SBI,SBI (100); Nippon (85)
IN3120240699,2026-08-15,6.9053,SBI,SBI (101); Nippon (86)
IN3120240715,2026-06-30,7.4477,Nippon,Nippon
IN3120240715,2026-07-15,7.4239,Nippon,Nippon
IN3120240715,2026-07-31,7.3725,Nippon,Nippon (70)
IN3120240715,2026-08-15,7.3891,Nippon,Nippon (70)
IN3120240756,2026-06-30,6.89,Kotak,Kotak
IN3120240756,2026-07-31,6.98,Kotak,Kotak (200)
IN3120240756,2026-08-15,6.89,Kotak,Kotak (201)
IN3120240764,2026-06-30,7.12,Kotak,Kotak
IN3120240764,2026-07-31,7.1,Kotak,Kotak (142)
IN3120240764,2026-08-15,7.08,Kotak,Kotak (142)
IN3120250151,2026-06-30,7.39,UTI,UTI
IN3120250151,2026-07-31,7.35,UTI,UTI (24)
IN3120250227,2026-06-30,6.8949,SBI,SBI
IN3120250227,2026-07-15,6.9363,SBI,SBI
IN3120250227,2026-07-31,6.9828,SBI,SBI (75)
IN3120250227,2026-08-15,6.8949,SBI,SBI (75)
IN3120250243,2026-06-30,6.3777,SBI,SBI
IN3120250243,2026-07-15,6.3064,SBI,SBI
IN3120250243,2026-07-31,6.2703,SBI,SBI (30)
IN3120250243,2026-08-15,6.183,SBI,SBI (30)
IN3120250284,2026-06-30,7.29,Kotak,Kotak
IN3120250284,2026-07-31,7.27,Kotak,Kotak (28)
IN3120250284,2026-08-15,7.22,Kotak,Kotak (28)
IN3120250292,2026-06-30,7.46,ICICI Pru,ICICI Pru; Kotak
IN3120250292,2026-07-15,7.45,ICICI Pru,ICICI Pru
IN3120250292,2026-07-31,7.38,ICICI Pru,ICICI Pru (7); Kotak (199)
IN3120250292,2026-08-15,7.39,ICICI Pru,ICICI Pru (7); Kotak (199)
IN3120250300,2026-06-30,7.54,ICICI Pru,ICICI Pru; UTI
IN3120250300,2026-07-15,7.49,ICICI Pru,ICICI Pru
IN3120250300,2026-07-31,7.5,ICICI Pru,ICICI Pru (348); UTI (3)
IN3120250300,2026-08-15,7.49,ICICI Pru,ICICI Pru (348)
IN3120250391,2026-06-30,6.9052,SBI,SBI
IN3120250391,2026-07-15,6.9611,SBI,SBI
IN3120250391,2026-07-31,6.9897,SBI,SBI (5)
IN3120250391,2026-08-15,6.9003,SBI,SBI (5)
IN3120250441,2026-06-30,7.2928,Aditya Birla,Aditya Birla
IN3120250441,2026-07-31,7.27,Aditya Birla,Aditya Birla (25)
IN3120250458,2026-06-30,7.4632,Aditya Birla,Aditya Birla; Axis
IN3120250458,2026-07-31,7.3763,Aditya Birla,Aditya Birla (25); Axis (63)
IN3120250458,2026-08-15,7.3869,Axis,Axis (63)
IN3120250474,2026-06-30,7.7378,SBI,SBI
IN3120250474,2026-07-15,7.8331,SBI,SBI
IN3120250474,2026-07-31,7.8097,SBI,SBI (241)
IN3120250474,2026-08-15,7.7677,SBI,SBI (143)
IN3120250482,2026-06-30,6.9052,SBI,SBI
IN3120250482,2026-07-15,6.9611,SBI,SBI
IN3120250482,2026-07-31,6.9836,SBI,SBI (10)
IN3120250482,2026-08-15,6.9003,SBI,SBI (10)
IN3120250532,2026-06-30,7.4791,Aditya Birla,Aditya Birla
IN3120250532,2026-07-31,7.4893,Aditya Birla,Aditya Birla (50)
IN3120250573,2026-06-30,6.9828,Axis,Axis
IN3120250573,2026-07-31,7.0298,Axis,Axis (120)
IN3120250573,2026-08-15,6.9581,Axis,Axis (145)
IN3120250615,2026-06-30,7.5767,Axis,Axis
IN3120250623,2026-07-31,7.25,Kotak,Kotak (50)
IN3120250631,2026-06-30,7.4477,Nippon,Nippon
IN3120250631,2026-07-15,7.4239,Nippon,Nippon
IN3120250631,2026-07-31,7.3725,Nippon,Nippon (50)
IN3120250631,2026-08-15,7.3891,Nippon,Nippon (50)
IN3120250656,2026-06-30,7.48,Kotak,Kotak
IN3120250656,2026-07-31,7.49,Kotak,Kotak (97)
IN3120250664,2026-06-30,7.5767,SBI,SBI
IN3120250664,2026-07-15,7.5579,SBI,SBI
IN3120250664,2026-07-31,7.5693,SBI,SBI (25)
IN3120250698,2026-06-30,7.45,Kotak,Kotak
IN3120250698,2026-07-31,7.37,Kotak,Kotak (367)
IN3120250698,2026-08-15,7.39,Kotak,Kotak (367)
IN3120250706,2026-06-30,7.58,Kotak,Kotak
IN3120250706,2026-07-31,7.57,Kotak,Kotak (344)
IN3120250706,2026-08-15,7.54,Kotak,Kotak (344)
IN3120250714,2026-06-30,7.6332,Axis,Axis
IN3120250722,2026-06-30,7.2675,Nippon,Nippon; Kotak
IN3120250722,2026-07-15,7.2985,Nippon,Nippon
IN3120250722,2026-07-31,7.2476,Nippon,Nippon (200)
IN3120250722,2026-08-15,7.2132,Nippon,Nippon (200)
IN3120250730,2026-06-30,6.8543,Axis,Axis; Kotak
IN3120250730,2026-07-31,6.9337,Axis,Axis (325); Kotak (449)
IN3120250730,2026-08-15,6.8174,Axis,Axis (326); Kotak (450)
IN3120250797,2026-08-15,6.8132,Axis,Axis (310)
IN3120250847,2026-06-30,7.5352,Aditya Birla,Aditya Birla; Axis
IN3120250847,2026-07-31,7.498,Aditya Birla,Aditya Birla (25)
IN3120250854,2026-06-30,7.638,SBI,SBI; Axis; UTI
IN3120250854,2026-07-15,7.6639,SBI,SBI
IN3120250854,2026-07-31,7.6121,SBI,SBI (4); Axis (3); UTI (10)
IN3120250854,2026-08-15,7.5474,SBI,SBI (4); Axis (3)
IN3120250862,2026-06-30,7.1277,SBI,SBI; Aditya Birla
IN3120250862,2026-07-15,7.1465,SBI,SBI
IN3120250862,2026-07-31,7.1123,SBI,SBI (25)
IN3120250862,2026-08-15,7.0863,SBI,SBI (25)
IN3120260010,2026-06-30,7.2675,Nippon,Nippon
IN3120260010,2026-07-15,7.2985,Nippon,Nippon
IN3120260010,2026-07-31,7.2476,Nippon,Nippon (432)
IN3120260010,2026-08-15,7.2132,Nippon,Nippon (153)
IN3120260028,2026-06-30,7.5734,SBI,SBI
IN3120260028,2026-07-15,7.56,HDFC,HDFC; SBI
IN3120260028,2026-07-31,7.57,HDFC,HDFC (77); SBI (204); Kotak (26)
IN3120260028,2026-08-15,7.5345,SBI,SBI (51); Kotak (26)
IN3120260044,2026-06-30,7.45,ICICI Pru,ICICI Pru; Kotak
IN3120260044,2026-07-15,7.42,ICICI Pru,ICICI Pru
IN3120260044,2026-07-31,7.37,ICICI Pru,ICICI Pru (154); Kotak (740)
IN3120260044,2026-08-15,7.39,ICICI Pru,ICICI Pru (153)
IN3120260051,2026-06-30,7.5991,SBI,SBI
IN3120260051,2026-07-15,7.5579,SBI,SBI
IN3120260051,2026-07-31,7.5693,SBI,"SBI (1,646); Kotak (15)"
IN3120260051,2026-08-15,7.5465,SBI,"SBI (1,648); Kotak (15)"
IN3120260069,2026-06-30,7.71,Kotak,Kotak
IN3120260069,2026-07-31,7.7,Kotak,Kotak (255)
IN3120260069,2026-08-15,7.65,Kotak,Kotak (246)
IN3120260077,2026-07-31,7.49,HDFC,HDFC (75); Tata (26)
IN3120260077,2026-08-15,7.33,Tata,Tata (26)
IN3120260085,2026-07-31,7.7,HDFC,HDFC (50)
IN3320140129,2026-06-30,5.7832,Aditya Birla,Aditya Birla
IN3320140129,2026-07-31,5.6906,Aditya Birla,Aditya Birla (4)
IN3320140210,2026-07-15,6.6251,Nippon,Nippon
IN3320140210,2026-07-31,6.6193,Nippon,Nippon (23)
IN3320140210,2026-08-15,6.5807,Nippon,Nippon (23)
IN3320150110,2026-06-30,5.7832,Aditya Birla,Aditya Birla
IN3320150110,2026-07-31,5.6906,Aditya Birla,Aditya Birla (3)
IN3320150128,2026-06-30,6.6835,Aditya Birla,Aditya Birla
IN3320150128,2026-07-31,6.6193,Aditya Birla,Aditya Birla (0)
IN3320150607,2026-06-30,6.9034,Nippon,Nippon
IN3320150607,2026-07-15,6.9323,Nippon,Nippon
IN3320150607,2026-07-31,6.9499,Nippon,Nippon (0)
IN3320150607,2026-08-15,6.7947,Nippon,Nippon (0)
IN3320150714,2026-06-30,6.0,HDFC,HDFC; Aditya Birla
IN3320150714,2026-07-15,6.08,HDFC,HDFC
IN3320150714,2026-07-31,6.04,HDFC,HDFC (10); Aditya Birla (1)
IN3320160127,2026-06-30,6.9277,Nippon,Nippon
IN3320160127,2026-07-15,6.9551,Nippon,Nippon
IN3320160127,2026-07-31,6.9554,Nippon,Nippon (2)
IN3320160127,2026-08-15,6.8093,Nippon,Nippon (2)
IN3320160184,2026-06-30,5.3703,SBI,SBI; Aditya Birla
IN3320160192,2026-06-30,5.3703,SBI,SBI; Axis; Nippon
IN3320160192,2026-07-15,5.3952,SBI,SBI; Nippon
IN3320160200,2026-06-30,5.46,HDFC,HDFC; SBI; Aditya Birla; Nippon
IN3320160200,2026-07-15,5.46,HDFC,HDFC; SBI; Nippon
IN3320160200,2026-07-31,5.35,HDFC,HDFC (2); SBI (90); Aditya Birla (5); Nippon (10)
IN3320160218,2026-06-30,5.4584,SBI,SBI; ICICI Pru; Aditya Birla
IN3320160218,2026-07-15,5.4584,SBI,SBI; ICICI Pru
IN3320160218,2026-07-31,5.3511,SBI,SBI (46); ICICI Pru (5); Aditya Birla (23)
IN3320160218,2026-08-15,5.2611,SBI,SBI (46); ICICI Pru (5)
IN3320160226,2026-06-30,5.4873,SBI,SBI; Aditya Birla
IN3320160226,2026-07-15,5.4961,SBI,SBI
IN3320160226,2026-07-31,5.3735,SBI,SBI (71); Aditya Birla (32)
IN3320160226,2026-08-15,5.3092,SBI,SBI (71)
IN3320160234,2026-06-30,5.49,HDFC,HDFC; SBI; Aditya Birla
IN3320160234,2026-07-15,5.5,HDFC,HDFC; SBI
IN3320160234,2026-07-31,5.37,HDFC,HDFC (0); SBI (72); Aditya Birla (55)
IN3320160234,2026-08-15,5.3092,SBI,SBI (72); ICICI Pru (5); Axis (5)
IN3320160242,2026-06-30,5.64,HDFC,HDFC
IN3320160242,2026-07-15,5.66,HDFC,HDFC
IN3320160242,2026-07-31,5.54,HDFC,HDFC (5)
IN3320160259,2026-06-30,5.64,HDFC,HDFC; Aditya Birla
IN3320160259,2026-07-15,5.66,HDFC,HDFC
IN3320160259,2026-07-31,5.54,HDFC,HDFC (20); Aditya Birla (50)
IN3320160267,2026-06-30,5.6734,SBI,SBI; Nippon
IN3320160267,2026-07-15,5.74,HDFC,HDFC; SBI; ICICI Pru
IN3320160267,2026-07-31,5.61,HDFC,HDFC (24); SBI (25); ICICI Pru (50)
IN3320160267,2026-08-15,5.5155,SBI,SBI (25); ICICI Pru (50); Nippon (50)
IN3320160275,2026-06-30,5.6634,Aditya Birla,Aditya Birla
IN3320160275,2026-07-31,5.5957,Aditya Birla,Aditya Birla (50)
IN3320160283,2026-07-15,5.7301,Nippon,Nippon
IN3320160283,2026-07-31,5.5957,Nippon,Nippon (5)
IN3320160283,2026-08-15,5.5055,Nippon,Nippon (5)
IN3320160291,2026-06-30,5.8104,SBI,SBI; Aditya Birla
IN3320160291,2026-07-15,5.8581,SBI,SBI; Nippon
IN3320160291,2026-07-31,5.8155,SBI,SBI (25); Aditya Birla (35); Nippon (5)
IN3320160291,2026-08-15,5.8331,SBI,SBI (25); Nippon (5)
IN3320160309,2026-06-30,5.81,HDFC,HDFC; Aditya Birla; Nippon
IN3320160309,2026-07-15,5.94,HDFC,HDFC; Nippon
IN3320160309,2026-07-31,5.82,HDFC,HDFC (1); Aditya Birla (206); Nippon (35)
IN3320160309,2026-08-15,5.8331,Nippon,Nippon (35)
IN3320160317,2026-06-30,5.831,Aditya Birla,Aditya Birla; Nippon
IN3320160317,2026-07-15,5.9387,Nippon,Nippon
IN3320160317,2026-07-31,5.9053,Aditya Birla,Aditya Birla (151); Axis (91); Nippon (25)
IN3320160317,2026-08-15,5.8731,Axis,Axis (91); Nippon (25)
IN3320160325,2026-06-30,5.86,HDFC,HDFC
IN3320160325,2026-07-15,5.94,HDFC,HDFC
IN3320160325,2026-07-31,5.91,HDFC,HDFC (5)
IN3320160341,2026-06-30,5.86,HDFC,HDFC; Aditya Birla; Axis; Nippon
IN3320160341,2026-07-15,5.94,HDFC,HDFC; Nippon
IN3320160341,2026-07-31,5.91,HDFC,HDFC (2); Aditya Birla (1); Axis (5); Nippon (10)
IN3320160341,2026-08-15,5.9542,Axis,Axis (5); Nippon (10)
IN3320160358,2026-06-30,5.8567,Aditya Birla,Aditya Birla; Axis; UTI
IN3320160358,2026-07-31,5.9053,Aditya Birla,Aditya Birla (31); Axis (5); UTI (10)
IN3320160358,2026-08-15,5.9542,Axis,Axis (5)
IN3320170019,2026-06-30,6.0063,Axis,Axis; Nippon
IN3320170019,2026-07-15,5.9978,Nippon,Nippon
IN3320170019,2026-07-31,6.0569,Nippon,Nippon (54)
IN3320170019,2026-08-15,5.9901,Nippon,Nippon (54)
IN3320170027,2026-06-30,6.0063,Axis,Axis
IN3320170027,2026-07-31,6.0569,Aditya Birla,Aditya Birla (10)
IN3320170035,2026-06-30,6.0115,Aditya Birla,Aditya Birla; Axis; UTI
IN3320170035,2026-07-31,6.0775,Aditya Birla,Aditya Birla (1); Axis (10); UTI (1)
IN3320170035,2026-08-15,5.9952,Axis,Axis (10)
IN3320170043,2026-06-30,6.0115,SBI,SBI; Axis
IN3320170043,2026-07-15,6.0287,SBI,SBI
IN3320170043,2026-07-31,6.0775,SBI,SBI (339); Axis (66)
IN3320170043,2026-08-15,5.9952,SBI,SBI (339); Axis (66)
IN3320170050,2026-06-30,6.43,ICICI Pru,ICICI Pru
IN3320170050,2026-07-15,6.38,ICICI Pru,ICICI Pru
IN3320170050,2026-07-31,6.3,ICICI Pru,ICICI Pru (143)
IN3320170050,2026-08-15,6.12,ICICI Pru,ICICI Pru (144)
IN3320170068,2026-06-30,6.4335,SBI,SBI; ICICI Pru
IN3320170068,2026-07-15,6.381,SBI,SBI; ICICI Pru
IN3320170068,2026-07-31,6.3036,SBI,SBI (10); ICICI Pru (50)
IN3320170068,2026-08-15,6.1184,SBI,SBI (10); ICICI Pru (51)
IN3320170084,2026-06-30,6.43,ICICI Pru,ICICI Pru
IN3320170084,2026-07-15,6.41,ICICI Pru,ICICI Pru
IN3320170084,2026-07-31,6.37,ICICI Pru,ICICI Pru (34)
IN3320170084,2026-08-15,6.14,ICICI Pru,ICICI Pru (34)
IN3320170092,2026-06-30,6.43,ICICI Pru,ICICI Pru
IN3320170092,2026-07-15,6.41,ICICI Pru,ICICI Pru
IN3320170092,2026-07-31,6.37,ICICI Pru,ICICI Pru (269)
IN3320170092,2026-08-15,6.28,ICICI Pru,ICICI Pru (269)
IN3320170100,2026-06-30,6.43,ICICI Pru,ICICI Pru
IN3320170100,2026-07-15,6.41,ICICI Pru,ICICI Pru
IN3320170100,2026-07-31,6.37,ICICI Pru,ICICI Pru (244)
IN3320170100,2026-08-15,6.28,ICICI Pru,ICICI Pru (244)
IN3320170126,2026-06-30,6.54,ICICI Pru,ICICI Pru
IN3320170126,2026-07-15,6.48,ICICI Pru,ICICI Pru
IN3320170126,2026-07-31,6.47,ICICI Pru,ICICI Pru (5)
IN3320170126,2026-08-15,6.42,ICICI Pru,ICICI Pru (5)
IN3320170142,2026-07-31,6.37,Tata,Tata (25)
IN3320170142,2026-08-15,6.32,Tata,Tata (25)
IN3320170167,2026-07-31,6.37,Tata,Tata (39)
IN3320170167,2026-08-15,6.32,Tata,Tata (39)
IN3320170175,2026-06-30,6.76,HDFC,HDFC
IN3320170175,2026-07-15,6.79,HDFC,HDFC
IN3320170175,2026-07-31,6.83,HDFC,HDFC (5)
IN3320170191,2026-06-30,6.7687,Aditya Birla,Aditya Birla
IN3320170191,2026-07-31,6.8384,Aditya Birla,Aditya Birla (5)
IN3320170217,2026-06-30,6.7687,Aditya Birla,Aditya Birla
IN3320170217,2026-07-31,6.8384,Aditya Birla,Aditya Birla (1)
IN3320180018,2026-06-30,6.67,UTI,UTI
IN3320180018,2026-07-31,6.7,UTI,UTI (9)
IN3320180026,2026-06-30,6.793,Nippon,Nippon; Kotak
IN3320180026,2026-07-15,6.8203,Nippon,Nippon
IN3320180026,2026-07-31,6.8206,Nippon,Nippon (6); Kotak (11)
IN3320180026,2026-08-15,6.6747,Nippon,Nippon (6); Kotak (11)
IN3320180034,2026-06-30,6.793,Nippon,Nippon
IN3320180034,2026-07-15,6.8203,Nippon,Nippon
IN3320180034,2026-07-31,6.8206,Nippon,Nippon (0)
IN3320180034,2026-08-15,6.6747,Nippon,Nippon (0)
IN3320180042,2026-06-30,6.88,ICICI Pru,ICICI Pru
IN3320180042,2026-07-15,6.91,ICICI Pru,ICICI Pru
IN3320180042,2026-07-31,6.88,ICICI Pru,ICICI Pru (52)
IN3320180042,2026-08-15,6.84,ICICI Pru,ICICI Pru (52)
IN3320180059,2026-06-30,6.88,ICICI Pru,ICICI Pru
IN3320180059,2026-07-15,6.91,ICICI Pru,ICICI Pru
IN3320180059,2026-07-31,6.88,ICICI Pru,ICICI Pru (8)
IN3320180059,2026-08-15,6.84,ICICI Pru,ICICI Pru (8)
IN3320180067,2026-06-30,6.88,ICICI Pru,ICICI Pru; Aditya Birla
IN3320180067,2026-07-15,6.91,ICICI Pru,ICICI Pru
IN3320180067,2026-07-31,6.88,ICICI Pru,ICICI Pru (10); Aditya Birla (0)
IN3320180067,2026-08-15,6.84,ICICI Pru,ICICI Pru (10)
IN3320180083,2026-06-30,6.88,ICICI Pru,ICICI Pru
IN3320180083,2026-07-15,6.91,ICICI Pru,ICICI Pru
IN3320180083,2026-07-31,6.88,ICICI Pru,ICICI Pru (1)
IN3320180083,2026-08-15,6.84,ICICI Pru,ICICI Pru (1)
IN3320180091,2026-06-30,6.88,ICICI Pru,ICICI Pru
IN3320180091,2026-07-15,6.91,ICICI Pru,ICICI Pru
IN3320180091,2026-07-31,6.88,ICICI Pru,ICICI Pru (15)
IN3320180091,2026-08-15,6.84,ICICI Pru,ICICI Pru (15)
IN3320180117,2026-06-30,6.9399,Aditya Birla,Aditya Birla
IN3320180117,2026-07-31,7.0346,Aditya Birla,Aditya Birla (57)
IN3320180125,2026-06-30,6.9399,Nippon,Nippon
IN3320180125,2026-07-15,6.9884,Nippon,Nippon
IN3320180125,2026-07-31,7.0346,Nippon,Nippon (0)
IN3320180125,2026-08-15,6.9182,Nippon,Nippon (0)
IN3320180141,2026-06-30,6.9399,Nippon,Nippon
IN3320180141,2026-07-15,6.9884,Nippon,Nippon
IN3320180141,2026-07-31,7.0346,Nippon,Nippon (2)
IN3320180141,2026-08-15,6.9182,Nippon,Nippon (2)
IN3320180158,2026-06-30,6.94,ICICI Pru,ICICI Pru; Nippon
IN3320180158,2026-07-15,6.99,ICICI Pru,ICICI Pru; Nippon
IN3320180158,2026-07-31,7.03,ICICI Pru,ICICI Pru (15); Nippon (77)
IN3320180158,2026-08-15,6.92,ICICI Pru,ICICI Pru (16); Nippon (78)
IN3320180166,2026-06-30,6.94,ICICI Pru,ICICI Pru
IN3320180166,2026-07-15,6.99,ICICI Pru,ICICI Pru
IN3320180166,2026-07-31,7.03,ICICI Pru,ICICI Pru (10)
IN3320180166,2026-08-15,6.92,ICICI Pru,ICICI Pru (10)
IN3320180174,2026-06-30,6.94,ICICI Pru,ICICI Pru; Aditya Birla; Nippon
IN3320180174,2026-07-15,6.99,ICICI Pru,ICICI Pru; Nippon
IN3320180174,2026-07-31,7.03,ICICI Pru,ICICI Pru (67); Aditya Birla (1); Nippon (80)
IN3320180174,2026-08-15,6.92,ICICI Pru,ICICI Pru (67); Nippon (80)
IN3320180182,2026-06-30,6.9399,SBI,SBI; ICICI Pru
IN3320180182,2026-07-15,6.9884,SBI,SBI; ICICI Pru
IN3320180182,2026-07-31,7.0346,SBI,SBI (10); ICICI Pru (10)
IN3320180182,2026-08-15,6.9182,SBI,SBI (10); ICICI Pru (10)
IN3320190157,2026-07-31,7.0619,SBI,SBI (5)
IN3320190157,2026-08-15,6.9568,SBI,SBI (5)
IN3320190173,2026-06-30,7.0543,Nippon,Nippon
IN3320190173,2026-07-15,7.1435,Nippon,Nippon
IN3320190173,2026-07-31,7.0919,Nippon,Nippon (30)
IN3320190173,2026-08-15,7.0003,Nippon,Nippon (30)
IN3320190231,2026-06-30,7.0543,Nippon,Nippon
IN3320190231,2026-07-15,7.1435,Nippon,Nippon
IN3320190231,2026-07-31,7.0919,Nippon,Nippon (25)
IN3320190231,2026-08-15,7.0003,Nippon,Nippon (25)
IN3320190249,2026-06-30,7.0543,Nippon,Nippon
IN3320190249,2026-07-15,7.1435,Nippon,Nippon
IN3320190249,2026-07-31,7.0919,Nippon,Nippon (40)
IN3320190249,2026-08-15,7.0003,Nippon,Nippon (40)
IN3320190272,2026-06-30,7.0543,Nippon,Nippon
IN3320190272,2026-07-15,7.1435,Nippon,Nippon
IN3320190272,2026-07-31,7.0919,Nippon,Nippon (77)
IN3320190272,2026-08-15,7.0003,Nippon,Nippon (77)
IN3320200014,2026-06-30,7.0875,Aditya Birla,Aditya Birla
IN3320200014,2026-07-31,7.1177,Aditya Birla,Aditya Birla (1)
IN3320200105,2026-06-30,7.0773,Nippon,Nippon
IN3320200105,2026-07-15,7.1679,Nippon,Nippon
IN3320200105,2026-07-31,7.1163,Nippon,Nippon (15)
IN3320200105,2026-08-15,7.0115,Nippon,Nippon (15)
IN3320200121,2026-06-30,7.0817,Nippon,Nippon
IN3320200121,2026-07-15,7.1769,Nippon,Nippon
IN3320200121,2026-07-31,7.1244,Nippon,Nippon (15)
IN3320200121,2026-08-15,7.019,Nippon,Nippon (15)
IN3320200212,2026-06-30,7.08,Kotak,Kotak
IN3320200212,2026-07-31,7.12,Kotak,Kotak (1)
IN3320200212,2026-08-15,7.02,Kotak,Kotak (1)
IN3320200295,2026-06-30,7.2007,Nippon,Nippon
IN3320200295,2026-07-15,7.2292,Nippon,Nippon
IN3320200295,2026-07-31,7.1787,Nippon,Nippon (5)
IN3320200295,2026-08-15,7.1468,Nippon,Nippon (5)
IN3320210096,2026-06-30,7.2318,Nippon,Nippon
IN3320210096,2026-07-15,7.2401,Nippon,Nippon
IN3320210096,2026-07-31,7.1972,Nippon,Nippon (10)
IN3320210096,2026-08-15,7.1432,Nippon,Nippon (10)
IN3320220012,2026-06-30,7.3659,Aditya Birla,Aditya Birla
IN3320220012,2026-07-31,7.3244,Aditya Birla,Aditya Birla (1)
IN3320220053,2026-06-30,7.65,Kotak,Kotak
IN3320220053,2026-07-31,7.63,Kotak,Kotak (3)
IN3320220053,2026-08-15,7.59,Kotak,Kotak (3)
IN3320220152,2026-06-30,7.51,UTI,UTI
IN3320220152,2026-07-31,7.49,UTI,UTI (25)
IN3320220160,2026-06-30,7.5798,Aditya Birla,Aditya Birla
IN3320220160,2026-07-31,7.5714,Aditya Birla,Aditya Birla (20)
IN3320220186,2026-06-30,7.4869,Aditya Birla,Aditya Birla; UTI
IN3320220186,2026-07-31,7.427,Aditya Birla,Aditya Birla (0); UTI (6)
IN3320220194,2026-06-30,7.5383,Aditya Birla,Aditya Birla
IN3320220194,2026-07-31,7.5445,Aditya Birla,Aditya Birla (1)
IN3320230102,2026-06-30,7.5383,Axis,Axis
IN3320230102,2026-07-31,7.5445,Axis,Axis (5)
IN3320230102,2026-08-15,7.5044,Axis,Axis (5)
IN3320230169,2026-06-30,7.5798,Aditya Birla,Aditya Birla
IN3320230169,2026-07-31,7.5714,Aditya Birla,Aditya Birla (0)
IN3320230250,2026-06-30,7.5604,Aditya Birla,Aditya Birla
IN3320230250,2026-07-31,7.5445,Aditya Birla,Aditya Birla (15)
IN3320230318,2026-06-30,7.61,HDFC,HDFC; Aditya Birla; UTI
IN3320230318,2026-07-15,7.63,HDFC,HDFC
IN3320230318,2026-07-31,7.62,HDFC,HDFC (15); Aditya Birla (0); UTI (34)
IN3320230367,2026-06-30,7.6147,Aditya Birla,Aditya Birla
IN3320230367,2026-07-31,7.6211,Aditya Birla,Aditya Birla (2)
IN3320230375,2026-06-30,7.6863,Aditya Birla,Aditya Birla
IN3320230375,2026-07-31,7.6488,Aditya Birla,Aditya Birla (3)
IN3320230391,2026-06-30,7.7013,Aditya Birla,Aditya Birla
IN3320230391,2026-07-31,7.7267,Aditya Birla,Aditya Birla (2)
IN3320240077,2026-06-30,7.6839,Aditya Birla,Aditya Birla
IN3320240077,2026-07-31,7.7138,Aditya Birla,Aditya Birla (5)
IN3320250050,2026-06-30,7.52,ICICI Pru,ICICI Pru
IN3320250050,2026-07-15,7.53,ICICI Pru,ICICI Pru
IN3320250050,2026-07-31,7.42,ICICI Pru,ICICI Pru (446)
IN3320250050,2026-08-15,7.43,ICICI Pru,ICICI Pru (445)
IN3320250092,2026-06-30,7.61,ICICI Pru,ICICI Pru
IN3320250092,2026-07-15,7.63,ICICI Pru,ICICI Pru
IN3320250092,2026-07-31,7.62,ICICI Pru,ICICI Pru (74)
IN3320250092,2026-08-15,7.58,ICICI Pru,ICICI Pru (74)
IN3320250118,2026-06-30,7.58,ICICI Pru,ICICI Pru
IN3320250118,2026-07-15,7.53,ICICI Pru,ICICI Pru
IN3320250118,2026-07-31,7.57,ICICI Pru,ICICI Pru (54)
IN3320250118,2026-08-15,7.56,ICICI Pru,ICICI Pru (54)
IN3320250126,2026-06-30,7.61,ICICI Pru,ICICI Pru
IN3320250126,2026-07-15,7.63,ICICI Pru,ICICI Pru
IN3320250126,2026-07-31,7.62,ICICI Pru,ICICI Pru (14)
IN3320250126,2026-08-15,7.58,ICICI Pru,ICICI Pru (14)
IN3320250183,2026-06-30,7.48,UTI,UTI
IN3320250183,2026-07-31,7.48,UTI,UTI (25)
IN3320250191,2026-06-30,7.6492,Nippon,Nippon
IN3320250191,2026-07-15,7.6614,Nippon,Nippon
IN3320250191,2026-07-31,7.6406,Aditya Birla,Aditya Birla (101); Nippon (30)
IN3320250191,2026-08-15,7.5889,Nippon,Nippon (30)
IN3320250209,2026-06-30,7.59,UTI,UTI
IN3320250209,2026-07-31,7.58,UTI,UTI (15)
IN3320250217,2026-06-30,7.59,UTI,UTI
IN3320250217,2026-07-31,7.58,UTI,UTI (13)
IN3320250225,2026-06-30,7.7709,Aditya Birla,Aditya Birla
IN3320250225,2026-07-31,7.8246,Aditya Birla,Aditya Birla (1)
IN3320250233,2026-06-30,7.73,Kotak,Kotak
IN3320250233,2026-07-31,7.73,Kotak,Kotak (271)
IN3320250233,2026-08-15,7.7,Kotak,Kotak (241)
IN3320250266,2026-06-30,7.63,UTI,UTI
IN3320250266,2026-07-31,7.68,UTI,UTI (31)
IN3320250282,2026-06-30,7.802,Aditya Birla,Aditya Birla
IN3320250282,2026-07-31,7.8677,Aditya Birla,Aditya Birla (57)
IN3320260026,2026-06-30,7.5991,SBI,SBI; Aditya Birla
IN3320260026,2026-07-15,7.6284,SBI,SBI
IN3320260026,2026-07-31,7.6211,SBI,SBI (22)
IN3320260026,2026-08-15,7.5847,SBI,SBI (22)
IN3320260042,2026-06-30,7.7709,SBI,SBI
IN3320260042,2026-07-15,7.846,SBI,SBI
IN3320260042,2026-07-31,7.8246,SBI,SBI (25)
IN3320260042,2026-08-15,7.79,SBI,SBI (25)
IN3420160027,2026-06-30,5.3422,SBI,SBI
IN3420160035,2026-06-30,5.3422,SBI,SBI
IN3420160035,2026-07-15,5.3671,SBI,SBI
IN3420160043,2026-06-30,5.455,SBI,SBI
IN3420160043,2026-07-15,5.455,SBI,SBI
IN3420160043,2026-07-31,5.3478,SBI,SBI (203)
IN3420160050,2026-06-30,5.46,ICICI Pru,ICICI Pru
IN3420160050,2026-07-15,5.46,ICICI Pru,ICICI Pru
IN3420160050,2026-07-31,5.35,ICICI Pru,ICICI Pru (5)
IN3420160050,2026-08-15,5.26,ICICI Pru,ICICI Pru (5)
IN3420160068,2026-06-30,5.484,SBI,SBI
IN3420160068,2026-07-15,5.4927,SBI,SBI
IN3420160068,2026-07-31,5.3702,SBI,SBI (55)
IN3420160068,2026-08-15,5.3059,SBI,SBI (55)
IN3420160084,2026-06-30,5.6412,SBI,SBI
IN3420160084,2026-07-15,5.668,SBI,SBI
IN3420160084,2026-07-31,5.5486,SBI,SBI (66)
IN3420160084,2026-08-15,5.5053,SBI,SBI (66)
IN3420160092,2026-06-30,5.6712,Axis,Axis; Nippon
IN3420160092,2026-07-15,5.748,Nippon,Nippon
IN3420160092,2026-07-31,5.6136,Axis,Axis (107); Nippon (10)
IN3420160092,2026-08-15,5.5353,Axis,Axis (107); Nippon (10)
IN3420160100,2026-06-30,5.6612,Axis,Axis
IN3420160100,2026-07-31,5.6036,Axis,Axis (5)
IN3420160100,2026-08-15,5.5253,Axis,Axis (5)
IN3420160118,2026-06-30,5.6712,SBI,SBI; ICICI Pru; Aditya Birla
IN3420160118,2026-07-15,5.748,SBI,SBI; ICICI Pru
IN3420160118,2026-07-31,5.6636,SBI,SBI (1); ICICI Pru (67); Aditya Birla (20)
IN3420160118,2026-08-15,5.6002,SBI,SBI (1); ICICI Pru (67)
IN3420160126,2026-06-30,5.67,ICICI Pru,ICICI Pru; Aditya Birla
IN3420160126,2026-07-15,5.75,ICICI Pru,ICICI Pru
IN3420160126,2026-07-31,5.66,ICICI Pru,ICICI Pru (75); Aditya Birla (3); Nippon (52)
IN3420160126,2026-08-15,5.6,ICICI Pru,ICICI Pru (75); Nippon (52)
IN3420160134,2026-06-30,5.8276,Aditya Birla,Aditya Birla
IN3420160134,2026-07-15,5.8781,Nippon,Nippon
IN3420160134,2026-07-31,5.8355,Aditya Birla,Aditya Birla (35); Nippon (5)
IN3420160134,2026-08-15,5.8231,Nippon,Nippon (5)
IN3420160142,2026-06-30,5.83,ICICI Pru,ICICI Pru; Nippon
IN3420160142,2026-07-15,5.96,ICICI Pru,ICICI Pru; Nippon
IN3420160142,2026-07-31,5.84,ICICI Pru,ICICI Pru (50); Nippon (25)
IN3420160142,2026-08-15,5.82,ICICI Pru,ICICI Pru (50); Nippon (25)
IN3420160167,2026-06-30,5.8739,Axis,Axis; Nippon; Kotak; UTI
IN3420160167,2026-07-15,5.9593,Nippon,Nippon
IN3420160167,2026-07-31,5.9258,Axis,Axis (33); Nippon (61); Kotak (2); UTI (5)
IN3420160167,2026-08-15,5.9439,Axis,Axis (33); Nippon (61); Kotak (2)
IN3420160175,2026-06-30,5.8739,Axis,Axis; Nippon
IN3420160175,2026-07-15,5.9593,Nippon,Nippon
IN3420160175,2026-07-31,5.9258,Axis,Axis (119); Nippon (40)
IN3420160175,2026-08-15,5.9439,Axis,Axis (119); Nippon (40)
IN3420160183,2026-06-30,5.8739,Axis,Axis
IN3420160183,2026-07-31,5.9258,Axis,Axis (40)
IN3420160183,2026-08-15,5.9439,Axis,Axis (40)
IN3420170018,2026-06-30,6.02,ICICI Pru,ICICI Pru
IN3420170018,2026-07-15,6.05,ICICI Pru,ICICI Pru
IN3420170018,2026-07-31,6.1,ICICI Pru,ICICI Pru (25)
IN3420170018,2026-08-15,6.03,ICICI Pru,ICICI Pru (25)
IN3420170026,2026-06-30,6.46,ICICI Pru,ICICI Pru
IN3420170026,2026-07-15,6.37,ICICI Pru,ICICI Pru
IN3420170026,2026-07-31,6.29,ICICI Pru,ICICI Pru (10)
IN3420170026,2026-08-15,6.11,ICICI Pru,ICICI Pru (10)
IN3420170034,2026-06-30,6.46,ICICI Pru,ICICI Pru
IN3420170034,2026-07-15,6.37,ICICI Pru,ICICI Pru
IN3420170034,2026-07-31,6.29,ICICI Pru,ICICI Pru (20)
IN3420170034,2026-08-15,6.11,ICICI Pru,ICICI Pru (20)
IN3420170042,2026-06-30,6.46,ICICI Pru,ICICI Pru
IN3420170042,2026-07-15,6.42,ICICI Pru,ICICI Pru
IN3420170042,2026-07-31,6.39,ICICI Pru,ICICI Pru (47)
IN3420170042,2026-08-15,6.13,ICICI Pru,ICICI Pru (48)
IN3420170117,2026-06-30,6.55,HDFC,HDFC
IN3420170117,2026-07-15,6.52,HDFC,HDFC
IN3420170117,2026-07-31,6.51,HDFC,HDFC (5)
IN3420170133,2026-07-31,6.41,Tata,Tata (10)
IN3420170133,2026-08-15,6.37,Tata,Tata (10)
IN3420170158,2026-07-31,6.41,Tata,Tata (31)
IN3420170158,2026-08-15,6.37,Tata,Tata (31)
IN3420170174,2026-06-30,6.7976,Nippon,Nippon
IN3420170174,2026-07-15,6.8071,Nippon,Nippon
IN3420170174,2026-07-31,6.8816,Nippon,Nippon (1)
IN3420170174,2026-08-15,6.7006,Nippon,Nippon (1)
IN3420170182,2026-06-30,6.69,UTI,UTI
IN3420170182,2026-07-31,6.77,UTI,UTI (0)
IN3420170190,2026-06-30,6.7976,Aditya Birla,Aditya Birla
IN3420170190,2026-07-31,6.8816,Aditya Birla,Aditya Birla (0)
IN3420170216,2026-06-30,6.7976,Axis,Axis; Nippon; UTI
IN3420170216,2026-07-15,6.8071,Nippon,Nippon
IN3420170216,2026-07-31,6.8816,Axis,Axis (47); Nippon (0); UTI (5)
IN3420170216,2026-08-15,6.7006,Axis,Axis (47); Nippon (0)
IN3420180157,2026-06-30,6.97,ICICI Pru,ICICI Pru; Nippon
IN3420180157,2026-07-15,7.0,ICICI Pru,ICICI Pru; Nippon
IN3420180157,2026-07-31,7.08,ICICI Pru,ICICI Pru (1); Nippon (8)
IN3420180157,2026-08-15,6.94,ICICI Pru,ICICI Pru (1); Nippon (8)
IN3420180181,2026-06-30,6.9688,Nippon,Nippon
IN3420180181,2026-07-15,6.9979,Nippon,Nippon
IN3420180181,2026-07-31,7.0807,Nippon,Nippon (2)
IN3420180181,2026-08-15,6.9385,Nippon,Nippon (2)
IN3420210046,2026-06-30,6.8011,Nippon,Nippon
IN3420210046,2026-07-15,6.8092,Nippon,Nippon
IN3420210046,2026-07-31,6.8664,Nippon,Nippon (10)
IN3420210046,2026-08-15,6.6945,Nippon,Nippon (10)
IN3420210145,2026-06-30,7.53,UTI,UTI
IN3420210145,2026-07-31,7.55,UTI,UTI (97)
IN3420210186,2026-06-30,7.72,Kotak,Kotak
IN3420210186,2026-07-31,7.66,Kotak,Kotak (10)
IN3420210186,2026-08-15,7.65,Kotak,Kotak (10)
IN3420210269,2026-06-30,7.3746,Axis,Axis
IN3420210269,2026-07-31,7.3806,Axis,Axis (2)
IN3420210269,2026-08-15,7.3202,Axis,Axis (2)
IN3420220177,2026-06-30,7.27,UTI,UTI
IN3420220177,2026-07-31,7.27,UTI,UTI (9)
IN3420240241,2026-06-30,7.74,ICICI Pru,ICICI Pru
IN3420240241,2026-07-15,7.73,ICICI Pru,ICICI Pru
IN3420240241,2026-07-31,7.68,ICICI Pru,ICICI Pru (122)
IN3420240241,2026-08-15,7.66,ICICI Pru,ICICI Pru (122)
IN3420250166,2026-06-30,7.6881,Axis,Axis
IN3420250166,2026-07-31,7.6672,Axis,Axis (5)
IN3420250166,2026-08-15,7.6567,Axis,Axis (5)
IN3420250232,2026-06-30,7.7988,SBI,SBI
IN3420250232,2026-07-15,7.8213,SBI,SBI
IN3420250232,2026-07-31,7.7888,SBI,SBI (169)
IN3420250232,2026-08-15,7.7448,SBI,SBI (120)
IN3420250240,2026-06-30,7.66,UTI,UTI
IN3420250331,2026-06-30,7.66,UTI,UTI
IN3420250331,2026-07-31,7.66,UTI,UTI (154)
IN3420250372,2026-06-30,7.66,UTI,UTI
IN3420250372,2026-07-31,7.67,UTI,UTI (241)
IN3420250398,2026-06-30,7.64,UTI,UTI
IN3420250398,2026-07-31,7.62,UTI,UTI (81)
IN3420250414,2026-06-30,7.65,UTI,UTI
IN3420250414,2026-07-31,7.74,UTI,UTI (11)
IN3420250430,2026-06-30,7.7457,SBI,SBI; UTI
IN3420250430,2026-07-15,7.8777,SBI,SBI
IN3420250430,2026-07-31,7.798,SBI,SBI (344); UTI (44)
IN3420250430,2026-08-15,7.7898,SBI,SBI (344)
IN3420260041,2026-07-31,7.6804,Aditya Birla,Aditya Birla (46)
IN3520160018,2026-06-30,5.81,HDFC,HDFC
IN3520160018,2026-07-15,5.94,HDFC,HDFC
IN3520160018,2026-07-31,5.81,HDFC,HDFC (5)
IN3520160026,2026-06-30,5.8586,Aditya Birla,Aditya Birla
IN3520160026,2026-07-31,5.9023,Aditya Birla,Aditya Birla (11)
IN3520160034,2026-06-30,5.8586,Aditya Birla,Aditya Birla; Axis
IN3520160034,2026-07-31,5.9023,Aditya Birla,Aditya Birla (6); Axis (61)
IN3520160034,2026-08-15,5.9203,Axis,Axis (61)
IN3520170017,2026-06-30,6.4566,SBI,SBI; ICICI Pru
IN3520170017,2026-07-15,6.4046,SBI,SBI; ICICI Pru
IN3520170017,2026-07-31,6.3684,SBI,SBI (35); ICICI Pru (232)
IN3520170017,2026-08-15,6.2863,SBI,SBI (35); ICICI Pru (232)
IN3520170041,2026-06-30,6.7918,Aditya Birla,Aditya Birla
IN3520170041,2026-07-31,6.8484,Aditya Birla,Aditya Birla (5); Nippon (41)
IN3520170041,2026-08-15,6.6829,Nippon,Nippon (41)
IN3520170090,2026-06-30,6.7918,Aditya Birla,Aditya Birla
IN3520170090,2026-07-31,6.8484,Aditya Birla,Aditya Birla (5)
IN3520190015,2026-06-30,5.465,SBI,SBI; Aditya Birla
IN3520190015,2026-07-15,5.465,SBI,SBI
IN3520190015,2026-07-31,5.3578,SBI,"SBI (1,126)"
IN3520190015,2026-08-15,5.2678,SBI,"SBI (1,126)"
IN3520190023,2026-06-30,6.46,ICICI Pru,ICICI Pru
IN3520190023,2026-07-15,6.4,ICICI Pru,ICICI Pru
IN3520190023,2026-07-31,6.37,ICICI Pru,ICICI Pru (35)
IN3520190023,2026-08-15,6.29,ICICI Pru,ICICI Pru (35)
IN3520190064,2026-06-30,7.0813,Nippon,Nippon
IN3520190064,2026-07-15,7.136,Nippon,Nippon
IN3520190064,2026-07-31,7.152,Nippon,Nippon (5)
IN3520190064,2026-08-15,7.0439,Nippon,Nippon (5)
IN3520200111,2026-06-30,6.95,ICICI Pru,ICICI Pru
IN3520200111,2026-07-15,6.97,ICICI Pru,ICICI Pru
IN3520200111,2026-07-31,7.05,ICICI Pru,ICICI Pru (3)
IN3520200111,2026-08-15,6.92,ICICI Pru,ICICI Pru (3)
IN3520200137,2026-06-30,6.9424,Nippon,Nippon
IN3520200137,2026-07-15,6.9598,Nippon,Nippon
IN3520200137,2026-07-31,7.0373,Nippon,Nippon (3)
IN3520200137,2026-08-15,6.9106,Nippon,Nippon (3)
IN3520210052,2026-06-30,6.8796,Aditya Birla,Aditya Birla
IN3520210052,2026-07-31,6.9055,Aditya Birla,Aditya Birla (5)
IN3520230019,2026-06-30,7.0869,SBI,SBI
IN3520230019,2026-07-15,7.1251,SBI,SBI
IN3520230019,2026-07-31,7.1417,SBI,SBI (34)
IN3520230019,2026-08-15,7.0615,SBI,SBI (34)
IN3520230027,2026-06-30,7.0869,Nippon,Nippon
IN3520230027,2026-07-15,7.1251,Nippon,Nippon
IN3520230027,2026-07-31,7.1417,Nippon,Nippon (101)
IN3520230027,2026-08-15,7.0615,Nippon,Nippon (102)
IN3520230092,2026-06-30,7.34,HDFC,HDFC
IN3520230118,2026-06-30,7.2,HDFC,HDFC
IN3520230241,2026-06-30,7.5086,Axis,Axis; UTI
IN3520230241,2026-07-31,7.4631,Axis,Axis (2); UTI (2)
IN3520230241,2026-08-15,7.4274,Axis,Axis (2)
IN3520230274,2026-07-31,7.4631,Aditya Birla,Aditya Birla (25)
IN3520230308,2026-06-30,7.5086,Aditya Birla,Aditya Birla
IN3520230308,2026-07-31,7.4631,Aditya Birla,Aditya Birla (16)
IN3520230316,2026-06-30,7.5574,Aditya Birla,Aditya Birla
IN3520230316,2026-07-31,7.5831,Aditya Birla,Aditya Birla (18)
IN3520230324,2026-06-30,7.6113,Aditya Birla,Aditya Birla
IN3520230324,2026-07-31,7.6051,Aditya Birla,Aditya Birla (3)
IN3520240026,2026-06-30,7.087,Nippon,Nippon
IN3520240026,2026-07-15,7.1465,Nippon,Nippon
IN3520240026,2026-07-31,7.1506,Nippon,Nippon (75)
IN3520240026,2026-08-15,7.0686,Nippon,Nippon (75)
IN3520240034,2026-06-30,7.5086,Nippon,Nippon; UTI
IN3520240034,2026-07-15,7.4873,Nippon,Nippon
IN3520240034,2026-07-31,7.33,UTI,UTI (5)
IN3520240083,2026-06-30,7.7,ICICI Pru,ICICI Pru; UTI
IN3520240083,2026-07-15,7.63,ICICI Pru,ICICI Pru
IN3520240083,2026-07-31,7.69,ICICI Pru,ICICI Pru (476); UTI (37)
IN3520240083,2026-08-15,7.65,ICICI Pru,ICICI Pru (477)
IN3520260016,2026-06-30,7.21,SBI,SBI; UTI
IN3520260016,2026-07-15,7.2025,SBI,SBI
IN3520260016,2026-07-31,7.2209,SBI,SBI (8); UTI (25)
IN3520260016,2026-08-15,7.1877,SBI,SBI (8)
IN3520260024,2026-06-30,7.7183,Nippon,Nippon
IN3520260024,2026-07-15,7.7563,Nippon,Nippon
IN3520260024,2026-07-31,7.8073,Nippon,Nippon (25)
IN3520260032,2026-06-30,7.639,Aditya Birla,Aditya Birla
IN3520260032,2026-07-31,7.6764,Aditya Birla,Aditya Birla (10)
IN3520260057,2026-08-15,7.58,ICICI Pru,ICICI Pru (100)
IN3620160033,2026-06-30,5.5,HDFC,HDFC; SBI; Aditya Birla
IN3620160033,2026-07-15,5.51,HDFC,HDFC; SBI
IN3620160033,2026-07-31,5.39,HDFC,HDFC (1); SBI (50); Aditya Birla (59)
IN3620160033,2026-08-15,5.3258,SBI,SBI (50)
IN3620160074,2026-06-30,5.69,SBI,SBI
IN3620160074,2026-07-15,5.7668,SBI,SBI
IN3620160074,2026-07-31,5.6324,SBI,SBI (166)
IN3620160074,2026-08-15,5.5541,SBI,SBI (166)
IN3620160090,2026-06-30,5.83,HDFC,HDFC; Aditya Birla
IN3620160090,2026-07-15,5.87,HDFC,HDFC
IN3620160090,2026-07-31,5.83,HDFC,HDFC (5); Aditya Birla (5)
IN3620170065,2026-06-30,6.46,ICICI Pru,ICICI Pru
IN3620170065,2026-07-15,6.4,ICICI Pru,ICICI Pru
IN3620170065,2026-07-31,6.37,ICICI Pru,ICICI Pru (46)
IN3620170065,2026-08-15,6.31,ICICI Pru,ICICI Pru (46)
IN3620170180,2026-06-30,6.7916,Aditya Birla,Aditya Birla
IN3620170180,2026-07-31,6.8329,Aditya Birla,Aditya Birla (0)
IN3620180023,2026-06-30,6.818,Nippon,Nippon
IN3620180023,2026-07-15,6.835,Nippon,Nippon
IN3620180023,2026-07-31,6.8404,Nippon,Nippon (2)
IN3620180023,2026-08-15,6.7358,Nippon,Nippon (2)
IN3620180064,2026-06-30,6.8801,Nippon,Nippon
IN3620180064,2026-07-15,6.9053,Nippon,Nippon
IN3620180064,2026-07-31,6.8789,Nippon,Nippon (0)
IN3620180064,2026-08-15,6.8531,Nippon,Nippon (0)
IN3620180213,2026-06-30,6.93,ICICI Pru,ICICI Pru
IN3620180213,2026-07-15,6.96,ICICI Pru,ICICI Pru
IN3620180213,2026-07-31,6.99,ICICI Pru,ICICI Pru (31)
IN3620180213,2026-08-15,6.92,ICICI Pru,ICICI Pru (31)
IN3620220068,2026-06-30,7.5333,Aditya Birla,Aditya Birla
IN3620220068,2026-07-31,7.4653,Aditya Birla,Aditya Birla (2)
IN3620230075,2026-06-30,7.5707,Aditya Birla,Aditya Birla
IN3620230075,2026-07-31,7.5429,Aditya Birla,Aditya Birla (1)
IN3620250032,2026-06-30,7.5796,Aditya Birla,Aditya Birla
IN3620250032,2026-07-31,7.5641,Aditya Birla,Aditya Birla (24)
IN3620250040,2026-06-30,7.26,UTI,UTI
IN3620250040,2026-07-31,7.23,UTI,UTI (17)
IN3620250107,2026-06-30,7.65,UTI,UTI
IN3620260049,2026-06-30,7.59,HDFC,HDFC
IN3620260049,2026-07-15,7.56,HDFC,HDFC
IN3620260049,2026-07-31,7.57,HDFC,HDFC (51)
IN3720160016,2026-06-30,5.6551,SBI,SBI
IN3720160016,2026-07-15,5.6619,SBI,SBI
IN3720160016,2026-07-31,5.5424,SBI,SBI (3)
IN3720160016,2026-08-15,5.4991,SBI,SBI (3)
IN3720160024,2026-06-30,5.6852,SBI,SBI; Aditya Birla
IN3720160024,2026-07-15,5.7419,SBI,SBI
IN3720160024,2026-07-31,5.6075,SBI,SBI (65); Aditya Birla (20); Nippon (30)
IN3720160024,2026-08-15,5.5291,SBI,SBI (65); Nippon (30)
IN3720160032,2026-07-15,5.7319,Nippon,Nippon
IN3720160032,2026-07-31,5.5975,Nippon,Nippon (151)
IN3720160032,2026-08-15,5.5191,Nippon,Nippon (151)
IN3720160057,2026-06-30,5.873,Aditya Birla,Aditya Birla; Axis
IN3720160057,2026-07-31,5.9168,Aditya Birla,Aditya Birla (0); Axis (25)
IN3720160057,2026-08-15,5.9348,Axis,Axis (25)
IN3720160073,2026-06-30,5.873,Aditya Birla,Aditya Birla
IN3720160073,2026-07-31,5.9168,Aditya Birla,Aditya Birla (1)
IN3720170015,2026-06-30,6.0284,SBI,SBI
IN3720170015,2026-07-15,6.061,SBI,SBI
IN3720170015,2026-07-31,6.1098,SBI,SBI (10)
IN3720170015,2026-08-15,6.0379,SBI,SBI (10)
IN3720180048,2026-06-30,6.92,Nippon,Nippon
IN3720180048,2026-07-15,6.8942,Nippon,Nippon
IN3720180048,2026-07-31,6.8942,Nippon,Nippon (0)
IN3720180048,2026-08-15,6.8631,Nippon,Nippon (0)
IN3720180055,2026-06-30,7.0,ICICI Pru,ICICI Pru
IN3720180055,2026-07-15,7.0,ICICI Pru,ICICI Pru
IN3720180055,2026-07-31,7.05,ICICI Pru,ICICI Pru (4)
IN3720180055,2026-08-15,6.92,ICICI Pru,ICICI Pru (4)
IN3720180063,2026-06-30,7.0042,Nippon,Nippon
IN3720180063,2026-07-15,6.9957,Nippon,Nippon
IN3720180063,2026-07-31,7.0475,Nippon,Nippon (0)
IN3720180063,2026-08-15,6.9204,Nippon,Nippon (0)
IN3720180089,2026-06-30,7.0,ICICI Pru,ICICI Pru; Nippon
IN3720180089,2026-07-15,7.0,ICICI Pru,ICICI Pru; Nippon
IN3720180089,2026-07-31,7.05,ICICI Pru,ICICI Pru (16); Nippon (10)
IN3720180089,2026-08-15,6.92,ICICI Pru,ICICI Pru (16); Nippon (10)
IN3720200051,2026-06-30,7.5953,Aditya Birla,Aditya Birla
IN3720200051,2026-07-31,7.5478,Aditya Birla,Aditya Birla (10)
IN3720220018,2026-06-30,7.5652,Axis,Axis
IN3720220018,2026-07-31,7.539,Axis,Axis (10)
IN3720220018,2026-08-15,7.5337,Axis,Axis (10)
IN3720220042,2026-06-30,7.0736,SBI,SBI
IN3720220042,2026-07-15,7.0942,SBI,SBI
IN3720220042,2026-07-31,7.0844,SBI,SBI (0)
IN3720220042,2026-08-15,7.031,SBI,SBI (0)
IN3720230017,2026-06-30,7.35,HDFC,HDFC
IN3820180070,2026-06-30,5.86,HDFC,HDFC; Aditya Birla
IN3820180070,2026-07-15,5.94,HDFC,HDFC
IN3820180070,2026-07-31,5.9,HDFC,HDFC (5); Aditya Birla (0)
IN3820210018,2026-06-30,5.469,Aditya Birla,Aditya Birla
IN3820210018,2026-07-31,5.3552,Aditya Birla,Aditya Birla (24)
IN3820250030,2026-06-30,7.66,HDFC,HDFC
IN3920250013,2026-06-30,7.54,UTI,UTI
IN3920250013,2026-07-31,7.52,UTI,UTI (7)
IN4520160065,2026-06-30,5.36,HDFC,HDFC; SBI; Aditya Birla; Nippon
IN4520160081,2026-06-30,5.4451,SBI,SBI; Aditya Birla
IN4520160081,2026-07-15,5.4574,SBI,SBI
IN4520160081,2026-07-31,5.3502,SBI,SBI (35); Aditya Birla (15)
IN4520160099,2026-06-30,5.474,SBI,SBI; Aditya Birla
IN4520160099,2026-07-15,5.4951,SBI,SBI
IN4520160099,2026-07-31,5.3726,SBI,SBI (155); Aditya Birla (44)
IN4520160099,2026-08-15,5.3083,SBI,SBI (155)
IN4520160107,2026-06-30,5.63,SBI,SBI; Aditya Birla
IN4520160107,2026-07-15,5.6692,SBI,SBI
IN4520160107,2026-07-31,5.5498,SBI,SBI (15); Aditya Birla (10)
IN4520160107,2026-08-15,5.5065,SBI,SBI (15)
IN4520160115,2026-06-30,5.6601,SBI,SBI; Aditya Birla; Nippon
IN4520160115,2026-07-15,5.7492,SBI,SBI; Nippon
IN4520160115,2026-07-31,5.6148,SBI,SBI (46); Aditya Birla (156); Nippon (10)
IN4520160115,2026-08-15,5.5365,SBI,SBI (46); Nippon (10)
IN4520160149,2026-07-15,7.4103,Nippon,Nippon
IN4520160149,2026-07-31,7.3709,Nippon,Nippon (15)
IN4520160149,2026-08-15,7.3158,Nippon,Nippon (15)
IN4520160156,2026-06-30,5.84,HDFC,HDFC; ICICI Pru
IN4520160156,2026-07-15,5.93,HDFC,HDFC; ICICI Pru
IN4520160156,2026-07-31,5.9,HDFC,HDFC (1); ICICI Pru (56)
IN4520160156,2026-08-15,5.92,ICICI Pru,ICICI Pru (56)
IN4520160206,2026-06-30,6.0025,Nippon,Nippon
IN4520160206,2026-07-15,6.0797,Nippon,Nippon
IN4520160206,2026-07-31,6.0462,Nippon,Nippon (1)
IN4520160206,2026-08-15,6.0643,Nippon,Nippon (11)
IN4520160321,2026-06-30,6.8984,Aditya Birla,Aditya Birla
IN4520160321,2026-07-31,7.0018,Aditya Birla,Aditya Birla (0)
IN4520160339,2026-06-30,7.0594,Aditya Birla,Aditya Birla
IN4520160339,2026-07-31,7.1907,Aditya Birla,Aditya Birla (0)
IN4520160347,2026-06-30,7.2013,Aditya Birla,Aditya Birla
IN4520160347,2026-07-31,7.3001,Aditya Birla,Aditya Birla (0)
IN4520160354,2026-06-30,7.3222,Aditya Birla,Aditya Birla
IN4520160354,2026-07-31,7.3586,Aditya Birla,Aditya Birla (0)
IN4520160362,2026-06-30,7.4587,Aditya Birla,Aditya Birla
IN4520160362,2026-07-31,7.4906,Aditya Birla,Aditya Birla (0)
IN4520190021,2026-06-30,6.0,ICICI Pru,ICICI Pru
IN4520190021,2026-07-15,6.02,ICICI Pru,ICICI Pru
IN4520190021,2026-07-31,6.07,ICICI Pru,ICICI Pru (5)
IN4520190021,2026-08-15,5.99,ICICI Pru,ICICI Pru (5)
IN4520190039,2026-06-30,6.01,ICICI Pru,ICICI Pru
IN4520190039,2026-07-15,6.05,ICICI Pru,ICICI Pru
IN4520190039,2026-07-31,6.1,ICICI Pru,ICICI Pru (3)
IN4520190039,2026-08-15,6.03,ICICI Pru,ICICI Pru (3)
IN4520190062,2026-06-30,6.42,ICICI Pru,ICICI Pru
IN4520190062,2026-07-15,6.36,ICICI Pru,ICICI Pru
IN4520190062,2026-07-31,6.28,ICICI Pru,ICICI Pru (10)
IN4520190062,2026-08-15,6.09,ICICI Pru,ICICI Pru (10)
IN4520190088,2026-06-30,6.42,ICICI Pru,ICICI Pru
IN4520190088,2026-07-15,6.37,ICICI Pru,ICICI Pru
IN4520190088,2026-07-31,6.33,ICICI Pru,ICICI Pru (68)
IN4520190088,2026-08-15,6.11,ICICI Pru,ICICI Pru (68)
IN4520190096,2026-06-30,6.42,ICICI Pru,ICICI Pru
IN4520190096,2026-07-15,6.37,ICICI Pru,ICICI Pru
IN4520190096,2026-07-31,6.33,ICICI Pru,ICICI Pru (20)
IN4520190096,2026-08-15,6.28,ICICI Pru,ICICI Pru (20)
IN4520190104,2026-06-30,6.4151,SBI,SBI; ICICI Pru; Aditya Birla
IN4520190104,2026-07-15,6.3708,SBI,SBI; ICICI Pru
IN4520190104,2026-07-31,6.3346,SBI,SBI (15); ICICI Pru (32); Aditya Birla (5)
IN4520190104,2026-08-15,6.2783,SBI,SBI (15); ICICI Pru (32)
IN4520200028,2026-06-30,7.0674,Aditya Birla,Aditya Birla
IN4520200028,2026-07-31,7.1573,Aditya Birla,Aditya Birla (1)
IN4520200044,2026-06-30,6.7741,Aditya Birla,Aditya Birla
IN4520200044,2026-07-31,6.8455,Aditya Birla,Aditya Birla (20)
IN4520200093,2026-06-30,6.7741,Nippon,Nippon
IN4520200093,2026-07-15,6.8194,Nippon,Nippon
IN4520200093,2026-07-31,6.8455,Nippon,Nippon (98)
IN4520200093,2026-08-15,6.6789,Nippon,Nippon (98)
IN4520210233,2026-06-30,7.5922,Aditya Birla,Aditya Birla
IN4520210233,2026-07-31,7.6017,Aditya Birla,Aditya Birla (40)
IN4520220018,2026-06-30,7.6,ICICI Pru,ICICI Pru
IN4520220018,2026-07-15,7.61,ICICI Pru,ICICI Pru
IN4520220018,2026-07-31,7.61,ICICI Pru,ICICI Pru (52)
IN4520220018,2026-08-15,7.58,ICICI Pru,ICICI Pru (52)
IN4520220034,2026-06-30,7.5922,Aditya Birla,Aditya Birla
IN4520220034,2026-07-31,7.6017,Aditya Birla,Aditya Birla (63)
IN4520220091,2026-06-30,7.5922,Aditya Birla,Aditya Birla
IN4520220091,2026-07-31,7.6017,Aditya Birla,Aditya Birla (78)
IN4520220141,2026-06-30,7.0872,SBI,SBI
IN4520220141,2026-07-15,7.1904,SBI,SBI
IN4520220141,2026-07-31,7.1662,SBI,SBI (35)
IN4520220141,2026-08-15,7.0633,SBI,SBI (36)
IN4520220299,2026-06-30,7.59,ICICI Pru,ICICI Pru
IN4520220299,2026-07-15,7.6,ICICI Pru,ICICI Pru
IN4520220299,2026-07-31,7.6,ICICI Pru,ICICI Pru (41)
IN4520220299,2026-08-15,7.57,ICICI Pru,ICICI Pru (41)
IN4520230488,2026-06-30,7.0461,Nippon,Nippon
IN4520230488,2026-07-15,7.156,Nippon,Nippon
IN4520230488,2026-07-31,7.1461,Nippon,Nippon (14)
IN4520230488,2026-08-15,7.0339,Nippon,Nippon (14)
IN4520240305,2026-06-30,7.6823,Aditya Birla,Aditya Birla
IN4520240305,2026-07-31,7.6768,Aditya Birla,Aditya Birla (1)
IN4520250528,2026-06-30,7.68,ICICI Pru,ICICI Pru
IN4520250528,2026-07-15,7.74,ICICI Pru,ICICI Pru
IN4520250528,2026-07-31,7.71,ICICI Pru,ICICI Pru (284)
IN4520250528,2026-08-15,7.64,ICICI Pru,ICICI Pru (285)
IN4520250569,2026-06-30,7.7055,Axis,Axis
IN4520250569,2026-07-31,7.7629,Axis,Axis (1)
IN4520250569,2026-08-15,7.6952,Axis,Axis (1)
IN4520250684,2026-06-30,7.71,ICICI Pru,ICICI Pru
IN4520250684,2026-07-15,7.8,ICICI Pru,ICICI Pru
IN4520250684,2026-07-31,7.76,ICICI Pru,ICICI Pru (774)
IN4520250684,2026-08-15,7.7,ICICI Pru,ICICI Pru (778)
IN4520260014,2026-06-30,7.7583,Aditya Birla,Aditya Birla
IN4520260014,2026-07-31,7.773,Aditya Birla,Aditya Birla (160)
IN4520260063,2026-06-30,7.67,ICICI Pru,ICICI Pru
IN4520260063,2026-07-15,7.77,ICICI Pru,ICICI Pru
IN4520260063,2026-07-31,7.76,ICICI Pru,ICICI Pru (139)
IN4520260063,2026-08-15,7.67,ICICI Pru,ICICI Pru (140)
IN4520260071,2026-07-31,7.787,Aditya Birla,Aditya Birla (25)
IN4920250250,2026-06-30,7.7239,Aditya Birla,Aditya Birla
IN4920250250,2026-07-31,7.7447,Aditya Birla,Aditya Birla (146)
INE002A07809,2026-06-30,7.3075,Aditya Birla,Aditya Birla
INE002A07809,2026-07-31,7.37,Aditya Birla,Aditya Birla (153)
INE002A08534,2026-06-30,6.98,HDFC,HDFC
INE002A08534,2026-07-15,7.23,HDFC,HDFC
INE002A08534,2026-07-31,7.14,HDFC,HDFC (130)
INE002A08542,2026-06-30,6.98,HDFC,HDFC
INE002A08567,2026-06-30,6.98,HDFC,HDFC
INE002A08567,2026-07-15,7.23,HDFC,HDFC
INE002A08567,2026-07-31,7.14,HDFC,HDFC (155)
INE002A08690,2026-06-30,6.98,HDFC,HDFC
INE002A08690,2026-07-15,7.23,HDFC,HDFC
INE002A08690,2026-07-31,7.14,HDFC,HDFC (26)
INE007N14EQ1,2026-06-30,7.685,Nippon,Nippon
INE007N14EQ1,2026-07-15,7.915,Nippon,Nippon
INE007N14EQ1,2026-07-31,7.9249,Nippon,Nippon (192)
INE007N14EQ1,2026-08-15,7.6849,Nippon,Nippon (192)
INE007N14ES7,2026-06-30,7.69,UTI,UTI
INE007N14ES7,2026-07-31,7.93,UTI,UTI (96)
INE007N14ET5,2026-06-30,7.69,UTI,UTI
INE007N14ET5,2026-07-31,7.93,UTI,UTI (96)
INE007N14EV1,2026-06-30,7.69,UTI,UTI
INE007N14EV1,2026-07-31,7.93,UTI,UTI (120)
INE007N14EW9,2026-06-30,7.69,UTI,UTI
INE007N14EW9,2026-07-31,7.93,UTI,UTI (72)
INE007N14EX7,2026-06-30,7.6849,Nippon,Nippon
INE007N14EX7,2026-07-15,7.915,Nippon,Nippon
INE007N14EX7,2026-07-31,7.925,Nippon,Nippon (96)
INE007N14EX7,2026-08-15,7.6849,Nippon,Nippon (96)
INE007N14FA2,2026-06-30,7.2851,Aditya Birla,Aditya Birla
INE007N14FA2,2026-07-31,6.8977,Aditya Birla,Aditya Birla (200)
INE007N14FF1,2026-06-30,7.29,UTI,UTI
INE007N14FF1,2026-07-31,7.15,UTI,UTI (99)
INE007N14FG9,2026-07-31,7.25,Tata,Tata (99)
INE007N14FG9,2026-08-15,7.1,Tata,Tata (100)
INE007N14FJ3,2026-07-31,7.25,Kotak,Kotak (149)
INE007N14FJ3,2026-08-15,7.1,Kotak,Kotak (149)
INE007N14FL9,2026-07-31,7.15,HDFC,HDFC (99)
INE008A161B2,2026-06-30,6.4898,SBI,SBI
INE008A161B2,2026-07-15,6.6401,SBI,SBI
INE008A161B2,2026-07-31,6.4553,SBI,SBI (298)
INE008A161B2,2026-08-15,6.3303,SBI,SBI (299)
INE008A166B1,2026-06-30,6.5903,Axis,Axis
INE008A168A9,2026-06-30,7.1475,SBI,SBI; ICICI Pru; Axis; Kotak
INE008A168A9,2026-07-15,7.41,SBI,SBI; ICICI Pru
INE008A168A9,2026-07-31,7.185,SBI,SBI (575); ICICI Pru (335); Axis (287); Kotak (287)
INE008A168A9,2026-08-15,6.9,SBI,SBI (577); ICICI Pru (337); Axis (289); Kotak (289)
INE008A168B7,2026-06-30,6.5899,Aditya Birla,Aditya Birla; Nippon
INE008A168B7,2026-07-31,6.4152,Aditya Birla,Aditya Birla (150)
INE008A169B5,2026-07-15,6.64,HDFC,HDFC; Nippon
INE008A169B5,2026-07-31,6.54,HDFC,HDFC (198); Nippon (198); Kotak (495)
INE008A169B5,2026-08-15,6.3299,Nippon,Nippon (199); Kotak (496)
INE00V208124,2026-06-30,7.92,HDFC,HDFC
INE00V208124,2026-07-15,8.13,HDFC,HDFC
INE00V208124,2026-07-31,8.06,HDFC,HDFC (100); Tata (10)
INE00V208124,2026-08-15,8.11,Tata,Tata (35)
INE00V208132,2026-06-30,7.8549,SBI,SBI
INE00V208132,2026-07-15,7.985,SBI,SBI
INE00V208132,2026-07-31,7.9549,SBI,SBI (273); Tata (25)
INE00V208132,2026-08-15,7.7598,SBI,SBI (274); Tata (25)
INE00V208140,2026-06-30,7.995,SBI,SBI
INE00V208140,2026-07-15,8.175,SBI,SBI
INE00V208140,2026-07-31,8.14,SBI,SBI (123)
INE00V208140,2026-08-15,8.17,SBI,SBI (123)
INE010A08149,2026-06-30,7.75,ICICI Pru,ICICI Pru
INE010A08156,2026-06-30,8.63,ICICI Pru,ICICI Pru
INE010A08156,2026-07-15,8.79,ICICI Pru,ICICI Pru
INE010A08156,2026-07-31,8.79,ICICI Pru,ICICI Pru (100)
INE010A08156,2026-08-15,8.6,ICICI Pru,ICICI Pru (100)
INE012I07090,2026-06-30,9.2,ICICI Pru,ICICI Pru
INE012I07090,2026-07-15,9.13,ICICI Pru,ICICI Pru
INE012I07090,2026-07-31,9.06,ICICI Pru,ICICI Pru (99)
INE012I07090,2026-08-15,9.05,ICICI Pru,ICICI Pru (99)
INE012I07108,2026-06-30,9.16,ICICI Pru,ICICI Pru
INE012I07108,2026-07-15,9.02,ICICI Pru,ICICI Pru
INE012I07108,2026-07-31,9.01,ICICI Pru,ICICI Pru (198)
INE012I07108,2026-08-15,8.96,ICICI Pru,ICICI Pru (199)
INE012I07116,2026-06-30,9.0551,SBI,SBI
INE012I07116,2026-07-15,8.9696,SBI,SBI
INE012I07116,2026-07-31,8.9398,SBI,SBI (75)
INE012I07116,2026-08-15,8.825,SBI,SBI (75)
INE012I14SA5,2026-06-30,7.3499,SBI,SBI
INE012I14SA5,2026-07-15,7.485,SBI,SBI
INE012I14SA5,2026-07-31,7.3899,SBI,SBI (248)
INE012I14SA5,2026-08-15,7.201,SBI,SBI (249)
INE012I14SC1,2026-06-30,7.3499,SBI,SBI; ICICI Pru
INE012I14SC1,2026-07-15,7.435,SBI,SBI; ICICI Pru
INE012I14SC1,2026-07-31,7.2399,SBI,SBI (75); ICICI Pru (75)
INE012I14SC1,2026-08-15,7.0563,SBI,SBI (75); ICICI Pru (75)
INE012I14SG2,2026-06-30,8.06,HDFC,HDFC; SBI; ICICI Pru; Aditya Birla
INE012I14SG2,2026-07-15,8.32,HDFC,HDFC; SBI; ICICI Pru
INE012I14SG2,2026-07-31,8.18,HDFC,HDFC (192); SBI (96); ICICI Pru (96); Aditya Birla (24)
INE012I14SG2,2026-08-15,8.0001,SBI,SBI (97); Nippon (97)
INE012I14SL2,2026-06-30,7.4256,Nippon,Nippon
INE012I14SL2,2026-07-15,6.9728,Nippon,Nippon
INE012I14SZ2,2026-08-15,7.75,SBI,SBI (146)
INE013U07010,2026-07-15,9.53,HDFC,HDFC
INE013U07010,2026-07-31,9.37,HDFC,HDFC (100)
INE013U08018,2026-06-30,9.06,HDFC,HDFC
INE013U08018,2026-07-15,9.5,HDFC,HDFC
INE013U08018,2026-07-31,9.27,HDFC,HDFC (100)
INE013U08026,2026-06-30,9.07,HDFC,HDFC
INE016A08021,2026-06-30,7.06,ICICI Pru,ICICI Pru
INE016A08021,2026-07-15,7.34,ICICI Pru,ICICI Pru
INE016A08021,2026-07-31,7.14,ICICI Pru,ICICI Pru (150)
INE016A08021,2026-08-15,6.88,ICICI Pru,ICICI Pru (150)
INE018A08BE9,2026-06-30,6.98,ICICI Pru,ICICI Pru; Axis
INE018A08BE9,2026-07-15,7.25,ICICI Pru,ICICI Pru
INE018A08BE9,2026-07-31,7.23,ICICI Pru,ICICI Pru (10); Axis (126)
INE018A08BE9,2026-08-15,7.11,ICICI Pru,ICICI Pru (10); Axis (126)
INE018A08BF6,2026-06-30,7.1725,Nippon,Nippon; Kotak
INE018A08BF6,2026-07-15,7.3575,Nippon,Nippon
INE018A08BF6,2026-07-31,7.3525,Nippon,Nippon (25); Kotak (275)
INE018A08BF6,2026-08-15,7.2624,Nippon,Nippon (26); Kotak (276)
INE018A14LX6,2026-06-30,6.5061,SBI,SBI; Aditya Birla; Axis
INE018A14LX6,2026-07-15,6.5449,SBI,SBI
INE018A14LX6,2026-07-31,6.4437,SBI,SBI (596); Aditya Birla (447); Axis (547)
INE018A14LX6,2026-08-15,6.2183,SBI,SBI (598); Axis (548)
INE019516108,2026-06-30,7.005,Aditya Birla,Aditya Birla
INE019516108,2026-07-31,7.1501,Aditya Birla,Aditya Birla (196)
INE019516116,2026-06-30,7.01,Kotak,Kotak
INE019516116,2026-07-31,7.16,Kotak,Kotak (146)
INE019516116,2026-08-15,6.86,Kotak,Kotak (147)
INE019516124,2026-07-31,7.28,Tata,Tata (239)
INE019516124,2026-08-15,7.06,Tata,Tata (240)
INE019516132,2026-07-31,7.275,Aditya Birla,Aditya Birla (143)
INE019A08058,2026-06-30,8.33,Aditya Birla,Aditya Birla
INE019A08058,2026-07-31,8.3487,Aditya Birla,Aditya Birla (195)
INE01A207146,2026-06-30,8.39,ICICI Pru,ICICI Pru
INE01A207146,2026-07-15,8.48,ICICI Pru,ICICI Pru
INE01A207146,2026-07-31,8.33,ICICI Pru,ICICI Pru (100)
INE01A207146,2026-08-15,8.01,ICICI Pru,ICICI Pru (100)
INE01A207179,2026-06-30,8.53,HDFC,HDFC
INE01A207179,2026-07-15,8.66,HDFC,HDFC
INE01A207179,2026-07-31,8.52,HDFC,HDFC (50)
INE01A207187,2026-06-30,8.9,HDFC,HDFC
INE01A207187,2026-07-15,8.95,HDFC,HDFC
INE01A207187,2026-07-31,8.92,HDFC,HDFC (75)
INE01A207195,2026-06-30,8.89,HDFC,HDFC
INE01A207195,2026-07-15,8.92,HDFC,HDFC
INE01A207195,2026-07-31,8.92,HDFC,HDFC (100)
INE01A207203,2026-06-30,8.81,HDFC,HDFC
INE01A207203,2026-07-15,8.86,HDFC,HDFC
INE01A207203,2026-07-31,8.87,HDFC,HDFC (75)
INE01AI07025,2026-06-30,9.0527,Nippon,Nippon
INE01AI07025,2026-07-15,9.0284,Nippon,Nippon
INE01AI07025,2026-07-31,9.0323,Nippon,Nippon (10)
INE01AI07025,2026-08-15,8.8751,Nippon,Nippon (10)
INE01AI07033,2026-06-30,9.398,Nippon,Nippon
INE01AI07033,2026-07-15,9.5531,Nippon,Nippon
INE01AI07033,2026-07-31,9.388,Nippon,Nippon (10)
INE01AI07033,2026-08-15,9.0531,Nippon,Nippon (10)
INE01C314EZ4,2026-06-30,6.96,ICICI Pru,ICICI Pru
INE01C314FA4,2026-06-30,6.97,HDFC,HDFC
INE01C314FD8,2026-06-30,6.92,HDFC,HDFC; SBI
INE01C314FD8,2026-07-15,6.38,HDFC,HDFC; SBI
INE01C314FE6,2026-06-30,6.92,HDFC,HDFC; Nippon
INE01C314FE6,2026-07-15,5.18,HDFC,HDFC
INE01C314FF3,2026-06-30,6.92,HDFC,HDFC
INE01C314FF3,2026-07-15,6.56,HDFC,HDFC
INE01C314FG1,2026-06-30,6.9155,Nippon,Nippon
INE01C314FK3,2026-07-15,6.8001,SBI,SBI
INE01C314FK3,2026-07-31,6.5747,SBI,SBI (349)
INE01C314FM9,2026-06-30,6.83,Kotak,Kotak
INE01C314FM9,2026-07-31,6.58,Kotak,Kotak (200)
INE01C314FO5,2026-06-30,6.8275,Nippon,Nippon; Kotak
INE01C314FO5,2026-07-15,6.7996,Nippon,Nippon
INE01C314FO5,2026-07-31,6.575,Nippon,Nippon (80); Kotak (20)
INE01C314FO5,2026-08-15,6.6,ICICI Pru,ICICI Pru (50); Nippon (30)
INE01C314FP2,2026-06-30,6.83,UTI,UTI
INE01C314FQ0,2026-07-31,6.5744,SBI,SBI (199)
INE01C314FQ0,2026-08-15,6.5979,SBI,SBI (75)
INE01C314FZ1,2026-06-30,6.8275,SBI,SBI
INE01C314FZ1,2026-07-15,6.95,SBI,SBI
INE01C314FZ1,2026-07-31,6.84,SBI,SBI (447)
INE01C314FZ1,2026-08-15,6.6898,SBI,SBI (274)
INE01C314GA2,2026-06-30,6.8277,SBI,SBI; ICICI Pru; Aditya Birla
INE01C314GA2,2026-07-15,6.95,SBI,SBI; ICICI Pru
INE01C314GA2,2026-07-31,6.8396,SBI,SBI (298); ICICI Pru (99); Aditya Birla (298)
INE01C314GA2,2026-08-15,6.6898,SBI,SBI (299); ICICI Pru (100)
INE01C314GB0,2026-06-30,6.8279,SBI,SBI; ICICI Pru; Axis
INE01C314GB0,2026-07-15,6.9503,SBI,SBI; ICICI Pru
INE01C314GB0,2026-07-31,6.8399,SBI,SBI (248); ICICI Pru (546); Axis (99)
INE01C314GB0,2026-08-15,6.6903,SBI,SBI (249); ICICI Pru (547); Axis (100)
INE01C314GC8,2026-06-30,6.83,HDFC,HDFC
INE01C314GC8,2026-07-15,6.95,HDFC,HDFC
INE01C314GC8,2026-07-31,6.84,HDFC,HDFC (496)
INE01C314GD6,2026-06-30,6.8275,Axis,Axis; Kotak
INE01C314GD6,2026-07-31,6.84,Axis,Axis (595); Kotak (198)
INE01C314GD6,2026-08-15,6.6902,Axis,Axis (597); Kotak (199)
INE01C314GE4,2026-06-30,6.83,HDFC,HDFC
INE01C314GE4,2026-07-15,6.95,HDFC,HDFC
INE01C314GE4,2026-07-31,6.84,HDFC,HDFC (347)
INE01C314GF1,2026-06-30,6.83,ICICI Pru,ICICI Pru
INE01C314GF1,2026-07-15,6.95,ICICI Pru,ICICI Pru
INE01C314GF1,2026-07-31,6.89,ICICI Pru,ICICI Pru (397)
INE01C314GF1,2026-08-15,6.7,ICICI Pru,ICICI Pru (398)
INE01C314GG9,2026-07-31,6.8903,Aditya Birla,Aditya Birla (297)
INE01C314GI5,2026-07-31,6.89,Axis,Axis (297)
INE01C314GI5,2026-08-15,6.6999,Axis,Axis (298)
INE01C314GL9,2026-07-31,7.38,ICICI Pru,ICICI Pru (24)
INE01C314GL9,2026-08-15,6.89,ICICI Pru,ICICI Pru (25)
INE01C314GM7,2026-07-31,7.3698,Nippon,Nippon (98)
INE01C314GM7,2026-08-15,6.8501,Nippon,Nippon (99)
INE01C314GN5,2026-07-31,7.37,Kotak,Kotak (295)
INE01C314GN5,2026-08-15,6.85,Kotak,Kotak (296)
INE01C314GR6,2026-08-15,6.89,ICICI Pru,ICICI Pru (394)
INE01C314GS4,2026-08-15,6.8899,Nippon,Nippon (99)
INE01C314GT2,2026-08-15,6.9001,SBI,SBI (393)
INE01C314GU0,2026-08-15,6.89,ICICI Pru,ICICI Pru (98)
INE01EQ07095,2026-06-30,10.17,ICICI Pru,ICICI Pru
INE01EQ07095,2026-07-15,10.36,ICICI Pru,ICICI Pru
INE01EQ07095,2026-07-31,10.26,ICICI Pru,ICICI Pru (27)
INE01EQ07095,2026-08-15,9.99,ICICI Pru,ICICI Pru (27)
INE01EQ07103,2026-06-30,10.17,ICICI Pru,ICICI Pru
INE01EQ07103,2026-07-15,10.36,ICICI Pru,ICICI Pru
INE01EQ07103,2026-07-31,10.26,ICICI Pru,ICICI Pru (27)
INE01EQ07103,2026-08-15,9.99,ICICI Pru,ICICI Pru (27)
INE01GA16269,2026-06-30,6.55,Aditya Birla,Aditya Birla
INE01GA16269,2026-07-31,6.45,Aditya Birla,Aditya Birla (249)
INE01GA16277,2026-06-30,6.55,ICICI Pru,ICICI Pru; Aditya Birla; UTI
INE01GA16277,2026-07-15,6.53,ICICI Pru,ICICI Pru
INE01GA16277,2026-07-31,6.47,ICICI Pru,ICICI Pru (497); Aditya Birla (249); UTI (249)
INE01GA16277,2026-08-15,6.27,ICICI Pru,ICICI Pru (499)
INE01GA16285,2026-06-30,6.55,UTI,UTI
INE01GA16285,2026-07-31,6.47,UTI,UTI (498)
INE01GA16285,2026-08-15,6.27,ICICI Pru,ICICI Pru (499)
INE01GA16293,2026-06-30,6.43,ICICI Pru,ICICI Pru; Aditya Birla
INE01GA16293,2026-07-15,6.68,ICICI Pru,ICICI Pru
INE01GA16293,2026-07-31,6.47,ICICI Pru,ICICI Pru (397); Aditya Birla (596)
INE01GA16293,2026-08-15,6.32,ICICI Pru,ICICI Pru (398)
INE01GA16301,2026-06-30,6.4251,SBI,SBI; ICICI Pru
INE01GA16301,2026-07-15,6.6798,SBI,SBI; ICICI Pru
INE01GA16301,2026-07-31,6.5474,SBI,SBI (297); ICICI Pru (198)
INE01GA16301,2026-08-15,6.3161,SBI,SBI (298); ICICI Pru (199)
INE01GA16319,2026-07-15,6.68,HDFC,HDFC; Nippon
INE01GA16319,2026-07-31,6.55,HDFC,HDFC (495); Nippon (124); Kotak (247)
INE01GA16319,2026-08-15,6.3162,Nippon,Nippon (124); Kotak (248)
INE01MM08012,2026-06-30,7.42,Nippon,Nippon
INE01MM08012,2026-07-15,7.6249,Nippon,Nippon
INE01MM08012,2026-07-31,7.5849,Nippon,Nippon (14)
INE01MM08012,2026-08-15,7.5049,Nippon,Nippon (14)
INE01QP08016,2026-06-30,8.3,HDFC,HDFC; SBI; Axis; Nippon; Kotak; UTI
INE01QP08016,2026-07-15,8.39,HDFC,HDFC; SBI; Nippon
INE01QP08016,2026-07-31,8.29,HDFC,"HDFC (1,023); SBI (501); Axis (65); Nippon (251); Kotak (100); UTI (140)"
INE01QP08016,2026-08-15,8.185,SBI,SBI (502); Axis (65); Nippon (251); Kotak (100)
INE01WN07128,2026-06-30,8.2532,SBI,SBI; ICICI Pru
INE01WN07128,2026-07-15,8.265,SBI,SBI; ICICI Pru
INE01WN07128,2026-07-31,8.09,SBI,SBI (554); ICICI Pru (373)
INE01WN07128,2026-08-15,8.09,SBI,SBI (554); ICICI Pru (373)
INE01WN07136,2026-06-30,8.2667,Axis,Axis
INE01WN07136,2026-07-31,8.105,Axis,Axis (29)
INE01WN07136,2026-08-15,8.1099,Axis,Axis (29)
INE01WN14BX7,2026-07-31,7.86,Tata,Tata (385)
INE01WN14BX7,2026-08-15,7.62,Tata,Tata (387)
INE01WN14CA3,2026-06-30,7.2,Kotak,Kotak
INE01WN14CA3,2026-07-31,7.16,Kotak,Kotak (99)
INE01WN14CA3,2026-08-15,6.9,Kotak,Kotak (99)
INE01WN14CB1,2026-06-30,7.2,Kotak,Kotak
INE01WN14CB1,2026-07-31,7.21,Kotak,Kotak (198)
INE01WN14CB1,2026-08-15,6.91,Kotak,Kotak (199)
INE01XX07034,2026-06-30,7.45,HDFC,HDFC; SBI; ICICI Pru; Nippon; Kotak
INE01XX07034,2026-07-15,7.64,HDFC,HDFC; SBI; ICICI Pru; Nippon
INE01XX07034,2026-07-31,7.59,HDFC,HDFC (364); SBI (840); ICICI Pru (412); Nippon (256); Kotak (258)
INE01XX07034,2026-08-15,7.475,SBI,SBI (842); ICICI Pru (413); Nippon (257); Kotak (259)
INE01XX07042,2026-06-30,7.43,HDFC,HDFC; ICICI Pru; Aditya Birla; Axis; Nippon; Kotak
INE01XX07042,2026-07-15,7.64,HDFC,HDFC; ICICI Pru; Nippon
INE01XX07042,2026-07-31,7.57,HDFC,HDFC (262); ICICI Pru (105); Aditya Birla (16); Axis (5); Nippon (44); Kotak (166)
INE01XX07042,2026-08-15,7.46,ICICI Pru,ICICI Pru (105); Axis (5); Nippon (44); Kotak (166)
INE01XX07059,2026-06-30,7.23,HDFC,HDFC; ICICI Pru; Aditya Birla; Axis; Nippon; Kotak
INE01XX07059,2026-07-15,7.69,HDFC,HDFC; ICICI Pru; Nippon
INE01XX07059,2026-07-31,7.51,HDFC,HDFC (374); ICICI Pru (334); Aditya Birla (17); Axis (28); Nippon (69); Kotak (15)
INE01XX07059,2026-08-15,7.11,ICICI Pru,ICICI Pru (334); Axis (28); Nippon (69); Kotak (60)
INE020B08AA3,2026-06-30,6.985,Aditya Birla,Aditya Birla; Nippon; Kotak
INE020B08AA3,2026-07-15,7.1635,Nippon,Nippon
INE020B08AA3,2026-07-31,6.99,Aditya Birla,Aditya Birla (3); Nippon (275); Kotak (30)
INE020B08AA3,2026-08-15,6.6388,Nippon,Nippon (281); Kotak (30)
INE020B08AC9,2026-06-30,6.938,Nippon,Nippon
INE020B08AC9,2026-07-15,7.2139,Nippon,Nippon
INE020B08AC9,2026-07-31,6.9913,Axis,Axis (5); Nippon (40); Kotak (4)
INE020B08AC9,2026-08-15,6.7614,Axis,Axis (5); Nippon (40); Kotak (4)
INE020B08AH8,2026-06-30,7.02,SBI,SBI; ICICI Pru; Aditya Birla; Nippon
INE020B08AH8,2026-07-15,7.275,SBI,SBI; ICICI Pru; Nippon
INE020B08AH8,2026-07-31,7.1499,SBI,SBI (35); ICICI Pru (243); Aditya Birla (60); Nippon (40)
INE020B08AH8,2026-08-15,6.875,SBI,SBI (35); ICICI Pru (296); Nippon (52)
INE020B08AQ9,2026-06-30,7.18,HDFC,HDFC; ICICI Pru; Aditya Birla; Axis; Nippon; Kotak
INE020B08AQ9,2026-07-15,7.28,HDFC,HDFC; ICICI Pru; Nippon
INE020B08AQ9,2026-07-31,7.35,HDFC,HDFC (10); ICICI Pru (25); Aditya Birla (25); Axis (25); Nippon (30); Kotak (25); Tata (83)
INE020B08AQ9,2026-08-15,7.17,ICICI Pru,ICICI Pru (25); Axis (25); Nippon (30); Kotak (25); Tata (84)
INE020B08AX5,2026-06-30,7.08,ICICI Pru,ICICI Pru; Aditya Birla; Nippon; Kotak
INE020B08AX5,2026-07-15,7.28,ICICI Pru,ICICI Pru; Nippon
INE020B08AX5,2026-07-31,7.29,ICICI Pru,ICICI Pru (35); Aditya Birla (86); Nippon (2); Kotak (2)
INE020B08AX5,2026-08-15,7.17,ICICI Pru,ICICI Pru (36); Nippon (2); Kotak (2)
INE020B08AY3,2026-06-30,7.08,Aditya Birla,Aditya Birla; Nippon; Kotak; UTI
INE020B08AY3,2026-07-15,7.2792,Nippon,Nippon
INE020B08AY3,2026-07-31,7.29,Aditya Birla,Aditya Birla (61); Nippon (157); Kotak (86); UTI (2)
INE020B08AY3,2026-08-15,7.1687,Nippon,Nippon (157); Kotak (86)
INE020B08AZ0,2026-06-30,7.08,ICICI Pru,ICICI Pru; UTI
INE020B08AZ0,2026-07-15,7.28,ICICI Pru,ICICI Pru
INE020B08AZ0,2026-07-31,7.29,ICICI Pru,ICICI Pru (71); UTI (1)
INE020B08AZ0,2026-08-15,7.17,ICICI Pru,ICICI Pru (71)
INE020B08BA1,2026-06-30,7.07,Nippon,Nippon
INE020B08BA1,2026-07-15,7.2956,Nippon,Nippon
INE020B08BA1,2026-07-31,7.3,Nippon,Nippon (61)
INE020B08BA1,2026-08-15,7.24,Nippon,Nippon (61)
INE020B08BC7,2026-06-30,7.07,HDFC,HDFC; ICICI Pru; Aditya Birla; Nippon
INE020B08BC7,2026-07-15,7.29,HDFC,HDFC; ICICI Pru; Nippon
INE020B08BC7,2026-07-31,7.3,HDFC,HDFC (155); ICICI Pru (103); Aditya Birla (5); Nippon (103)
INE020B08BC7,2026-08-15,7.24,ICICI Pru,ICICI Pru (103); Nippon (103)
INE020B08BE3,2026-06-30,7.07,HDFC,HDFC; Aditya Birla; Nippon
INE020B08BE3,2026-07-15,7.29,HDFC,HDFC; Nippon
INE020B08BE3,2026-07-31,7.3,HDFC,HDFC (77); Aditya Birla (77); Nippon (387)
INE020B08BE3,2026-08-15,7.24,Nippon,Nippon (387)
INE020B08BG8,2026-06-30,7.07,HDFC,HDFC; ICICI Pru; Aditya Birla; Nippon
INE020B08BG8,2026-07-15,7.3,ICICI Pru,ICICI Pru; Nippon
INE020B08BG8,2026-07-31,7.3,HDFC,HDFC (51); ICICI Pru (35); Aditya Birla (62); Nippon (46)
INE020B08BG8,2026-08-15,7.24,ICICI Pru,ICICI Pru (35); Nippon (46)
INE020B08BH6,2026-06-30,7.07,HDFC,HDFC; Aditya Birla; Nippon
INE020B08BH6,2026-07-15,7.3,HDFC,HDFC; Nippon
INE020B08BH6,2026-07-31,7.3,HDFC,HDFC (31); Aditya Birla (28); Nippon (138)
INE020B08BH6,2026-08-15,7.24,Nippon,Nippon (139)
INE020B08BJ2,2026-06-30,7.06,HDFC,HDFC
INE020B08BJ2,2026-07-15,7.3,HDFC,HDFC
INE020B08BJ2,2026-07-31,7.3,HDFC,HDFC (181)
INE020B08BL8,2026-06-30,7.06,HDFC,HDFC; Nippon
INE020B08BL8,2026-07-15,7.3,HDFC,HDFC; Nippon
INE020B08BL8,2026-07-31,7.3,HDFC,HDFC (57); Nippon (26)
INE020B08BL8,2026-08-15,7.2636,Nippon,Nippon (26)
INE020B08BO2,2026-06-30,7.06,HDFC,HDFC; ICICI Pru; Aditya Birla; Nippon; Kotak
INE020B08BO2,2026-07-15,7.3,HDFC,HDFC; ICICI Pru; Nippon
INE020B08BO2,2026-07-31,7.3,HDFC,HDFC (133); ICICI Pru (8); Aditya Birla (103); Nippon (26); Kotak (1)
INE020B08BO2,2026-08-15,7.26,ICICI Pru,ICICI Pru (8); Nippon (26); Kotak (1)
INE020B08BP9,2026-06-30,7.31,HDFC,HDFC; Kotak
INE020B08BP9,2026-07-15,7.48,HDFC,HDFC
INE020B08BP9,2026-07-31,7.46,HDFC,HDFC (10); Kotak (7)
INE020B08BP9,2026-08-15,7.39,Kotak,Kotak (7)
INE020B08BQ7,2026-06-30,7.05,HDFC,HDFC; ICICI Pru; Aditya Birla
INE020B08BQ7,2026-07-15,7.3,ICICI Pru,ICICI Pru
INE020B08BQ7,2026-07-31,7.31,ICICI Pru,ICICI Pru (26); Aditya Birla (5)
INE020B08BQ7,2026-08-15,7.26,ICICI Pru,ICICI Pru (26)
INE020B08BS3,2026-06-30,7.05,HDFC,HDFC; ICICI Pru; Axis; Nippon
INE020B08BS3,2026-07-15,7.3,ICICI Pru,ICICI Pru; Nippon
INE020B08BS3,2026-07-31,7.31,ICICI Pru,ICICI Pru (59); Axis (5); Nippon (52)
INE020B08BS3,2026-08-15,7.26,ICICI Pru,ICICI Pru (59); Axis (5); Nippon (52)
INE020B08BU9,2026-06-30,7.05,HDFC,HDFC; Nippon; UTI
INE020B08BU9,2026-07-15,7.3,HDFC,HDFC; Nippon
INE020B08BU9,2026-07-31,7.31,HDFC,HDFC (26); Nippon (51); UTI (51)
INE020B08BU9,2026-08-15,7.2635,Nippon,Nippon (51)
INE020B08CI2,2026-06-30,7.11,Kotak,Kotak
INE020B08CI2,2026-07-31,7.305,Axis,Axis (51); Kotak (51)
INE020B08CI2,2026-08-15,7.27,Axis,Axis (51); Kotak (51)
INE020B08CO0,2026-06-30,7.11,HDFC,HDFC
INE020B08CO0,2026-07-15,7.31,HDFC,HDFC
INE020B08CO0,2026-07-31,7.31,HDFC,HDFC (25)
INE020B08CU7,2026-06-30,7.09,Aditya Birla,Aditya Birla
INE020B08CU7,2026-07-31,7.305,Aditya Birla,Aditya Birla (5)
INE020B08CX1,2026-06-30,7.2,HDFC,HDFC
INE020B08CX1,2026-07-15,7.41,HDFC,HDFC
INE020B08CX1,2026-07-31,7.41,HDFC,HDFC (10)
INE020B08DA7,2026-06-30,7.15,HDFC,HDFC; Nippon; Kotak
INE020B08DA7,2026-07-15,7.31,HDFC,HDFC; Nippon
INE020B08DA7,2026-07-31,7.32,HDFC,HDFC (74); Axis (25); Nippon (5); Kotak (49)
INE020B08DA7,2026-08-15,7.29,Axis,Axis (25); Nippon (5); Kotak (49)
INE020B08DI0,2026-06-30,7.15,Axis,Axis; Kotak
INE020B08DI0,2026-07-31,7.3194,Axis,Axis (73); Kotak (190)
INE020B08DI0,2026-08-15,7.29,Kotak,Kotak (190)
INE020B08DO8,2026-06-30,7.35,Axis,Axis
INE020B08DO8,2026-07-31,7.4099,Axis,Axis (9)
INE020B08DO8,2026-08-15,7.4561,Axis,Axis (9)
INE020B08DT7,2026-06-30,7.02,HDFC,HDFC; ICICI Pru; UTI
INE020B08DT7,2026-07-15,7.12,HDFC,HDFC; ICICI Pru
INE020B08DT7,2026-07-31,6.97,HDFC,HDFC (100); ICICI Pru (224); UTI (100); Tata (30)
INE020B08DT7,2026-08-15,6.62,ICICI Pru,ICICI Pru (225)
INE020B08DV3,2026-06-30,7.2198,Aditya Birla,Aditya Birla; Axis
INE020B08DV3,2026-07-31,7.3294,Aditya Birla,Aditya Birla (59)
INE020B08EA5,2026-06-30,7.08,HDFC,HDFC; SBI; ICICI Pru; Aditya Birla; Nippon; Kotak; UTI
INE020B08EA5,2026-07-15,7.29,HDFC,HDFC; SBI; ICICI Pru; Nippon
INE020B08EA5,2026-07-31,7.3,HDFC,HDFC (371); SBI (25); ICICI Pru (50); Aditya Birla (25); Nippon (75); Kotak (161); UTI (25)
INE020B08EA5,2026-08-15,7.1688,SBI,SBI (25); ICICI Pru (50); Nippon (75); Kotak (161)
INE020B08EC1,2026-06-30,7.3,HDFC,HDFC
INE020B08EE7,2026-06-30,7.3,SBI,SBI; Axis
INE020B08EE7,2026-07-15,7.38,SBI,SBI
INE020B08EE7,2026-07-31,7.3494,SBI,SBI (10); Axis (254)
INE020B08EE7,2026-08-15,7.33,SBI,SBI (10); Axis (254)
INE020B08EG2,2026-06-30,7.3,Axis,Axis; Kotak
INE020B08EG2,2026-07-31,7.3494,Axis,Axis (412); Kotak (153)
INE020B08EG2,2026-08-15,7.33,Axis,Axis (412); Kotak (153)
INE020B08EH0,2026-06-30,7.08,HDFC,HDFC; SBI; Aditya Birla; Nippon; Kotak
INE020B08EH0,2026-07-15,7.3,HDFC,HDFC; SBI; Nippon
INE020B08EH0,2026-07-31,7.3,HDFC,HDFC (186); SBI (75); Aditya Birla (191); Nippon (126); Kotak (191)
INE020B08EH0,2026-08-15,7.1687,SBI,SBI (76); Nippon (126); Kotak (192)
INE020B08EI8,2026-06-30,6.95,HDFC,HDFC; SBI; ICICI Pru; Aditya Birla; Axis; Nippon; Kotak
INE020B08EI8,2026-07-15,6.4001,SBI,SBI; ICICI Pru
INE020B08EK4,2026-06-30,7.07,ICICI Pru,ICICI Pru; Aditya Birla; Axis; Nippon; Kotak; UTI
INE020B08EK4,2026-07-15,7.2856,SBI,SBI; ICICI Pru; Nippon
INE020B08EK4,2026-07-31,7.3,SBI,SBI (25); ICICI Pru (501); Aditya Birla (241); Axis (15); Nippon (20); Kotak (30); UTI (50); Tata (50)
INE020B08EK4,2026-08-15,7.18,ICICI Pru,ICICI Pru (578); Axis (65); Nippon (20); Kotak (30)
INE020B08EP3,2026-06-30,6.55,HDFC,HDFC; SBI; ICICI Pru; Aditya Birla; Nippon; Kotak; UTI
INE020B08EP3,2026-07-15,6.77,HDFC,HDFC; SBI; ICICI Pru; Nippon
INE020B08EP3,2026-07-31,6.59,HDFC,HDFC (125); SBI (741); ICICI Pru (25); Aditya Birla (10); Nippon (5); Kotak (10); UTI (100)
INE020B08EP3,2026-08-15,6.5147,SBI,SBI (866); ICICI Pru (25); Nippon (5); Kotak (10)
INE020B08EQ1,2026-06-30,7.3,HDFC,HDFC; Nippon
INE020B08EQ1,2026-07-15,7.38,HDFC,HDFC; Nippon
INE020B08EQ1,2026-07-31,7.35,HDFC,HDFC (51); Nippon (5)
INE020B08EQ1,2026-08-15,7.33,Nippon,Nippon (5)
INE020B08EW9,2026-06-30,7.08,HDFC,HDFC; SBI; ICICI Pru; Aditya Birla; Nippon; Kotak; UTI
INE020B08EW9,2026-07-15,7.25,HDFC,HDFC; SBI; ICICI Pru; Nippon
INE020B08EW9,2026-07-31,7.15,HDFC,HDFC (215); SBI (281); ICICI Pru (776); Aditya Birla (85); Nippon (80); Kotak (200); UTI (175); Tata (25)
INE020B08EW9,2026-08-15,6.8799,SBI,SBI (281); ICICI Pru (827); Nippon (80); Kotak (201); Tata (25)
INE020B08EX7,2026-06-30,7.17,HDFC,HDFC; Aditya Birla; Axis; Nippon; UTI
INE020B08EX7,2026-07-15,7.33,HDFC,HDFC; Nippon
INE020B08EX7,2026-07-31,7.25,HDFC,HDFC (100); Aditya Birla (145); Axis (45); Nippon (250); UTI (125)
INE020B08EX7,2026-08-15,7.09,Axis,Axis (45); Nippon (251)
INE020B08EY5,2026-06-30,7.31,Kotak,Kotak
INE020B08EY5,2026-07-31,7.38,Kotak,Kotak (25)
INE020B08EY5,2026-08-15,7.39,Kotak,Kotak (25)
INE020B08EZ2,2026-07-31,7.38,Tata,Tata (25)
INE020B08EZ2,2026-08-15,7.39,Tata,Tata (25)
INE020B08FA2,2026-06-30,7.17,HDFC,HDFC; ICICI Pru; Aditya Birla; Axis; Nippon; UTI
INE020B08FA2,2026-07-15,7.33,HDFC,HDFC; ICICI Pru; Nippon
INE020B08FA2,2026-07-31,7.3,HDFC,HDFC (175); ICICI Pru (576); Aditya Birla (110); Axis (50); Nippon (290); UTI (25)
INE020B08FA2,2026-08-15,7.09,ICICI Pru,ICICI Pru (577); Axis (50); Nippon (291); Tata (426)
INE020B08FB0,2026-06-30,7.31,HDFC,HDFC
INE020B08FB0,2026-07-15,7.4,HDFC,HDFC
INE020B08FB0,2026-07-31,7.38,HDFC,HDFC (25); Tata (25)
INE020B08FB0,2026-08-15,7.39,Tata,Tata (25)
INE020B08FC8,2026-06-30,6.6498,SBI,SBI; ICICI Pru; Aditya Birla; Axis; UTI
INE020B08FC8,2026-07-15,6.6549,SBI,SBI; ICICI Pru
INE020B08FC8,2026-07-31,6.5051,SBI,SBI (95); ICICI Pru (300); Aditya Birla (45); Axis (570); UTI (250)
INE020B08FC8,2026-08-15,6.4106,SBI,SBI (195); ICICI Pru (300); Axis (470)
INE020B08FD6,2026-06-30,7.05,HDFC,HDFC; ICICI Pru; Aditya Birla; Nippon; Kotak
INE020B08FD6,2026-07-15,7.3,HDFC,HDFC; ICICI Pru; Nippon
INE020B08FD6,2026-07-31,7.31,HDFC,HDFC (126); ICICI Pru (25); Aditya Birla (101); Nippon (75); Kotak (202)
INE020B08FD6,2026-08-15,7.26,ICICI Pru,ICICI Pru (25); Nippon (76); Kotak (202)
INE020B08FE4,2026-06-30,7.305,Aditya Birla,Aditya Birla
INE020B08FE4,2026-07-31,7.38,Aditya Birla,Aditya Birla (5)
INE020B08FF1,2026-06-30,7.19,HDFC,HDFC; SBI; ICICI Pru; Aditya Birla; Axis; Nippon; Kotak; UTI
INE020B08FF1,2026-07-15,7.28,HDFC,HDFC; SBI; ICICI Pru; Nippon
INE020B08FF1,2026-07-31,7.34,HDFC,HDFC (100); SBI (100); ICICI Pru (481); Aditya Birla (441); Axis (56); Nippon (60); Kotak (230); UTI (150)
INE020B08FF1,2026-08-15,7.165,SBI,SBI (100); ICICI Pru (482); Axis (56); Nippon (60); Kotak (231)
INE020B08FH7,2026-06-30,7.01,HDFC,HDFC; ICICI Pru; Aditya Birla; Nippon
INE020B08FH7,2026-07-15,7.11,HDFC,HDFC; ICICI Pru; Nippon
INE020B08FH7,2026-07-31,6.96,HDFC,HDFC (200); ICICI Pru (220); Aditya Birla (474); Axis (5); Nippon (125)
INE020B08FH7,2026-08-15,6.5651,SBI,SBI (150); ICICI Pru (50); Axis (5); Nippon (125)
INE020B08FJ3,2026-06-30,6.92,Kotak,Kotak
INE020B08FJ3,2026-07-31,6.88,Kotak,Kotak (7)
INE020B08FJ3,2026-08-15,6.85,Kotak,Kotak (7)
INE020B08FL9,2026-06-30,7.09,Aditya Birla,Aditya Birla; Axis
INE020B08FL9,2026-07-31,7.305,Aditya Birla,Aditya Birla (325); Axis (50)
INE020B08FL9,2026-08-15,7.28,Axis,Axis (50)
INE020B08FO3,2026-06-30,7.43,HDFC,HDFC
INE020B08FQ8,2026-06-30,7.31,HDFC,HDFC
INE020B08FQ8,2026-07-15,7.44,HDFC,HDFC
INE020B08FQ8,2026-07-31,7.41,HDFC,HDFC (99)
INE020B08FR6,2026-06-30,7.08,HDFC,HDFC; ICICI Pru; Aditya Birla; Kotak; UTI
INE020B08FR6,2026-07-15,7.29,HDFC,HDFC; ICICI Pru
INE020B08FR6,2026-07-31,7.3,HDFC,HDFC (175); ICICI Pru (651); Aditya Birla (70); Nippon (5); Kotak (170); UTI (25)
INE020B08FR6,2026-08-15,7.17,ICICI Pru,ICICI Pru (652); Nippon (5); Kotak (171)
INE020B08FU0,2026-06-30,7.09,HDFC,HDFC; Aditya Birla
INE020B08FU0,2026-07-15,7.31,HDFC,HDFC
INE020B08FU0,2026-07-31,7.31,HDFC,HDFC (123); Aditya Birla (108); Nippon (25)
INE020B08FU0,2026-08-15,7.28,Nippon,Nippon (25)
INE020B08FW6,2026-06-30,7.08,HDFC,HDFC; ICICI Pru; Aditya Birla; Axis; Nippon; Kotak; UTI
INE020B08FW6,2026-07-15,7.28,HDFC,HDFC; SBI; ICICI Pru; Nippon
INE020B08FW6,2026-07-31,7.3,HDFC,HDFC (99); SBI (25); ICICI Pru (554); Aditya Birla (25); Axis (99); Nippon (49); Kotak (148); UTI (25); Tata (148)
INE020B08FW6,2026-08-15,7.16,SBI,SBI (25); ICICI Pru (604); Axis (99); Kotak (149); Tata (198)
INE020B08FX4,2026-06-30,7.08,HDFC,HDFC; SBI; Aditya Birla; Nippon
INE020B08FX4,2026-07-15,7.28,HDFC,HDFC; SBI; Nippon
INE020B08FX4,2026-07-31,7.15,HDFC,HDFC (447); SBI (50); Aditya Birla (25); Nippon (174)
INE020B08FX4,2026-08-15,6.875,SBI,SBI (50); Nippon (174)
INE020B08FY2,2026-06-30,7.0591,Aditya Birla,Aditya Birla; Kotak; UTI
INE020B08FY2,2026-07-31,7.305,Aditya Birla,Aditya Birla (49); Kotak (393); UTI (64)
INE020B08FY2,2026-08-15,7.27,Kotak,Kotak (393)
INE020B08FZ9,2026-06-30,7.2,HDFC,HDFC; SBI; ICICI Pru; Aditya Birla; Axis; Nippon; Kotak
INE020B08FZ9,2026-07-15,7.33,HDFC,HDFC; SBI; ICICI Pru; Nippon
INE020B08FZ9,2026-07-31,7.3,HDFC,HDFC (283); SBI (273); ICICI Pru (571); Aditya Birla (298); Axis (25); Nippon (383); Kotak (313)
INE020B08FZ9,2026-08-15,7.09,SBI,SBI (324); ICICI Pru (572); Axis (25); Nippon (383); Kotak (314)
INE020B08GA0,2026-06-30,7.31,ICICI Pru,ICICI Pru
INE020B08GA0,2026-07-15,7.44,ICICI Pru,ICICI Pru
INE020B08GA0,2026-07-31,7.41,ICICI Pru,ICICI Pru (15)
INE020B08GA0,2026-08-15,7.44,ICICI Pru,ICICI Pru (15)
INE020B08GB8,2026-06-30,7.08,ICICI Pru,ICICI Pru; Aditya Birla; Axis; Kotak
INE020B08GB8,2026-07-15,7.26,SBI,SBI; ICICI Pru
INE020B08GB8,2026-07-31,7.295,SBI,SBI (25); ICICI Pru (149); Aditya Birla (398); Kotak (199); Tata (75)
INE020B08GB8,2026-08-15,7.17,SBI,SBI (25); ICICI Pru (149); Kotak (199); Tata (75)
INE020B08GD4,2026-06-30,7.055,SBI,SBI; Aditya Birla; UTI
INE020B08GD4,2026-07-15,7.305,SBI,SBI
INE020B08GD4,2026-07-31,7.305,SBI,SBI (879); Aditya Birla (141); UTI (94); Tata (150)
INE020B08GD4,2026-08-15,7.2635,SBI,SBI (680); Tata (150)
INE020B08GE2,2026-06-30,7.39,HDFC,HDFC
INE020B08GF9,2026-07-15,7.3,SBI,SBI; Nippon
INE020B08GF9,2026-07-31,7.319,SBI,SBI (199); Aditya Birla (298); Axis (99); Nippon (199)
INE020B08GF9,2026-08-15,7.2933,Nippon,Nippon (199)
INE020B08GG7,2026-07-31,7.3194,SBI,SBI (425); Axis (200); Nippon (75); UTI (50)
INE020B08GG7,2026-08-15,7.2933,SBI,SBI (425); Nippon (75)
INE020B08GI3,2026-08-15,7.2667,Axis,Axis (25); Tata (100)
INE020B14706,2026-06-30,6.3399,SBI,SBI; ICICI Pru; Kotak
INE020B14706,2026-07-15,6.5149,SBI,SBI; ICICI Pru
INE020B14706,2026-07-31,6.4997,SBI,SBI (248); ICICI Pru (149); Aditya Birla (347); Kotak (248)
INE020B14706,2026-08-15,6.3151,SBI,SBI (248); ICICI Pru (149); Kotak (248)
INE020B14714,2026-07-31,6.83,HDFC,HDFC (640); ICICI Pru (492); Kotak (197)
INE020B14714,2026-08-15,6.41,ICICI Pru,ICICI Pru (494); Kotak (198)
INE028A08315,2026-06-30,7.61,HDFC,HDFC
INE028A08315,2026-07-15,7.75,HDFC,HDFC
INE028A08315,2026-07-31,7.75,HDFC,HDFC (30)
INE028A08364,2026-06-30,7.411,Aditya Birla,Aditya Birla
INE028A08364,2026-07-31,7.5149,Aditya Birla,Aditya Birla (45)
INE028A08372,2026-06-30,7.45,Aditya Birla,Aditya Birla
INE028A08372,2026-07-31,7.4546,Aditya Birla,Aditya Birla (49)
INE028A16JF1,2026-06-30,6.1756,Axis,Axis
INE028A16JF1,2026-07-15,6.2281,Nippon,Nippon
INE028A16KC6,2026-06-30,6.15,ICICI Pru,ICICI Pru; Axis; Nippon
INE028A16KC6,2026-07-15,6.5,ICICI Pru,ICICI Pru; Nippon
INE028A16KC6,2026-07-31,6.3845,Axis,Axis (99); Nippon (149)
INE028A16KC6,2026-08-15,6.2057,Axis,Axis (99); Nippon (149)
INE028A16KE2,2026-08-15,6.3299,Nippon,Nippon (49)
INE028A16KH5,2026-06-30,6.7001,SBI,SBI; Kotak
INE028A16KH5,2026-07-31,6.84,Kotak,Kotak (25)
INE028A16KH5,2026-08-15,6.3597,SBI,"SBI (1,479)"
INE028A16KI3,2026-06-30,6.7125,SBI,SBI; Aditya Birla; Nippon
INE028A16KI3,2026-07-15,6.9998,SBI,SBI; Nippon
INE028A16KI3,2026-07-31,6.8412,SBI,SBI (74); Aditya Birla (246); Axis (25); Nippon (74); Tata (908)
INE028A16KI3,2026-08-15,6.36,SBI,SBI (74); Axis (25); Nippon (74)
INE028A16KK9,2026-06-30,6.7,SBI,SBI; ICICI Pru; Aditya Birla
INE028A16KK9,2026-07-15,7.0,SBI,SBI; ICICI Pru
INE028A16KK9,2026-07-31,6.8413,SBI,SBI (98); ICICI Pru (24); Aditya Birla (612); Tata (24)
INE028A16KK9,2026-08-15,6.4665,SBI,SBI (98); ICICI Pru (25); Tata (25)
INE028A16KO1,2026-06-30,6.7,SBI,SBI; Aditya Birla; Axis; Kotak
INE028A16KO1,2026-07-15,7.0,SBI,SBI
INE028A16KO1,2026-07-31,6.8423,SBI,SBI (73); Aditya Birla (513); Axis (293)
INE028A16KO1,2026-08-15,6.5501,SBI,SBI (98); Axis (294)
INE028A16KT0,2026-06-30,6.7,Aditya Birla,Aditya Birla
INE028A16KT0,2026-07-31,6.8412,Aditya Birla,Aditya Birla (20); Nippon (24)
INE028A16KT0,2026-08-15,6.5516,Nippon,Nippon (24)
INE028A16KW4,2026-06-30,6.71,SBI,SBI; ICICI Pru; Aditya Birla; Axis; Nippon
INE028A16KW4,2026-07-15,7.0326,SBI,SBI; Nippon
INE028A16KW4,2026-07-31,6.8412,SBI,SBI (49); Aditya Birla (146); Axis (24); Nippon (24)
INE028A16KW4,2026-08-15,6.5499,SBI,SBI (49); Axis (24); Nippon (24)
INE028A16KX2,2026-06-30,6.78,HDFC,HDFC; Axis; Nippon; Kotak
INE028A16KX2,2026-07-15,7.12,HDFC,HDFC; Nippon
INE028A16KX2,2026-07-31,6.9,HDFC,HDFC (316); Axis (5); Kotak (63)
INE028A16KX2,2026-08-15,6.6699,Axis,Axis (5)
INE028A16KY0,2026-06-30,6.78,HDFC,HDFC; ICICI Pru; Nippon
INE028A16KY0,2026-07-15,7.12,HDFC,HDFC; ICICI Pru; Nippon
INE028A16KY0,2026-07-31,6.9,HDFC,HDFC (194); ICICI Pru (728); Nippon (194)
INE028A16KY0,2026-08-15,6.66,ICICI Pru,ICICI Pru (731); Nippon (195)
INE028A16KZ7,2026-06-30,6.76,HDFC,HDFC; Axis; Kotak
INE028A16KZ7,2026-07-15,7.12,HDFC,HDFC
INE028A16KZ7,2026-07-31,6.9,HDFC,HDFC (728); Aditya Birla (24); Axis (146); Kotak (97)
INE028A16KZ7,2026-08-15,6.6801,SBI,SBI (195); Axis (146)
INE028A16LC4,2026-06-30,6.7849,Axis,Axis; Nippon
INE028A16LC4,2026-07-15,7.12,ICICI Pru,ICICI Pru; Nippon
INE028A16LC4,2026-07-31,6.9,ICICI Pru,ICICI Pru (97); Axis (484); Nippon (24)
INE028A16LC4,2026-08-15,6.67,ICICI Pru,ICICI Pru (97); Axis (243); Nippon (24)
INE028A16LD2,2026-06-30,6.79,HDFC,HDFC; SBI; ICICI Pru; Aditya Birla; Axis; Nippon
INE028A16LD2,2026-07-15,7.12,HDFC,HDFC; SBI; ICICI Pru; Nippon
INE028A16LD2,2026-07-31,6.9,HDFC,"HDFC (194); SBI (116); ICICI Pru (1,524); Aditya Birla (145); Axis (179); Nippon (5)"
INE028A16LD2,2026-08-15,6.672,SBI,"SBI (117); ICICI Pru (1,287); Axis (228); Nippon (5); Kotak (97)"
INE028A16LE0,2026-06-30,6.79,HDFC,HDFC; SBI; ICICI Pru; Aditya Birla; Axis; Nippon; Kotak
INE028A16LE0,2026-07-15,7.12,SBI,SBI; ICICI Pru; Nippon
INE028A16LE0,2026-07-31,6.8951,SBI,SBI (242); ICICI Pru (483); Aditya Birla (72); Axis (97); Nippon (193); Kotak (314)
INE028A16LE0,2026-08-15,6.6751,SBI,SBI (242); ICICI Pru (485); Axis (145); Nippon (170); Kotak (315)
INE028A16LF7,2026-06-30,6.8,HDFC,HDFC; ICICI Pru; Axis; Kotak
INE028A16LF7,2026-07-15,7.12,HDFC,HDFC; ICICI Pru
INE028A16LF7,2026-07-31,6.9,HDFC,HDFC (106); ICICI Pru (541); Axis (174); Kotak (169)
INE028A16LF7,2026-08-15,6.68,ICICI Pru,ICICI Pru (494); Axis (126); Nippon (24); Kotak (170)
INE028A16LG5,2026-06-30,6.7901,SBI,SBI; Axis; Nippon
INE028A16LG5,2026-07-15,7.12,ICICI Pru,ICICI Pru; Nippon
INE028A16LG5,2026-07-31,6.8951,SBI,SBI (145); ICICI Pru (145); Axis (348); Nippon (5)
INE028A16LG5,2026-08-15,6.6751,SBI,SBI (145); ICICI Pru (145); Axis (349); Nippon (5)
INE028A16LH3,2026-06-30,6.79,HDFC,HDFC; SBI; ICICI Pru; Axis; Kotak
INE028A16LH3,2026-07-15,7.12,HDFC,HDFC; SBI; ICICI Pru
INE028A16LH3,2026-07-31,6.9,HDFC,HDFC (48); SBI (72); ICICI Pru (48); Axis (121); Kotak (869)
INE028A16LH3,2026-08-15,6.675,SBI,SBI (73); ICICI Pru (48); Axis (121); Kotak (872)
INE028A16LI1,2026-06-30,6.79,HDFC,HDFC; SBI; ICICI Pru; Aditya Birla; Axis; Kotak
INE028A16LI1,2026-07-15,7.12,HDFC,HDFC; SBI; ICICI Pru
INE028A16LI1,2026-07-31,6.9,HDFC,HDFC (72); SBI (627); ICICI Pru (241); Aditya Birla (410); Axis (24); Kotak (386)
INE028A16LI1,2026-08-15,6.6751,SBI,SBI (629); ICICI Pru (242); Axis (24); Kotak (387)
INE028A16LL5,2026-08-15,6.5701,Axis,Axis (195)
INE028A16LO9,2026-06-30,6.19,HDFC,HDFC; Kotak
INE028A16LO9,2026-07-31,6.32,Kotak,Kotak (99)
INE028A16LR2,2026-06-30,6.78,HDFC,HDFC; SBI
INE028A16LR2,2026-07-15,7.12,HDFC,HDFC; SBI; ICICI Pru
INE028A16LR2,2026-07-31,6.91,HDFC,HDFC (48); SBI (869); ICICI Pru (96); Kotak (24); Tata (192)
INE028A16LR2,2026-08-15,6.675,SBI,SBI (873); ICICI Pru (96); Axis (145); Nippon (96); Kotak (24); Tata (96)
INE028A16LS0,2026-06-30,6.775,SBI,SBI; ICICI Pru; Aditya Birla; Nippon; Kotak
INE028A16LS0,2026-07-15,7.12,HDFC,HDFC; SBI; ICICI Pru; Nippon
INE028A16LS0,2026-07-31,6.9,HDFC,HDFC (72); SBI (552); ICICI Pru (168); Aditya Birla (192); Nippon (216); Kotak (96)
INE028A16LS0,2026-08-15,6.675,SBI,SBI (554); ICICI Pru (169); Nippon (217); Kotak (96)
INE028A16LW2,2026-06-30,6.7751,SBI,SBI; ICICI Pru; Kotak
INE028A16LW2,2026-07-15,7.1201,SBI,SBI; ICICI Pru
INE028A16LW2,2026-07-31,6.89,HDFC,HDFC (48); SBI (240); ICICI Pru (120); Aditya Birla (48); Kotak (48)
INE028A16LW2,2026-08-15,6.675,SBI,SBI (241); ICICI Pru (120); Kotak (48)
INE028A16MA6,2026-06-30,6.17,Kotak,Kotak
INE028A16MB4,2026-06-30,6.1748,SBI,SBI; Axis
INE028A16MB4,2026-07-15,6.0539,SBI,SBI
INE028A16MC2,2026-06-30,6.38,Kotak,Kotak
INE028A16MD0,2026-06-30,6.38,ICICI Pru,ICICI Pru; Aditya Birla; Axis; Nippon
INE028A16MD0,2026-07-15,6.29,HDFC,HDFC; Nippon
INE028A16MD0,2026-07-31,6.2999,Aditya Birla,Aditya Birla (250)
INE028A16ME8,2026-06-30,6.3751,Aditya Birla,Aditya Birla
INE028A16MH1,2026-06-30,6.17,ICICI Pru,ICICI Pru
INE028A16MH1,2026-07-15,6.05,ICICI Pru,ICICI Pru
INE028A16MI9,2026-06-30,6.4,HDFC,HDFC; SBI; ICICI Pru; Axis; Nippon; Kotak
INE028A16MI9,2026-07-15,6.35,HDFC,HDFC; SBI; ICICI Pru; Nippon
INE028A16MI9,2026-07-31,6.2996,SBI,SBI (199); Kotak (648)
INE028A16MI9,2026-08-15,6.1864,SBI,SBI (200)
INE028A16MK5,2026-06-30,6.3751,SBI,SBI; ICICI Pru; Aditya Birla; Axis
INE028A16MK5,2026-07-15,6.3498,SBI,SBI; ICICI Pru
INE028A16MK5,2026-07-31,6.2997,SBI,SBI (349); Aditya Birla (498)
INE028A16MK5,2026-08-15,6.186,SBI,SBI (350)
INE028A16ML3,2026-06-30,6.38,HDFC,HDFC; Aditya Birla; Nippon; Kotak
INE028A16ML3,2026-07-15,6.35,HDFC,HDFC; Nippon
INE028A16ML3,2026-07-31,6.2994,Aditya Birla,Aditya Birla (747); Nippon (349); Kotak (249)
INE028A16ML3,2026-08-15,6.186,Nippon,Nippon (50); Kotak (50)
INE028A16MM1,2026-06-30,6.23,ICICI Pru,ICICI Pru; Axis; Kotak
INE028A16MM1,2026-07-15,6.54,ICICI Pru,ICICI Pru
INE028A16MM1,2026-07-31,6.31,ICICI Pru,ICICI Pru (746); Kotak (124); Tata (771)
INE028A16MM1,2026-08-15,6.199,SBI,SBI (125); ICICI Pru (549); Nippon (25); Tata (449)
INE028A16MN9,2026-06-30,6.19,HDFC,HDFC
INE028A16MN9,2026-07-15,6.5,HDFC,HDFC
INE028A16MN9,2026-07-31,6.32,HDFC,HDFC (249)
INE028A16MO7,2026-06-30,6.19,HDFC,HDFC; SBI; Axis; Nippon
INE028A16MO7,2026-07-15,6.5,HDFC,HDFC; SBI; Nippon
INE028A16MO7,2026-07-31,6.32,HDFC,"HDFC (1,491); SBI (249); Axis (497); Nippon (398)"
INE028A16MO7,2026-08-15,6.1806,SBI,SBI (449); Nippon (100)
INE028A16MP4,2026-06-30,6.19,SBI,SBI; ICICI Pru; Aditya Birla; Axis; Nippon
INE028A16MP4,2026-07-15,6.5027,SBI,SBI; ICICI Pru; Nippon
INE028A16MP4,2026-07-31,6.3152,SBI,SBI (248); ICICI Pru (248); Aditya Birla (497); Axis (124); Nippon (199)
INE028A16MP4,2026-08-15,6.1949,SBI,SBI (249); ICICI Pru (249); Axis (125); Nippon (199)
INE028A16MQ2,2026-06-30,6.7,HDFC,HDFC; ICICI Pru; Aditya Birla; Nippon; Kotak
INE028A16MQ2,2026-07-15,7.05,HDFC,HDFC; SBI; ICICI Pru; Nippon
INE028A16MQ2,2026-07-31,6.84,HDFC,HDFC (73); SBI (24); ICICI Pru (24); Aditya Birla (49); Axis (49); Nippon (239); Kotak (98)
INE028A16MQ2,2026-08-15,6.55,SBI,SBI (25); ICICI Pru (25); Nippon (167); Kotak (98)
INE028A16MR0,2026-06-30,6.19,HDFC,HDFC; SBI; ICICI Pru
INE028A16MR0,2026-07-15,6.51,HDFC,HDFC; SBI; ICICI Pru
INE028A16MR0,2026-07-31,6.32,HDFC,"HDFC (1,688); SBI (1,489); ICICI Pru (199)"
INE028A16MR0,2026-08-15,6.2,SBI,SBI (697); ICICI Pru (199)
INE028A16MS8,2026-06-30,6.1901,SBI,SBI; ICICI Pru; Kotak
INE028A16MS8,2026-07-15,6.5026,SBI,SBI; ICICI Pru
INE028A16MS8,2026-07-31,6.315,SBI,"SBI (1,488); ICICI Pru (198); Kotak (248); Tata (198)"
INE028A16MS8,2026-08-15,6.2061,SBI,"SBI (1,492); ICICI Pru (199); Kotak (249); Tata (199)"
INE028A16MV2,2026-07-15,7.235,SBI,SBI; Nippon
INE028A16MV2,2026-07-31,7.07,SBI,SBI (188); Nippon (188)
INE028A16MV2,2026-08-15,6.91,SBI,SBI (189); Nippon (260)
INE028A16MW0,2026-08-15,6.36,SBI,SBI (739); ICICI Pru (493); Axis (493); Kotak (246)
INE028E14UV2,2026-06-30,7.2537,Axis,Axis
INE028E14VB2,2026-06-30,7.2662,Nippon,Nippon
INE028E14VB2,2026-07-15,7.5474,Nippon,Nippon
INE028E14VB2,2026-07-31,7.415,Nippon,Nippon (192)
INE028E14VB2,2026-08-15,7.1651,Nippon,Nippon (193)
INE028E14VC0,2026-06-30,7.27,HDFC,HDFC
INE028E14VC0,2026-07-15,7.55,HDFC,HDFC
INE028E14VC0,2026-07-31,7.42,HDFC,HDFC (336)
INE028E14VT4,2026-06-30,6.8597,Aditya Birla,Aditya Birla; UTI
INE028E14VT4,2026-07-31,6.5644,Aditya Birla,Aditya Birla (100)
INE028E14VV0,2026-06-30,6.84,ICICI Pru,ICICI Pru
INE028E14VX6,2026-06-30,6.8599,Nippon,Nippon
INE028E14VZ1,2026-06-30,6.8393,SBI,SBI
INE028E14WF1,2026-06-30,6.86,ICICI Pru,ICICI Pru
INE028E14WF1,2026-07-15,6.82,ICICI Pru,ICICI Pru
INE028E14WF1,2026-07-31,6.56,ICICI Pru,ICICI Pru (499)
INE028E14WG9,2026-06-30,6.86,HDFC,HDFC
INE028E14WG9,2026-07-15,6.83,HDFC,HDFC
INE028E14WG9,2026-07-31,6.57,HDFC,HDFC (100)
INE028E14WH7,2026-06-30,6.86,HDFC,HDFC
INE028E14WH7,2026-07-15,6.85,HDFC,HDFC
INE028E14WH7,2026-07-31,6.57,HDFC,HDFC (748)
INE028E14WI5,2026-06-30,6.86,ICICI Pru,ICICI Pru
INE028E14WI5,2026-07-15,6.85,ICICI Pru,ICICI Pru
INE028E14WI5,2026-07-31,6.56,ICICI Pru,ICICI Pru (249)
INE028E14WJ3,2026-06-30,6.86,UTI,UTI
INE028E14WJ3,2026-07-31,6.57,UTI,UTI (199)
INE028E14WK1,2026-06-30,6.86,HDFC,HDFC
INE028E14WK1,2026-07-15,6.85,HDFC,HDFC
INE028E14WK1,2026-07-31,6.57,HDFC,HDFC (149)
INE028E14WN5,2026-06-30,6.86,ICICI Pru,ICICI Pru; Axis; UTI
INE028E14WN5,2026-07-15,6.85,ICICI Pru,ICICI Pru
INE028E14WN5,2026-07-31,6.65,ICICI Pru,ICICI Pru (100); Axis (249); UTI (299)
INE028E14WN5,2026-08-15,6.57,ICICI Pru,ICICI Pru (100); Axis (250)
INE028E14WP0,2026-06-30,6.86,ICICI Pru,ICICI Pru
INE028E14WP0,2026-07-15,6.85,ICICI Pru,ICICI Pru
INE028E14WP0,2026-07-31,6.65,ICICI Pru,ICICI Pru (448)
INE028E14WP0,2026-08-15,6.57,ICICI Pru,ICICI Pru (449)
INE028E14WQ8,2026-06-30,6.8602,SBI,SBI
INE028E14WQ8,2026-07-15,6.85,SBI,SBI
INE028E14WQ8,2026-07-31,6.6647,SBI,SBI (298); Tata (597)
INE028E14WQ8,2026-08-15,6.6,SBI,SBI (299); Tata (598)
INE028E14WT2,2026-06-30,6.86,UTI,UTI
INE028E14WT2,2026-07-31,6.83,UTI,UTI (348)
INE028E14WU0,2026-06-30,6.86,SBI,SBI
INE028E14WU0,2026-07-15,6.9,SBI,SBI
INE028E14WU0,2026-07-31,6.8298,SBI,SBI (298)
INE028E14WU0,2026-08-15,6.675,SBI,SBI (299)
INE028E14WW6,2026-06-30,6.86,Nippon,Nippon; UTI
INE028E14WW6,2026-07-15,6.9,Nippon,Nippon
INE028E14WW6,2026-07-31,6.83,Nippon,Nippon (248); UTI (75)
INE028E14WW6,2026-08-15,6.6748,Nippon,Nippon (249)
INE028E14WX4,2026-06-30,6.86,HDFC,HDFC
INE028E14WX4,2026-07-15,6.9,HDFC,HDFC
INE028E14WX4,2026-07-31,6.83,HDFC,HDFC (695)
INE028E14WY2,2026-06-30,6.8601,Axis,Axis
INE028E14WY2,2026-07-31,6.8296,Axis,Axis (596)
INE028E14WY2,2026-08-15,6.6752,Axis,Axis (597)
INE028E14WZ9,2026-06-30,6.8598,Aditya Birla,Aditya Birla; Axis
INE028E14WZ9,2026-07-31,6.8302,Aditya Birla,Aditya Birla (248); Axis (149)
INE028E14WZ9,2026-08-15,6.6756,Axis,Axis (149)
INE028E14XA0,2026-06-30,6.8601,SBI,SBI; ICICI Pru
INE028E14XA0,2026-07-15,6.8997,SBI,SBI; ICICI Pru
INE028E14XA0,2026-07-31,6.8303,SBI,SBI (248); ICICI Pru (397)
INE028E14XA0,2026-08-15,6.6753,SBI,SBI (249); ICICI Pru (398)
INE028E14XB8,2026-06-30,6.8599,SBI,SBI
INE028E14XB8,2026-07-15,6.9502,SBI,SBI
INE028E14XB8,2026-07-31,6.8298,SBI,SBI (496)
INE028E14XB8,2026-08-15,6.6745,SBI,SBI (348)
INE028E14XC6,2026-06-30,6.8598,SBI,SBI; ICICI Pru
INE028E14XC6,2026-07-15,6.9502,SBI,SBI; ICICI Pru
INE028E14XC6,2026-07-31,6.8803,SBI,SBI (496); ICICI Pru (248)
INE028E14XC6,2026-08-15,6.6849,SBI,SBI (497); ICICI Pru (249)
INE028E14XE2,2026-06-30,6.86,SBI,SBI
INE028E14XE2,2026-07-15,6.95,SBI,SBI
INE028E14XE2,2026-07-31,6.88,SBI,SBI (297)
INE028E14XE2,2026-08-15,6.6848,SBI,SBI (298)
INE028E14XM5,2026-08-15,6.88,SBI,SBI (296)
INE028E14XO1,2026-08-15,6.88,ICICI Pru,ICICI Pru (492)
INE029A14BV8,2026-07-31,6.49,UTI,UTI (198)
INE029A14BW6,2026-07-15,6.3846,SBI,SBI
INE029A14BW6,2026-07-31,6.1777,SBI,SBI (550); Aditya Birla (900)
INE029A14BX4,2026-08-15,6.37,ICICI Pru,ICICI Pru (492); Axis (492); Nippon (246); Tata (492)
INE02FN14739,2026-06-30,7.61,UTI,UTI
INE02FN14739,2026-07-31,7.59,UTI,UTI (73)
INE02FN14788,2026-06-30,7.61,HDFC,HDFC; UTI
INE02FN14788,2026-07-15,7.73,HDFC,HDFC
INE02FN14788,2026-07-31,7.6,HDFC,HDFC (192); UTI (96)
INE02FN14838,2026-06-30,7.61,Nippon,Nippon
INE02FN14838,2026-07-15,7.725,Nippon,Nippon
INE02FN14838,2026-07-31,7.59,Nippon,Nippon (239)
INE02FN14838,2026-08-15,7.39,Nippon,Nippon (240)
INE02FN14846,2026-06-30,7.61,HDFC,HDFC
INE02FN14846,2026-07-15,7.73,HDFC,HDFC
INE02FN14846,2026-07-31,7.6,HDFC,HDFC (143); Tata (382)
INE02FN14846,2026-08-15,7.39,Tata,Tata (384)
INE02FN14853,2026-06-30,7.61,ICICI Pru,ICICI Pru; UTI
INE02FN14853,2026-07-15,7.73,ICICI Pru,ICICI Pru
INE02FN14853,2026-07-31,7.59,ICICI Pru,ICICI Pru (72); UTI (191)
INE02FN14853,2026-08-15,7.39,ICICI Pru,ICICI Pru (72)
INE02FN14879,2026-06-30,7.05,UTI,UTI
INE02FN14879,2026-07-31,6.7,UTI,UTI (100)
INE02FN14895,2026-06-30,7.0499,Axis,Axis; Nippon
INE02FN14895,2026-07-15,7.0497,Nippon,Nippon
INE02FN14895,2026-07-31,6.8003,Axis,Axis (299); Nippon (174)
INE02FN14895,2026-08-15,6.6559,Axis,Axis (300); Nippon (175)
INE02FN14903,2026-06-30,7.05,HDFC,HDFC; UTI
INE02FN14903,2026-07-15,7.05,HDFC,HDFC
INE02FN14903,2026-07-31,6.8,HDFC,HDFC (149); UTI (199)
INE02FN14929,2026-06-30,7.0499,SBI,SBI
INE02FN14929,2026-07-15,7.0999,SBI,SBI
INE02FN14929,2026-07-31,6.9499,SBI,SBI (298)
INE02FN14929,2026-08-15,6.8001,SBI,SBI (299)
INE02FN14937,2026-06-30,7.0499,SBI,SBI; Kotak
INE02FN14937,2026-07-15,7.1,SBI,SBI
INE02FN14937,2026-07-31,6.9496,SBI,SBI (199); Kotak (199)
INE02FN14937,2026-08-15,6.7996,SBI,SBI (199); Kotak (199)
INE02FN14945,2026-06-30,7.0499,SBI,SBI; Nippon
INE02FN14945,2026-07-15,7.1001,SBI,SBI; Nippon
INE02FN14945,2026-07-31,6.9499,SBI,SBI (124); Nippon (74)
INE02FN14945,2026-08-15,6.8006,SBI,SBI (124); Nippon (75)
INE02JD14757,2026-06-30,7.24,ICICI Pru,ICICI Pru; Axis
INE02JD14757,2026-07-15,7.5,ICICI Pru,ICICI Pru
INE02JD14757,2026-07-31,7.28,ICICI Pru,ICICI Pru (96); Axis (144)
INE02JD14757,2026-08-15,7.16,ICICI Pru,ICICI Pru (96); Axis (145)
INE02JD14765,2026-06-30,7.235,Aditya Birla,Aditya Birla
INE02JD14765,2026-07-31,7.275,Aditya Birla,Aditya Birla (96)
INE02JD14773,2026-06-30,7.235,Aditya Birla,Aditya Birla
INE02JD14773,2026-07-31,7.2751,Aditya Birla,Aditya Birla (192)
INE02JD14815,2026-06-30,7.235,SBI,SBI
INE02JD14815,2026-07-15,7.5,SBI,SBI
INE02JD14815,2026-07-31,7.275,SBI,SBI (143)
INE02JD14815,2026-08-15,7.1599,SBI,SBI (144)
INE02JD14856,2026-06-30,6.6276,Aditya Birla,Aditya Birla
INE02JD14856,2026-07-31,6.5125,Aditya Birla,Aditya Birla (100)
INE02JD14872,2026-06-30,6.5374,Nippon,Nippon
INE02JD14872,2026-07-15,6.7274,Nippon,Nippon
INE02JD14872,2026-07-31,6.6926,Nippon,Nippon (198)
INE02JD14872,2026-08-15,6.4671,Nippon,Nippon (199)
INE02KN07022,2026-06-30,7.58,Axis,Axis; Kotak
INE02KN07022,2026-07-31,7.6499,Axis,Axis (25); Kotak (5)
INE02KN07022,2026-08-15,7.4,Axis,Axis (25); Kotak (5)
INE02KN14671,2026-06-30,7.49,ICICI Pru,ICICI Pru; Axis
INE02KN14671,2026-07-15,7.72,ICICI Pru,ICICI Pru
INE02KN14671,2026-07-31,7.58,ICICI Pru,ICICI Pru (336); Axis (144)
INE02KN14671,2026-08-15,7.34,ICICI Pru,ICICI Pru (337); Axis (145)
INE02KN14713,2026-06-30,7.0373,Aditya Birla,Aditya Birla
INE02KN14713,2026-07-31,7.0224,Aditya Birla,Aditya Birla (199)
INE02KN14721,2026-06-30,7.0374,SBI,SBI; Aditya Birla
INE02KN14721,2026-07-15,7.1723,SBI,SBI
INE02KN14721,2026-07-31,7.0225,SBI,SBI (248); Aditya Birla (50)
INE02KN14721,2026-08-15,6.7922,SBI,SBI (249)
INE02KN14739,2026-06-30,7.0376,SBI,SBI; ICICI Pru; Kotak
INE02KN14739,2026-07-15,7.1722,SBI,SBI; ICICI Pru
INE02KN14739,2026-07-31,7.0224,SBI,SBI (347); ICICI Pru (173); Kotak (74)
INE02KN14739,2026-08-15,6.7926,SBI,SBI (348); ICICI Pru (174); Kotak (75)
INE02KN14747,2026-06-30,7.04,ICICI Pru,ICICI Pru
INE02KN14747,2026-07-15,7.17,ICICI Pru,ICICI Pru
INE02KN14747,2026-07-31,7.07,ICICI Pru,ICICI Pru (124)
INE02KN14747,2026-08-15,6.8,ICICI Pru,ICICI Pru (124)
INE02KN14770,2026-08-15,7.0002,SBI,SBI (197)
INE02PE08036,2026-06-30,8.13,HDFC,HDFC; SBI; ICICI Pru; Aditya Birla; Axis; Nippon; Kotak; UTI
INE02PE08036,2026-07-15,8.37,HDFC,HDFC; SBI; ICICI Pru; Nippon
INE02PE08036,2026-07-31,8.32,HDFC,"HDFC (1,075); SBI (940); ICICI Pru (1,112); Aditya Birla (853); Axis (279); Nippon (113); Kotak (752); UTI (38)"
INE02PE08036,2026-08-15,8.185,SBI,"SBI (946); ICICI Pru (1,119); Axis (308); Nippon (114); Kotak (757)"
INE031A08616,2026-06-30,7.15,HDFC,HDFC
INE031A08616,2026-07-31,7.36,ICICI Pru,ICICI Pru (10)
INE031A08616,2026-08-15,7.23,ICICI Pru,ICICI Pru (10)
INE031A08624,2026-06-30,7.1435,Aditya Birla,Aditya Birla
INE031A08624,2026-07-31,7.3556,Aditya Birla,Aditya Birla (62)
INE031A08681,2026-06-30,7.2636,Aditya Birla,Aditya Birla
INE031A08681,2026-07-31,7.3564,Aditya Birla,Aditya Birla (21)
INE031A08699,2026-06-30,7.27,HDFC,HDFC
INE031A08699,2026-07-15,7.33,HDFC,HDFC
INE031A08699,2026-07-31,7.36,HDFC,HDFC (175)
INE031A08707,2026-06-30,7.27,HDFC,HDFC; ICICI Pru
INE031A08707,2026-07-15,7.33,HDFC,HDFC; ICICI Pru
INE031A08707,2026-07-31,7.36,HDFC,HDFC (51); ICICI Pru (26)
INE031A08707,2026-08-15,7.25,ICICI Pru,ICICI Pru (26)
INE031A08897,2026-06-30,7.18,ICICI Pru,ICICI Pru
INE031A08897,2026-07-15,7.32,ICICI Pru,ICICI Pru
INE031A08897,2026-07-31,7.36,ICICI Pru,ICICI Pru (50)
INE031A08897,2026-08-15,7.24,ICICI Pru,ICICI Pru (50)
INE031A08921,2026-06-30,7.35,HDFC,HDFC; Aditya Birla
INE031A08921,2026-07-15,7.42,HDFC,HDFC
INE031A08921,2026-07-31,7.38,HDFC,HDFC (74); Aditya Birla (49)
INE031A08939,2026-06-30,7.37,HDFC,HDFC; Aditya Birla
INE031A08939,2026-07-15,7.43,HDFC,HDFC
INE031A08939,2026-07-31,7.39,HDFC,HDFC (75); Aditya Birla (75)
INE031A08947,2026-06-30,7.37,HDFC,HDFC
INE031A08947,2026-07-15,7.43,HDFC,HDFC
INE031A08947,2026-07-31,7.39,HDFC,HDFC (50)
INE031A08954,2026-06-30,7.37,ICICI Pru,ICICI Pru; Aditya Birla
INE031A08954,2026-07-15,7.43,ICICI Pru,ICICI Pru
INE031A08954,2026-07-31,7.385,Aditya Birla,Aditya Birla (123)
INE031A08962,2026-06-30,7.3,HDFC,HDFC; Aditya Birla
INE031A08962,2026-07-15,7.38,HDFC,HDFC
INE031A08962,2026-07-31,7.36,HDFC,HDFC (49); Aditya Birla (15)
INE031A08970,2026-06-30,7.23,HDFC,HDFC
INE031A08996,2026-06-30,7.15,HDFC,HDFC; ICICI Pru; Aditya Birla; Nippon; Kotak
INE031A08996,2026-07-15,7.34,HDFC,HDFC; ICICI Pru; Nippon
INE031A08996,2026-07-31,7.36,HDFC,HDFC (518); ICICI Pru (617); Aditya Birla (365); Nippon (49); Kotak (494)
INE031A08996,2026-08-15,7.23,ICICI Pru,ICICI Pru (619); Nippon (49); Kotak (495)
INE031A08AC8,2026-06-30,7.2273,SBI,SBI
INE031A08AC8,2026-07-15,7.3225,SBI,SBI
INE031A08AC8,2026-07-31,7.355,SBI,SBI (648)
INE031A08AC8,2026-08-15,7.2316,SBI,SBI (625); ICICI Pru (100)
INE033L07HO3,2026-06-30,7.685,Aditya Birla,Aditya Birla
INE033L07HO3,2026-07-31,7.7975,Aditya Birla,Aditya Birla (10)
INE033L07HQ8,2026-06-30,7.42,Aditya Birla,Aditya Birla; Axis
INE033L07HQ8,2026-07-31,7.555,Aditya Birla,Aditya Birla (16); Axis (20)
INE033L07HQ8,2026-08-15,7.24,Axis,Axis (20)
INE033L07HU0,2026-06-30,7.52,HDFC,HDFC; Aditya Birla; Axis; Kotak
INE033L07HU0,2026-07-15,7.69,HDFC,HDFC
INE033L07HU0,2026-07-31,7.58,HDFC,HDFC (41); Aditya Birla (65); Axis (89); Kotak (60)
INE033L07HU0,2026-08-15,7.365,Axis,Axis (89); Kotak (60)
INE033L07HY2,2026-06-30,7.535,SBI,SBI; Aditya Birla; Axis; Nippon; UTI
INE033L07HY2,2026-07-15,7.71,Nippon,Nippon
INE033L07HY2,2026-07-31,7.59,Aditya Birla,Aditya Birla (166); Axis (50); Nippon (336); UTI (50)
INE033L07HY2,2026-08-15,7.445,Axis,Axis (50); Nippon (337)
INE033L07IB8,2026-06-30,7.6099,Aditya Birla,Aditya Birla; Axis
INE033L07IB8,2026-07-31,7.6649,Aditya Birla,Aditya Birla (247); Axis (151)
INE033L07IB8,2026-08-15,7.505,Axis,Axis (152)
INE033L07IC6,2026-06-30,6.8,HDFC,HDFC; SBI; ICICI Pru; Aditya Birla; Axis; Nippon; Kotak
INE033L07IC6,2026-07-15,6.91,HDFC,HDFC; SBI; ICICI Pru; Nippon
INE033L07IC6,2026-07-31,6.95,HDFC,HDFC (1); SBI (225); ICICI Pru (2); Aditya Birla (40); Nippon (15); Kotak (28)
INE033L07IC6,2026-08-15,6.7111,SBI,SBI (225); ICICI Pru (2); Nippon (15); Kotak (28)
INE033L07ID4,2026-06-30,7.24,HDFC,HDFC; ICICI Pru; Aditya Birla; Axis; UTI
INE033L07ID4,2026-07-15,7.47,HDFC,HDFC; ICICI Pru
INE033L07ID4,2026-07-31,7.36,HDFC,HDFC (241); ICICI Pru (120); Aditya Birla (3); Axis (1)
INE033L07ID4,2026-08-15,7.03,ICICI Pru,ICICI Pru (121); Axis (1)
INE033L07IE2,2026-06-30,7.23,HDFC,HDFC; ICICI Pru; Nippon
INE033L07IE2,2026-07-15,7.47,HDFC,HDFC; ICICI Pru; Nippon
INE033L07IE2,2026-07-31,7.36,HDFC,HDFC (25); ICICI Pru (125); Nippon (25); UTI (25)
INE033L07IE2,2026-08-15,7.03,ICICI Pru,ICICI Pru (125); Nippon (25)
INE033L07IH5,2026-06-30,7.6349,Aditya Birla,Aditya Birla; Nippon; Kotak
INE033L07IH5,2026-07-15,7.7962,Nippon,Nippon
INE033L07IH5,2026-07-31,7.6762,Aditya Birla,Aditya Birla (50); Nippon (126); Kotak (202)
INE033L07IH5,2026-08-15,7.645,Nippon,Nippon (126); Kotak (202)
INE033L07IJ1,2026-06-30,7.6349,Axis,Axis; Nippon; Kotak
INE033L07IJ1,2026-07-15,7.8012,Nippon,Nippon
INE033L07IJ1,2026-07-31,7.6762,Axis,Axis (25); Nippon (60); Kotak (201)
INE033L07IJ1,2026-08-15,7.645,Axis,Axis (25); Nippon (60); Kotak (201)
INE033L07IK9,2026-06-30,7.58,ICICI Pru,ICICI Pru; Aditya Birla; Axis; Nippon
INE033L07IK9,2026-07-15,7.73,ICICI Pru,ICICI Pru; Nippon
INE033L07IK9,2026-07-31,7.66,ICICI Pru,ICICI Pru (100); Aditya Birla (220); Axis (25); Nippon (30)
INE033L07IK9,2026-08-15,7.49,ICICI Pru,ICICI Pru (100); Axis (25); Nippon (30)
INE033L07IL7,2026-06-30,7.6,HDFC,HDFC; UTI
INE033L07IL7,2026-07-15,7.77,HDFC,HDFC
INE033L07IL7,2026-07-31,7.67,HDFC,HDFC (50); UTI (50)
INE033L07IM5,2026-07-31,7.73,Tata,Tata (25)
INE033L07IM5,2026-08-15,7.75,Tata,Tata (25)
INE033L07IN3,2026-06-30,7.5849,SBI,SBI; ICICI Pru; Axis; Kotak
INE033L07IN3,2026-07-15,7.7562,SBI,SBI; ICICI Pru
INE033L07IN3,2026-07-31,7.665,SBI,SBI (268); ICICI Pru (372); Axis (174); Kotak (199)
INE033L07IN3,2026-08-15,7.485,SBI,SBI (269); ICICI Pru (374); Axis (174); Kotak (199)
INE033L07IO1,2026-06-30,7.52,SBI,SBI; ICICI Pru; Aditya Birla; Axis; Nippon; Kotak; UTI
INE033L07IO1,2026-07-15,7.69,ICICI Pru,ICICI Pru; Nippon
INE033L07IO1,2026-07-31,7.56,ICICI Pru,ICICI Pru (75); Aditya Birla (45); Axis (25); Nippon (124); Kotak (50); UTI (50)
INE033L07IO1,2026-08-15,7.36,ICICI Pru,ICICI Pru (75); Axis (25); Nippon (125); Kotak (50)
INE033L07IP8,2026-06-30,7.655,Aditya Birla,Aditya Birla
INE033L07IP8,2026-07-31,7.7324,SBI,SBI (123); Aditya Birla (412)
INE033L07IP8,2026-08-15,7.7511,SBI,SBI (123)
INE033L07IR4,2026-06-30,7.58,ICICI Pru,ICICI Pru; Kotak
INE033L07IR4,2026-07-15,7.73,ICICI Pru,ICICI Pru
INE033L07IR4,2026-07-31,7.66,ICICI Pru,ICICI Pru (273); Axis (5); Kotak (194)
INE033L07IR4,2026-08-15,7.49,ICICI Pru,ICICI Pru (274); Axis (5); Kotak (194)
INE033L07IT0,2026-06-30,7.68,SBI,SBI
INE033L07IT0,2026-07-15,7.8325,SBI,SBI
INE033L07IT0,2026-07-31,7.77,SBI,SBI (431)
INE033L07IT0,2026-08-15,7.78,SBI,SBI (431)
INE033L07IU8,2026-06-30,7.655,Aditya Birla,Aditya Birla; Nippon
INE033L07IU8,2026-07-15,7.8011,Nippon,Nippon
INE033L07IU8,2026-07-31,7.7312,Aditya Birla,Aditya Birla (249); Nippon (225)
INE033L07IU8,2026-08-15,7.7511,Nippon,Nippon (225)
INE033L08312,2026-06-30,7.965,Aditya Birla,Aditya Birla
INE033L08312,2026-07-31,8.0775,Aditya Birla,Aditya Birla (5)
INE033L14OO5,2026-06-30,6.98,HDFC,HDFC
INE033L14OO5,2026-07-15,7.25,HDFC,HDFC
INE033L14OO5,2026-07-31,7.02,HDFC,HDFC (485)
INE033L14OQ0,2026-06-30,6.98,HDFC,HDFC; Nippon
INE033L14OQ0,2026-07-15,7.25,HDFC,HDFC; Nippon
INE033L14OQ0,2026-07-31,7.02,HDFC,HDFC (193); Nippon (193)
INE033L14OQ0,2026-08-15,6.83,Nippon,Nippon (194)
INE033L14OR8,2026-06-30,6.98,ICICI Pru,ICICI Pru
INE033L14OR8,2026-07-15,7.24,ICICI Pru,ICICI Pru
INE033L14OR8,2026-07-31,7.02,ICICI Pru,ICICI Pru (483)
INE033L14OR8,2026-08-15,6.83,ICICI Pru,ICICI Pru (484)
INE033L14OU2,2026-06-30,6.43,UTI,UTI
INE033L14OW8,2026-06-30,6.4999,Aditya Birla,Aditya Birla
INE033L14OW8,2026-07-31,6.1152,Aditya Birla,Aditya Birla (250)
INE033L14OX6,2026-06-30,6.5,HDFC,HDFC
INE033L14OX6,2026-07-15,6.46,HDFC,HDFC
INE033L14OX6,2026-07-31,6.35,HDFC,HDFC (498)
INE033L14OY4,2026-06-30,6.5,UTI,UTI
INE033L14OY4,2026-07-31,6.39,UTI,UTI (199)
INE033L14PA1,2026-06-30,6.4097,Aditya Birla,Aditya Birla
INE033L14PA1,2026-07-31,6.5046,Aditya Birla,Aditya Birla (298)
INE033L14PB9,2026-06-30,6.4096,Axis,Axis
INE033L14PB9,2026-07-31,6.5047,Axis,Axis (298)
INE033L14PB9,2026-08-15,6.3147,Axis,Axis (299)
INE033L14PC7,2026-07-15,7.0402,Nippon,Nippon
INE033L14PC7,2026-07-31,6.8751,Nippon,Nippon (296)
INE033L14PC7,2026-08-15,6.435,Nippon,Nippon (297)
INE033L14PD5,2026-07-31,6.89,ICICI Pru,ICICI Pru (384)
INE033L14PD5,2026-08-15,6.44,ICICI Pru,ICICI Pru (386)
INE033L14PE3,2026-08-15,6.5,Kotak,Kotak (246)
INE033L14PF0,2026-08-15,6.5,ICICI Pru,ICICI Pru (296)
INE036D16JD3,2026-06-30,6.46,Kotak,Kotak
INE036D16JD3,2026-07-31,6.6149,Aditya Birla,Aditya Birla (248); Kotak (248); Tata (248)
INE036D16JD3,2026-08-15,6.33,Kotak,Kotak (249); Tata (249)
INE036D16JK8,2026-07-31,7.09,Tata,Tata (245)
INE036D16JK8,2026-08-15,6.65,Tata,Tata (246)
INE036D16JL6,2026-06-30,6.9451,Aditya Birla,Aditya Birla
INE036D16JL6,2026-07-31,7.0898,Aditya Birla,Aditya Birla (244)
INE036D16JW3,2026-06-30,7.0449,Aditya Birla,Aditya Birla; Kotak
INE036D16JW3,2026-07-31,7.1449,Aditya Birla,Aditya Birla (241); Kotak (241)
INE036D16JW3,2026-08-15,6.99,Kotak,Kotak (241)
INE036D16JY9,2026-06-30,7.045,Aditya Birla,Aditya Birla
INE036D16JY9,2026-07-31,7.145,Aditya Birla,Aditya Birla (481)
INE036D16KD1,2026-06-30,6.4583,Aditya Birla,Aditya Birla; Nippon; Kotak
INE036D16KD1,2026-07-15,6.6748,Nippon,Nippon
INE036D16KD1,2026-07-31,6.5301,Aditya Birla,Aditya Birla (198); Nippon (298); Kotak (149); Tata (149)
INE036D16KD1,2026-08-15,6.3302,Nippon,Nippon (298); Kotak (149); Tata (149)
INE036D16KE9,2026-06-30,6.583,Nippon,Nippon; Kotak
INE036D16KF6,2026-06-30,6.5837,Aditya Birla,Aditya Birla; Kotak
INE036D16KF6,2026-07-31,6.5205,Aditya Birla,Aditya Birla (249)
INE036D16KG4,2026-06-30,6.5832,Axis,Axis
INE036D16KG4,2026-07-31,6.5333,Axis,Axis (498)
INE036D16KH2,2026-06-30,6.46,HDFC,HDFC
INE036D16KH2,2026-07-15,6.68,HDFC,HDFC
INE036D16KH2,2026-07-31,6.53,HDFC,HDFC (497)
INE036D16KI0,2026-06-30,6.4584,Axis,Axis
INE036D16KI0,2026-07-31,6.5302,Axis,Axis (298)
INE036D16KI0,2026-08-15,6.3301,Axis,Axis (299)
INE036D16KJ8,2026-06-30,6.46,HDFC,HDFC
INE036D16KJ8,2026-07-15,6.68,HDFC,HDFC
INE036D16KJ8,2026-07-31,6.62,HDFC,HDFC (496)
INE036D16KK6,2026-06-30,6.46,HDFC,HDFC
INE036D16KK6,2026-07-15,6.68,HDFC,HDFC
INE036D16KK6,2026-07-31,6.62,HDFC,HDFC (445)
INE036D16KL4,2026-08-15,6.5749,SBI,SBI (492)
INE037E14AT9,2026-06-30,7.28,HDFC,HDFC; Kotak
INE037E14AT9,2026-07-15,7.61,HDFC,HDFC
INE037E14AT9,2026-07-31,7.44,HDFC,HDFC (489); Kotak (147)
INE037E14AT9,2026-08-15,7.08,Kotak,Kotak (147)
INE037E14AV5,2026-06-30,7.4,UTI,UTI
INE037E14AV5,2026-07-31,7.5249,Axis,Axis (24); UTI (101)
INE037E14AV5,2026-08-15,7.3,Axis,Axis (24)
INE037E14AX1,2026-06-30,7.4,HDFC,HDFC
INE037E14AX1,2026-07-15,7.72,HDFC,HDFC
INE037E14AX1,2026-07-31,7.53,HDFC,HDFC (57)
INE037E14AY9,2026-06-30,7.15,UTI,UTI
INE037E14AY9,2026-07-31,7.23,UTI,UTI (99)
INE03ST08010,2026-06-30,7.58,ICICI Pru,ICICI Pru
INE03ST08010,2026-07-15,7.39,ICICI Pru,ICICI Pru
INE03ST08010,2026-07-31,7.21,ICICI Pru,ICICI Pru (157)
INE03ST08010,2026-08-15,7.81,ICICI Pru,ICICI Pru (158)
INE03W107249,2026-06-30,8.95,HDFC,HDFC; Nippon
INE03W107249,2026-07-15,9.12,HDFC,HDFC; Nippon
INE03W107249,2026-07-31,9.0,HDFC,HDFC (35); Nippon (13)
INE03W107249,2026-08-15,8.665,Nippon,Nippon (13)
INE03W107280,2026-06-30,9.1048,Aditya Birla,Aditya Birla
INE03W107280,2026-07-31,9.1997,Aditya Birla,Aditya Birla (100)
INE040A08369,2026-06-30,7.1,HDFC,HDFC; ICICI Pru; UTI
INE040A08369,2026-07-15,7.26,HDFC,HDFC; ICICI Pru
INE040A08369,2026-07-31,6.77,HDFC,HDFC (687); ICICI Pru (25); UTI (35)
INE040A08369,2026-08-15,6.51,ICICI Pru,ICICI Pru (25)
INE040A08393,2026-06-30,7.19,ICICI Pru,ICICI Pru; Aditya Birla
INE040A08393,2026-07-15,7.5,ICICI Pru,ICICI Pru
INE040A08393,2026-07-31,7.48,ICICI Pru,ICICI Pru (127); Aditya Birla (5)
INE040A08393,2026-08-15,7.4,ICICI Pru,ICICI Pru (153)
INE040A08401,2026-08-15,7.4,ICICI Pru,ICICI Pru (49)
INE040A08427,2026-06-30,7.53,HDFC,HDFC; ICICI Pru; Aditya Birla; Nippon
INE040A08427,2026-07-15,7.64,HDFC,HDFC; ICICI Pru; Nippon
INE040A08427,2026-07-31,7.66,HDFC,HDFC (25); ICICI Pru (262); Aditya Birla (137); Nippon (61)
INE040A08427,2026-08-15,7.63,ICICI Pru,ICICI Pru (263); Nippon (61)
INE040A08435,2026-06-30,7.53,HDFC,HDFC; ICICI Pru; Aditya Birla
INE040A08435,2026-07-15,7.63,ICICI Pru,ICICI Pru
INE040A08435,2026-07-31,7.66,ICICI Pru,ICICI Pru (101); Aditya Birla (5)
INE040A08435,2026-08-15,7.63,ICICI Pru,ICICI Pru (101)
INE040A08484,2026-06-30,6.9987,Aditya Birla,Aditya Birla; Kotak
INE040A08484,2026-07-31,6.7375,Aditya Birla,Aditya Birla (5); Kotak (10)
INE040A08484,2026-08-15,6.57,Kotak,Kotak (10)
INE040A08567,2026-06-30,7.2,HDFC,HDFC; ICICI Pru; Nippon
INE040A08567,2026-07-15,7.42,HDFC,HDFC; ICICI Pru; Nippon
INE040A08567,2026-07-31,7.19,HDFC,HDFC (5); ICICI Pru (50); Nippon (15)
INE040A08567,2026-08-15,6.96,Nippon,Nippon (15)
INE040A08666,2026-06-30,7.51,HDFC,HDFC; SBI; ICICI Pru
INE040A08666,2026-07-15,7.54,HDFC,HDFC; SBI; ICICI Pru
INE040A08666,2026-07-31,7.64,HDFC,HDFC (227); SBI (50); ICICI Pru (101)
INE040A08666,2026-08-15,7.7,SBI,SBI (50); ICICI Pru (50)
INE040A08674,2026-06-30,7.46,HDFC,HDFC
INE040A08674,2026-07-15,7.52,HDFC,HDFC
INE040A08674,2026-07-31,7.66,HDFC,HDFC (60)
INE040A08724,2026-06-30,7.36,HDFC,HDFC; ICICI Pru; Aditya Birla; Axis; Kotak
INE040A08724,2026-07-15,7.55,HDFC,HDFC; ICICI Pru
INE040A08724,2026-07-31,7.56,HDFC,HDFC (26); ICICI Pru (153); Aditya Birla (3); Axis (5); Kotak (204)
INE040A08724,2026-08-15,7.44,ICICI Pru,ICICI Pru (154); Axis (5); Kotak (205)
INE040A08732,2026-06-30,7.3,Kotak,Kotak
INE040A08732,2026-07-31,7.49,Kotak,Kotak (26)
INE040A08732,2026-08-15,7.43,Kotak,Kotak (26)
INE040A08773,2026-06-30,7.46,HDFC,HDFC; ICICI Pru; Kotak
INE040A08773,2026-07-15,7.52,HDFC,HDFC; ICICI Pru
INE040A08773,2026-07-31,7.66,HDFC,HDFC (60); ICICI Pru (1); Kotak (70)
INE040A08773,2026-08-15,7.63,ICICI Pru,ICICI Pru (1); Kotak (71)
INE040A08807,2026-06-30,7.4549,Aditya Birla,Aditya Birla; Nippon
INE040A08807,2026-07-15,7.515,Nippon,Nippon
INE040A08807,2026-07-31,7.625,Aditya Birla,Aditya Birla (183); Nippon (76)
INE040A08807,2026-08-15,7.6049,Nippon,Nippon (76)
INE040A08823,2026-06-30,7.43,ICICI Pru,ICICI Pru; Aditya Birla
INE040A08823,2026-07-15,7.51,ICICI Pru,ICICI Pru
INE040A08823,2026-07-31,7.42,ICICI Pru,ICICI Pru (10); Aditya Birla (35)
INE040A08823,2026-08-15,7.14,ICICI Pru,ICICI Pru (10)
INE040A08831,2026-06-30,7.4299,Axis,Axis
INE040A08831,2026-07-31,7.595,Axis,Axis (10)
INE040A08831,2026-08-15,7.5799,Axis,Axis (10)
INE040A08864,2026-06-30,7.43,HDFC,HDFC; ICICI Pru
INE040A08864,2026-07-15,7.54,HDFC,HDFC; ICICI Pru
INE040A08864,2026-07-31,7.6,HDFC,HDFC (24); ICICI Pru (107)
INE040A08864,2026-08-15,7.58,ICICI Pru,ICICI Pru (107)
INE040A08872,2026-06-30,7.3,Kotak,Kotak
INE040A08872,2026-07-31,7.49,Kotak,Kotak (103)
INE040A08872,2026-08-15,7.43,Kotak,Kotak (103)
INE040A08914,2026-06-30,7.51,HDFC,HDFC; ICICI Pru; Kotak
INE040A08914,2026-07-15,7.54,HDFC,HDFC; ICICI Pru
INE040A08914,2026-07-31,7.65,HDFC,HDFC (254); ICICI Pru (91); Kotak (46)
INE040A08914,2026-08-15,7.7,Kotak,Kotak (46)
INE040A08930,2026-06-30,7.505,Axis,Axis
INE040A08930,2026-07-31,7.6393,Axis,Axis (25)
INE040A08930,2026-08-15,7.7,Axis,Axis (25)
INE040A08955,2026-06-30,7.3,ICICI Pru,ICICI Pru
INE040A08955,2026-07-15,7.55,ICICI Pru,ICICI Pru
INE040A08955,2026-07-31,7.48,ICICI Pru,ICICI Pru (25)
INE040A08955,2026-08-15,7.31,ICICI Pru,ICICI Pru (25)
INE040A08AB1,2026-06-30,7.3,HDFC,HDFC; ICICI Pru
INE040A08AB1,2026-07-15,7.54,ICICI Pru,ICICI Pru
INE040A08AB1,2026-07-31,7.49,ICICI Pru,ICICI Pru (67)
INE040A08AB1,2026-08-15,7.43,ICICI Pru,ICICI Pru (67)
INE040A08AC9,2026-06-30,7.385,Axis,Axis
INE040A08AC9,2026-07-31,7.565,Axis,Axis (5)
INE040A08AC9,2026-08-15,7.465,Axis,Axis (5)
INE040A08AF2,2026-06-30,7.51,ICICI Pru,ICICI Pru; UTI
INE040A08AF2,2026-07-15,7.54,ICICI Pru,ICICI Pru
INE040A08AF2,2026-07-31,7.65,ICICI Pru,ICICI Pru (201); UTI (50)
INE040A08AF2,2026-08-15,7.7,ICICI Pru,ICICI Pru (200)
INE040A08AI6,2026-06-30,7.51,ICICI Pru,ICICI Pru; Kotak
INE040A08AI6,2026-07-15,7.54,ICICI Pru,ICICI Pru
INE040A08AI6,2026-07-31,7.65,ICICI Pru,ICICI Pru (125); Kotak (50)
INE040A08AI6,2026-08-15,7.7,ICICI Pru,ICICI Pru (125); Kotak (50)
INE040A08AJ4,2026-06-30,7.4449,Axis,Axis
INE040A08AJ4,2026-07-31,7.5262,Axis,Axis (25)
INE040A08AJ4,2026-08-15,7.51,Axis,Axis (25)
INE040A08AK2,2026-06-30,7.4549,Nippon,Nippon; UTI
INE040A08AK2,2026-07-15,7.5099,Nippon,Nippon
INE040A08AK2,2026-07-31,7.5262,Nippon,Nippon (60); UTI (25)
INE040A08AK2,2026-08-15,7.5299,Nippon,Nippon (60)
INE040A16HF0,2026-06-30,6.3023,Aditya Birla,Aditya Birla; Axis; Kotak
INE040A16HF0,2026-07-15,6.2501,SBI,SBI; Nippon
INE040A16HF0,2026-07-31,6.095,SBI,SBI (50); Axis (5); Nippon (50); Kotak (25)
INE040A16HL8,2026-06-30,6.3498,SBI,SBI; ICICI Pru; Aditya Birla; Axis; Nippon; Kotak; UTI
INE040A16HL8,2026-07-15,6.6003,SBI,SBI; ICICI Pru; Nippon
INE040A16HL8,2026-07-31,6.4001,SBI,"SBI (1,738); ICICI Pru (794); Aditya Birla (372); Axis (1,316); Nippon (645); Kotak (497); UTI (819); Tata (695)"
INE040A16HL8,2026-08-15,6.2506,SBI,"SBI (747); ICICI Pru (797); Axis (1,319); Nippon (647); Kotak (373); Tata (697)"
INE040A16HN4,2026-06-30,6.35,Aditya Birla,Aditya Birla; Axis; Kotak; UTI
INE040A16HN4,2026-07-31,6.4002,Aditya Birla,"Aditya Birla (1,415); Axis (199); Kotak (149); UTI (174); Tata (621)"
INE040A16HN4,2026-08-15,6.2597,Axis,Axis (75); Nippon (124); Kotak (149); Tata (622)
INE040A16HO2,2026-06-30,6.2625,SBI,SBI; ICICI Pru; Aditya Birla; Axis; Nippon; Kotak; UTI
INE040A16HO2,2026-07-15,6.4182,SBI,SBI; ICICI Pru; Nippon
INE040A16HO2,2026-07-31,6.36,ICICI Pru,ICICI Pru (174); Aditya Birla (149); Axis (50); Nippon (50); Kotak (249); UTI (25); Tata (772)
INE040A16HO2,2026-08-15,6.28,Axis,Axis (50); Nippon (25); Tata (50)
INE040A16HR5,2026-06-30,6.35,ICICI Pru,ICICI Pru; Aditya Birla; Nippon; Kotak
INE040A16HR5,2026-07-15,6.6,ICICI Pru,ICICI Pru; Nippon
INE040A16HR5,2026-07-31,6.5,ICICI Pru,ICICI Pru (124); Aditya Birla (570); Nippon (322); Kotak (352)
INE040A16HR5,2026-08-15,6.24,ICICI Pru,ICICI Pru (124); Axis (124); Nippon (204); Kotak (348)
INE040A16HU9,2026-06-30,6.75,Aditya Birla,Aditya Birla; Nippon
INE040A16HU9,2026-07-15,7.0501,Nippon,Nippon
INE040A16HU9,2026-07-31,6.8501,Aditya Birla,Aditya Birla (98); Nippon (393); Tata (98)
INE040A16HU9,2026-08-15,6.43,ICICI Pru,ICICI Pru (739); Nippon (25); Tata (493)
INE040A16HW5,2026-06-30,6.7501,Aditya Birla,Aditya Birla; Axis; Nippon
INE040A16HW5,2026-07-15,7.05,Nippon,Nippon
INE040A16HW5,2026-07-31,6.92,Aditya Birla,Aditya Birla (103); Axis (74); Nippon (172)
INE040A16HW5,2026-08-15,6.4232,Nippon,Nippon (340); Tata (197)
INE040A16HY1,2026-06-30,6.7501,SBI,SBI; ICICI Pru; Aditya Birla
INE040A16HY1,2026-07-15,7.0501,SBI,SBI; ICICI Pru
INE040A16HY1,2026-07-31,6.88,SBI,SBI (24); ICICI Pru (24); Aditya Birla (171); UTI (98); Tata (98)
INE040A16HY1,2026-08-15,6.54,SBI,SBI (25); ICICI Pru (25); Axis (49)
INE040A16II2,2026-06-30,6.75,Kotak,Kotak; UTI
INE040A16II2,2026-07-31,6.9,Axis,Axis (97); Kotak (39); UTI (122)
INE040A16II2,2026-08-15,6.59,ICICI Pru,ICICI Pru (10); Kotak (20)
INE040A16IJ0,2026-06-30,6.75,ICICI Pru,ICICI Pru; Aditya Birla; Axis; Nippon; Kotak; UTI
INE040A16IJ0,2026-07-15,7.15,ICICI Pru,ICICI Pru; Nippon
INE040A16IJ0,2026-07-31,6.8999,SBI,"SBI (24); ICICI Pru (49); Aditya Birla (171); Axis (512); Nippon (390); Kotak (171); UTI (244); Tata (1,511)"
INE040A16IJ0,2026-08-15,6.585,SBI,"SBI (49); ICICI Pru (49); Axis (661); Nippon (392); Kotak (171); Tata (1,517)"
INE040A16IK8,2026-06-30,6.85,ICICI Pru,ICICI Pru; Nippon; Kotak; UTI
INE040A16IK8,2026-07-15,7.17,ICICI Pru,ICICI Pru; Nippon
INE040A16IK8,2026-07-31,6.95,ICICI Pru,"ICICI Pru (1,283); Nippon (97); Kotak (1,065); UTI (266)"
INE040A16IK8,2026-08-15,6.73,ICICI Pru,"ICICI Pru (1,287); Nippon (49); Kotak (1,069)"
INE040A16IM4,2026-06-30,6.85,ICICI Pru,ICICI Pru; Kotak; UTI
INE040A16IM4,2026-07-15,7.17,ICICI Pru,ICICI Pru; Nippon
INE040A16IM4,2026-07-31,6.95,ICICI Pru,"ICICI Pru (1,207); Nippon (72); Kotak (290); UTI (290); Tata (386)"
INE040A16IM4,2026-08-15,6.73,ICICI Pru,"ICICI Pru (1,066); Nippon (73); Kotak (291); Tata (388)"
INE040A16IO0,2026-06-30,6.8499,SBI,SBI; ICICI Pru; Aditya Birla; Axis; Nippon; Kotak; UTI
INE040A16IO0,2026-07-15,7.1666,SBI,SBI; ICICI Pru; Nippon
INE040A16IO0,2026-07-31,6.95,SBI,SBI (385); ICICI Pru (481); Aditya Birla (192); Axis (361); Nippon (231); Kotak (842); UTI (361)
INE040A16IO0,2026-08-15,6.73,SBI,SBI (121); ICICI Pru (483); Axis (169); Nippon (232); Kotak (845); Tata (24)
INE040A16IQ5,2026-06-30,6.85,SBI,SBI; Axis
INE040A16IQ5,2026-07-15,7.1816,SBI,SBI
INE040A16IQ5,2026-07-31,6.95,SBI,"SBI (1,393); Axis (336); UTI (96)"
INE040A16IQ5,2026-08-15,6.73,SBI,"SBI (1,254); Axis (429); Kotak (5)"
INE040A16IT9,2026-06-30,6.85,ICICI Pru,ICICI Pru; Aditya Birla; Axis; Kotak
INE040A16IT9,2026-07-15,7.19,ICICI Pru,ICICI Pru
INE040A16IT9,2026-07-31,6.95,ICICI Pru,ICICI Pru (552); Aditya Birla (624); Axis (288); Kotak (480); Tata (48)
INE040A16IT9,2026-08-15,6.73,ICICI Pru,ICICI Pru (554); Axis (289); Kotak (530); Tata (48)
INE040A16IU7,2026-06-30,6.85,SBI,SBI; ICICI Pru; Axis; Nippon; Kotak; UTI
INE040A16IU7,2026-07-15,7.1799,SBI,SBI; ICICI Pru; Nippon
INE040A16IU7,2026-07-31,6.9501,SBI,"SBI (96); ICICI Pru (648); Aditya Birla (24); Axis (192); Nippon (624); Kotak (144); Tata (1,273)"
INE040A16IU7,2026-08-15,6.7301,SBI,"SBI (96); ICICI Pru (651); Axis (217); Nippon (627); Kotak (145); Tata (1,278)"
INE040A16IZ6,2026-06-30,6.85,SBI,SBI; ICICI Pru; Aditya Birla; Axis; Nippon; Kotak
INE040A16IZ6,2026-07-15,7.18,SBI,SBI; ICICI Pru; Nippon
INE040A16IZ6,2026-07-31,6.9501,SBI,"SBI (1,357); ICICI Pru (695); Aditya Birla (168); Axis (671); Nippon (192); Kotak (192); Tata (240)"
INE040A16IZ6,2026-08-15,6.73,SBI,"SBI (1,363); ICICI Pru (698); Axis (867); Nippon (144); Kotak (193); Tata (241)"
INE040A16JC3,2026-06-30,6.85,ICICI Pru,ICICI Pru; Aditya Birla; Axis; Nippon; Kotak; UTI
INE040A16JC3,2026-07-15,7.17,ICICI Pru,ICICI Pru; Nippon
INE040A16JC3,2026-07-31,6.95,ICICI Pru,ICICI Pru (145); Aditya Birla (72); Axis (578); Nippon (96); Kotak (96); UTI (120)
INE040A16JC3,2026-08-15,6.73,ICICI Pru,ICICI Pru (145); Axis (580); Nippon (145); Kotak (290)
INE040A16JE9,2026-06-30,5.1973,Aditya Birla,Aditya Birla
INE040A16JG4,2026-06-30,6.3,ICICI Pru,ICICI Pru; Aditya Birla
INE040A16JG4,2026-07-15,6.2552,SBI,SBI; ICICI Pru
INE040A16JG4,2026-07-31,6.0969,SBI,"SBI (1,024); Kotak (275)"
INE040A16JH2,2026-06-30,6.3025,Nippon,Nippon; Kotak
INE040A16JH2,2026-07-31,6.35,Kotak,Kotak (25)
INE040A16JK6,2026-06-30,6.275,Axis,Axis; Nippon
INE040A16JK6,2026-07-15,6.4179,Nippon,Nippon
INE040A16JK6,2026-07-31,6.3469,Axis,Axis (25)
INE040A16JL4,2026-06-30,6.3001,SBI,SBI; ICICI Pru; Aditya Birla; Axis; UTI
INE040A16JM2,2026-06-30,6.275,Aditya Birla,Aditya Birla; Nippon; Kotak; UTI
INE040A16JN0,2026-06-30,6.35,ICICI Pru,ICICI Pru
INE040A16JN0,2026-07-15,6.6,ICICI Pru,ICICI Pru
INE040A16JN0,2026-07-31,6.4,ICICI Pru,ICICI Pru (497)
INE040A16JN0,2026-08-15,6.25,ICICI Pru,ICICI Pru (498)
INE040A16JO8,2026-06-30,6.3501,SBI,SBI; ICICI Pru; Aditya Birla; Nippon
INE040A16JO8,2026-07-15,6.6003,SBI,SBI; ICICI Pru; Nippon
INE040A16JO8,2026-07-31,6.4001,SBI,"SBI (2,981); ICICI Pru (348); Aditya Birla (497); Nippon (248)"
INE040A16JO8,2026-08-15,6.25,SBI,"SBI (1,793); ICICI Pru (349); Nippon (249)"
INE040A16JQ3,2026-06-30,6.3501,SBI,SBI; ICICI Pru; Aditya Birla; Axis; Nippon; Kotak; UTI
INE040A16JQ3,2026-07-15,6.6002,SBI,SBI; ICICI Pru; Nippon
INE040A16JQ3,2026-07-31,6.4728,SBI,"SBI (769); ICICI Pru (347); Aditya Birla (496); Axis (1,289); Nippon (496); Kotak (992); UTI (298); Tata (496)"
INE040A16JQ3,2026-08-15,6.2474,SBI,"SBI (771); ICICI Pru (348); Axis (1,293); Nippon (497); Kotak (995)"
INE040A16JR1,2026-06-30,6.22,UTI,UTI
INE040A16JS9,2026-07-31,6.77,ICICI Pru,"ICICI Pru (494); Aditya Birla (247); Nippon (742); Kotak (1,879)"
INE040A16JS9,2026-08-15,6.37,ICICI Pru,"ICICI Pru (496); Nippon (744); Kotak (1,885)"
INE040A16JT7,2026-07-31,6.855,SBI,"SBI (986); ICICI Pru (986); Axis (1,972); UTI (246)"
INE040A16JT7,2026-08-15,6.3672,SBI,"SBI (989); ICICI Pru (989); Axis (1,979)"
INE040A16JU5,2026-07-31,6.8548,Axis,Axis (197); UTI (345)
INE040A16JX9,2026-08-15,6.43,ICICI Pru,ICICI Pru (986); Axis (247); Tata (986)
INE040A16JY7,2026-08-15,6.427,SBI,"SBI (1,479); ICICI Pru (493); Nippon (838)"
INE040A16JZ4,2026-08-15,6.3671,Axis,Axis (988)
INE040A16KA5,2026-08-15,6.4272,SBI,"SBI (2,955); Kotak (985)"
INE041007068,2026-06-30,7.2349,Axis,Axis; Kotak; UTI
INE041007068,2026-07-31,7.0599,Axis,Axis (25); Kotak (40); UTI (140)
INE041007068,2026-08-15,6.8252,Axis,Axis (25); Kotak (40)
INE041007084,2026-06-30,7.49,ICICI Pru,ICICI Pru; Axis; Kotak; UTI
INE041007084,2026-07-15,7.43,ICICI Pru,ICICI Pru
INE041007084,2026-07-31,7.39,ICICI Pru,ICICI Pru (175); Axis (20); Kotak (200); UTI (95)
INE041007084,2026-08-15,6.93,ICICI Pru,ICICI Pru (175); Axis (20); Kotak (200)
INE041007092,2026-06-30,7.63,ICICI Pru,ICICI Pru; Axis; Nippon; Kotak; UTI
INE041007092,2026-07-15,7.73,ICICI Pru,ICICI Pru; Nippon
INE041007092,2026-07-31,7.78,ICICI Pru,ICICI Pru (315); Axis (0); Nippon (200); Kotak (24); UTI (50)
INE041007092,2026-08-15,7.57,ICICI Pru,ICICI Pru (315); Axis (0); Nippon (200); Kotak (24)
INE041007142,2026-06-30,7.62,ICICI Pru,ICICI Pru; Aditya Birla; Axis; Kotak
INE041007142,2026-07-15,7.75,ICICI Pru,ICICI Pru
INE041007142,2026-07-31,7.75,ICICI Pru,ICICI Pru (60); Aditya Birla (613); Axis (15); Kotak (141)
INE041007142,2026-08-15,7.65,ICICI Pru,ICICI Pru (60); Axis (15); Kotak (141)
INE041007159,2026-06-30,7.595,Axis,Axis; Nippon; Kotak
INE041007159,2026-07-15,7.79,Nippon,Nippon
INE041007159,2026-07-31,7.84,Axis,Axis (45); Nippon (100); Kotak (105)
INE041007159,2026-08-15,7.775,Axis,Axis (45); Nippon (100); Kotak (106)
INE041007167,2026-06-30,7.59,ICICI Pru,ICICI Pru; Aditya Birla; Kotak; UTI
INE041007167,2026-07-15,7.76,ICICI Pru,ICICI Pru
INE041007167,2026-07-31,7.79,ICICI Pru,ICICI Pru (149); Aditya Birla (651); Kotak (224); Tata (25)
INE041007167,2026-08-15,7.72,ICICI Pru,ICICI Pru (149); Kotak (224); Tata (25)
INE041007175,2026-06-30,7.58,ICICI Pru,ICICI Pru; Aditya Birla; Axis
INE041007175,2026-07-15,7.8,ICICI Pru,ICICI Pru
INE041007175,2026-07-31,7.76,ICICI Pru,ICICI Pru (174); Aditya Birla (55); Axis (20)
INE041007175,2026-08-15,7.7,ICICI Pru,ICICI Pru (174); Axis (20)
INE041007183,2026-06-30,7.55,ICICI Pru,ICICI Pru; Kotak
INE041007183,2026-07-15,7.72,ICICI Pru,ICICI Pru
INE041007183,2026-07-31,7.65,ICICI Pru,ICICI Pru (673); Kotak (15)
INE041007183,2026-08-15,7.37,ICICI Pru,ICICI Pru (674); Kotak (15)
INE041007191,2026-06-30,7.67,Kotak,Kotak
INE041007191,2026-07-31,7.85,Kotak,Kotak (592)
INE041007191,2026-08-15,7.82,Kotak,Kotak (593)
INE041007217,2026-06-30,7.585,Aditya Birla,Aditya Birla; Kotak
INE041007217,2026-07-31,7.8399,Aditya Birla,Aditya Birla (399); Kotak (100)
INE041007217,2026-08-15,7.75,Kotak,Kotak (100)
INE041014098,2026-06-30,7.175,Aditya Birla,Aditya Birla; Nippon
INE041014098,2026-07-15,7.495,Nippon,Nippon
INE041014098,2026-07-31,7.2601,Aditya Birla,Aditya Birla (239); Nippon (263)
INE041014098,2026-08-15,7.035,Nippon,Nippon (264)
INE041014106,2026-06-30,7.18,HDFC,HDFC; Kotak
INE041014106,2026-07-15,7.5,HDFC,HDFC
INE041014106,2026-07-31,7.26,HDFC,HDFC (359); Kotak (72)
INE041014106,2026-08-15,7.04,Kotak,Kotak (72)
INE041014114,2026-08-15,6.7399,SBI,SBI (394)
INE046W07362,2026-06-30,10.6049,Nippon,Nippon
INE046W07362,2026-07-15,10.7349,Nippon,Nippon
INE046W07362,2026-07-31,10.74,Nippon,Nippon (15)
INE046W07362,2026-08-15,10.6899,Nippon,Nippon (15)
INE047A08190,2026-06-30,7.1,HDFC,HDFC
INE047A08190,2026-07-15,7.27,HDFC,HDFC
INE047A08190,2026-07-31,7.22,HDFC,HDFC (75)
INE047A08208,2026-06-30,7.1,HDFC,HDFC; ICICI Pru
INE047A08208,2026-07-15,7.3,HDFC,HDFC; ICICI Pru
INE047A08208,2026-07-31,7.24,HDFC,HDFC (100); ICICI Pru (10)
INE047A08208,2026-08-15,7.12,ICICI Pru,ICICI Pru (10)
INE047A14AZ3,2026-06-30,6.37,Kotak,Kotak
INE047A14AZ3,2026-07-31,6.6,Kotak,Kotak (248)
INE047A14AZ3,2026-08-15,6.31,Kotak,Kotak (249)
INE047A14BA4,2026-07-31,6.6746,Nippon,Nippon (25)
INE047A14BA4,2026-08-15,6.33,Nippon,Nippon (25)
INE047A14BB2,2026-06-30,6.37,HDFC,HDFC; UTI
INE047A14BB2,2026-07-15,6.73,HDFC,HDFC
INE047A14BB2,2026-07-31,6.68,HDFC,HDFC (50); UTI (297)
INE047A14BC0,2026-06-30,6.37,ICICI Pru,ICICI Pru
INE047A14BC0,2026-07-15,6.73,ICICI Pru,ICICI Pru; Nippon
INE047A14BC0,2026-07-31,6.67,ICICI Pru,ICICI Pru (248); Nippon (248); UTI (248)
INE047A14BC0,2026-08-15,6.33,ICICI Pru,ICICI Pru (248); Nippon (248)
INE047A14BD8,2026-07-31,6.38,UTI,UTI (249)
INE047A14BD8,2026-08-15,6.26,ICICI Pru,ICICI Pru (50)
INE04JX14173,2026-06-30,8.03,Kotak,Kotak
INE04JX14173,2026-07-31,8.11,Kotak,Kotak (67)
INE04JX14173,2026-08-15,7.87,Kotak,Kotak (67)
INE04JX14199,2026-06-30,7.2901,Aditya Birla,Aditya Birla
INE04JX14199,2026-07-31,7.025,Aditya Birla,Aditya Birla (40)
INE04JX14207,2026-06-30,7.29,ICICI Pru,ICICI Pru; Kotak
INE04JX14207,2026-07-15,7.43,ICICI Pru,ICICI Pru
INE04JX14207,2026-07-31,7.28,ICICI Pru,ICICI Pru (74); Kotak (25)
INE04JX14207,2026-08-15,7.13,ICICI Pru,ICICI Pru (75); Kotak (25)
INE04MH07034,2026-06-30,8.8698,Nippon,Nippon
INE04MH07034,2026-07-15,9.04,Nippon,Nippon
INE04MH07034,2026-07-31,8.925,Nippon,Nippon (3)
INE04MH07034,2026-08-15,8.5851,Nippon,Nippon (3)
INE04MH07059,2026-06-30,8.94,Axis,Axis
INE04MH07059,2026-07-31,9.0351,Axis,Axis (45)
INE04MH07059,2026-08-15,8.76,Axis,Axis (45)
INE04VS07495,2026-06-30,10.085,Aditya Birla,Aditya Birla
INE04VS07495,2026-07-31,10.2675,Aditya Birla,Aditya Birla (198)
INE053F07983,2026-06-30,7.04,HDFC,HDFC; ICICI Pru; Nippon; Kotak; UTI
INE053F07983,2026-07-15,7.29,HDFC,HDFC; ICICI Pru; Nippon
INE053F07983,2026-07-31,7.13,HDFC,HDFC (131); ICICI Pru (151); Aditya Birla (30); Nippon (189); Kotak (3); UTI (30); Tata (75)
INE053F07983,2026-08-15,6.86,ICICI Pru,ICICI Pru (151); Nippon (190); Kotak (3); Tata (85)
INE053F07AA7,2026-06-30,7.14,ICICI Pru,ICICI Pru; Nippon
INE053F07AA7,2026-07-15,7.29,ICICI Pru,ICICI Pru; Nippon
INE053F07AA7,2026-07-31,7.2,ICICI Pru,ICICI Pru (124); Nippon (50)
INE053F07AA7,2026-08-15,7.11,ICICI Pru,ICICI Pru (127); Nippon (50)
INE053F07AB5,2026-06-30,7.17,ICICI Pru,ICICI Pru; Axis; UTI
INE053F07AB5,2026-07-15,7.29,ICICI Pru,ICICI Pru
INE053F07AB5,2026-07-31,7.2,ICICI Pru,ICICI Pru (200); Axis (50); UTI (30)
INE053F07AB5,2026-08-15,7.14,ICICI Pru,ICICI Pru (200); Axis (50)
INE053F07AC3,2026-06-30,7.19,ICICI Pru,ICICI Pru; Nippon
INE053F07AC3,2026-07-15,7.28,ICICI Pru,ICICI Pru; Nippon
INE053F07AC3,2026-07-31,7.16,ICICI Pru,ICICI Pru (502); Axis (75); Nippon (1)
INE053F07AC3,2026-08-15,7.14,ICICI Pru,ICICI Pru (502); Axis (75); Nippon (1)
INE053F07AD1,2026-06-30,7.14,Nippon,Nippon
INE053F07AD1,2026-07-15,7.28,Nippon,Nippon
INE053F07AD1,2026-07-31,7.1637,Nippon,Nippon (5); Tata (176)
INE053F07AD1,2026-08-15,7.14,Nippon,Nippon (5); Tata (176)
INE053F07AY7,2026-06-30,7.05,HDFC,HDFC; Aditya Birla; Nippon
INE053F07AY7,2026-07-15,7.27,HDFC,HDFC; Nippon
INE053F07AY7,2026-07-31,7.17,HDFC,HDFC (26); Nippon (324)
INE053F07AY7,2026-08-15,7.09,Nippon,Nippon (324)
INE053F07AZ4,2026-06-30,6.97,HDFC,HDFC; Axis; Nippon
INE053F07AZ4,2026-07-15,7.18,HDFC,HDFC; Nippon
INE053F07AZ4,2026-07-31,7.17,HDFC,HDFC (5); Axis (41); Nippon (21)
INE053F07AZ4,2026-08-15,7.1,Axis,Axis (41); Nippon (21)
INE053F07BA5,2026-06-30,6.97,HDFC,HDFC; Aditya Birla; Axis; UTI
INE053F07BA5,2026-07-15,7.18,HDFC,HDFC
INE053F07BA5,2026-07-31,7.17,HDFC,HDFC (10); Aditya Birla (10); Axis (93); UTI (26)
INE053F07BA5,2026-08-15,7.1,Axis,Axis (93)
INE053F07BC1,2026-06-30,6.97,HDFC,HDFC; Axis; Nippon
INE053F07BC1,2026-07-15,7.18,HDFC,HDFC; Nippon
INE053F07BC1,2026-07-31,7.17,HDFC,HDFC (103); Axis (31); Nippon (10)
INE053F07BC1,2026-08-15,7.1,Axis,Axis (31); Nippon (10)
INE053F07BD9,2026-06-30,6.97,HDFC,HDFC; Nippon
INE053F07BD9,2026-07-15,7.18,HDFC,HDFC; Nippon
INE053F07BD9,2026-07-31,7.17,HDFC,HDFC (133); Nippon (41)
INE053F07BD9,2026-08-15,7.1,Nippon,Nippon (41)
INE053F07BE7,2026-06-30,6.97,Aditya Birla,Aditya Birla; Axis; Nippon
INE053F07BE7,2026-07-15,7.18,Nippon,Nippon
INE053F07BE7,2026-07-31,7.17,Aditya Birla,Aditya Birla (56); Axis (225); Nippon (56)
INE053F07BE7,2026-08-15,7.1,Axis,Axis (226); Nippon (56)
INE053F07BR9,2026-06-30,6.97,HDFC,HDFC
INE053F07BR9,2026-07-15,7.19,HDFC,HDFC
INE053F07BR9,2026-07-31,7.17,HDFC,HDFC (5)
INE053F07BU3,2026-06-30,6.975,Axis,Axis; Kotak
INE053F07BU3,2026-07-31,7.2,Axis,Axis (25); Kotak (4)
INE053F07BU3,2026-08-15,7.1,Axis,Axis (25); Kotak (4)
INE053F07BW9,2026-06-30,6.975,Aditya Birla,Aditya Birla; Axis
INE053F07BW9,2026-07-31,7.2,HDFC,HDFC (35); Axis (202)
INE053F07BW9,2026-08-15,7.1,Axis,Axis (177)
INE053F07BX7,2026-06-30,6.995,Nippon,Nippon
INE053F07BX7,2026-07-15,7.1887,Nippon,Nippon
INE053F07BX7,2026-07-31,7.2,Nippon,Nippon (71)
INE053F07BX7,2026-08-15,7.11,Nippon,Nippon (71)
INE053F07CA3,2026-06-30,7.015,Nippon,Nippon
INE053F07CA3,2026-07-15,7.25,Nippon,Nippon
INE053F07CA3,2026-07-31,7.205,Nippon,Nippon (50)
INE053F07CA3,2026-08-15,7.1433,Nippon,Nippon (50)
INE053F07CQ9,2026-06-30,7.3,Aditya Birla,Aditya Birla
INE053F07CQ9,2026-07-31,7.3749,Aditya Birla,Aditya Birla (29)
INE053F08106,2026-06-30,7.15,HDFC,HDFC; Axis
INE053F08106,2026-07-15,7.24,HDFC,HDFC
INE053F08106,2026-07-31,7.2,HDFC,HDFC (49); Axis (5)
INE053F08106,2026-08-15,7.17,Axis,Axis (5)
INE053F08114,2026-06-30,7.3446,Axis,Axis
INE053F08114,2026-07-31,7.3749,Axis,Axis (10)
INE053F08114,2026-08-15,7.395,Axis,Axis (10)
INE053F08122,2026-06-30,7.145,Aditya Birla,Aditya Birla; Axis; Nippon
INE053F08122,2026-07-15,7.24,Nippon,Nippon
INE053F08122,2026-07-31,7.2,Aditya Birla,Aditya Birla (49); Axis (163); Nippon (119)
INE053F08122,2026-08-15,7.17,Axis,Axis (89); Nippon (119)
INE053F08163,2026-06-30,7.1949,Axis,Axis
INE053F08163,2026-07-31,7.275,Axis,Axis (29)
INE053F08163,2026-08-15,7.25,Axis,Axis (29)
INE053F08205,2026-06-30,7.4,HDFC,HDFC
INE053F08205,2026-07-15,7.46,HDFC,HDFC
INE053F08205,2026-07-31,7.37,HDFC,HDFC (61)
INE053F08221,2026-06-30,7.2,Kotak,Kotak
INE053F08221,2026-07-31,7.28,Kotak,Kotak (5)
INE053F08221,2026-08-15,7.25,Kotak,Kotak (5)
INE053F08247,2026-06-30,7.28,HDFC,HDFC; Axis; UTI
INE053F08247,2026-07-15,7.31,HDFC,HDFC
INE053F08247,2026-07-31,7.28,HDFC,HDFC (25); Axis (31); UTI (153)
INE053F08247,2026-08-15,7.3475,Axis,Axis (30)
INE053F08270,2026-06-30,7.275,Aditya Birla,Aditya Birla
INE053F08270,2026-07-31,7.2799,Aditya Birla,Aditya Birla (10)
INE053F08296,2026-06-30,7.4,HDFC,HDFC
INE053F08304,2026-06-30,6.81,HDFC,HDFC; ICICI Pru; Nippon; UTI
INE053F08304,2026-07-15,7.04,HDFC,HDFC; ICICI Pru; Nippon
INE053F08304,2026-07-31,6.93,HDFC,HDFC (25); Axis (25); Nippon (50)
INE053F08304,2026-08-15,6.5301,Axis,Axis (25); Nippon (50)
INE053F08312,2026-06-30,6.81,HDFC,HDFC; Aditya Birla; UTI
INE053F08312,2026-07-15,7.04,HDFC,HDFC
INE053F08312,2026-07-31,6.93,HDFC,HDFC (165)
INE053F08320,2026-06-30,7.0449,Nippon,Nippon; UTI
INE053F08320,2026-07-15,7.27,Nippon,Nippon
INE053F08320,2026-07-31,7.17,Nippon,Nippon (25); UTI (75)
INE053F08320,2026-08-15,7.09,Nippon,Nippon (25)
INE053F08338,2026-06-30,6.97,HDFC,HDFC; SBI; ICICI Pru; Aditya Birla; Nippon; Kotak
INE053F08338,2026-07-15,7.16,HDFC,HDFC; SBI; ICICI Pru; Nippon
INE053F08338,2026-07-31,7.0,HDFC,HDFC (75); SBI (30); ICICI Pru (7); Aditya Birla (25); Nippon (209); Kotak (34)
INE053F08338,2026-08-15,6.66,SBI,SBI (30); ICICI Pru (2); Nippon (204); Kotak (42)
INE053F08346,2026-06-30,7.28,HDFC,HDFC; Aditya Birla; Axis
INE053F08346,2026-07-15,7.31,HDFC,HDFC
INE053F08346,2026-07-31,7.28,HDFC,HDFC (102); Aditya Birla (10); Axis (26)
INE053F08346,2026-08-15,7.3475,Axis,Axis (25)
INE053F08353,2026-06-30,6.97,HDFC,HDFC; Axis; Nippon; UTI
INE053F08353,2026-07-15,7.19,HDFC,HDFC; Nippon
INE053F08353,2026-07-31,7.17,HDFC,HDFC (278); Axis (76); Nippon (374); UTI (252)
INE053F08353,2026-08-15,7.1,Axis,Axis (126); Nippon (349)
INE053F08387,2026-06-30,6.97,HDFC,HDFC; Aditya Birla; Axis; Kotak; UTI
INE053F08387,2026-07-15,7.19,HDFC,HDFC
INE053F08387,2026-07-31,7.17,HDFC,HDFC (388); Aditya Birla (25); Axis (50); Kotak (50); UTI (101)
INE053F08387,2026-08-15,7.1,Axis,Axis (50); Kotak (50)
INE053F08395,2026-06-30,7.3,HDFC,HDFC
INE053F08395,2026-07-15,7.38,HDFC,HDFC
INE053F08395,2026-07-31,7.37,HDFC,HDFC (75)
INE053F08403,2026-06-30,7.3,Aditya Birla,Aditya Birla; Axis
INE053F08403,2026-07-31,7.365,Aditya Birla,Aditya Birla (14); Axis (45)
INE053F08403,2026-08-15,7.385,Axis,Axis (70)
INE053F08411,2026-06-30,6.97,HDFC,HDFC; Aditya Birla; Axis; Nippon; Kotak
INE053F08411,2026-07-15,7.19,HDFC,HDFC; Nippon
INE053F08411,2026-07-31,7.2,HDFC,HDFC (50); Axis (95); Nippon (5); Kotak (50)
INE053F08411,2026-08-15,7.1,Axis,Axis (96); Nippon (5); Kotak (50)
INE053F08445,2026-06-30,7.3,Aditya Birla,Aditya Birla
INE053F08445,2026-07-31,7.365,Aditya Birla,Aditya Birla (25)
INE053F08452,2026-06-30,7.3,HDFC,HDFC
INE053F08478,2026-06-30,7.4,HDFC,HDFC; Aditya Birla
INE053F08478,2026-07-31,7.3665,Aditya Birla,Aditya Birla (25)
INE053F08486,2026-06-30,7.3,HDFC,HDFC; ICICI Pru; Aditya Birla; Axis; UTI
INE053F08486,2026-07-15,7.4,HDFC,HDFC; ICICI Pru
INE053F08486,2026-07-31,7.38,HDFC,HDFC (74); ICICI Pru (99); Aditya Birla (128); Axis (118); UTI (99)
INE053F08486,2026-08-15,7.41,ICICI Pru,ICICI Pru (99); Axis (118)
INE053F08494,2026-06-30,7.02,HDFC,HDFC; Aditya Birla; Axis; Nippon; UTI
INE053F08494,2026-07-15,7.25,HDFC,HDFC; Nippon
INE053F08494,2026-07-31,7.21,HDFC,HDFC (74); Aditya Birla (227); Axis (123); Nippon (49); UTI (25)
INE053F08494,2026-08-15,7.1533,Axis,Axis (123); Nippon (49)
INE053F08502,2026-06-30,7.02,HDFC,HDFC; Aditya Birla; Axis
INE053F08502,2026-07-15,7.25,HDFC,HDFC
INE053F08502,2026-07-31,7.21,HDFC,HDFC (25); Aditya Birla (344); Axis (147)
INE053F08502,2026-08-15,7.15,Axis,Axis (172)
INE053F08510,2026-06-30,7.0549,Aditya Birla,Aditya Birla; Axis; Nippon; UTI
INE053F08510,2026-07-15,7.275,Nippon,Nippon
INE053F08510,2026-07-31,7.1686,Aditya Birla,Aditya Birla (618); Axis (321); Nippon (25); UTI (124); Tata (168)
INE053F08510,2026-08-15,7.09,Axis,Axis (322); Tata (168)
INE053F08528,2026-06-30,7.02,HDFC,HDFC; Aditya Birla; Axis
INE053F08528,2026-07-31,7.205,Aditya Birla,Aditya Birla (196); Axis (49)
INE053F08528,2026-08-15,7.16,Axis,Axis (49)
INE053F08536,2026-06-30,6.66,HDFC,HDFC; Aditya Birla; Nippon
INE053F08536,2026-07-15,6.82,HDFC,HDFC; Nippon
INE053F08536,2026-07-31,6.86,HDFC,HDFC (108); Aditya Birla (269); Nippon (43)
INE053F08536,2026-08-15,6.8225,Nippon,Nippon (43)
INE053F09EL2,2026-06-30,6.9613,Nippon,Nippon
INE053F09EL2,2026-07-15,7.1519,Nippon,Nippon
INE053F09EL2,2026-07-31,7.0,Nippon,Nippon (23)
INE053F09EL2,2026-08-15,6.6531,Nippon,Nippon (23)
INE053F09EO6,2026-06-30,7.17,ICICI Pru,ICICI Pru
INE053F09EO6,2026-07-15,7.29,ICICI Pru,ICICI Pru
INE053F09EO6,2026-07-31,7.2,ICICI Pru,ICICI Pru (31)
INE053F09EO6,2026-08-15,7.14,ICICI Pru,ICICI Pru (31)
INE053F09GX2,2026-06-30,7.02,HDFC,HDFC
INE053F09GX2,2026-07-15,7.25,HDFC,HDFC
INE053F09GX2,2026-07-31,7.21,HDFC,HDFC (16)
INE055A08052,2026-06-30,7.7,SBI,SBI
INE055A08052,2026-07-15,7.895,SBI,SBI
INE055A08052,2026-07-31,7.825,SBI,SBI (271)
INE055A08052,2026-08-15,7.7,SBI,SBI (272)
INE055A08060,2026-06-30,8.1393,Nippon,Nippon; Kotak
INE055A08060,2026-07-15,8.37,Nippon,Nippon
INE055A08060,2026-07-31,8.355,Nippon,Nippon (95); Kotak (100)
INE055A08060,2026-08-15,8.26,Nippon,Nippon (96); Kotak (101)
INE055A14KO9,2026-06-30,7.2053,Nippon,Nippon
INE055A14KO9,2026-07-15,7.1899,Nippon,Nippon
INE055A14KO9,2026-07-31,7.0904,Nippon,Nippon (199)
INE055A14KO9,2026-08-15,6.9833,Nippon,Nippon (200)
INE05NX24023,2026-06-30,8.1,Kotak,Kotak
INE05NX24023,2026-07-31,8.33,Kotak,Kotak (1)
INE05NX24023,2026-08-15,8.25,Kotak,Kotak (1)
INE05NX24031,2026-06-30,8.04,Kotak,Kotak
INE05NX24031,2026-07-31,8.27,Kotak,Kotak (1)
INE05NX24031,2026-08-15,8.21,Kotak,Kotak (1)
INE062A08231,2026-06-30,6.81,HDFC,HDFC; Axis; Kotak
INE062A08231,2026-07-15,6.93,HDFC,HDFC
INE062A08231,2026-07-31,6.9,HDFC,HDFC (25); Axis (26); Kotak (144)
INE062A08231,2026-08-15,6.912,Axis,Axis (26); Kotak (144)
INE062A08330,2026-06-30,7.26,HDFC,HDFC
INE062A08348,2026-06-30,7.36,HDFC,HDFC
INE062A08348,2026-07-15,7.41,HDFC,HDFC
INE062A08348,2026-07-31,7.38,HDFC,HDFC (10)
INE062A08389,2026-06-30,7.36,HDFC,HDFC
INE062A08405,2026-06-30,7.4483,SBI,SBI
INE062A08405,2026-07-15,7.4982,SBI,SBI
INE062A08405,2026-07-31,7.4678,SBI,SBI (26)
INE062A08405,2026-08-15,7.5233,SBI,SBI (26)
INE062A08439,2026-06-30,7.36,HDFC,HDFC
INE062A08439,2026-07-15,7.41,HDFC,HDFC
INE062A08439,2026-07-31,7.38,HDFC,HDFC (25)
INE062A08447,2026-06-30,7.32,ICICI Pru,ICICI Pru; Aditya Birla
INE062A08447,2026-07-15,7.37,ICICI Pru,ICICI Pru
INE062A08447,2026-07-31,7.34,ICICI Pru,ICICI Pru (101); Aditya Birla (295)
INE062A08447,2026-08-15,7.4,ICICI Pru,ICICI Pru (100)
INE062A08454,2026-06-30,7.25,HDFC,HDFC
INE062A08454,2026-07-15,7.3,HDFC,HDFC
INE062A08454,2026-07-31,7.27,HDFC,HDFC (35)
INE062A08470,2026-06-30,7.36,HDFC,HDFC
INE062A08496,2026-08-15,7.18,Kotak,Kotak (248)
INE062A08504,2026-08-15,7.6325,SBI,SBI (10)
INE063P16BB2,2026-06-30,7.1598,SBI,SBI
INE063P16BB2,2026-07-15,7.4098,SBI,SBI
INE063P16BB2,2026-07-31,7.0251,SBI,SBI (74)
INE063P16BB2,2026-08-15,6.8152,SBI,SBI (74)
INE063P16BD8,2026-06-30,7.16,ICICI Pru,ICICI Pru
INE063P16BD8,2026-07-15,7.41,ICICI Pru,ICICI Pru
INE063P16BD8,2026-07-31,6.94,ICICI Pru,ICICI Pru (198)
INE063P16BD8,2026-08-15,6.82,ICICI Pru,ICICI Pru (199)
INE063P16BE6,2026-06-30,7.41,UTI,UTI
INE063P16BE6,2026-07-31,7.56,UTI,UTI (98)
INE063P16BJ5,2026-06-30,7.95,UTI,UTI
INE063P16BJ5,2026-07-31,8.05,UTI,UTI (144)
INE063P16BK3,2026-07-31,8.05,Tata,Tata (574)
INE063P16BK3,2026-08-15,7.83,Tata,Tata (576)
INE063P16BM9,2026-07-31,8.05,Tata,Tata (191)
INE063P16BM9,2026-08-15,7.83,Tata,Tata (192)
INE063P16BN7,2026-06-30,7.1452,SBI,SBI
INE063P16BN7,2026-07-15,7.1199,SBI,SBI
INE063P16BN7,2026-07-31,6.9148,SBI,SBI (497)
INE063P16BN7,2026-08-15,6.8103,SBI,SBI (499)
INE063P16BO5,2026-06-30,7.41,SBI,SBI; ICICI Pru
INE063P16BO5,2026-07-15,7.7801,SBI,SBI; ICICI Pru
INE063P16BO5,2026-07-31,7.565,SBI,SBI (243); ICICI Pru (146)
INE063P16BO5,2026-08-15,7.26,SBI,SBI (244); ICICI Pru (147)
INE063P16BP2,2026-06-30,7.41,SBI,SBI; UTI
INE063P16BP2,2026-07-15,7.78,SBI,SBI
INE063P16BP2,2026-07-31,7.5651,SBI,SBI (243); UTI (49)
INE063P16BP2,2026-08-15,7.2599,SBI,SBI (244)
INE071G07579,2026-06-30,7.5025,Nippon,Nippon
INE071G07579,2026-07-15,7.6375,Nippon,Nippon
INE071G07579,2026-07-31,7.5875,Nippon,Nippon (50)
INE071G07579,2026-08-15,7.4775,Nippon,Nippon (50)
INE071G07603,2026-06-30,7.51,HDFC,HDFC
INE071G07603,2026-07-15,7.64,HDFC,HDFC
INE071G07603,2026-07-31,7.59,HDFC,HDFC (50); Tata (25)
INE071G07603,2026-08-15,7.48,Tata,Tata (25)
INE071G07645,2026-06-30,6.7298,Aditya Birla,Aditya Birla
INE071G07645,2026-07-31,6.7848,Aditya Birla,Aditya Birla (40)
INE071G07660,2026-06-30,7.2725,Aditya Birla,Aditya Birla; Kotak
INE071G07660,2026-07-31,7.3124,Aditya Birla,Aditya Birla (95); Kotak (125)
INE071G07660,2026-08-15,7.11,Kotak,Kotak (125)
INE071G07694,2026-06-30,6.73,HDFC,HDFC; ICICI Pru
INE071G07694,2026-07-15,6.8,HDFC,HDFC; ICICI Pru
INE071G07694,2026-07-31,6.79,HDFC,HDFC (125); ICICI Pru (75)
INE071G07694,2026-08-15,6.58,ICICI Pru,ICICI Pru (75)
INE071G07728,2026-06-30,7.44,ICICI Pru,ICICI Pru; Kotak
INE071G07728,2026-07-15,7.6,ICICI Pru,ICICI Pru
INE071G07728,2026-07-31,7.55,ICICI Pru,ICICI Pru (60); Kotak (10)
INE071G07728,2026-08-15,7.42,ICICI Pru,ICICI Pru (60); Kotak (10)
INE071G07736,2026-06-30,7.5175,Nippon,Nippon
INE071G07736,2026-07-15,7.6524,Nippon,Nippon
INE071G07736,2026-07-31,7.6175,Nippon,Nippon (50)
INE071G07736,2026-08-15,7.5975,Nippon,Nippon (50)
INE071G07751,2026-06-30,7.96,Aditya Birla,Aditya Birla
INE071G07751,2026-07-31,8.07,Aditya Birla,Aditya Birla (600)
INE071G07777,2026-06-30,8.01,ICICI Pru,ICICI Pru; Aditya Birla
INE071G07777,2026-07-15,8.41,ICICI Pru,ICICI Pru
INE071G07777,2026-07-31,8.36,ICICI Pru,ICICI Pru (349); Aditya Birla (25)
INE071G07777,2026-08-15,8.25,ICICI Pru,ICICI Pru (348)
INE071G07819,2026-06-30,7.46,ICICI Pru,ICICI Pru; Nippon
INE071G07819,2026-07-15,7.59,ICICI Pru,ICICI Pru; Nippon
INE071G07819,2026-07-31,7.5,ICICI Pru,ICICI Pru (105); Nippon (150); Tata (50)
INE071G07819,2026-08-15,7.31,ICICI Pru,ICICI Pru (105); Nippon (150); Tata (50)
INE071G07835,2026-06-30,7.5125,Aditya Birla,Aditya Birla
INE071G07835,2026-07-31,7.6475,Aditya Birla,Aditya Birla (35)
INE071G07843,2026-06-30,7.52,ICICI Pru,ICICI Pru; Aditya Birla
INE071G07843,2026-07-15,7.65,ICICI Pru,ICICI Pru
INE071G07843,2026-07-31,7.59,ICICI Pru,ICICI Pru (199); Aditya Birla (382)
INE071G07843,2026-08-15,7.5,ICICI Pru,ICICI Pru (199)
INE071G07868,2026-06-30,8.13,ICICI Pru,ICICI Pru
INE071G07868,2026-07-15,8.27,ICICI Pru,ICICI Pru
INE071G07868,2026-07-31,8.23,ICICI Pru,ICICI Pru (476)
INE071G07868,2026-08-15,8.2,ICICI Pru,ICICI Pru (475)
INE071G07876,2026-07-31,8.25,ICICI Pru,ICICI Pru (201); Kotak (176)
INE071G07876,2026-08-15,8.23,ICICI Pru,ICICI Pru (201); Kotak (175)
INE071G14HS0,2026-06-30,6.43,HDFC,HDFC; Aditya Birla; UTI
INE071G14HW2,2026-06-30,6.5279,Aditya Birla,Aditya Birla
INE071G14HW2,2026-07-31,6.4948,Aditya Birla,Aditya Birla (200)
INE071G14HX0,2026-06-30,6.53,UTI,UTI
INE071G14HX0,2026-07-31,6.5,UTI,UTI (125)
INE071G14HX0,2026-08-15,6.3117,SBI,SBI (100)
INE071G14IC2,2026-07-31,6.73,HDFC,HDFC (248)
INE071G14ID0,2026-07-31,6.7303,Axis,Axis (198)
INE071G14ID0,2026-08-15,6.4196,Axis,Axis (99)
INE071G14IF5,2026-08-15,6.6751,SBI,SBI (394)
INE07UF07026,2026-06-30,9.665,Nippon,Nippon
INE07UF07026,2026-07-15,9.855,Nippon,Nippon
INE07UF07026,2026-07-31,9.76,Nippon,Nippon (60)
INE07UF07026,2026-08-15,9.485,Nippon,Nippon (60)
INE07UF07034,2026-06-30,9.75,Axis,Axis
INE07UF07034,2026-07-31,9.85,Axis,Axis (65)
INE07UF07034,2026-08-15,9.78,Axis,Axis (65)
INE07UF07042,2026-06-30,9.75,ICICI Pru,ICICI Pru
INE07UF07042,2026-07-15,9.86,ICICI Pru,ICICI Pru
INE07UF07042,2026-07-31,9.85,ICICI Pru,ICICI Pru (174)
INE07UF07042,2026-08-15,9.78,ICICI Pru,ICICI Pru (174)
INE07Z507037,2026-06-30,8.27,ICICI Pru,ICICI Pru
INE07Z507037,2026-07-15,8.52,ICICI Pru,ICICI Pru
INE07Z507037,2026-07-31,8.47,ICICI Pru,ICICI Pru (222)
INE07Z507037,2026-08-15,8.37,ICICI Pru,ICICI Pru (222)
INE081A08322,2026-06-30,7.57,Kotak,Kotak
INE081A08322,2026-07-31,7.66,Kotak,Kotak (151)
INE081A08322,2026-08-15,7.65,Kotak,Kotak (151)
INE081A08330,2026-06-30,7.45,HDFC,HDFC
INE081A08330,2026-07-15,7.69,HDFC,HDFC
INE081A14GZ9,2026-06-30,6.63,HDFC,HDFC; SBI
INE081A14GZ9,2026-07-15,6.7,HDFC,HDFC; SBI
INE081A14GZ9,2026-07-31,6.69,HDFC,"HDFC (50); SBI (1,095)"
INE081A14GZ9,2026-08-15,6.4498,SBI,"SBI (1,098)"
INE081A14HA0,2026-06-30,6.55,Axis,Axis
INE081A14HA0,2026-07-31,6.7397,Axis,Axis (994)
INE081A14HA0,2026-08-15,6.4944,Axis,Axis (997)
INE081A14HC6,2026-06-30,6.5501,SBI,SBI; Axis
INE081A14HC6,2026-07-15,6.8402,SBI,SBI
INE081A14HC6,2026-07-31,6.7399,SBI,SBI (496); Axis (745)
INE081A14HC6,2026-08-15,6.495,SBI,SBI (498); Axis (747)
INE081J07010,2026-06-30,9.07,HDFC,HDFC
INE081J07028,2026-06-30,9.06,HDFC,HDFC
INE081J07028,2026-07-15,9.52,HDFC,HDFC
INE081J07028,2026-07-31,9.41,HDFC,HDFC (100)
INE081J07036,2026-07-15,9.53,HDFC,HDFC
INE081J07036,2026-07-31,9.42,HDFC,HDFC (200)
INE084A16FK2,2026-06-30,6.26,UTI,UTI
INE084A16FQ9,2026-06-30,6.89,HDFC,HDFC
INE084A16FQ9,2026-07-15,7.23,HDFC,HDFC
INE084A16FQ9,2026-07-31,7.03,HDFC,HDFC (482)
INE084A16FS5,2026-06-30,6.88,ICICI Pru,ICICI Pru; Axis
INE084A16FS5,2026-07-15,7.23,ICICI Pru,ICICI Pru
INE084A16FS5,2026-07-31,7.02,ICICI Pru,ICICI Pru (842); Axis (72); Kotak (48)
INE084A16FS5,2026-08-15,6.8,ICICI Pru,ICICI Pru (846); Axis (72); Kotak (48)
INE084A16FT3,2026-06-30,6.88,ICICI Pru,ICICI Pru; Kotak
INE084A16FT3,2026-07-15,7.23,ICICI Pru,ICICI Pru
INE084A16FT3,2026-07-31,7.02,ICICI Pru,ICICI Pru (120)
INE084A16FT3,2026-08-15,6.8,ICICI Pru,ICICI Pru (121)
INE084A16FW7,2026-06-30,6.4352,Axis,Axis
INE084A16FY3,2026-06-30,6.44,ICICI Pru,ICICI Pru; Kotak
INE084A16FY3,2026-07-15,6.37,ICICI Pru,ICICI Pru
INE084A16FY3,2026-07-31,6.34,ICICI Pru,ICICI Pru (995); Kotak (249)
INE084A16GB9,2026-06-30,6.26,ICICI Pru,ICICI Pru; Kotak; UTI
INE084A16GB9,2026-07-15,6.51,ICICI Pru,ICICI Pru
INE084A16GB9,2026-07-31,6.49,ICICI Pru,ICICI Pru (248); Kotak (248); UTI (694)
INE084A16GB9,2026-08-15,6.25,ICICI Pru,ICICI Pru (249); Kotak (249)
INE084A16GC7,2026-06-30,6.26,HDFC,HDFC
INE084A16GC7,2026-07-15,6.51,HDFC,HDFC; SBI
INE084A16GC7,2026-07-31,6.5,HDFC,HDFC (793)
INE084A16GD5,2026-06-30,6.26,ICICI Pru,ICICI Pru
INE084A16GD5,2026-07-15,6.51,ICICI Pru,ICICI Pru
INE084A16GD5,2026-07-31,6.49,ICICI Pru,ICICI Pru (248)
INE084A16GD5,2026-08-15,6.25,ICICI Pru,ICICI Pru (248)
INE084A16GE3,2026-06-30,6.26,ICICI Pru,ICICI Pru
INE084A16GE3,2026-07-15,6.51,ICICI Pru,ICICI Pru
INE084A16GE3,2026-07-31,6.49,ICICI Pru,ICICI Pru (248)
INE084A16GE3,2026-08-15,6.25,ICICI Pru,ICICI Pru (248)
INE084A16GG8,2026-06-30,6.26,HDFC,HDFC
INE084A16GG8,2026-07-15,6.51,HDFC,HDFC
INE084A16GG8,2026-07-31,6.5,HDFC,HDFC (693)
INE087M08126,2026-06-30,8.81,ICICI Pru,ICICI Pru; Nippon; Kotak
INE087M08126,2026-07-15,9.0,ICICI Pru,ICICI Pru; Nippon
INE087M08126,2026-07-31,8.9,ICICI Pru,ICICI Pru (195); Nippon (75); Kotak (25)
INE087M08126,2026-08-15,8.63,ICICI Pru,ICICI Pru (195); Nippon (75); Kotak (25)
INE087M08134,2026-06-30,9.08,ICICI Pru,ICICI Pru; Nippon; Kotak
INE087M08134,2026-07-15,9.21,ICICI Pru,ICICI Pru; Nippon
INE087M08134,2026-07-31,9.21,ICICI Pru,ICICI Pru (245); Nippon (25); Kotak (25)
INE087M08134,2026-08-15,9.16,ICICI Pru,ICICI Pru (245); Nippon (25); Kotak (25)
INE087M14BY5,2026-06-30,7.755,Aditya Birla,Aditya Birla; Kotak
INE087M14BY5,2026-07-31,7.755,Aditya Birla,Aditya Birla (195); Kotak (98)
INE087M14BY5,2026-08-15,7.42,Kotak,Kotak (98)
INE087M14BZ2,2026-06-30,7.93,Nippon,Nippon
INE087M14BZ2,2026-07-15,8.035,Nippon,Nippon
INE087M14BZ2,2026-07-31,7.9,Nippon,Nippon (241)
INE087M14BZ2,2026-08-15,7.6975,Nippon,Nippon (242)
INE087P07444,2026-06-30,8.45,ICICI Pru,ICICI Pru
INE087P07444,2026-07-15,8.11,ICICI Pru,ICICI Pru
INE087P07451,2026-06-30,9.0729,Aditya Birla,Aditya Birla; UTI
INE087P07451,2026-07-31,9.2998,Aditya Birla,Aditya Birla (20); UTI (15)
INE087P07469,2026-06-30,8.4528,Aditya Birla,Aditya Birla
INE087P07469,2026-07-31,9.43,Aditya Birla,Aditya Birla (298)
INE087P07501,2026-07-31,9.4139,SBI,SBI (498)
INE087P07501,2026-08-15,9.3433,SBI,SBI (499)
INE087P14838,2026-06-30,8.0699,SBI,SBI
INE087P14838,2026-07-15,8.2497,SBI,SBI
INE087P14838,2026-07-31,8.0002,SBI,SBI (199)
INE087P14838,2026-08-15,7.8544,SBI,SBI (200)
INE087P14846,2026-06-30,8.0699,SBI,SBI
INE087P14846,2026-07-15,8.3,SBI,SBI
INE087P14846,2026-07-31,8.1505,SBI,SBI (347)
INE087P14846,2026-08-15,7.9998,SBI,SBI (349)
INE08BR07011,2026-06-30,8.4738,Nippon,Nippon
INE08BR07011,2026-07-15,8.7138,Nippon,Nippon
INE08BR07011,2026-07-31,8.6538,Nippon,Nippon (25)
INE08BR07011,2026-08-15,8.5338,Nippon,Nippon (25)
INE08BR07029,2026-06-30,8.4387,Nippon,Nippon
INE08BR07029,2026-07-15,8.6788,Nippon,Nippon
INE08BR07029,2026-07-31,8.6187,Nippon,Nippon (7)
INE08BR07029,2026-08-15,8.4987,Nippon,Nippon (7)
INE08BT07017,2026-06-30,8.51,Nippon,Nippon
INE08BT07017,2026-07-15,8.75,Nippon,Nippon
INE08BT07017,2026-07-31,8.69,Nippon,Nippon (111)
INE08BT07017,2026-08-15,8.57,Nippon,Nippon (112)
INE08BT07025,2026-06-30,8.3699,Nippon,Nippon
INE08BT07025,2026-07-15,8.6099,Nippon,Nippon
INE08BT07025,2026-07-31,8.5499,Nippon,Nippon (101)
INE08BT07025,2026-08-15,8.4299,Nippon,Nippon (101)
INE08Z607109,2026-06-30,9.7775,Nippon,Nippon
INE08Z607109,2026-07-15,9.9574,Nippon,Nippon
INE08Z607109,2026-07-31,10.0171,Nippon,Nippon (25)
INE08Z607109,2026-08-15,9.8722,Nippon,Nippon (25)
INE08Z607117,2026-06-30,9.7575,Nippon,Nippon
INE08Z607117,2026-07-15,10.101,Nippon,Nippon
INE08Z607117,2026-07-31,10.1457,Nippon,Nippon (50)
INE08Z607117,2026-08-15,10.0958,Nippon,Nippon (50)
INE08Z607125,2026-06-30,9.84,HDFC,HDFC
INE08Z607125,2026-07-15,10.23,HDFC,HDFC
INE08Z607125,2026-07-31,10.23,HDFC,HDFC (68)
INE08Z607133,2026-06-30,9.76,HDFC,HDFC; Nippon
INE08Z607133,2026-07-15,10.1,HDFC,HDFC; Nippon
INE08Z607133,2026-07-31,10.15,HDFC,HDFC (69); Nippon (29)
INE08Z607133,2026-08-15,10.0958,Nippon,Nippon (30)
INE08Z607141,2026-06-30,9.76,HDFC,HDFC; Nippon
INE08Z607141,2026-07-15,10.19,HDFC,HDFC; Nippon
INE08Z607141,2026-07-31,10.16,HDFC,HDFC (68); Nippon (24)
INE08Z607141,2026-08-15,10.1207,Nippon,Nippon (24)
INE08Z607158,2026-07-15,10.19,HDFC,HDFC; Nippon
INE08Z607158,2026-07-31,10.16,HDFC,HDFC (30); Nippon (34)
INE08Z607158,2026-08-15,10.1208,Nippon,Nippon (34)
INE08Z607166,2026-07-15,10.23,HDFC,HDFC; Nippon
INE08Z607166,2026-07-31,10.23,HDFC,HDFC (29); Nippon (34)
INE08Z607166,2026-08-15,10.1657,Nippon,Nippon (34)
INE08Z607174,2026-07-15,10.24,HDFC,HDFC; Nippon
INE08Z607174,2026-07-31,10.24,HDFC,HDFC (29); Nippon (19)
INE08Z607174,2026-08-15,10.1907,Nippon,Nippon (20)
INE090A08TY8,2026-06-30,7.24,UTI,UTI
INE090A08TY8,2026-07-31,7.32,UTI,UTI (15)
INE090A08UE8,2026-06-30,7.16,ICICI Pru,ICICI Pru; Nippon; Kotak
INE090A08UE8,2026-07-15,7.45,Nippon,Nippon
INE090A08UE8,2026-07-31,7.4413,Nippon,Nippon (74); Kotak (98)
INE090A08UE8,2026-08-15,7.29,Nippon,Nippon (74); Kotak (99)
INE090A08UF5,2026-06-30,7.16,Axis,SBI; Axis; Nippon
INE090A08UF5,2026-07-15,7.45,Nippon,Nippon
INE090A08UF5,2026-07-31,7.4512,Axis,Axis (0); Nippon (49)
INE090A08UF5,2026-08-15,7.31,Axis,Axis (0); Nippon (49)
INE090A08UG3,2026-06-30,7.2,ICICI Pru,ICICI Pru
INE090A08UG3,2026-07-15,7.42,ICICI Pru,ICICI Pru
INE090A08UG3,2026-07-31,7.46,ICICI Pru,ICICI Pru (15)
INE090A08UG3,2026-08-15,7.43,ICICI Pru,ICICI Pru (15)
INE090A08UN9,2026-06-30,7.409,Aditya Birla,Aditya Birla; Kotak
INE090A08UN9,2026-07-31,7.6049,Aditya Birla,Aditya Birla (123); Kotak (98)
INE090A08UN9,2026-08-15,7.66,Kotak,Kotak (98)
INE090AD6279,2026-06-30,6.76,HDFC,HDFC; SBI; Aditya Birla; Axis; Nippon
INE090AD6279,2026-07-15,7.12,HDFC,HDFC; SBI; Nippon
INE090AD6279,2026-07-31,6.87,HDFC,HDFC (97); SBI (193); Aditya Birla (97); Axis (169); Nippon (242)
INE090AD6279,2026-08-15,6.67,SBI,SBI (194); Axis (170); Nippon (243)
INE090AD6287,2026-06-30,6.76,Kotak,Kotak; UTI
INE090AD6287,2026-07-31,6.87,Kotak,Kotak (169); UTI (193)
INE090AD6287,2026-08-15,6.67,Kotak,Kotak (169)
INE090AD6295,2026-06-30,6.77,Aditya Birla,Aditya Birla; Nippon; UTI
INE090AD6295,2026-07-15,7.1149,Nippon,Nippon
INE090AD6295,2026-07-31,6.87,Aditya Birla,Aditya Birla (216); Nippon (240); UTI (264)
INE090AD6295,2026-08-15,6.6701,Axis,Axis (48); Nippon (241)
INE090AD6303,2026-06-30,6.7631,SBI,SBI
INE090AD6303,2026-07-15,7.115,SBI,SBI
INE090AD6303,2026-07-31,6.87,SBI,"SBI (1,917)"
INE090AD6303,2026-08-15,6.67,SBI,"SBI (1,924)"
INE090AD6337,2026-06-30,6.76,HDFC,HDFC; Aditya Birla; Axis; UTI
INE090AD6337,2026-07-15,7.12,HDFC,HDFC
INE090AD6337,2026-07-31,6.87,HDFC,HDFC (144); Aditya Birla (239); Axis (48); UTI (144)
INE090AD6337,2026-08-15,6.67,Axis,Axis (48)
INE090AD6360,2026-06-30,6.3501,SBI,SBI; Aditya Birla; Kotak; UTI
INE090AD6360,2026-07-15,6.3599,SBI,SBI
INE090AD6360,2026-07-31,6.29,HDFC,HDFC (995); SBI (995); Aditya Birla (497); Kotak (398)
INE090AD6360,2026-08-15,6.1695,SBI,SBI (997)
INE090AD6378,2026-06-30,6.23,HDFC,HDFC; SBI; Aditya Birla; Nippon; UTI
INE090AD6378,2026-07-15,6.51,HDFC,HDFC; SBI; Nippon
INE090AD6378,2026-07-31,6.3,HDFC,HDFC (744); Aditya Birla (744); Nippon (248); UTI (744)
INE090AD6378,2026-08-15,6.2147,Nippon,Nippon (249)
INE091A07208,2026-06-30,7.65,HDFC,HDFC; ICICI Pru; Aditya Birla; Axis; Nippon; Kotak
INE091A07208,2026-07-15,7.93,HDFC,HDFC; ICICI Pru; Nippon
INE091A07208,2026-07-31,7.73,HDFC,HDFC (311); ICICI Pru (306); Aditya Birla (100); Axis (50); Nippon (347); Kotak (15)
INE091A07208,2026-08-15,7.47,ICICI Pru,ICICI Pru (307); Axis (50); Nippon (347); Kotak (15)
INE091A14EW0,2026-06-30,6.59,Kotak,Kotak
INE091A14EW0,2026-07-31,6.69,Kotak,Kotak (199)
INE091A14EW0,2026-08-15,6.5,Kotak,Kotak (199)
INE092A08071,2026-06-30,7.5675,SBI,SBI
INE092A08071,2026-07-15,7.7675,SBI,SBI
INE092A08071,2026-07-31,7.6975,SBI,SBI (100)
INE092A08071,2026-08-15,7.5725,SBI,SBI (100)
INE092T16A01,2026-07-31,6.9699,Axis,Axis (246)
INE092T16A01,2026-08-15,6.4801,Axis,Axis (247)
INE092T16A19,2026-07-31,6.9702,Axis,Axis (492)
INE092T16A19,2026-08-15,6.48,Axis,Axis (494)
INE092T16YY7,2026-06-30,7.0751,Axis,Axis; Nippon
INE092T16YY7,2026-07-15,7.4002,Nippon,Nippon
INE092T16YY7,2026-07-31,7.2,Axis,Axis (193); Nippon (241)
INE092T16YY7,2026-08-15,6.98,Axis,Axis (194); Nippon (242)
INE092T16ZC0,2026-06-30,7.08,ICICI Pru,ICICI Pru; UTI
INE092T16ZC0,2026-07-15,7.4,ICICI Pru,ICICI Pru
INE092T16ZC0,2026-07-31,7.2,ICICI Pru,ICICI Pru (482); UTI (241)
INE092T16ZC0,2026-08-15,6.98,ICICI Pru,ICICI Pru (484)
INE092T16ZD8,2026-06-30,7.0751,Axis,Axis
INE092T16ZD8,2026-07-31,7.1999,Aditya Birla,Aditya Birla (386); Axis (193)
INE092T16ZD8,2026-08-15,6.98,Axis,Axis (194)
INE092T16ZE6,2026-06-30,7.08,HDFC,HDFC; Aditya Birla; Nippon
INE092T16ZE6,2026-07-15,7.4,HDFC,HDFC; Nippon
INE092T16ZE6,2026-07-31,7.2,HDFC,HDFC (145); Aditya Birla (241); Nippon (385)
INE092T16ZE6,2026-08-15,6.98,Nippon,Nippon (387)
INE092T16ZJ5,2026-06-30,6.3105,SBI,SBI
INE092T16ZK3,2026-06-30,6.31,HDFC,HDFC
INE092T16ZK3,2026-07-15,6.42,HDFC,HDFC
INE092T16ZM9,2026-06-30,6.5751,SBI,SBI; Axis
INE092T16ZM9,2026-07-15,6.4751,SBI,SBI
INE092T16ZN7,2026-06-30,6.5748,Axis,Axis; Kotak; UTI
INE092T16ZN7,2026-07-31,6.51,Kotak,Kotak (249)
INE092T16ZP2,2026-06-30,6.49,SBI,SBI
INE092T16ZP2,2026-07-15,6.6798,SBI,SBI
INE092T16ZP2,2026-07-31,6.5251,SBI,SBI (918)
INE092T16ZP2,2026-08-15,6.3544,SBI,SBI (921)
INE092T16ZQ0,2026-06-30,6.4898,SBI,SBI
INE092T16ZQ0,2026-07-15,6.6796,SBI,SBI
INE092T16ZQ0,2026-07-31,6.5253,SBI,SBI (745)
INE092T16ZQ0,2026-08-15,6.3551,SBI,SBI (747)
INE092T16ZR8,2026-06-30,6.49,HDFC,HDFC
INE092T16ZR8,2026-07-15,6.68,HDFC,HDFC
INE092T16ZR8,2026-07-31,6.61,HDFC,HDFC (991)
INE092T16ZS6,2026-06-30,6.49,HDFC,HDFC
INE092T16ZS6,2026-07-15,6.68,HDFC,HDFC
INE092T16ZS6,2026-07-31,6.61,HDFC,HDFC (990)
INE092T16ZT4,2026-06-30,6.49,ICICI Pru,ICICI Pru; Aditya Birla
INE092T16ZT4,2026-07-15,6.68,ICICI Pru,ICICI Pru
INE092T16ZT4,2026-07-31,6.61,ICICI Pru,ICICI Pru (248); Aditya Birla (248)
INE092T16ZU2,2026-06-30,6.49,HDFC,HDFC
INE092T16ZU2,2026-07-15,6.68,HDFC,HDFC
INE092T16ZU2,2026-07-31,6.61,HDFC,HDFC (446)
INE092T16ZV0,2026-06-30,6.49,ICICI Pru,ICICI Pru
INE092T16ZV0,2026-07-15,6.68,ICICI Pru,ICICI Pru
INE092T16ZV0,2026-07-31,6.61,ICICI Pru,ICICI Pru (495)
INE092T16ZV0,2026-08-15,6.36,ICICI Pru,ICICI Pru (496)
INE092T16ZX6,2026-07-31,7.2,Axis,Axis (145); Tata (726)
INE092T16ZX6,2026-08-15,6.98,Axis,Axis (146); Tata (729)
INE092T16ZZ1,2026-07-31,6.97,HDFC,HDFC (394); Kotak (197); UTI (246)
INE092T16ZZ1,2026-08-15,6.48,Kotak,Kotak (198)
INE093I07074,2026-06-30,7.9948,SBI,SBI; ICICI Pru
INE093I07074,2026-07-15,8.1488,SBI,SBI; ICICI Pru
INE093I07074,2026-07-31,8.0926,SBI,SBI (112); ICICI Pru (126)
INE093I07074,2026-08-15,8.0112,SBI,SBI (112); ICICI Pru (126)
INE093I07082,2026-06-30,8.0,ICICI Pru,ICICI Pru
INE093I07082,2026-07-15,8.24,ICICI Pru,ICICI Pru
INE093I07082,2026-07-31,8.17,ICICI Pru,ICICI Pru (401)
INE093I07082,2026-08-15,8.14,ICICI Pru,ICICI Pru (401)
INE094A08135,2026-06-30,7.04,HDFC,HDFC
INE094A08143,2026-06-30,7.16,HDFC,HDFC
INE094A08150,2026-06-30,6.98,HDFC,HDFC; ICICI Pru
INE094A08150,2026-07-15,7.17,HDFC,HDFC; ICICI Pru
INE094A08150,2026-07-31,7.03,HDFC,HDFC (25); ICICI Pru (1)
INE094A08150,2026-08-15,6.93,ICICI Pru,ICICI Pru (1)
INE094A08176,2026-06-30,7.0,HDFC,HDFC
INE094A14KA7,2026-06-30,6.54,HDFC,HDFC; ICICI Pru; Nippon; Kotak
INE094A14KA7,2026-07-15,6.45,HDFC,HDFC; ICICI Pru; Nippon
INE094A14KA7,2026-07-31,6.3,HDFC,HDFC (150); Kotak (249)
INE094A14KC3,2026-06-30,6.41,ICICI Pru,ICICI Pru; UTI
INE094A14KC3,2026-07-15,6.6,ICICI Pru,ICICI Pru
INE094A14KC3,2026-07-31,6.41,ICICI Pru,ICICI Pru (198); UTI (99)
INE094A14KC3,2026-08-15,6.32,ICICI Pru,ICICI Pru (199)
INE094A14KD1,2026-06-30,6.41,SBI,SBI; ICICI Pru; Aditya Birla; Nippon
INE094A14KD1,2026-07-15,6.5997,SBI,SBI; ICICI Pru; Nippon
INE094A14KD1,2026-07-31,6.4902,SBI,SBI (347); ICICI Pru (149); Aditya Birla (248); Nippon (248)
INE094A14KD1,2026-08-15,6.3151,SBI,SBI (348); ICICI Pru (149); Nippon (249)
INE094A14KE9,2026-06-30,6.41,ICICI Pru,ICICI Pru
INE094A14KE9,2026-07-15,6.6,ICICI Pru,ICICI Pru
INE094A14KE9,2026-07-31,6.49,ICICI Pru,ICICI Pru (248)
INE094A14KE9,2026-08-15,6.32,ICICI Pru,ICICI Pru (248); Axis (298)
INE094A14KF6,2026-06-30,6.41,HDFC,HDFC; ICICI Pru; Aditya Birla
INE094A14KF6,2026-07-15,6.6,HDFC,HDFC; ICICI Pru
INE094A14KF6,2026-07-31,6.49,HDFC,HDFC (644); ICICI Pru (545); Aditya Birla (248)
INE094A14KF6,2026-08-15,6.32,ICICI Pru,ICICI Pru (546)
INE094A14KG4,2026-06-30,6.41,ICICI Pru,ICICI Pru
INE094A14KG4,2026-07-15,6.6,ICICI Pru,ICICI Pru
INE094A14KG4,2026-07-31,6.49,ICICI Pru,ICICI Pru (223)
INE094A14KG4,2026-08-15,6.32,ICICI Pru,ICICI Pru (223)
INE094A14KH2,2026-07-15,6.6,ICICI Pru,ICICI Pru
INE094A14KH2,2026-07-31,6.49,ICICI Pru,"ICICI Pru (767); Axis (1,188); Tata (693)"
INE094A14KH2,2026-08-15,6.32,ICICI Pru,"ICICI Pru (769); Axis (1,191); Tata (695)"
INE094A14KI0,2026-07-31,6.0742,SBI,"SBI (150); Aditya Birla (1,049)"
INE094A14KK6,2026-08-15,6.3154,Nippon,Nippon (498)
INE094A14KL4,2026-08-15,6.47,ICICI Pru,ICICI Pru (492); Nippon (591); Kotak (246)
INE095A160D4,2026-06-30,7.24,ICICI Pru,ICICI Pru; Nippon
INE095A160D4,2026-07-15,7.55,ICICI Pru,ICICI Pru; Nippon
INE095A160D4,2026-07-31,7.29,ICICI Pru,ICICI Pru (724); Nippon (724)
INE095A160D4,2026-08-15,6.94,ICICI Pru,ICICI Pru (727); Nippon (533)
INE095A160F9,2026-06-30,7.09,Aditya Birla,Aditya Birla
INE095A160F9,2026-07-31,7.0349,Aditya Birla,"Aditya Birla (1,121)"
INE095A161D2,2026-06-30,7.235,Aditya Birla,Aditya Birla; Kotak
INE095A161D2,2026-07-31,7.29,Aditya Birla,"Aditya Birla (1,399); Kotak (724)"
INE095A161D2,2026-08-15,6.94,Kotak,Kotak (727)
INE095A161E0,2026-06-30,6.5897,Axis,Axis
INE095A161F7,2026-06-30,6.47,HDFC,HDFC
INE095A161F7,2026-07-15,6.7,HDFC,HDFC
INE095A162D0,2026-06-30,7.24,HDFC,HDFC; ICICI Pru; Nippon; Kotak; UTI
INE095A162D0,2026-07-15,7.55,HDFC,HDFC; ICICI Pru; Nippon
INE095A162D0,2026-07-31,7.29,HDFC,HDFC (964); ICICI Pru (482); Nippon (289); Kotak (337); UTI (193)
INE095A162D0,2026-08-15,6.99,ICICI Pru,ICICI Pru (484); Nippon (290); Kotak (339)
INE095A162E8,2026-06-30,6.5901,SBI,SBI
INE095A162F5,2026-06-30,7.24,ICICI Pru,ICICI Pru; Axis
INE095A162F5,2026-07-15,7.55,ICICI Pru,ICICI Pru
INE095A162F5,2026-07-31,7.29,ICICI Pru,ICICI Pru (455); Axis (263)
INE095A162F5,2026-08-15,6.99,ICICI Pru,ICICI Pru (457); Axis (168); Nippon (96)
INE095A163E6,2026-06-30,6.59,Kotak,Kotak
INE095A163E6,2026-07-31,6.46,Kotak,Kotak (424)
INE095A164E4,2026-06-30,6.59,HDFC,HDFC; Aditya Birla; Nippon
INE095A164E4,2026-07-15,6.47,HDFC,HDFC; Nippon
INE095A164E4,2026-07-31,6.4573,Aditya Birla,Aditya Birla (699); Nippon (250)
INE095A165E1,2026-06-30,6.59,HDFC,HDFC; SBI; ICICI Pru; UTI
INE095A165E1,2026-07-15,6.55,HDFC,HDFC; SBI; ICICI Pru
INE095A165E1,2026-07-31,6.47,HDFC,HDFC (25); SBI (946); ICICI Pru (827); UTI (149)
INE095A165E1,2026-08-15,6.2752,SBI,SBI (949)
INE095A166E9,2026-06-30,6.59,Aditya Birla,Aditya Birla; Axis; Nippon; Kotak
INE095A166E9,2026-07-15,6.5501,Nippon,Nippon
INE095A166E9,2026-07-31,6.472,Aditya Birla,Aditya Birla (597); Axis (498); Nippon (498); Kotak (797)
INE095A167D9,2026-06-30,7.0901,Aditya Birla,Aditya Birla; Kotak
INE095A167D9,2026-07-31,7.0349,Aditya Birla,Aditya Birla (975); Kotak (975)
INE095A167D9,2026-08-15,6.8,Kotak,Kotak (978)
INE095A167E7,2026-06-30,6.4648,Aditya Birla,Aditya Birla
INE095A167E7,2026-07-31,6.4973,Aditya Birla,Aditya Birla (398)
INE095A168C9,2026-06-30,7.24,ICICI Pru,ICICI Pru; Aditya Birla; Axis
INE095A168C9,2026-07-15,7.55,ICICI Pru,ICICI Pru
INE095A168C9,2026-07-31,7.29,ICICI Pru,ICICI Pru (821); Aditya Birla (48); Axis (338); Tata (628)
INE095A168C9,2026-08-15,6.94,ICICI Pru,ICICI Pru (825); Axis (340); Tata (631)
INE095A168E5,2026-06-30,6.4648,Nippon,Nippon; Kotak
INE095A168E5,2026-07-15,6.7001,Nippon,Nippon
INE095A168E5,2026-07-31,6.4973,Nippon,Nippon (298); Kotak (199)
INE095A168E5,2026-08-15,6.2802,Nippon,Nippon (299)
INE095A169C7,2026-06-30,7.24,ICICI Pru,ICICI Pru; Axis; UTI
INE095A169C7,2026-07-15,7.55,ICICI Pru,ICICI Pru
INE095A169C7,2026-07-31,7.29,ICICI Pru,ICICI Pru (97); Axis (97); UTI (193)
INE095A169C7,2026-08-15,6.94,ICICI Pru,ICICI Pru (97); Axis (97)
INE095A169D5,2026-06-30,7.0899,Aditya Birla,Aditya Birla
INE095A169D5,2026-07-31,7.0351,Aditya Birla,Aditya Birla (195)
INE095A169E3,2026-06-30,7.09,Nippon,Nippon; UTI
INE095A169E3,2026-07-15,7.4,Nippon,Nippon
INE095A169E3,2026-07-31,7.0349,Nippon,Nippon (195); UTI (390)
INE095A169E3,2026-08-15,6.7975,Nippon,Nippon (196)
INE09OL14IH9,2026-07-31,7.615,Axis,Axis (24); Tata (218)
INE09OL14IH9,2026-08-15,7.375,Axis,Axis (24); Tata (219)
INE09OL14II7,2026-06-30,7.54,HDFC,HDFC; ICICI Pru; Axis
INE09OL14II7,2026-07-15,7.75,HDFC,HDFC; ICICI Pru
INE09OL14II7,2026-07-31,7.62,HDFC,HDFC (48); ICICI Pru (97); Axis (145)
INE09OL14II7,2026-08-15,7.37,ICICI Pru,ICICI Pru (97); Axis (145)
INE09OL14IJ5,2026-06-30,7.54,HDFC,HDFC; ICICI Pru
INE09OL14IJ5,2026-07-15,7.75,HDFC,HDFC; ICICI Pru
INE09OL14IJ5,2026-07-31,7.62,HDFC,HDFC (96); ICICI Pru (121)
INE09OL14IJ5,2026-08-15,7.37,ICICI Pru,ICICI Pru (121)
INE09OL14IK3,2026-06-30,7.54,HDFC,HDFC
INE09OL14IK3,2026-07-15,7.75,HDFC,HDFC
INE09OL14IK3,2026-07-31,7.62,HDFC,HDFC (96)
INE09OL14IN7,2026-06-30,7.54,ICICI Pru,ICICI Pru; Axis
INE09OL14IN7,2026-07-15,7.75,ICICI Pru,ICICI Pru
INE09OL14IN7,2026-07-31,7.61,ICICI Pru,ICICI Pru (96); Axis (48)
INE09OL14IN7,2026-08-15,7.37,ICICI Pru,ICICI Pru (97); Axis (48)
INE09OL14IO5,2026-06-30,7.535,Aditya Birla,Aditya Birla; Kotak
INE09OL14IO5,2026-07-31,7.6149,Aditya Birla,Aditya Birla (241); Kotak (96)
INE09OL14IO5,2026-08-15,7.38,Kotak,Kotak (97)
INE09OL14IP2,2026-06-30,7.54,HDFC,HDFC; ICICI Pru
INE09OL14IP2,2026-07-15,7.75,HDFC,HDFC; ICICI Pru
INE09OL14IP2,2026-07-31,7.62,HDFC,HDFC (241); ICICI Pru (96)
INE09OL14IP2,2026-08-15,7.37,ICICI Pru,ICICI Pru (97)
INE09OL14IQ0,2026-06-30,7.54,UTI,UTI
INE09OL14IQ0,2026-07-31,7.62,UTI,UTI (144)
INE09OL14IR8,2026-06-30,7.54,ICICI Pru,ICICI Pru
INE09OL14IR8,2026-07-15,7.75,ICICI Pru,ICICI Pru
INE09OL14IR8,2026-07-31,7.61,ICICI Pru,ICICI Pru (240)
INE09OL14IR8,2026-08-15,7.37,ICICI Pru,ICICI Pru (241)
INE09OL14IS6,2026-06-30,7.54,ICICI Pru,ICICI Pru
INE09OL14IS6,2026-07-15,7.75,ICICI Pru,ICICI Pru
INE09OL14IS6,2026-07-31,7.61,ICICI Pru,ICICI Pru (431)
INE09OL14IS6,2026-08-15,7.37,ICICI Pru,ICICI Pru (433)
INE09OL14JA2,2026-06-30,7.54,ICICI Pru,ICICI Pru; Kotak
INE09OL14JA2,2026-07-15,7.75,ICICI Pru,ICICI Pru
INE09OL14JA2,2026-07-31,7.61,ICICI Pru,ICICI Pru (143); Kotak (96)
INE09OL14JA2,2026-08-15,7.37,ICICI Pru,ICICI Pru (144); Kotak (96)
INE09OL14JE4,2026-06-30,6.93,UTI,UTI
INE09OL14JE4,2026-07-31,6.73,UTI,UTI (25)
INE09OL14JF1,2026-06-30,6.9248,Nippon,Nippon
INE09OL14JF1,2026-07-15,7.0748,Nippon,Nippon
INE09OL14JF1,2026-07-31,6.7252,Nippon,Nippon (199)
INE09OL14JF1,2026-08-15,6.6198,Nippon,Nippon (200)
INE09OL14JH7,2026-06-30,6.93,HDFC,HDFC
INE09OL14JH7,2026-07-15,7.08,HDFC,HDFC
INE09OL14JH7,2026-07-31,6.83,HDFC,HDFC (149)
INE09OL14JI5,2026-06-30,6.93,Kotak,Kotak
INE09OL14JI5,2026-07-31,6.98,Kotak,Kotak (149)
INE09OL14JI5,2026-08-15,6.79,Kotak,Kotak (149)
INE09OL14JJ3,2026-06-30,6.93,ICICI Pru,ICICI Pru; Nippon
INE09OL14JJ3,2026-07-15,7.13,ICICI Pru,ICICI Pru; Nippon
INE09OL14JJ3,2026-07-31,6.98,ICICI Pru,ICICI Pru (199); Nippon (149)
INE09OL14JJ3,2026-08-15,6.79,ICICI Pru,ICICI Pru (199); Nippon (149)
INE09OL14JK1,2026-06-30,6.925,Nippon,Nippon; UTI
INE09OL14JK1,2026-07-15,7.1249,Nippon,Nippon
INE09OL14JK1,2026-07-31,6.9747,Nippon,Nippon (74); UTI (199)
INE09OL14JK1,2026-08-15,6.7854,Nippon,Nippon (75)
INE09OL14JL9,2026-06-30,6.93,Kotak,Kotak
INE09OL14JL9,2026-07-31,6.98,Kotak,Kotak (273)
INE09OL14JL9,2026-08-15,6.79,Kotak,Kotak (274)
INE09OL14JM7,2026-06-30,6.925,SBI,SBI; ICICI Pru
INE09OL14JM7,2026-07-15,7.1251,SBI,SBI; ICICI Pru
INE09OL14JM7,2026-07-31,6.9751,SBI,SBI (99); ICICI Pru (223)
INE09OL14JM7,2026-08-15,6.7853,SBI,SBI (100); ICICI Pru (224)
INE09OL14JN5,2026-06-30,6.93,ICICI Pru,ICICI Pru
INE09OL14JN5,2026-07-15,7.13,ICICI Pru,ICICI Pru
INE09OL14JN5,2026-07-31,6.98,ICICI Pru,ICICI Pru (99)
INE09OL14JN5,2026-08-15,6.79,ICICI Pru,ICICI Pru (100)
INE09OL14JO3,2026-06-30,6.925,SBI,SBI
INE09OL14JO3,2026-07-15,7.125,SBI,SBI
INE09OL14JO3,2026-07-31,7.0252,SBI,SBI (347)
INE09OL14JO3,2026-08-15,6.7951,SBI,SBI (348)
INE09OL14JP0,2026-06-30,6.9249,SBI,SBI; ICICI Pru
INE09OL14JP0,2026-07-15,7.125,SBI,SBI; ICICI Pru
INE09OL14JP0,2026-07-31,7.0251,SBI,SBI (297); ICICI Pru (198)
INE09OL14JP0,2026-08-15,6.7947,SBI,SBI (298); ICICI Pru (199)
INE0AD514339,2026-07-31,7.53,Tata,Tata (487)
INE0AD514339,2026-08-15,7.14,Tata,Tata (489)
INE0AD514370,2026-06-30,7.47,UTI,UTI
INE0AD514370,2026-07-31,7.56,UTI,UTI (239)
INE0AY207061,2026-06-30,9.795,SBI,SBI
INE0AY207061,2026-07-15,10.085,SBI,SBI
INE0AY207061,2026-07-31,9.875,SBI,SBI (285)
INE0AY207061,2026-08-15,9.585,SBI,SBI (285)
INE0BWS07045,2026-06-30,7.7,HDFC,HDFC; Axis
INE0BWS07045,2026-07-15,7.78,HDFC,HDFC
INE0BWS07045,2026-07-31,7.76,HDFC,HDFC (89); Axis (25)
INE0BWS07045,2026-08-15,7.7697,Axis,Axis (25)
INE0CCU07066,2026-06-30,7.46,UTI,UTI
INE0CCU07066,2026-07-31,7.64,UTI,UTI (35); Tata (15)
INE0CCU07066,2026-08-15,7.48,Tata,Tata (5)
INE0CCU07090,2026-06-30,7.2249,SBI,SBI; Axis; Kotak
INE0CCU07090,2026-07-15,7.4999,SBI,SBI
INE0CCU07090,2026-07-31,7.3449,SBI,SBI (160); Axis (201); Kotak (25)
INE0CCU07090,2026-08-15,7.105,SBI,SBI (161); Axis (201); Kotak (25)
INE0CCU07108,2026-06-30,7.345,SBI,SBI
INE0CCU07108,2026-07-15,7.68,HDFC,HDFC
INE0CCU07108,2026-07-31,7.51,HDFC,HDFC (341)
INE0CCU07116,2026-06-30,7.5247,SBI,SBI; Nippon
INE0CCU07116,2026-07-15,7.7394,SBI,SBI; Nippon
INE0CCU07116,2026-07-31,7.6844,SBI,SBI (132); Nippon (121)
INE0CCU07116,2026-08-15,7.622,SBI,SBI (132); Nippon (122)
INE0CCU07132,2026-06-30,7.4367,SBI,SBI
INE0CCU07132,2026-07-15,7.7416,SBI,SBI
INE0CCU07132,2026-07-31,7.6518,SBI,SBI (325); Tata (175)
INE0CCU07132,2026-08-15,7.5668,SBI,SBI (201); Tata (251)
INE0CCU07140,2026-07-31,7.7,Tata,Tata (94)
INE0CCU07140,2026-08-15,7.7,Tata,Tata (94)
INE0CCU07165,2026-06-30,7.4549,SBI,SBI; Aditya Birla; UTI
INE0CCU07165,2026-07-15,7.7299,SBI,SBI
INE0CCU07165,2026-07-31,7.64,SBI,SBI (75); Aditya Birla (174); UTI (25)
INE0CCU07165,2026-08-15,7.525,SBI,SBI (75)
INE0CCU07173,2026-06-30,7.5948,SBI,SBI
INE0CCU07173,2026-07-15,7.7447,SBI,SBI
INE0CCU07181,2026-06-30,7.425,SBI,SBI; Aditya Birla; Kotak
INE0CCU07181,2026-07-15,7.78,SBI,SBI
INE0CCU07181,2026-07-31,7.665,SBI,SBI (475); Aditya Birla (161); Kotak (148)
INE0CCU07181,2026-08-15,7.6,SBI,SBI (253); Kotak (481)
INE0CCU07199,2026-06-30,7.53,SBI,SBI; ICICI Pru; Nippon; UTI
INE0CCU07199,2026-07-15,7.75,SBI,SBI; ICICI Pru; Nippon
INE0CCU07199,2026-07-31,7.68,SBI,SBI (233); ICICI Pru (74); Nippon (74); UTI (50)
INE0CCU07199,2026-08-15,7.6277,SBI,SBI (124); ICICI Pru (75); Nippon (25); Kotak (134)
INE0CCU07215,2026-07-31,7.7026,Aditya Birla,Aditya Birla (90)
INE0CCU07215,2026-08-15,7.6,ICICI Pru,ICICI Pru (426)
INE0CCU14120,2026-06-30,7.13,HDFC,HDFC; Axis; Nippon
INE0CCU14120,2026-07-15,7.45,HDFC,HDFC; Nippon
INE0CCU14120,2026-07-31,7.22,HDFC,HDFC (482); Axis (241); Nippon (193)
INE0CCU14120,2026-08-15,6.9899,Axis,Axis (242); Nippon (194)
INE0CCU14138,2026-06-30,6.6347,SBI,SBI; ICICI Pru
INE0CCU14138,2026-07-15,6.84,SBI,SBI; ICICI Pru
INE0CCU14138,2026-07-31,6.735,SBI,SBI (99); ICICI Pru (99)
INE0CCU14138,2026-08-15,6.5503,SBI,SBI (99); ICICI Pru (99)
INE0CCU14146,2026-06-30,7.48,HDFC,HDFC; Nippon; Kotak
INE0CCU14146,2026-07-15,7.67,HDFC,HDFC; Nippon
INE0CCU14146,2026-07-31,7.55,HDFC,HDFC (282); Nippon (235); Kotak (282)
INE0CCU14146,2026-08-15,7.365,Nippon,Nippon (236); Kotak (283)
INE0CCU14153,2026-06-30,6.64,HDFC,HDFC; Aditya Birla
INE0CCU14153,2026-07-15,6.84,HDFC,HDFC
INE0CCU14153,2026-07-31,6.81,HDFC,HDFC (337); Aditya Birla (332)
INE0DBJ14024,2026-08-15,7.3449,Nippon,Nippon (98)
INE0DZE14339,2026-07-31,7.53,Tata,Tata (287)
INE0DZE14339,2026-08-15,7.29,Tata,Tata (288)
INE0DZE14354,2026-06-30,7.1149,Nippon,Nippon
INE0DZE14362,2026-06-30,7.465,Nippon,Nippon
INE0DZE14362,2026-07-15,7.695,Nippon,Nippon
INE0DZE14362,2026-07-31,7.53,Nippon,Nippon (192)
INE0DZE14362,2026-08-15,7.29,Nippon,Nippon (193)
INE0DZE14388,2026-06-30,7.07,Nippon,Nippon
INE0DZE14388,2026-07-15,7.205,Nippon,Nippon
INE0DZE14388,2026-07-31,7.0551,Nippon,Nippon (248)
INE0DZE14388,2026-08-15,6.9054,Nippon,Nippon (249)
INE0DZE14404,2026-06-30,7.07,Aditya Birla,Aditya Birla
INE0DZE14404,2026-07-31,7.0547,Aditya Birla,Aditya Birla (199)
INE0FDU07018,2026-06-30,7.63,HDFC,HDFC; SBI; Nippon
INE0FDU07018,2026-07-15,7.87,HDFC,HDFC; SBI; Nippon
INE0FDU07018,2026-07-31,7.8,HDFC,HDFC (198); SBI (692); Nippon (272)
INE0FDU07018,2026-08-15,7.608,SBI,SBI (298); Nippon (273); Kotak (496)
INE0GCN07047,2026-06-30,8.59,Aditya Birla,Aditya Birla
INE0GCN07047,2026-07-31,8.66,Aditya Birla,Aditya Birla (200)
INE0GCN07054,2026-06-30,8.8137,Nippon,Nippon
INE0GCN07054,2026-07-15,8.6284,Nippon,Nippon
INE0GCN07054,2026-07-31,8.68,Nippon,Nippon (55)
INE0GCN07054,2026-08-15,8.8711,Nippon,Nippon (104); Tata (100)
INE0H7R07058,2026-06-30,7.71,SBI,SBI; Nippon
INE0H7R07058,2026-07-15,7.79,SBI,SBI; Nippon
INE0H7R07058,2026-07-31,7.7649,SBI,SBI (291); Nippon (12)
INE0H7R07058,2026-08-15,7.76,SBI,SBI (292); Nippon (12)
INE0H7R07066,2026-06-30,7.71,SBI,SBI; Nippon
INE0H7R07066,2026-07-15,7.78,SBI,SBI; Nippon
INE0H7R07066,2026-07-31,7.7549,SBI,SBI (314); Nippon (49)
INE0H7R07066,2026-08-15,7.73,SBI,SBI (316); Nippon (49)
INE0JOL16074,2026-06-30,7.04,ICICI Pru,ICICI Pru
INE0JOL16074,2026-07-15,7.41,ICICI Pru,ICICI Pru
INE0JOL16074,2026-07-31,7.2,ICICI Pru,ICICI Pru (390)
INE0JOL16074,2026-08-15,6.89,ICICI Pru,ICICI Pru (391)
INE0JOL16082,2026-06-30,6.48,Kotak,Kotak
INE0JOL16082,2026-07-31,6.54,Kotak,Kotak (248)
INE0JOL16082,2026-08-15,6.42,Kotak,Kotak (249)
INE0JRU14412,2026-06-30,7.805,Aditya Birla,Aditya Birla
INE0JRU14412,2026-07-31,7.9351,Aditya Birla,Aditya Birla (96)
INE0JRU14420,2026-06-30,7.805,Aditya Birla,Aditya Birla
INE0JRU14420,2026-07-31,7.935,Aditya Birla,Aditya Birla (95)
INE0JRU14479,2026-06-30,7.37,UTI,UTI
INE0JRU14479,2026-07-31,7.1,UTI,UTI (100)
INE0JRU14487,2026-06-30,7.3647,Aditya Birla,Aditya Birla
INE0JRU14487,2026-07-31,7.35,Aditya Birla,Aditya Birla (99)
INE0JRU14495,2026-06-30,7.365,Nippon,Nippon
INE0JRU14495,2026-07-15,7.5,Nippon,Nippon
INE0JRU14495,2026-07-31,7.35,Nippon,Nippon (50)
INE0JRU14495,2026-08-15,7.2003,Nippon,Nippon (50)
INE0JRU14503,2026-06-30,7.365,Aditya Birla,Aditya Birla
INE0JRU14503,2026-07-31,7.4,Aditya Birla,Aditya Birla (99)
INE0KUG08019,2026-06-30,7.41,HDFC,HDFC
INE0KUG08050,2026-06-30,7.57,HDFC,HDFC
INE0KUG08068,2026-06-30,7.4349,Aditya Birla,Aditya Birla
INE0KUG08068,2026-07-31,7.507,Aditya Birla,Aditya Birla (37)
INE0KUG08076,2026-06-30,7.255,Aditya Birla,Aditya Birla
INE0KUG08076,2026-07-31,7.4617,Aditya Birla,Aditya Birla (222)
INE0KUG08084,2026-06-30,7.435,Aditya Birla,Aditya Birla
INE0KUG08084,2026-07-31,7.5085,Aditya Birla,Aditya Birla (119)
INE0KUG08092,2026-06-30,7.255,Aditya Birla,Aditya Birla; Nippon; Kotak
INE0KUG08092,2026-07-15,7.49,Nippon,Nippon
INE0KUG08092,2026-07-31,7.4617,Aditya Birla,Aditya Birla (73); Nippon (68); Kotak (526)
INE0KUG08092,2026-08-15,7.41,Nippon,Nippon (68); Kotak (527)
INE0KUG08100,2026-06-30,7.26,Kotak,Kotak
INE0KUG08100,2026-07-31,7.46,Kotak,Kotak (254)
INE0KUG08100,2026-08-15,7.41,Kotak,Kotak (255)
INE0KUG08142,2026-06-30,7.25,SBI,SBI; Kotak
INE0KUG08142,2026-07-15,7.4768,SBI,SBI
INE0KUG08142,2026-07-31,7.4568,SBI,SBI (484); Kotak (200)
INE0KUG08142,2026-08-15,7.34,SBI,SBI (485); Kotak (200)
INE0KUG08159,2026-06-30,7.56,Aditya Birla,Aditya Birla
INE0KUG08159,2026-07-31,7.5076,Aditya Birla,Aditya Birla (141)
INE0KUG14025,2026-06-30,6.4746,Aditya Birla,Aditya Birla; Nippon; Kotak
INE0KUG14025,2026-07-15,6.3054,Nippon,Nippon
INE0KUG16012,2026-06-30,6.92,HDFC,HDFC; ICICI Pru; Kotak; UTI
INE0KUG16012,2026-07-15,7.25,HDFC,HDFC; ICICI Pru
INE0KUG16012,2026-07-31,7.02,HDFC,HDFC (288); ICICI Pru (360); Kotak (144); UTI (336)
INE0KUG16012,2026-08-15,6.8,ICICI Pru,ICICI Pru (362); Kotak (145)
INE0KUG16020,2026-06-30,6.915,SBI,SBI; Aditya Birla
INE0KUG16020,2026-07-15,7.2451,SBI,SBI
INE0KUG16020,2026-07-31,7.0201,SBI,"SBI (1,392); Aditya Birla (636)"
INE0KUG16020,2026-08-15,6.8,SBI,"SBI (1,398)"
INE0KUG16038,2026-06-30,6.92,HDFC,HDFC
INE0KUG16038,2026-07-15,7.25,HDFC,HDFC
INE0KUG16038,2026-07-31,7.02,HDFC,"HDFC (1,582)"
INE0KXY07034,2026-06-30,7.58,SBI,SBI; Aditya Birla; Nippon
INE0KXY07034,2026-07-15,7.8601,SBI,SBI; Nippon
INE0KXY07034,2026-07-31,7.665,SBI,SBI (389); Aditya Birla (38); Nippon (75)
INE0KXY07034,2026-08-15,7.4051,SBI,SBI (389); Nippon (75)
INE0KXY07059,2026-06-30,7.71,Kotak,Kotak
INE0KXY07059,2026-07-31,7.89,Kotak,Kotak (197)
INE0KXY07059,2026-08-15,7.77,Kotak,Kotak (198)
INE0M2307321,2026-06-30,8.9245,Nippon,Nippon; Kotak
INE0M2307321,2026-07-15,9.0685,Nippon,Nippon
INE0M2307321,2026-07-31,8.8277,Nippon,Nippon (116); Kotak (48)
INE0M2307321,2026-08-15,8.7929,Nippon,Nippon (116); Kotak (48)
INE0M2307354,2026-06-30,8.953,Nippon,Nippon; Kotak
INE0M2307354,2026-07-15,9.047,Nippon,Nippon
INE0M2307354,2026-07-31,8.861,Nippon,Nippon (25); Kotak (18)
INE0M2307354,2026-08-15,8.9661,Nippon,Nippon (25); Kotak (18)
INE0M2307362,2026-06-30,8.1785,Nippon,Nippon; Kotak
INE0M2307362,2026-07-15,8.455,Nippon,Nippon
INE0M2307362,2026-07-31,8.245,Nippon,Nippon (50); Kotak (11)
INE0M2307362,2026-08-15,8.1024,Nippon,Nippon (50); Kotak (11)
INE0M2307370,2026-06-30,8.8937,Nippon,Nippon; Kotak
INE0M2307370,2026-07-15,9.0626,Nippon,Nippon
INE0M2307370,2026-07-31,8.8416,Nippon,Nippon (101); Kotak (38)
INE0M2307370,2026-08-15,8.9267,Nippon,Nippon (101); Kotak (38)
INE0M8D08016,2026-06-30,9.0038,Axis,Axis
INE0M8D08016,2026-07-31,8.9051,Axis,Axis (70)
INE0M8D08016,2026-08-15,8.8424,Axis,Axis (70)
INE0M8D08032,2026-07-31,8.95,HDFC,HDFC (100); Axis (10); UTI (60)
INE0M8D08032,2026-08-15,8.9075,Axis,Axis (10)
INE0MIZ07038,2026-06-30,8.08,SBI,SBI
INE0MIZ07038,2026-07-15,8.315,SBI,SBI
INE0MIZ07038,2026-07-31,8.245,SBI,SBI (299)
INE0MIZ07038,2026-08-15,8.12,SBI,SBI (299)
INE0MT207015,2026-06-30,10.3749,SBI,SBI
INE0MT207015,2026-07-15,10.4649,SBI,SBI
INE0MT207015,2026-07-31,10.4849,SBI,SBI (149)
INE0MT207015,2026-08-15,10.34,SBI,SBI (149)
INE0MT214011,2026-06-30,7.44,Kotak,Kotak
INE0MT214011,2026-07-31,7.43,Kotak,Kotak (50)
INE0MT214011,2026-08-15,7.28,Kotak,Kotak (50)
INE0N1Z07015,2026-06-30,7.4356,Aditya Birla,Aditya Birla
INE0N1Z07015,2026-07-31,7.675,Aditya Birla,Aditya Birla (293)
INE0NDH07027,2026-06-30,7.595,SBI,SBI
INE0NDH07027,2026-07-15,7.75,SBI,SBI
INE0NDH07027,2026-07-31,7.665,SBI,SBI (50); Tata (45)
INE0NDH07027,2026-08-15,7.565,SBI,SBI (50); Tata (45)
INE0NDH07035,2026-06-30,7.57,SBI,SBI; Axis; Nippon
INE0NDH07035,2026-07-15,7.825,SBI,SBI; Nippon
INE0NDH07035,2026-07-31,7.73,SBI,SBI (201); Axis (70); Nippon (105)
INE0NDH07035,2026-08-15,7.675,SBI,SBI (201); Axis (70); Nippon (105)
INE0NDH07043,2026-06-30,7.3049,Aditya Birla,Aditya Birla; Axis; Kotak
INE0NDH07043,2026-07-15,7.58,HDFC,HDFC
INE0NDH07043,2026-07-31,7.44,HDFC,HDFC (75); Aditya Birla (300); Axis (75); Kotak (100); Tata (50)
INE0NDH07043,2026-08-15,7.0799,Axis,Axis (75); Kotak (100); Tata (50)
INE0NDH07050,2026-06-30,7.62,ICICI Pru,ICICI Pru
INE0NDH07050,2026-07-15,7.73,ICICI Pru,ICICI Pru
INE0NDH07050,2026-07-31,7.68,ICICI Pru,ICICI Pru (548)
INE0NDH07050,2026-08-15,7.58,ICICI Pru,ICICI Pru (549)
INE0NDH07068,2026-06-30,7.705,SBI,SBI; ICICI Pru; Nippon
INE0NDH07068,2026-07-15,7.885,SBI,SBI; ICICI Pru; Nippon
INE0NDH07068,2026-07-31,7.89,SBI,SBI (221); ICICI Pru (147); Nippon (74)
INE0NDH07068,2026-08-15,7.795,SBI,SBI (222); ICICI Pru (148); Nippon (74)
INE0NDH14163,2026-06-30,6.53,ICICI Pru,ICICI Pru
INE0NDH14163,2026-07-15,6.74,ICICI Pru,ICICI Pru
INE0NDH14163,2026-07-31,6.88,ICICI Pru,ICICI Pru (99)
INE0NDH14163,2026-08-15,6.64,ICICI Pru,ICICI Pru (99)
INE0NR607058,2026-06-30,7.455,SBI,SBI; ICICI Pru; Aditya Birla; Kotak
INE0NR607058,2026-07-15,7.695,SBI,SBI; ICICI Pru
INE0NR607058,2026-07-31,7.635,SBI,SBI (210); ICICI Pru (30); Aditya Birla (11); Kotak (245); Tata (5)
INE0NR607058,2026-08-15,7.515,SBI,SBI (210); ICICI Pru (30); Kotak (246); Tata (5)
INE0NR607074,2026-06-30,7.47,Nippon,Nippon
INE0NR607074,2026-07-15,7.68,Nippon,Nippon
INE0NR607074,2026-07-31,7.675,Nippon,Nippon (217)
INE0NR607074,2026-08-15,7.575,Nippon,Nippon (218)
INE0OJ808028,2026-06-30,7.97,HDFC,HDFC
INE0OJ808028,2026-07-15,8.16,HDFC,HDFC
INE0OJ808028,2026-07-31,8.17,HDFC,HDFC (704)
INE0ONG08016,2026-06-30,7.24,HDFC,HDFC
INE0ONG08016,2026-07-15,7.33,HDFC,HDFC
INE0ONG08016,2026-07-31,7.3,HDFC,HDFC (88)
INE0P4D14275,2026-06-30,6.64,HDFC,HDFC
INE0P4D14275,2026-07-15,6.45,HDFC,HDFC
INE0QTL15013,2026-06-30,8.82,HDFC,HDFC
INE0QTL15013,2026-07-15,9.01,HDFC,HDFC
INE0QTL15013,2026-07-31,8.92,HDFC,HDFC (58)
INE0R8O07036,2026-06-30,7.8776,SBI,SBI
INE0R8O07036,2026-07-15,8.0976,SBI,SBI
INE0R8O07036,2026-07-31,8.1026,SBI,SBI (366)
INE0R8O07036,2026-08-15,8.0375,SBI,SBI (367)
INE0REQ08017,2026-06-30,8.96,ICICI Pru,ICICI Pru
INE0REQ08017,2026-07-15,9.24,ICICI Pru,ICICI Pru
INE0REQ08017,2026-07-31,9.04,ICICI Pru,ICICI Pru (60)
INE0REQ08017,2026-08-15,8.78,ICICI Pru,ICICI Pru (60)
INE0REQ08025,2026-06-30,8.93,HDFC,HDFC; ICICI Pru
INE0REQ08025,2026-07-15,9.13,HDFC,HDFC; ICICI Pru
INE0REQ08025,2026-07-31,9.12,HDFC,HDFC (208); ICICI Pru (89)
INE0REQ08025,2026-08-15,9.01,ICICI Pru,ICICI Pru (89)
INE0RVR15014,2026-06-30,8.9425,Axis,Axis
INE0RVR15014,2026-07-31,9.0775,Axis,Axis (14)
INE0RVR15014,2026-08-15,8.8325,Axis,Axis (14)
INE0SAI15015,2026-06-30,8.66,Kotak,Kotak
INE0SAI15015,2026-07-31,8.31,Kotak,Kotak (6)
INE0SAI15015,2026-08-15,8.07,Kotak,Kotak (6)
INE0SLB15025,2026-06-30,9.39,HDFC,HDFC
INE0SLB15025,2026-07-15,9.29,HDFC,HDFC
INE0SLB15025,2026-07-31,9.27,HDFC,HDFC (3)
INE0T2V14103,2026-06-30,7.0301,Aditya Birla,Aditya Birla; Kotak
INE0T2V14103,2026-07-31,6.766,Aditya Birla,Aditya Birla (150); Kotak (50)
INE0T2V14111,2026-06-30,7.0301,Aditya Birla,Aditya Birla; Nippon
INE0T2V14111,2026-07-15,7.1649,Nippon,Nippon
INE0T2V14111,2026-07-31,7.0149,Aditya Birla,Aditya Birla (99); Nippon (99)
INE0T2V14111,2026-08-15,6.8643,Nippon,Nippon (100)
INE0T2V14129,2026-06-30,7.03,HDFC,HDFC
INE0T2V14129,2026-07-15,7.17,HDFC,HDFC
INE0T2V14129,2026-07-31,7.07,HDFC,HDFC (198)
INE0TTV15024,2026-06-30,9.63,HDFC,HDFC
INE0TTV15024,2026-07-15,9.71,HDFC,HDFC
INE0TTV15024,2026-07-31,9.49,HDFC,HDFC (7)
INE0UQO15015,2026-06-30,9.78,Kotak,Kotak
INE0UQO15015,2026-07-31,9.66,Kotak,Kotak (6)
INE0UQO15015,2026-08-15,9.29,Kotak,Kotak (6)
INE0WLO15020,2026-06-30,8.8887,Nippon,Nippon
INE0WLO15020,2026-07-15,8.9787,Nippon,Nippon
INE0WLO15020,2026-07-31,8.9987,Nippon,Nippon (46)
INE0WLO15020,2026-08-15,8.8537,Nippon,Nippon (46)
INE0YD015024,2026-06-30,9.98,HDFC,HDFC
INE0YD015024,2026-07-15,9.98,HDFC,HDFC
INE0YD015024,2026-07-31,9.97,HDFC,HDFC (76)
INE0YRB07050,2026-06-30,7.794,Nippon,Nippon
INE0YRB07050,2026-07-15,8.039,Nippon,Nippon
INE0YRB07050,2026-07-31,8.0405,Nippon,Nippon (94)
INE0YRB07050,2026-08-15,7.965,Nippon,Nippon (95)
INE0YRB07068,2026-06-30,7.889,Nippon,Nippon
INE0YRB07068,2026-07-15,8.084,Nippon,Nippon
INE0YRB07068,2026-07-31,8.0255,Nippon,Nippon (72)
INE0YRB07068,2026-08-15,7.935,Nippon,Nippon (72)
INE0YRB07076,2026-06-30,7.614,Nippon,Nippon
INE0YRB07076,2026-07-15,7.9041,Nippon,Nippon
INE0YRB07076,2026-07-31,7.6906,Nippon,Nippon (48)
INE0YRB07076,2026-08-15,7.435,Nippon,Nippon (48)
INE0YWN15017,2026-06-30,9.04,ICICI Pru,ICICI Pru; Axis; Kotak
INE0YWN15017,2026-07-15,9.13,ICICI Pru,ICICI Pru
INE0YWN15017,2026-07-31,9.15,ICICI Pru,ICICI Pru (77); Axis (38); Kotak (73); Tata (23)
INE0YWN15017,2026-08-15,9.0,ICICI Pru,ICICI Pru (77); Axis (38); Kotak (73); Tata (23)
INE101A08088,2026-06-30,6.51,ICICI Pru,ICICI Pru
INE101A08088,2026-07-15,6.59,ICICI Pru,ICICI Pru
INE101A08088,2026-07-31,6.65,ICICI Pru,ICICI Pru (125)
INE101A08088,2026-08-15,6.34,ICICI Pru,ICICI Pru (125)
INE101Q07BV5,2026-06-30,11.53,Nippon,Nippon
INE101Q07BV5,2026-07-15,11.575,Nippon,Nippon
INE101Q07BV5,2026-07-31,10.9175,Nippon,Nippon (12)
INE101Q07BV5,2026-08-15,10.9449,Nippon,Nippon (7)
INE101Q07BY9,2026-06-30,11.53,Nippon,Nippon
INE101Q07BY9,2026-07-15,11.455,Nippon,Nippon
INE101Q07BY9,2026-07-31,10.9125,Nippon,Nippon (39)
INE101Q07BY9,2026-08-15,10.94,Nippon,Nippon (20)
INE101Q07CA7,2026-06-30,11.545,Nippon,Nippon
INE101Q07CA7,2026-07-15,11.55,Nippon,Nippon
INE101Q07CA7,2026-07-31,10.9275,Nippon,Nippon (3)
INE101Q07CA7,2026-08-15,10.9699,Nippon,Nippon (3)
INE102D14CB7,2026-06-30,6.5451,Aditya Birla,Aditya Birla
INE102D14CB7,2026-07-15,6.4348,Nippon,Nippon
INE102D14CB7,2026-07-31,6.2784,Aditya Birla,Aditya Birla (250)
INE102D14CE1,2026-06-30,6.47,ICICI Pru,ICICI Pru
INE102D14CE1,2026-07-15,6.69,ICICI Pru,ICICI Pru
INE102D14CE1,2026-07-31,6.63,ICICI Pru,ICICI Pru (198)
INE102D14CE1,2026-08-15,6.39,ICICI Pru,ICICI Pru (199)
INE103A08035,2026-06-30,7.24,HDFC,HDFC
INE103D08021,2026-06-30,7.4753,SBI,SBI; ICICI Pru
INE103D08021,2026-07-15,7.6952,SBI,SBI; ICICI Pru
INE103D08021,2026-07-31,7.7004,SBI,SBI (44); ICICI Pru (50)
INE103D08021,2026-08-15,7.6453,SBI,SBI (44); ICICI Pru (50)
INE103D08039,2026-06-30,7.5749,SBI,SBI
INE103D08039,2026-07-15,7.6901,SBI,SBI
INE103D08039,2026-07-31,7.6953,SBI,SBI (20); Tata (10)
INE103D08039,2026-08-15,7.6702,SBI,SBI (20); Tata (10)
INE103D08054,2026-06-30,7.66,ICICI Pru,ICICI Pru
INE103D08054,2026-07-15,7.73,ICICI Pru,ICICI Pru
INE103D08054,2026-07-31,7.7,ICICI Pru,ICICI Pru (100)
INE103D08054,2026-08-15,7.7,ICICI Pru,ICICI Pru (100)
INE105A08022,2026-06-30,7.875,Axis,Axis
INE105A08022,2026-07-31,7.9749,Axis,Axis (116)
INE105A08022,2026-08-15,7.8,Axis,Axis (116)
INE105A08030,2026-06-30,7.86,ICICI Pru,ICICI Pru
INE105A08030,2026-07-15,8.1,ICICI Pru,ICICI Pru
INE105A08030,2026-07-31,8.03,ICICI Pru,ICICI Pru (252)
INE105A08030,2026-08-15,7.9,ICICI Pru,ICICI Pru (253)
INE105N07209,2026-06-30,7.98,ICICI Pru,ICICI Pru
INE105N07209,2026-07-15,8.04,ICICI Pru,ICICI Pru
INE105N07209,2026-07-31,8.06,ICICI Pru,ICICI Pru (82)
INE105N07209,2026-08-15,7.79,ICICI Pru,ICICI Pru (82)
INE105N07217,2026-06-30,8.34,ICICI Pru,ICICI Pru
INE105N07217,2026-07-15,8.63,ICICI Pru,ICICI Pru
INE105N07217,2026-07-31,8.45,ICICI Pru,ICICI Pru (31)
INE105N07217,2026-08-15,8.2,ICICI Pru,ICICI Pru (31)
INE105N07225,2026-06-30,8.56,ICICI Pru,ICICI Pru
INE105N07225,2026-07-15,8.76,ICICI Pru,ICICI Pru
INE105N07225,2026-07-31,8.69,ICICI Pru,ICICI Pru (30)
INE105N07225,2026-08-15,8.56,ICICI Pru,ICICI Pru (30)
INE110O14HP6,2026-06-30,7.29,Kotak,Kotak; UTI
INE110O14HP6,2026-07-31,7.4,Kotak,Kotak (192); UTI (96)
INE110O14HP6,2026-08-15,7.15,Kotak,Kotak (193)
INE110O14HR2,2026-06-30,5.6584,SBI,SBI
INE110O14HS0,2026-06-30,7.29,ICICI Pru,ICICI Pru
INE110O14HS0,2026-07-15,7.51,ICICI Pru,ICICI Pru
INE110O14HS0,2026-07-31,7.4,ICICI Pru,ICICI Pru (288)
INE110O14HS0,2026-08-15,7.15,ICICI Pru,ICICI Pru (289)
INE110O14IE8,2026-06-30,6.8652,SBI,SBI
INE110O14IE8,2026-07-15,6.6497,SBI,SBI
INE110O14IH1,2026-06-30,6.81,HDFC,HDFC
INE110O14IH1,2026-07-15,6.85,HDFC,HDFC
INE110O14IH1,2026-07-31,6.55,HDFC,HDFC (200)
INE110O14IL3,2026-06-30,6.81,UTI,UTI
INE110O14IL3,2026-07-31,6.57,UTI,UTI (199); Tata (548)
INE110O14IL3,2026-08-15,6.5,Tata,Tata (450)
INE110O14IO7,2026-06-30,6.89,HDFC,HDFC; SBI
INE110O14IO7,2026-07-15,6.5,HDFC,HDFC; SBI
INE110O14IP4,2026-06-30,6.8,Kotak,Kotak
INE110O14IP4,2026-07-31,6.85,Kotak,Kotak (149)
INE110O14IP4,2026-08-15,6.68,Kotak,Kotak (150)
INE110O14IQ2,2026-06-30,6.8025,SBI,SBI
INE110O14IQ2,2026-07-15,6.9502,SBI,SBI
INE110O14IQ2,2026-07-31,6.8496,SBI,SBI (149)
INE110O14IQ2,2026-08-15,6.6748,SBI,SBI (149)
INE110O14IR0,2026-06-30,6.8,ICICI Pru,ICICI Pru
INE110O14IR0,2026-07-15,6.95,ICICI Pru,ICICI Pru
INE110O14IR0,2026-07-31,6.85,ICICI Pru,ICICI Pru (298)
INE110O14IR0,2026-08-15,6.68,ICICI Pru,ICICI Pru (299)
INE110O14IW0,2026-06-30,6.8,ICICI Pru,ICICI Pru
INE110O14IW0,2026-07-15,6.95,ICICI Pru,ICICI Pru
INE110O14IW0,2026-07-31,6.9,ICICI Pru,ICICI Pru (495)
INE110O14IW0,2026-08-15,6.69,ICICI Pru,ICICI Pru (497)
INE110O14IX8,2026-07-15,7.51,ICICI Pru,ICICI Pru
INE110O14IX8,2026-07-31,7.4,ICICI Pru,ICICI Pru (143); Kotak (96)
INE110O14IX8,2026-08-15,7.15,ICICI Pru,ICICI Pru (144); Kotak (96)
INE110O14JI7,2026-08-15,6.89,ICICI Pru,ICICI Pru (197)
INE110O14JJ5,2026-08-15,6.8898,SBI,SBI (492)
INE115A07JW0,2026-06-30,6.57,HDFC,HDFC; Aditya Birla; Axis
INE115A07KM9,2026-06-30,6.81,UTI,UTI
INE115A07LO3,2026-06-30,7.22,HDFC,HDFC; ICICI Pru; Nippon
INE115A07LO3,2026-07-15,7.4,HDFC,HDFC; ICICI Pru; Nippon
INE115A07LO3,2026-07-31,7.25,HDFC,HDFC (25); ICICI Pru (75)
INE115A07LO3,2026-08-15,7.01,ICICI Pru,ICICI Pru (75)
INE115A07MC6,2026-06-30,7.38,ICICI Pru,ICICI Pru
INE115A07MC6,2026-07-15,7.54,ICICI Pru,ICICI Pru
INE115A07MC6,2026-07-31,7.46,ICICI Pru,ICICI Pru (85)
INE115A07MC6,2026-08-15,7.23,ICICI Pru,ICICI Pru (85)
INE115A07MQ6,2026-06-30,7.4,HDFC,HDFC; ICICI Pru; Axis; Kotak
INE115A07MQ6,2026-07-15,7.59,HDFC,HDFC; ICICI Pru
INE115A07MQ6,2026-07-31,7.54,HDFC,HDFC (75); ICICI Pru (55); Axis (25); Kotak (706)
INE115A07MQ6,2026-08-15,7.41,ICICI Pru,ICICI Pru (55); Axis (25); Kotak (707)
INE115A07MW4,2026-06-30,7.46,HDFC,HDFC; ICICI Pru; Axis; Nippon; UTI
INE115A07MW4,2026-07-15,7.59,HDFC,HDFC; ICICI Pru; Nippon
INE115A07MW4,2026-07-31,7.54,HDFC,HDFC (50); ICICI Pru (221); Axis (100); Nippon (10); UTI (25); Tata (4)
INE115A07MW4,2026-08-15,7.43,ICICI Pru,ICICI Pru (221); Axis (101); Nippon (10); Tata (4)
INE115A07NP6,2026-06-30,7.47,HDFC,HDFC; ICICI Pru; Nippon; UTI
INE115A07NP6,2026-07-15,7.6,HDFC,HDFC; ICICI Pru; Nippon
INE115A07NP6,2026-07-31,7.55,HDFC,HDFC (102); ICICI Pru (189); Nippon (138); UTI (51)
INE115A07NP6,2026-08-15,7.47,ICICI Pru,ICICI Pru (190); Nippon (138)
INE115A07NU6,2026-06-30,7.47,HDFC,HDFC; ICICI Pru
INE115A07NU6,2026-07-15,7.61,HDFC,HDFC; ICICI Pru
INE115A07NU6,2026-07-31,7.57,HDFC,HDFC (128); ICICI Pru (144)
INE115A07NU6,2026-08-15,7.53,ICICI Pru,ICICI Pru (144)
INE115A07OB4,2026-06-30,7.47,HDFC,HDFC
INE115A07OB4,2026-07-15,7.61,HDFC,HDFC
INE115A07OB4,2026-07-31,7.57,HDFC,HDFC (149)
INE115A07OF5,2026-06-30,7.47,HDFC,HDFC; Nippon
INE115A07OF5,2026-07-15,7.61,HDFC,HDFC; Nippon
INE115A07OF5,2026-07-31,7.57,HDFC,HDFC (101); Nippon (5); Tata (45)
INE115A07OF5,2026-08-15,7.55,Nippon,Nippon (5); Tata (45)
INE115A07OR0,2026-07-31,7.6,Tata,Tata (1)
INE115A07OR0,2026-08-15,7.58,Tata,Tata (1)
INE115A07PI6,2026-06-30,6.8098,Aditya Birla,Aditya Birla; Axis; Nippon
INE115A07PI6,2026-07-15,6.8348,Nippon,Nippon
INE115A07PI6,2026-07-31,6.81,ICICI Pru,ICICI Pru (75); Aditya Birla (30); Axis (75); Nippon (50)
INE115A07PI6,2026-08-15,6.5,ICICI Pru,ICICI Pru (75); Axis (75); Nippon (50)
INE115A07PN6,2026-06-30,7.14,HDFC,HDFC; SBI; ICICI Pru; Aditya Birla; Nippon; Kotak
INE115A07PN6,2026-07-15,7.28,HDFC,HDFC; SBI; ICICI Pru; Nippon
INE115A07PN6,2026-07-31,7.08,HDFC,HDFC (199); SBI (25); ICICI Pru (101); Aditya Birla (25); Nippon (25); Kotak (51)
INE115A07PN6,2026-08-15,6.7651,SBI,SBI (25); ICICI Pru (111); Nippon (25); Kotak (51)
INE115A07PR7,2026-06-30,7.22,HDFC,HDFC; SBI; Aditya Birla; Kotak
INE115A07PR7,2026-07-15,7.4,HDFC,HDFC; SBI
INE115A07PR7,2026-07-31,7.25,HDFC,HDFC (119); SBI (20); Aditya Birla (75); Kotak (25)
INE115A07PR7,2026-08-15,7.005,SBI,SBI (20); Kotak (25)
INE115A07PV9,2026-06-30,7.38,HDFC,HDFC; ICICI Pru
INE115A07PV9,2026-07-15,7.54,HDFC,HDFC; ICICI Pru
INE115A07PV9,2026-07-31,7.46,ICICI Pru,ICICI Pru (50); Axis (70)
INE115A07PV9,2026-08-15,7.23,ICICI Pru,ICICI Pru (50); Axis (70)
INE115A07PY3,2026-06-30,7.465,Aditya Birla,Aditya Birla
INE115A07PY3,2026-07-31,7.635,Aditya Birla,Aditya Birla (6)
INE115A07QC7,2026-06-30,7.4,HDFC,HDFC; ICICI Pru; Aditya Birla; Kotak; UTI
INE115A07QC7,2026-07-15,7.59,HDFC,HDFC; ICICI Pru
INE115A07QC7,2026-07-31,7.535,SBI,SBI (85); ICICI Pru (140); Aditya Birla (50); Kotak (50); UTI (25)
INE115A07QC7,2026-08-15,7.41,SBI,SBI (85); ICICI Pru (141); Axis (25); Kotak (50)
INE115A07QH6,2026-06-30,7.54,ICICI Pru,ICICI Pru
INE115A07QH6,2026-07-15,7.61,ICICI Pru,ICICI Pru
INE115A07QH6,2026-07-31,7.64,ICICI Pru,ICICI Pru (76)
INE115A07QH6,2026-08-15,7.63,ICICI Pru,ICICI Pru (76)
INE115A07QI4,2026-06-30,7.54,HDFC,HDFC; ICICI Pru; Aditya Birla; Axis
INE115A07QI4,2026-07-15,7.61,HDFC,HDFC; ICICI Pru
INE115A07QI4,2026-07-31,7.64,HDFC,HDFC (100); ICICI Pru (50); Aditya Birla (176); Axis (5)
INE115A07QI4,2026-08-15,7.63,ICICI Pru,ICICI Pru (50); Axis (5)
INE115A07QJ2,2026-06-30,7.46,HDFC,HDFC; Aditya Birla
INE115A07QJ2,2026-07-15,7.59,HDFC,HDFC
INE115A07QJ2,2026-07-31,7.54,HDFC,HDFC (100); Aditya Birla (150)
INE115A07QK0,2026-06-30,7.545,SBI,SBI
INE115A07QK0,2026-07-15,7.61,SBI,SBI
INE115A07QK0,2026-07-31,7.645,SBI,SBI (75)
INE115A07QK0,2026-08-15,7.635,SBI,SBI (75)
INE115A07QL8,2026-06-30,7.54,ICICI Pru,ICICI Pru; Aditya Birla
INE115A07QL8,2026-07-15,7.61,ICICI Pru,ICICI Pru
INE115A07QL8,2026-07-31,7.64,ICICI Pru,ICICI Pru (50); Aditya Birla (290)
INE115A07QL8,2026-08-15,7.63,ICICI Pru,ICICI Pru (50)
INE115A07QM6,2026-06-30,7.47,HDFC,HDFC; Aditya Birla
INE115A07QM6,2026-07-31,7.54,Aditya Birla,Aditya Birla (266)
INE115A07QN4,2026-06-30,7.53,ICICI Pru,ICICI Pru
INE115A07QN4,2026-07-15,7.61,ICICI Pru,ICICI Pru
INE115A07QN4,2026-07-31,7.65,ICICI Pru,ICICI Pru (55); Tata (25)
INE115A07QN4,2026-08-15,7.64,ICICI Pru,ICICI Pru (55); Tata (25)
INE115A07QO2,2026-06-30,7.34,HDFC,HDFC; ICICI Pru; Aditya Birla; Axis; Kotak
INE115A07QO2,2026-07-15,7.56,HDFC,HDFC; ICICI Pru
INE115A07QO2,2026-07-31,7.46,HDFC,HDFC (65); ICICI Pru (155); Aditya Birla (15); Axis (27)
INE115A07QO2,2026-08-15,7.23,ICICI Pru,ICICI Pru (155); Axis (2)
INE115A07QP9,2026-06-30,7.53,HDFC,HDFC; SBI
INE115A07QP9,2026-07-15,7.605,SBI,SBI
INE115A07QP9,2026-07-31,7.65,SBI,SBI (577)
INE115A07QP9,2026-08-15,7.64,SBI,SBI (578)
INE115A07QR5,2026-06-30,7.53,ICICI Pru,ICICI Pru; Aditya Birla
INE115A07QR5,2026-07-15,7.61,ICICI Pru,ICICI Pru
INE115A07QR5,2026-07-31,7.65,ICICI Pru,ICICI Pru (5); Aditya Birla (10); Tata (25)
INE115A07QR5,2026-08-15,7.64,ICICI Pru,ICICI Pru (5); Tata (25)
INE115A07QS3,2026-06-30,7.35,HDFC,HDFC; ICICI Pru; Aditya Birla; Axis; Kotak
INE115A07QS3,2026-07-15,7.57,HDFC,HDFC; ICICI Pru
INE115A07QS3,2026-07-31,7.54,HDFC,HDFC (30); ICICI Pru (110); Axis (10); Kotak (55)
INE115A07QS3,2026-08-15,7.37,ICICI Pru,ICICI Pru (110); Axis (10); Kotak (55)
INE115A07QT1,2026-06-30,6.8,HDFC,HDFC; Aditya Birla; Axis
INE115A07QT1,2026-07-15,6.7,HDFC,HDFC
INE115A07QT1,2026-07-31,6.68,HDFC,HDFC (355); Aditya Birla (50); Axis (175)
INE115A07QT1,2026-08-15,6.4416,Axis,Axis (175)
INE115A07QU9,2026-06-30,7.47,HDFC,HDFC; Axis; Kotak
INE115A07QU9,2026-07-15,7.61,HDFC,HDFC
INE115A07QU9,2026-07-31,7.57,HDFC,HDFC (151); Kotak (176)
INE115A07QU9,2026-08-15,7.55,Kotak,Kotak (176)
INE115A07QV7,2026-06-30,7.53,ICICI Pru,ICICI Pru; Aditya Birla
INE115A07QV7,2026-07-15,7.61,ICICI Pru,ICICI Pru
INE115A07QV7,2026-07-31,7.65,ICICI Pru,ICICI Pru (170); Aditya Birla (15)
INE115A07QV7,2026-08-15,7.64,ICICI Pru,ICICI Pru (170)
INE115A07QW5,2026-06-30,7.46,HDFC,HDFC; ICICI Pru; Kotak; UTI
INE115A07QW5,2026-07-15,7.59,ICICI Pru,ICICI Pru
INE115A07QW5,2026-07-31,7.54,SBI,SBI (50); ICICI Pru (541); Kotak (200); UTI (175); Tata (75)
INE115A07QW5,2026-08-15,7.43,SBI,SBI (50); ICICI Pru (542); Kotak (201); Tata (100)
INE115A07QX3,2026-06-30,7.48,HDFC,HDFC
INE115A07QZ8,2026-06-30,7.4,HDFC,HDFC; ICICI Pru; Axis; Kotak; UTI
INE115A07QZ8,2026-07-15,7.59,HDFC,HDFC; ICICI Pru
INE115A07QZ8,2026-07-31,7.54,HDFC,HDFC (100); ICICI Pru (225); Axis (5); Kotak (150); UTI (75)
INE115A07QZ8,2026-08-15,7.41,ICICI Pru,ICICI Pru (226); Axis (5); Kotak (150)
INE115A07RA9,2026-06-30,7.13,HDFC,HDFC; SBI; ICICI Pru; Aditya Birla; Axis; Nippon; Kotak
INE115A07RA9,2026-07-15,7.31,HDFC,HDFC; SBI; ICICI Pru; Nippon
INE115A07RA9,2026-07-31,7.13,HDFC,HDFC (25); SBI (400); ICICI Pru (5); Aditya Birla (85); Axis (95); Nippon (14); Kotak (11); Tata (70)
INE115A07RA9,2026-08-15,6.8349,SBI,SBI (401); ICICI Pru (5); Axis (95); Nippon (14); Kotak (21); Tata (70)
INE115A07RB7,2026-06-30,7.58,ICICI Pru,ICICI Pru
INE115A07RB7,2026-07-15,7.66,ICICI Pru,ICICI Pru
INE115A07RB7,2026-07-31,7.68,ICICI Pru,ICICI Pru (30)
INE115A07RB7,2026-08-15,7.67,ICICI Pru,ICICI Pru (30)
INE115A07RD3,2026-06-30,7.47,HDFC,HDFC; UTI
INE115A07RD3,2026-07-31,7.6,UTI,UTI (50)
INE115A07RE1,2026-06-30,7.22,HDFC,HDFC; Kotak
INE115A07RE1,2026-07-15,7.4,HDFC,HDFC
INE115A07RE1,2026-07-31,7.25,HDFC,HDFC (401); Kotak (75)
INE115A07RE1,2026-08-15,7.01,Kotak,Kotak (75)
INE115A07RF8,2026-06-30,7.54,HDFC,HDFC; SBI; ICICI Pru; Axis
INE115A07RF8,2026-07-15,7.67,HDFC,HDFC; SBI; ICICI Pru
INE115A07RF8,2026-07-31,7.62,HDFC,"HDFC (1); SBI (330); ICICI Pru (3,968); Axis (10); Tata (40)"
INE115A07RF8,2026-08-15,7.4799,SBI,"SBI (330); ICICI Pru (3,974); Axis (10); Tata (40)"
INE115A07RH4,2026-06-30,7.3867,SBI,SBI; ICICI Pru; Aditya Birla; Axis; Nippon; Kotak
INE115A07RH4,2026-07-15,7.58,ICICI Pru,ICICI Pru; Nippon
INE115A07RH4,2026-07-31,7.54,ICICI Pru,ICICI Pru (74); Aditya Birla (72); Axis (3); Kotak (15)
INE115A07RH4,2026-08-15,7.41,ICICI Pru,ICICI Pru (75); Axis (3); Kotak (15)
INE115A07RJ0,2026-06-30,7.4703,SBI,SBI; Kotak
INE115A07RJ0,2026-07-15,7.605,SBI,SBI
INE115A07RJ0,2026-07-31,7.57,SBI,SBI (934); Axis (350); Kotak (99); Tata (99)
INE115A07RJ0,2026-08-15,7.57,SBI,SBI (934); Axis (350); Kotak (99); Tata (50)
INE115A08369,2026-06-30,7.53,HDFC,HDFC
INE115A08369,2026-07-15,7.66,HDFC,HDFC
INE115A08369,2026-07-31,7.66,HDFC,HDFC (49)
INE115A08377,2026-06-30,7.54,HDFC,HDFC
INE115A08377,2026-07-15,7.66,HDFC,HDFC
INE115A08377,2026-07-31,7.68,HDFC,HDFC (53)
INE115A14FQ6,2026-07-31,7.0,Tata,Tata (960)
INE115A14FQ6,2026-08-15,6.8,Tata,Tata (964)
INE115A14FR4,2026-06-30,6.955,SBI,SBI; Aditya Birla; Nippon
INE115A14FR4,2026-07-15,7.22,HDFC,HDFC; Nippon
INE115A14FR4,2026-07-31,7.0,HDFC,HDFC (481); Aditya Birla (58); Nippon (24)
INE115A14FR4,2026-08-15,6.8,Nippon,Nippon (24)
INE115A14FS2,2026-06-30,6.955,SBI,SBI
INE115A14FS2,2026-07-15,7.22,SBI,SBI
INE115A14FS2,2026-07-31,6.9949,SBI,"SBI (1,928); Axis (145)"
INE115A14FS2,2026-08-15,6.8001,SBI,"SBI (1,694); ICICI Pru (145); Axis (97)"
INE115A14FT0,2026-06-30,6.96,ICICI Pru,ICICI Pru; Aditya Birla; UTI
INE115A14FT0,2026-07-15,7.22,ICICI Pru,ICICI Pru
INE115A14FT0,2026-07-31,7.0,ICICI Pru,ICICI Pru (120); Aditya Birla (96)
INE115A14FT0,2026-08-15,6.8,ICICI Pru,ICICI Pru (169)
INE115A14FV6,2026-06-30,6.4901,SBI,SBI; ICICI Pru
INE115A14FV6,2026-07-15,6.4502,SBI,SBI; ICICI Pru
INE115A14FV6,2026-07-31,6.3749,SBI,"SBI (1,493); ICICI Pru (498)"
INE115A14FV6,2026-08-15,6.2599,SBI,"SBI (1,497); Axis (100)"
INE115A14FW4,2026-06-30,6.3999,SBI,SBI; ICICI Pru; Aditya Birla; Kotak
INE115A14FW4,2026-07-15,6.59,SBI,SBI; ICICI Pru
INE115A14FW4,2026-07-31,6.495,SBI,SBI (497); ICICI Pru (497); Aditya Birla (497); Kotak (199); Tata (199)
INE115A14FW4,2026-08-15,6.3048,SBI,SBI (498); ICICI Pru (498); Kotak (199); Tata (199)
INE115A14FX2,2026-06-30,6.4,HDFC,HDFC
INE115A14FX2,2026-07-15,6.59,HDFC,HDFC
INE115A14FX2,2026-07-31,6.56,HDFC,HDFC (397); Tata (942)
INE115A14FX2,2026-08-15,6.33,Tata,Tata (945)
INE116F14232,2026-06-30,6.925,Axis,Axis
INE116F14232,2026-07-31,6.6547,Axis,Axis (50)
INE116F14240,2026-06-30,7.5,ICICI Pru,ICICI Pru; Axis
INE116F14240,2026-07-15,7.75,HDFC,HDFC; ICICI Pru
INE116F14240,2026-07-31,7.61,HDFC,HDFC (48); ICICI Pru (919); Axis (484)
INE116F14240,2026-08-15,7.32,ICICI Pru,ICICI Pru (923); Axis (486)
INE118D08045,2026-06-30,9.67,Nippon,Nippon
INE118D08045,2026-07-15,9.8549,Nippon,Nippon
INE118D08045,2026-07-31,9.855,Nippon,Nippon (22)
INE118D08045,2026-08-15,9.7,Nippon,Nippon (22)
INE118D08078,2026-06-30,7.955,Nippon,Nippon
INE118D08078,2026-07-15,8.265,Nippon,Nippon
INE118D08078,2026-07-31,8.215,Nippon,Nippon (74)
INE118D08078,2026-08-15,8.105,Nippon,Nippon (74)
INE118D14AN2,2026-06-30,7.04,HDFC,HDFC
INE118D14AN2,2026-07-15,7.24,HDFC,HDFC
INE118D14AN2,2026-07-31,7.14,HDFC,HDFC (298)
INE118D14AP7,2026-06-30,7.04,HDFC,HDFC
INE118D14AP7,2026-07-15,7.24,HDFC,HDFC
INE118D14AP7,2026-07-31,7.14,HDFC,HDFC (99)
INE118D14AQ5,2026-06-30,7.04,Kotak,Kotak
INE118D14AQ5,2026-07-31,7.14,Kotak,Kotak (199)
INE118D14AQ5,2026-08-15,7.07,Kotak,Kotak (199)
INE119A14898,2026-07-15,6.5649,Nippon,Nippon
INE119A14898,2026-07-31,6.5352,Nippon,Nippon (99)
INE119A14898,2026-08-15,6.2999,Nippon,Nippon (99)
INE119A14906,2026-07-15,6.565,Nippon,Nippon
INE119A14906,2026-07-31,6.535,Nippon,Nippon (99)
INE119A14906,2026-08-15,6.2998,Nippon,Nippon (99)
INE11LM07031,2026-06-30,8.0087,Aditya Birla,Aditya Birla; Axis
INE11LM07031,2026-07-31,8.1437,Aditya Birla,Aditya Birla (100); Axis (100)
INE11LM07031,2026-08-15,8.0187,Axis,Axis (100)
INE121A07RM2,2026-06-30,7.99,Axis,Axis
INE121A07RT7,2026-06-30,7.4998,Axis,Axis
INE121A07RT7,2026-07-31,7.6149,Axis,Axis (4)
INE121A07RT7,2026-08-15,7.3549,Axis,Axis (4)
INE121A07RV3,2026-06-30,8.07,HDFC,HDFC
INE121A07RV3,2026-07-15,8.18,HDFC,HDFC
INE121A07RV3,2026-07-31,8.11,HDFC,HDFC (101)
INE121A07SB3,2026-06-30,7.85,SBI,SBI
INE121A07SB3,2026-07-15,7.85,SBI,SBI
INE121A07SB3,2026-07-31,7.905,SBI,SBI (125)
INE121A07SB3,2026-08-15,7.76,SBI,SBI (126)
INE121A07SH0,2026-06-30,7.9601,Aditya Birla,Aditya Birla
INE121A07SH0,2026-07-31,7.9749,Aditya Birla,Aditya Birla (126)
INE121A07SN8,2026-06-30,7.85,Axis,Axis; UTI
INE121A07SN8,2026-07-31,7.905,Axis,Axis (90); UTI (25)
INE121A07SN8,2026-08-15,7.76,Axis,Axis (90)
INE121A07SR9,2026-08-15,7.84,Tata,Tata (25)
INE121A07SU3,2026-06-30,8.6,HDFC,HDFC; SBI; ICICI Pru; Axis; Nippon; UTI
INE121A07SU3,2026-07-15,8.73,HDFC,HDFC; SBI; ICICI Pru; Nippon
INE121A07SU3,2026-07-31,8.68,HDFC,HDFC (150); SBI (10); ICICI Pru (599); Axis (55); Nippon (200); UTI (75)
INE121A07SU3,2026-08-15,8.4855,SBI,SBI (10); ICICI Pru (601); Axis (55); Nippon (200)
INE121A08PP7,2026-06-30,8.55,HDFC,HDFC; ICICI Pru; Aditya Birla; Nippon
INE121A08PP7,2026-07-15,8.71,HDFC,HDFC; ICICI Pru; Nippon
INE121A08PP7,2026-07-31,8.84,HDFC,HDFC (369); ICICI Pru (207); Aditya Birla (197); Nippon (3); Tata (56)
INE121A08PP7,2026-08-15,8.86,ICICI Pru,ICICI Pru (207); Tata (56)
INE121A08PR3,2026-06-30,8.7,Aditya Birla,Aditya Birla
INE121A08PR3,2026-07-31,8.945,Aditya Birla,Aditya Birla (55)
INE121A08PS1,2026-07-31,8.93,Tata,Tata (25)
INE121A08PS1,2026-08-15,8.99,Tata,Tata (25)
INE121A08PT9,2026-06-30,8.5946,SBI,SBI; ICICI Pru
INE121A08PT9,2026-07-15,8.74,SBI,SBI; ICICI Pru
INE121A08PT9,2026-07-31,8.8261,SBI,SBI (403); ICICI Pru (234)
INE121A08PT9,2026-08-15,8.876,SBI,SBI (403); ICICI Pru (233)
INE121A08PU7,2026-06-30,8.5946,SBI,SBI
INE121A08PU7,2026-07-15,8.74,SBI,SBI
INE121A08PU7,2026-07-31,8.8261,SBI,SBI (334)
INE121A08PU7,2026-08-15,8.876,SBI,SBI (333)
INE121A08PV5,2026-06-30,8.6,ICICI Pru,ICICI Pru
INE121A08PV5,2026-07-15,8.74,ICICI Pru,ICICI Pru
INE121A08PV5,2026-07-31,8.83,ICICI Pru,ICICI Pru (138)
INE121A08PV5,2026-08-15,8.88,ICICI Pru,ICICI Pru (138)
INE121A08PY9,2026-06-30,8.7,Aditya Birla,Aditya Birla
INE121A08PY9,2026-07-31,8.945,Aditya Birla,Aditya Birla (74)
INE121A08PZ6,2026-07-31,8.945,SBI,SBI (125)
INE121A08PZ6,2026-08-15,8.965,SBI,SBI (124)
INE121A14YB7,2026-06-30,7.27,Aditya Birla,Aditya Birla
INE121A14YB7,2026-07-31,7.425,Aditya Birla,Aditya Birla (171)
INE121A14YF8,2026-06-30,7.4,ICICI Pru,ICICI Pru
INE121A14YF8,2026-07-15,7.63,ICICI Pru,ICICI Pru
INE121A14YF8,2026-07-31,7.53,ICICI Pru,ICICI Pru (97)
INE121A14YF8,2026-08-15,7.23,ICICI Pru,ICICI Pru (97)
INE121A14YI2,2026-06-30,7.4,Aditya Birla,Aditya Birla
INE121A14YI2,2026-07-31,7.5299,Aditya Birla,Aditya Birla (193)
INE121A14YL6,2026-06-30,7.4,HDFC,HDFC; ICICI Pru; Kotak
INE121A14YL6,2026-07-15,7.63,HDFC,HDFC; ICICI Pru
INE121A14YL6,2026-07-31,7.53,HDFC,HDFC (144); ICICI Pru (48); Kotak (384)
INE121A14YL6,2026-08-15,7.23,ICICI Pru,ICICI Pru (48); Kotak (386)
INE121A14YM4,2026-06-30,7.4,SBI,SBI; ICICI Pru
INE121A14YM4,2026-07-15,7.63,SBI,SBI; ICICI Pru
INE121A14YM4,2026-07-31,7.53,SBI,SBI (479); ICICI Pru (192)
INE121A14YM4,2026-08-15,7.23,SBI,SBI (481); ICICI Pru (193)
INE121A14YN2,2026-06-30,7.4,UTI,UTI
INE121A14YN2,2026-07-31,7.53,UTI,UTI (72)
INE121A14YO0,2026-06-30,7.2701,Axis,Axis
INE121A14YP7,2026-06-30,7.27,Axis,Axis
INE121A14YP7,2026-07-31,7.425,Axis,Axis (98)
INE121A14YQ5,2026-06-30,6.98,HDFC,HDFC
INE121A14YR3,2026-06-30,6.88,HDFC,HDFC
INE121A14YR3,2026-07-15,6.95,HDFC,HDFC
INE121A14YT9,2026-06-30,6.8777,SBI,SBI; ICICI Pru
INE121A14YT9,2026-07-15,6.9499,SBI,SBI; ICICI Pru
INE121A14YT9,2026-07-31,6.6654,SBI,SBI (573); ICICI Pru (249)
INE121A14YT9,2026-08-15,6.5576,SBI,SBI (574); ICICI Pru (250)
INE121A14YU7,2026-06-30,6.88,ICICI Pru,ICICI Pru; Aditya Birla
INE121A14YU7,2026-07-15,7.03,ICICI Pru,ICICI Pru
INE121A14YU7,2026-07-31,7.02,ICICI Pru,ICICI Pru (396); Aditya Birla (99)
INE121A14YU7,2026-08-15,6.77,ICICI Pru,ICICI Pru (398)
INE121A14YV5,2026-06-30,6.8773,SBI,SBI
INE121A14YV5,2026-07-15,7.0249,SBI,SBI
INE121A14YV5,2026-07-31,7.02,HDFC,HDFC (297); SBI (297)
INE121A14YV5,2026-08-15,6.77,SBI,SBI (199)
INE121A14YW3,2026-08-15,6.915,SBI,SBI (394)
INE121A14YX1,2026-08-15,6.9148,Axis,Axis (492)
INE121E08039,2026-06-30,8.65,HDFC,HDFC; Aditya Birla
INE121E08039,2026-07-15,8.88,HDFC,HDFC
INE121E08039,2026-07-31,8.81,HDFC,HDFC (225); Aditya Birla (25)
INE121E08047,2026-06-30,8.645,Aditya Birla,Aditya Birla
INE121E08047,2026-07-31,8.81,Aditya Birla,Aditya Birla (399)
INE121E08070,2026-06-30,8.63,HDFC,HDFC; Aditya Birla
INE121E08070,2026-07-15,8.88,HDFC,HDFC
INE121E08070,2026-07-31,8.83,HDFC,HDFC (25); Aditya Birla (74)
INE124N07697,2026-06-30,8.9749,Aditya Birla,Aditya Birla; Nippon
INE124N07697,2026-07-15,9.07,Nippon,Nippon
INE124N07697,2026-07-31,9.1257,Aditya Birla,Aditya Birla (75); Nippon (63)
INE124N07697,2026-08-15,8.92,Nippon,Nippon (64)
INE124N07721,2026-06-30,7.49,ICICI Pru,ICICI Pru
INE124N07721,2026-07-15,7.49,ICICI Pru,ICICI Pru
INE124N07721,2026-07-31,7.24,ICICI Pru,ICICI Pru (80)
INE124N07739,2026-06-30,9.15,Aditya Birla,Aditya Birla
INE124N07739,2026-07-31,9.1906,Aditya Birla,Aditya Birla (250)
INE124N07754,2026-06-30,9.15,HDFC,HDFC
INE124N07754,2026-07-15,9.13,HDFC,HDFC
INE124N07754,2026-07-31,9.2,HDFC,HDFC (300)
INE124N07762,2026-06-30,9.15,Aditya Birla,Aditya Birla; Axis; Nippon
INE124N07762,2026-07-15,9.17,Nippon,Nippon
INE124N07762,2026-07-31,9.1906,Aditya Birla,Aditya Birla (25); Axis (50); Nippon (85)
INE124N07762,2026-08-15,9.16,Axis,Axis (55); Nippon (80)
INE127K08017,2026-06-30,7.69,HDFC,HDFC; ICICI Pru; Nippon; Kotak
INE127K08017,2026-07-15,7.92,ICICI Pru,ICICI Pru; Nippon
INE127K08017,2026-07-31,7.89,ICICI Pru,ICICI Pru (25); Nippon (50); Kotak (50)
INE127K08017,2026-08-15,7.65,ICICI Pru,ICICI Pru (25); Nippon (50); Kotak (50)
INE127K08025,2026-07-15,8.66,ICICI Pru,ICICI Pru
INE127K08025,2026-07-31,8.16,ICICI Pru,ICICI Pru (300)
INE127K08025,2026-08-15,8.59,ICICI Pru,ICICI Pru (300)
INE128M08086,2026-06-30,7.595,Nippon,Nippon
INE128M08086,2026-07-15,7.665,Nippon,Nippon
INE128M08086,2026-07-31,7.975,Nippon,Nippon (198)
INE128M08086,2026-08-15,7.7999,Nippon,Nippon (198)
INE128M08094,2026-06-30,7.75,ICICI Pru,ICICI Pru; Axis; Nippon; Kotak
INE128M08094,2026-07-15,7.67,ICICI Pru,ICICI Pru; Nippon
INE128M08094,2026-07-31,7.69,ICICI Pru,ICICI Pru (149); Axis (218); Nippon (104); Kotak (476)
INE128M08094,2026-08-15,7.7,ICICI Pru,ICICI Pru (149); Axis (218); Nippon (104); Kotak (475)
INE128M14BH2,2026-06-30,7.1447,SBI,SBI
INE128M14BH2,2026-07-15,7.0403,SBI,SBI
INE128M14BH2,2026-07-31,7.0303,SBI,SBI (599)
INE128M14BI0,2026-06-30,7.07,SBI,SBI
INE128M14BI0,2026-07-15,7.275,SBI,SBI
INE128M14BI0,2026-07-31,7.1697,SBI,SBI (342)
INE128M14BI0,2026-08-15,6.985,SBI,SBI (343)
INE128M14BJ8,2026-06-30,7.07,SBI,SBI; Aditya Birla
INE128M14BJ8,2026-07-15,7.2749,SBI,SBI
INE128M14BJ8,2026-07-31,7.2449,SBI,"SBI (1,302); Aditya Birla (594)"
INE128M14BJ8,2026-08-15,7.01,SBI,"SBI (1,306)"
INE128M14BK6,2026-08-15,7.3201,SBI,SBI (590)
INE129A08014,2026-06-30,7.045,SBI,SBI
INE129A08014,2026-07-15,7.26,SBI,SBI
INE129A08014,2026-07-31,7.205,SBI,SBI (175)
INE129A08014,2026-08-15,7.08,SBI,SBI (175)
INE134E07AN1,2026-06-30,7.17,HDFC,HDFC
INE134E07AN1,2026-07-15,7.29,HDFC,HDFC
INE134E07AN1,2026-07-31,7.32,HDFC,HDFC (23)
INE134E07AP6,2026-06-30,7.3817,Nippon,Nippon; Kotak
INE134E07AP6,2026-07-15,7.5468,Nippon,Nippon
INE134E07AP6,2026-07-31,7.5368,Nippon,Nippon (81); Kotak (57)
INE134E07AP6,2026-08-15,7.5285,Nippon,Nippon (81); Kotak (57)
INE134E08DS2,2026-06-30,6.7403,SBI,SBI; Aditya Birla
INE134E08DS2,2026-07-15,6.5248,SBI,SBI
INE134E08DS2,2026-07-31,5.845,SBI,SBI (7); Aditya Birla (45)
INE134E08DU8,2026-06-30,6.69,SBI,SBI; Aditya Birla
INE134E08DU8,2026-07-15,6.6625,SBI,SBI
INE134E08DU8,2026-07-31,6.5201,SBI,SBI (20); Aditya Birla (19)
INE134E08DU8,2026-08-15,6.4649,SBI,SBI (20)
INE134E08FL2,2026-06-30,7.145,Nippon,Nippon
INE134E08FL2,2026-07-15,7.2825,Nippon,Nippon
INE134E08FL2,2026-07-31,7.3,HDFC,HDFC (26); Nippon (51)
INE134E08FL2,2026-08-15,7.17,Nippon,Nippon (51)
INE134E08FQ1,2026-06-30,7.15,HDFC,HDFC; Nippon; Kotak; UTI
INE134E08FQ1,2026-07-15,7.29,HDFC,HDFC; Nippon
INE134E08FQ1,2026-07-31,7.3,HDFC,HDFC (5); Nippon (56); Kotak (4); UTI (1)
INE134E08FQ1,2026-08-15,7.17,Nippon,Nippon (56); Kotak (4)
INE134E08GH8,2026-06-30,7.085,Nippon,Nippon
INE134E08GH8,2026-07-15,7.3181,Nippon,Nippon
INE134E08GH8,2026-07-31,7.295,Nippon,Nippon (32)
INE134E08GH8,2026-08-15,7.265,Nippon,Nippon (32)
INE134E08II2,2026-06-30,6.7371,SBI,SBI; ICICI Pru; Aditya Birla; Axis; Kotak
INE134E08II2,2026-07-15,6.5478,SBI,SBI; ICICI Pru
INE134E08II2,2026-07-31,6.4975,SBI,SBI (50); ICICI Pru (40); Aditya Birla (125); Axis (10); Kotak (1); UTI (25)
INE134E08IK8,2026-06-30,6.6901,SBI,SBI; Aditya Birla; Nippon
INE134E08IK8,2026-07-15,6.7001,SBI,SBI; Nippon
INE134E08IK8,2026-07-31,6.5898,SBI,SBI (75); Aditya Birla (25); Nippon (5)
INE134E08IK8,2026-08-15,6.4751,SBI,SBI (75); Nippon (5)
INE134E08IO0,2026-06-30,7.13,ICICI Pru,ICICI Pru; Aditya Birla; Nippon
INE134E08IO0,2026-07-15,7.29,ICICI Pru,ICICI Pru; Nippon
INE134E08IO0,2026-07-31,7.13,ICICI Pru,ICICI Pru (31); Aditya Birla (75); Nippon (75)
INE134E08IO0,2026-08-15,6.9,ICICI Pru,ICICI Pru (31); Nippon (75)
INE134E08IP7,2026-06-30,7.2,ICICI Pru,ICICI Pru; Axis
INE134E08IP7,2026-07-15,7.29,ICICI Pru,ICICI Pru
INE134E08IP7,2026-07-31,7.13,ICICI Pru,ICICI Pru (21); Axis (10)
INE134E08IP7,2026-08-15,6.9,ICICI Pru,ICICI Pru (21); Axis (10)
INE134E08IR3,2026-06-30,7.2,HDFC,HDFC; ICICI Pru; Aditya Birla; Nippon; Kotak
INE134E08IR3,2026-07-15,7.3,HDFC,HDFC; ICICI Pru; Nippon
INE134E08IR3,2026-07-31,7.13,HDFC,HDFC (40); ICICI Pru (300); Aditya Birla (10); Nippon (5); Kotak (30)
INE134E08IR3,2026-08-15,6.9,ICICI Pru,ICICI Pru (325); Nippon (5); Kotak (30)
INE134E08IT9,2026-06-30,7.2,HDFC,HDFC; ICICI Pru; Axis; Nippon; UTI
INE134E08IT9,2026-07-15,7.3,HDFC,HDFC; ICICI Pru; Nippon
INE134E08IT9,2026-07-31,7.13,HDFC,HDFC (50); ICICI Pru (166); Axis (5); Nippon (95); UTI (25)
INE134E08IT9,2026-08-15,6.9,ICICI Pru,ICICI Pru (166); Axis (5); Nippon (95)
INE134E08IX1,2026-06-30,7.2,HDFC,HDFC; SBI; ICICI Pru; Aditya Birla; Nippon; UTI
INE134E08IX1,2026-07-15,7.32,HDFC,HDFC; SBI; ICICI Pru; Nippon
INE134E08IX1,2026-07-31,7.13,HDFC,HDFC (286); SBI (151); ICICI Pru (110); Aditya Birla (30); Nippon (36); UTI (25)
INE134E08IX1,2026-08-15,6.8882,SBI,SBI (151); ICICI Pru (111); Nippon (37)
INE134E08JC3,2026-06-30,7.16,ICICI Pru,ICICI Pru; Axis; UTI
INE134E08JC3,2026-07-15,7.31,HDFC,HDFC; ICICI Pru
INE134E08JC3,2026-07-31,7.28,HDFC,HDFC (25); ICICI Pru (415); Axis (12); UTI (1)
INE134E08JC3,2026-08-15,7.1,ICICI Pru,ICICI Pru (425); Axis (12)
INE134E08JE9,2026-06-30,7.18,ICICI Pru,ICICI Pru; Axis
INE134E08JE9,2026-07-15,7.28,ICICI Pru,ICICI Pru
INE134E08JE9,2026-07-31,7.35,ICICI Pru,ICICI Pru (180); Axis (25)
INE134E08JE9,2026-08-15,7.16,ICICI Pru,ICICI Pru (180); Axis (25)
INE134E08JG4,2026-06-30,7.165,Aditya Birla,Aditya Birla; Nippon
INE134E08JG4,2026-07-15,7.2832,Nippon,Nippon
INE134E08JG4,2026-07-31,7.35,Aditya Birla,Aditya Birla (25); Nippon (25); Tata (23)
INE134E08JG4,2026-08-15,7.17,Nippon,Nippon (25); Tata (24)
INE134E08JI0,2026-06-30,7.15,HDFC,HDFC; Aditya Birla; Nippon; Kotak; UTI
INE134E08JI0,2026-07-15,7.29,HDFC,HDFC; Nippon
INE134E08JI0,2026-07-31,7.3,HDFC,HDFC (25); Aditya Birla (25); Nippon (87); Kotak (10); UTI (79); Tata (25)
INE134E08JI0,2026-08-15,7.17,ICICI Pru,ICICI Pru (25); Nippon (87); Kotak (10); Tata (25)
INE134E08JP5,2026-06-30,7.14,HDFC,HDFC; ICICI Pru; Axis; Nippon; Kotak; UTI
INE134E08JP5,2026-07-15,7.28,ICICI Pru,ICICI Pru; Nippon
INE134E08JP5,2026-07-31,7.3,ICICI Pru,ICICI Pru (54); Axis (40); Nippon (71); Kotak (5); UTI (51)
INE134E08JP5,2026-08-15,7.21,ICICI Pru,ICICI Pru (54); Axis (40); Nippon (71); Kotak (5)
INE134E08JR1,2026-06-30,7.135,Aditya Birla,Aditya Birla
INE134E08JR1,2026-07-31,7.3132,Aditya Birla,Aditya Birla (1)
INE134E08JX9,2026-06-30,7.26,SBI,SBI; Kotak
INE134E08JX9,2026-07-15,7.555,SBI,SBI
INE134E08JX9,2026-07-31,7.5549,SBI,SBI (180); Kotak (3); Tata (5)
INE134E08JX9,2026-08-15,7.4748,SBI,SBI (180); Kotak (3); Tata (5)
INE134E08JZ4,2026-06-30,7.26,Aditya Birla,Aditya Birla
INE134E08JZ4,2026-07-31,7.5549,Aditya Birla,Aditya Birla (5)
INE134E08KC1,2026-06-30,7.1,HDFC,HDFC; ICICI Pru; Nippon; Kotak
INE134E08KC1,2026-07-15,7.32,HDFC,HDFC; ICICI Pru; Nippon
INE134E08KC1,2026-07-31,7.3,HDFC,HDFC (26); ICICI Pru (83); Nippon (42); Kotak (5); Tata (62)
INE134E08KC1,2026-08-15,7.26,ICICI Pru,ICICI Pru (83); Nippon (42); Kotak (5); Tata (62)
INE134E08KK4,2026-06-30,7.11,Nippon,Nippon
INE134E08KK4,2026-07-15,7.28,Nippon,Nippon
INE134E08KK4,2026-07-31,7.3042,Nippon,Nippon (25)
INE134E08KK4,2026-08-15,7.28,Nippon,Nippon (25)
INE134E08KL2,2026-06-30,7.11,HDFC,HDFC; Aditya Birla
INE134E08KL2,2026-07-15,7.28,HDFC,HDFC
INE134E08KL2,2026-07-31,7.31,HDFC,HDFC (75); Aditya Birla (25)
INE134E08KQ1,2026-06-30,7.11,Axis,Axis
INE134E08KQ1,2026-07-31,7.3042,Axis,Axis (5)
INE134E08KQ1,2026-08-15,7.28,Axis,Axis (5)
INE134E08KU3,2026-06-30,7.12,Aditya Birla,Aditya Birla; Axis
INE134E08KU3,2026-07-31,7.3042,Aditya Birla,Aditya Birla (23); Axis (5)
INE134E08KU3,2026-08-15,7.28,Axis,Axis (5)
INE134E08KV1,2026-06-30,7.11,HDFC,HDFC; Kotak; UTI
INE134E08KV1,2026-07-31,7.3042,Nippon,Nippon (30); Kotak (101); UTI (25)
INE134E08KV1,2026-08-15,7.28,Nippon,Nippon (30); Kotak (101)
INE134E08LA3,2026-06-30,7.31,ICICI Pru,ICICI Pru
INE134E08LA3,2026-07-15,7.44,ICICI Pru,ICICI Pru
INE134E08LA3,2026-07-31,7.38,ICICI Pru,ICICI Pru (25)
INE134E08LA3,2026-08-15,7.45,ICICI Pru,ICICI Pru (25)
INE134E08LH8,2026-06-30,7.16,ICICI Pru,ICICI Pru
INE134E08LH8,2026-07-15,7.31,ICICI Pru,ICICI Pru
INE134E08LH8,2026-07-31,7.28,ICICI Pru,ICICI Pru (171)
INE134E08LH8,2026-08-15,7.1,ICICI Pru,ICICI Pru (171)
INE134E08LI6,2026-06-30,7.335,Axis,Axis
INE134E08LI6,2026-07-31,7.4049,Axis,Axis (5)
INE134E08LI6,2026-08-15,7.455,Axis,Axis (5)
INE134E08LK2,2026-06-30,6.7398,SBI,SBI; ICICI Pru; Aditya Birla; Axis; Nippon; Kotak
INE134E08LK2,2026-07-15,6.6,HDFC,HDFC; SBI; ICICI Pru; Nippon
INE134E08LK2,2026-07-31,6.5,HDFC,HDFC (5); SBI (325); ICICI Pru (50); Aditya Birla (185); Axis (250); Nippon (45); Kotak (5)
INE134E08LK2,2026-08-15,6.4645,SBI,SBI (400); ICICI Pru (50); Axis (250); Nippon (45); Kotak (5)
INE134E08LM8,2026-06-30,7.165,Nippon,Nippon
INE134E08LM8,2026-07-15,7.275,Nippon,Nippon
INE134E08LM8,2026-07-31,7.3142,Nippon,Nippon (30)
INE134E08LM8,2026-08-15,7.305,Nippon,Nippon (30)
INE134E08LN6,2026-06-30,7.2499,Axis,Axis
INE134E08LN6,2026-07-31,7.3241,Axis,Axis (25)
INE134E08LN6,2026-08-15,7.33,Axis,Axis (25)
INE134E08LP1,2026-06-30,6.73,HDFC,HDFC; SBI; ICICI Pru; Aditya Birla; Axis; Nippon; Kotak; UTI
INE134E08LS5,2026-06-30,6.69,SBI,SBI; Aditya Birla; Nippon
INE134E08LS5,2026-07-15,6.6625,SBI,SBI; Nippon
INE134E08LS5,2026-07-31,6.5196,SBI,SBI (45); Aditya Birla (8); Nippon (10)
INE134E08LS5,2026-08-15,6.4644,SBI,SBI (45); Nippon (10)
INE134E08LT3,2026-06-30,7.18,ICICI Pru,ICICI Pru; Aditya Birla; Axis
INE134E08LT3,2026-07-15,7.28,ICICI Pru,ICICI Pru
INE134E08LT3,2026-07-31,7.35,ICICI Pru,ICICI Pru (98); Aditya Birla (25)
INE134E08LT3,2026-08-15,7.17,ICICI Pru,ICICI Pru (98)
INE134E08LX5,2026-06-30,7.15,HDFC,HDFC; ICICI Pru; Axis; Nippon; Kotak; UTI
INE134E08LX5,2026-07-15,7.29,HDFC,HDFC; ICICI Pru; Nippon
INE134E08LX5,2026-07-31,7.3,HDFC,HDFC (351); ICICI Pru (85); Axis (10); Nippon (108); Kotak (697); UTI (76); Tata (75)
INE134E08LX5,2026-08-15,7.17,ICICI Pru,ICICI Pru (30); Axis (10); Nippon (109); Kotak (699)
INE134E08MA1,2026-06-30,7.3,HDFC,HDFC; Axis; Nippon; Kotak; UTI
INE134E08MA1,2026-07-15,7.38,HDFC,HDFC; Nippon
INE134E08MA1,2026-07-31,7.37,HDFC,HDFC (228); Axis (380); Nippon (25); Kotak (229); UTI (51)
INE134E08MA1,2026-08-15,7.3598,Axis,Axis (380); Nippon (25); Kotak (229)
INE134E08MC7,2026-06-30,6.73,HDFC,HDFC; SBI; ICICI Pru; Aditya Birla; Nippon; Kotak
INE134E08MD5,2026-06-30,7.29,HDFC,HDFC
INE134E08MD5,2026-07-15,7.39,HDFC,HDFC
INE134E08MD5,2026-07-31,7.37,HDFC,HDFC (20)
INE134E08ME3,2026-06-30,7.25,HDFC,HDFC
INE134E08ME3,2026-07-15,7.33,HDFC,HDFC
INE134E08ME3,2026-07-31,7.33,HDFC,HDFC (20)
INE134E08MF0,2026-06-30,7.11,HDFC,HDFC
INE134E08MF0,2026-07-15,7.28,HDFC,HDFC
INE134E08MF0,2026-07-31,7.31,HDFC,HDFC (20)
INE134E08MG8,2026-06-30,7.17,HDFC,HDFC
INE134E08MG8,2026-07-15,7.29,HDFC,HDFC
INE134E08MG8,2026-07-31,7.32,HDFC,HDFC (46)
INE134E08MI4,2026-06-30,7.3,ICICI Pru,ICICI Pru
INE134E08MI4,2026-07-15,7.39,ICICI Pru,ICICI Pru
INE134E08MI4,2026-07-31,7.37,ICICI Pru,ICICI Pru (5)
INE134E08MI4,2026-08-15,7.36,ICICI Pru,ICICI Pru (5)
INE134E08MJ2,2026-06-30,7.14,HDFC,HDFC; SBI; Axis; Nippon; Kotak
INE134E08MJ2,2026-07-15,7.28,HDFC,HDFC; SBI; Nippon
INE134E08MJ2,2026-07-31,7.31,HDFC,HDFC (60); SBI (5); Axis (106); Nippon (126); Kotak (20)
INE134E08MJ2,2026-08-15,7.21,SBI,SBI (5); Axis (106); Nippon (126); Kotak (20)
INE134E08MK0,2026-06-30,6.69,HDFC,HDFC; SBI; Aditya Birla
INE134E08MK0,2026-07-15,6.67,HDFC,HDFC; SBI
INE134E08MK0,2026-07-31,6.5198,SBI,SBI (170); Aditya Birla (536)
INE134E08MK0,2026-08-15,6.4654,SBI,SBI (170)
INE134E08ML8,2026-06-30,6.73,HDFC,HDFC; ICICI Pru; Aditya Birla
INE134E08MQ7,2026-06-30,7.2967,Aditya Birla,Aditya Birla
INE134E08MQ7,2026-07-31,7.37,Aditya Birla,Aditya Birla (40)
INE134E08MR5,2026-06-30,7.3,HDFC,HDFC; Aditya Birla; UTI
INE134E08MR5,2026-07-15,7.39,HDFC,HDFC
INE134E08MR5,2026-07-31,7.37,HDFC,HDFC (25); Aditya Birla (25); UTI (202)
INE134E08MS3,2026-06-30,6.74,HDFC,HDFC; SBI; Aditya Birla; Axis; Nippon
INE134E08MS3,2026-07-15,6.6,HDFC,HDFC; SBI; Nippon
INE134E08MS3,2026-07-31,6.5,HDFC,HDFC (25); SBI (100); Aditya Birla (107); Axis (75); Nippon (50)
INE134E08MS3,2026-08-15,6.4667,SBI,SBI (100); Axis (75); Nippon (50)
INE134E08MT1,2026-06-30,6.74,HDFC,HDFC; SBI; ICICI Pru; Aditya Birla; Axis; Nippon; UTI
INE134E08MT1,2026-07-15,6.6,HDFC,HDFC; SBI; ICICI Pru; Nippon
INE134E08MT1,2026-07-31,6.5,HDFC,HDFC (60); SBI (175); ICICI Pru (200); Aditya Birla (75); Axis (549); Nippon (55); Kotak (1); UTI (145)
INE134E08MT1,2026-08-15,6.4637,SBI,SBI (500); ICICI Pru (200); Axis (549); Nippon (20); Kotak (1)
INE134E08MU9,2026-06-30,7.3,HDFC,HDFC
INE134E08MU9,2026-07-15,7.39,HDFC,HDFC
INE134E08MU9,2026-07-31,7.37,HDFC,HDFC (25)
INE134E08MX3,2026-06-30,7.1,HDFC,HDFC; Aditya Birla; Axis; Nippon; Kotak
INE134E08MX3,2026-07-15,7.32,HDFC,HDFC; Nippon
INE134E08MX3,2026-07-31,7.3,HDFC,HDFC (186); Aditya Birla (453); Axis (35); Nippon (25); Kotak (599)
INE134E08MX3,2026-08-15,7.26,Axis,Axis (35); Nippon (25); Kotak (599)
INE134E08MZ8,2026-06-30,7.13,HDFC,HDFC; Aditya Birla; Axis; Nippon
INE134E08MZ8,2026-07-15,7.31,HDFC,HDFC; Nippon
INE134E08MZ8,2026-07-31,7.19,HDFC,HDFC (150); Aditya Birla (1); Axis (4); Nippon (50)
INE134E08MZ8,2026-08-15,7.0733,Axis,Axis (4); Nippon (50)
INE134E08ND3,2026-06-30,7.165,Aditya Birla,Aditya Birla; Kotak; UTI
INE134E08ND3,2026-07-31,7.3142,Aditya Birla,Aditya Birla (200); Kotak (449); UTI (25)
INE134E08ND3,2026-08-15,7.31,Kotak,Kotak (449)
INE134E08NH4,2026-06-30,7.11,HDFC,HDFC; UTI
INE134E08NH4,2026-07-15,7.28,HDFC,HDFC
INE134E08NH4,2026-07-31,7.31,HDFC,HDFC (70); UTI (100)
INE134E08NJ0,2026-06-30,7.31,Aditya Birla,Aditya Birla; UTI
INE134E08NJ0,2026-07-31,7.38,Aditya Birla,Aditya Birla (89); UTI (25); Tata (50)
INE134E08NL6,2026-06-30,7.14,HDFC,HDFC; ICICI Pru; Aditya Birla; Axis; Nippon; Kotak
INE134E08NL6,2026-07-15,7.28,HDFC,HDFC; ICICI Pru; Nippon
INE134E08NL6,2026-07-31,7.31,HDFC,HDFC (175); ICICI Pru (456); Aditya Birla (300); Axis (496); Nippon (25); Kotak (50)
INE134E08NL6,2026-08-15,7.21,ICICI Pru,ICICI Pru (456); Axis (496); Nippon (25); Kotak (50)
INE134E08NM4,2026-06-30,7.25,HDFC,HDFC; Axis
INE134E08NM4,2026-07-15,7.33,HDFC,HDFC
INE134E08NM4,2026-07-31,7.33,HDFC,HDFC (276); Axis (50)
INE134E08NM4,2026-08-15,7.33,Axis,Axis (50)
INE134E08NN2,2026-06-30,7.31,HDFC,HDFC; ICICI Pru; Aditya Birla
INE134E08NN2,2026-07-15,7.4,HDFC,HDFC; ICICI Pru
INE134E08NN2,2026-07-31,7.38,HDFC,HDFC (235); ICICI Pru (100); Aditya Birla (25)
INE134E08NN2,2026-08-15,7.45,ICICI Pru,ICICI Pru (100)
INE134E08NO0,2026-06-30,7.11,HDFC,HDFC; Axis; Nippon; UTI
INE134E08NO0,2026-07-15,7.28,HDFC,HDFC; Nippon
INE134E08NO0,2026-07-31,7.31,HDFC,HDFC (176); Aditya Birla (25); Axis (50); Nippon (40); UTI (50)
INE134E08NO0,2026-08-15,7.27,Axis,Axis (25); Nippon (40)
INE134E08NP7,2026-06-30,7.14,ICICI Pru,ICICI Pru; Aditya Birla; Axis; Nippon; UTI
INE134E08NP7,2026-07-15,7.29,ICICI Pru,ICICI Pru; Nippon
INE134E08NP7,2026-07-31,7.31,ICICI Pru,ICICI Pru (952); Aditya Birla (75); Axis (125); Nippon (226); UTI (25); Tata (50)
INE134E08NP7,2026-08-15,7.25,ICICI Pru,"ICICI Pru (1,003); Axis (125); Nippon (150); Tata (201)"
INE134E08NR3,2026-06-30,7.12,HDFC,HDFC; Aditya Birla; Nippon
INE134E08NR3,2026-07-15,7.28,HDFC,HDFC; Nippon
INE134E08NR3,2026-07-31,7.31,HDFC,HDFC (196); Aditya Birla (342); Nippon (132)
INE134E08NR3,2026-08-15,7.28,Nippon,Nippon (132)
INE134E08NS1,2026-06-30,7.14,ICICI Pru,ICICI Pru; Aditya Birla; Axis; Nippon; UTI
INE134E08NS1,2026-07-15,7.29,ICICI Pru,ICICI Pru; Nippon
INE134E08NS1,2026-07-31,7.31,ICICI Pru,ICICI Pru (148); Aditya Birla (49); Axis (272); Nippon (123); UTI (25)
INE134E08NS1,2026-08-15,7.25,ICICI Pru,ICICI Pru (148); Axis (272); Nippon (124)
INE134E08NT9,2026-06-30,7.18,HDFC,HDFC; Aditya Birla; Axis; Kotak
INE134E08NT9,2026-07-15,7.35,HDFC,HDFC
INE134E08NT9,2026-07-31,7.35,HDFC,HDFC (743); Aditya Birla (297); Kotak (198)
INE134E08NT9,2026-08-15,7.16,ICICI Pru,ICICI Pru (74); Kotak (198)
INE134E08NU7,2026-06-30,7.12,Aditya Birla,Aditya Birla; Nippon; Kotak
INE134E08NU7,2026-07-15,7.28,Nippon,Nippon
INE134E08NU7,2026-07-31,7.3041,Aditya Birla,Aditya Birla (278); Nippon (49); Kotak (341); Tata (98)
INE134E08NU7,2026-08-15,7.28,Nippon,Nippon (49); Kotak (342); Tata (98)
INE134E08NW3,2026-06-30,7.17,HDFC,HDFC; Aditya Birla; Axis; Nippon
INE134E08NW3,2026-07-15,7.29,HDFC,HDFC; Nippon
INE134E08NW3,2026-07-31,7.35,HDFC,HDFC (99); Aditya Birla (313); Axis (174); Nippon (174)
INE134E08NW3,2026-08-15,7.17,Axis,Axis (174); Nippon (174)
INE134E08NZ6,2026-06-30,7.165,Axis,Axis
INE134E08NZ6,2026-07-31,7.3142,Axis,Axis (50)
INE134E08NZ6,2026-08-15,7.305,Axis,Axis (50)
INE134E08OA7,2026-06-30,7.15,ICICI Pru,ICICI Pru; Axis; Nippon; Kotak
INE134E08OA7,2026-07-15,7.28,ICICI Pru,ICICI Pru; Nippon
INE134E08OA7,2026-07-31,7.3,ICICI Pru,ICICI Pru (398); Axis (25); Nippon (94); Kotak (497)
INE134E08OA7,2026-08-15,7.17,ICICI Pru,ICICI Pru (423); Axis (25); Nippon (95); Kotak (498)
INE134E08OC3,2026-06-30,7.1351,SBI,SBI; ICICI Pru; Axis; Nippon
INE134E08OC3,2026-07-15,7.2675,SBI,SBI; ICICI Pru; Nippon
INE134E08OC3,2026-07-31,7.3,SBI,SBI (615); ICICI Pru (811); Axis (5); Nippon (76); Tata (99)
INE134E08OC3,2026-08-15,7.17,SBI,SBI (349); ICICI Pru (812); Axis (5); Nippon (76); Tata (140)
INE139015015,2026-06-30,9.84,Kotak,Kotak
INE139015015,2026-07-31,9.99,Kotak,Kotak (106)
INE139015015,2026-08-15,9.94,Kotak,Kotak (106)
INE140A07831,2026-07-31,8.46,Tata,Tata (35)
INE140A07831,2026-08-15,8.38,Tata,Tata (35)
INE144H14IC5,2026-06-30,7.47,Aditya Birla,Aditya Birla
INE144H14IC5,2026-07-31,7.635,Aditya Birla,Aditya Birla (195)
INE144H14ID3,2026-06-30,7.6,ICICI Pru,ICICI Pru
INE144H14ID3,2026-07-15,7.83,ICICI Pru,ICICI Pru
INE144H14ID3,2026-07-31,7.69,ICICI Pru,ICICI Pru (97); Tata (242)
INE144H14ID3,2026-08-15,7.45,ICICI Pru,ICICI Pru (97); Tata (243)
INE144H14II2,2026-06-30,6.8847,Aditya Birla,Aditya Birla
INE144H14II2,2026-07-31,6.6194,Aditya Birla,Aditya Birla (200)
INE146O07508,2026-06-30,8.185,Aditya Birla,Aditya Birla
INE146O07508,2026-07-31,8.205,Aditya Birla,Aditya Birla (299)
INE146O07557,2026-06-30,8.135,Aditya Birla,Aditya Birla; Kotak; UTI
INE146O07557,2026-07-31,8.175,Aditya Birla,Aditya Birla (125); Kotak (100); UTI (50)
INE146O07557,2026-08-15,7.94,Kotak,Kotak (100)
INE146O08399,2026-06-30,9.2375,Aditya Birla,Aditya Birla
INE146O08399,2026-07-31,9.3549,Aditya Birla,Aditya Birla (498)
INE14LF15016,2026-06-30,9.15,ICICI Pru,ICICI Pru
INE14LF15016,2026-07-15,9.28,ICICI Pru,ICICI Pru
INE14LF15016,2026-07-31,9.28,ICICI Pru,ICICI Pru (228)
INE14LF15016,2026-08-15,9.23,ICICI Pru,ICICI Pru (229)
INE14ZT15025,2026-06-30,9.73,Nippon,Nippon
INE14ZT15025,2026-07-15,9.86,Nippon,Nippon
INE14ZT15025,2026-07-31,9.865,Nippon,Nippon (44)
INE14ZT15025,2026-08-15,9.825,Nippon,Nippon (39)
INE151A08349,2026-06-30,6.7798,SBI,SBI; ICICI Pru; Kotak; UTI
INE151A08349,2026-07-15,6.5682,SBI,SBI; ICICI Pru
INE151A08349,2026-07-31,6.5906,SBI,SBI (550); ICICI Pru (660); Kotak (225); UTI (100)
INE151A08349,2026-08-15,6.4151,SBI,SBI (550); ICICI Pru (660); Kotak (225)
INE151A08356,2026-06-30,7.29,HDFC,HDFC; Aditya Birla; UTI
INE151A08356,2026-07-15,7.54,HDFC,HDFC
INE151A08356,2026-07-31,7.49,HDFC,HDFC (345); Aditya Birla (99); UTI (15)
INE151A14305,2026-06-30,6.5,ICICI Pru,ICICI Pru
INE151A14305,2026-07-15,6.7,HDFC,HDFC; ICICI Pru
INE151A14305,2026-07-31,6.6,HDFC,HDFC (248); ICICI Pru (149)
INE151A14313,2026-06-30,6.4951,Aditya Birla,Aditya Birla
INE151A14313,2026-07-31,6.6702,Aditya Birla,Aditya Birla (346)
INE152D08010,2026-06-30,7.515,Nippon,Nippon
INE152D08010,2026-07-15,7.595,Nippon,Nippon
INE152D08010,2026-07-31,7.565,Nippon,Nippon (20)
INE152D08010,2026-08-15,7.58,Nippon,Nippon (20)
INE153A08089,2026-06-30,7.97,HDFC,HDFC; ICICI Pru; Kotak
INE153A08089,2026-07-15,8.2,HDFC,HDFC; ICICI Pru
INE153A08089,2026-07-31,8.2,HDFC,HDFC (92); ICICI Pru (329); Kotak (48)
INE153A08089,2026-08-15,8.05,ICICI Pru,ICICI Pru (331); Kotak (49)
INE153A08097,2026-06-30,7.97,HDFC,HDFC
INE153A08097,2026-07-15,8.11,HDFC,HDFC
INE153A08097,2026-07-31,8.21,HDFC,HDFC (38)
INE153A08105,2026-06-30,8.01,HDFC,HDFC; SBI
INE153A08105,2026-07-15,8.21,HDFC,HDFC; SBI
INE153A08105,2026-07-31,8.21,HDFC,HDFC (25); SBI (60)
INE153A08105,2026-08-15,8.0765,SBI,SBI (10)
INE153A08113,2026-06-30,8.005,SBI,SBI
INE153A08113,2026-07-15,8.2073,SBI,SBI
INE153A08113,2026-07-31,8.212,SBI,SBI (282)
INE153A08113,2026-08-15,8.0765,SBI,SBI (284)
INE153A08170,2026-06-30,8.07,ICICI Pru,ICICI Pru; Axis; Kotak
INE153A08170,2026-07-15,8.24,ICICI Pru,ICICI Pru
INE153A08170,2026-07-31,8.22,ICICI Pru,ICICI Pru (394); Axis (15); Kotak (5)
INE153A08170,2026-08-15,8.08,ICICI Pru,ICICI Pru (397); Axis (15); Kotak (5)
INE154Z07011,2026-06-30,8.7475,SBI,SBI
INE154Z07011,2026-07-15,8.9425,SBI,SBI
INE154Z07011,2026-07-31,8.8725,SBI,SBI (387)
INE154Z07011,2026-08-15,8.7475,SBI,SBI (387)
INE160A08191,2026-06-30,6.9156,SBI,SBI
INE160A08191,2026-07-15,7.0655,SBI,SBI
INE160A08191,2026-07-31,7.0957,SBI,SBI (95)
INE160A08191,2026-08-15,7.0606,SBI,SBI (95)
INE160A08282,2026-06-30,7.7893,SBI,SBI
INE160A08282,2026-07-15,8.0648,SBI,SBI
INE160A08282,2026-07-31,8.1548,SBI,SBI (47)
INE160A08282,2026-08-15,8.0418,SBI,SBI (47)
INE160A08324,2026-06-30,7.39,HDFC,HDFC; Aditya Birla
INE160A08324,2026-07-15,7.47,HDFC,HDFC
INE160A08324,2026-07-31,7.44,HDFC,HDFC (224); Aditya Birla (99)
INE160A16TZ9,2026-06-30,6.72,Aditya Birla,Aditya Birla; Axis; Nippon
INE160A16TZ9,2026-07-15,7.0,HDFC,HDFC; Nippon
INE160A16TZ9,2026-07-31,6.85,SBI,SBI (98); Aditya Birla (341); Axis (171); Nippon (34); Kotak (5); Tata (219)
INE160A16TZ9,2026-08-15,6.5474,SBI,SBI (98); Axis (196); Nippon (34); Kotak (5); Tata (220)
INE160A16UC6,2026-06-30,6.79,HDFC,HDFC; ICICI Pru; Aditya Birla; Axis; Nippon; Kotak
INE160A16UC6,2026-07-15,7.13,HDFC,HDFC; ICICI Pru; Nippon
INE160A16UC6,2026-07-31,6.91,HDFC,HDFC (218); ICICI Pru (73); Aditya Birla (73); Axis (242); Nippon (48); Kotak (484)
INE160A16UC6,2026-08-15,6.6601,Axis,Axis (243); Nippon (49); Kotak (485)
INE160A16UD4,2026-06-30,6.79,HDFC,HDFC; SBI; ICICI Pru; Aditya Birla; Axis; Nippon; Kotak
INE160A16UD4,2026-07-15,7.13,HDFC,HDFC; SBI; ICICI Pru; Nippon
INE160A16UD4,2026-07-31,6.91,HDFC,"HDFC (145); SBI (1,376); ICICI Pru (1,449); Aditya Birla (24); Axis (97); Nippon (459); Kotak (1,425)"
INE160A16UD4,2026-08-15,6.6749,SBI,"SBI (1,382); ICICI Pru (1,163); Axis (73); Nippon (485); Kotak (1,430)"
INE160A16UE2,2026-06-30,6.78,HDFC,HDFC; SBI; ICICI Pru; Aditya Birla; Axis; Nippon; Kotak
INE160A16UE2,2026-07-15,7.12,HDFC,HDFC; SBI; ICICI Pru; Nippon
INE160A16UE2,2026-07-31,6.91,HDFC,HDFC (724); SBI (261); ICICI Pru (951); Aditya Birla (29); Axis (410); Nippon (193); Kotak (676)
INE160A16UE2,2026-08-15,6.675,SBI,"SBI (262); ICICI Pru (1,246); Axis (339); Nippon (315); Kotak (679)"
INE160A16UH5,2026-06-30,6.79,HDFC,HDFC; SBI; ICICI Pru; Aditya Birla; Kotak
INE160A16UH5,2026-07-15,7.13,HDFC,HDFC; SBI; ICICI Pru
INE160A16UH5,2026-07-31,6.91,HDFC,HDFC (72); SBI (121); ICICI Pru (121); Aditya Birla (48); Kotak (48)
INE160A16UH5,2026-08-15,6.6751,SBI,SBI (121); ICICI Pru (121); Axis (48); Nippon (97); Kotak (48)
INE160A16UI3,2026-06-30,6.79,HDFC,HDFC; SBI; ICICI Pru; Aditya Birla
INE160A16UI3,2026-07-15,7.13,HDFC,HDFC; SBI; ICICI Pru; Nippon
INE160A16UI3,2026-07-31,6.91,HDFC,HDFC (169); SBI (72); ICICI Pru (724); Aditya Birla (169); Axis (265); Nippon (48); Kotak (48)
INE160A16UI3,2026-08-15,6.6749,SBI,SBI (73); ICICI Pru (726); Axis (412); Nippon (48); Kotak (48)
INE160A16UL7,2026-06-30,6.79,HDFC,HDFC
INE160A16UL7,2026-07-15,7.13,HDFC,HDFC; ICICI Pru
INE160A16UL7,2026-07-31,6.91,HDFC,HDFC (24); ICICI Pru (48); Nippon (24)
INE160A16UL7,2026-08-15,6.68,ICICI Pru,ICICI Pru (48); Nippon (24)
INE160A16UM5,2026-06-30,6.79,HDFC,HDFC; SBI; Aditya Birla; Axis; Nippon; Kotak
INE160A16UM5,2026-07-15,7.128,SBI,SBI; ICICI Pru; Nippon
INE160A16UM5,2026-07-31,6.91,SBI,SBI (192); ICICI Pru (48); Aditya Birla (192); Axis (72); Nippon (432); Kotak (480)
INE160A16UM5,2026-08-15,6.6749,SBI,SBI (193); ICICI Pru (48); Axis (145); Nippon (434); Kotak (482)
INE160A16UO1,2026-07-31,6.32,HDFC,HDFC (50)
INE160A16UQ6,2026-06-30,6.7864,SBI,SBI; Aditya Birla; Nippon; Kotak
INE160A16UQ6,2026-07-15,7.13,HDFC,HDFC; SBI; Nippon
INE160A16UQ6,2026-07-31,6.91,HDFC,HDFC (72); SBI (960); Nippon (744); Kotak (48); Tata (240)
INE160A16UQ6,2026-08-15,6.675,SBI,SBI (964); Nippon (747); Kotak (48); Tata (241)
INE160A16UT0,2026-06-30,6.22,HDFC,HDFC; SBI; ICICI Pru; Aditya Birla; Axis; Nippon
INE160A16UT0,2026-07-15,6.51,HDFC,HDFC; SBI; ICICI Pru; Nippon
INE160A16UT0,2026-07-31,6.32,HDFC,HDFC (322); SBI (15); ICICI Pru (99); Aditya Birla (223); Axis (744); Nippon (213)
INE160A16UT0,2026-08-15,6.2055,SBI,SBI (15); ICICI Pru (99); Axis (746); Nippon (214)
INE160A16UV6,2026-06-30,6.79,HDFC,HDFC; SBI; ICICI Pru; Aditya Birla; Nippon; Kotak
INE160A16UV6,2026-07-15,7.13,HDFC,HDFC; SBI; ICICI Pru; Nippon
INE160A16UV6,2026-07-31,6.91,HDFC,HDFC (456); SBI (96); ICICI Pru (48); Aditya Birla (168); Nippon (48); Kotak (48)
INE160A16UV6,2026-08-15,6.675,SBI,SBI (169); ICICI Pru (48); Nippon (48); Kotak (48)
INE160A16UX2,2026-06-30,6.79,HDFC,HDFC; SBI; Aditya Birla; Axis
INE160A16UX2,2026-07-15,7.13,HDFC,HDFC; SBI
INE160A16UX2,2026-07-31,6.91,HDFC,HDFC (96); SBI (335); Aditya Birla (168); Axis (192)
INE160A16UX2,2026-08-15,6.6751,SBI,SBI (337); Axis (192)
INE160A16VE0,2026-06-30,6.22,SBI,SBI
INE160A16VE0,2026-07-15,6.5001,SBI,SBI
INE160A16VE0,2026-07-31,6.3146,SBI,"SBI (1,194)"
INE160A16VE0,2026-08-15,6.2047,SBI,SBI (698)
INE160A16VG5,2026-06-30,6.2201,Axis,Axis
INE160A16VG5,2026-07-31,6.3149,Axis,Axis (25)
INE160A16VG5,2026-08-15,6.2048,Axis,Axis (25)
INE160A16VJ9,2026-06-30,6.2199,SBI,SBI; Kotak
INE160A16VJ9,2026-07-15,6.5002,SBI,SBI
INE160A16VJ9,2026-07-31,6.3848,SBI,SBI (992); Kotak (496)
INE160A16VJ9,2026-08-15,6.2049,SBI,SBI (995); Kotak (497)
INE160A16VK7,2026-06-30,6.22,HDFC,HDFC; Aditya Birla; Nippon
INE160A16VK7,2026-07-15,6.5,HDFC,HDFC; Nippon
INE160A16VK7,2026-07-31,6.39,HDFC,HDFC (397); Aditya Birla (496); Nippon (496)
INE160A16VK7,2026-08-15,6.2053,Nippon,Nippon (497)
INE160A16VR2,2026-07-31,6.72,HDFC,HDFC (989); SBI (742); Axis (494); Kotak (494)
INE160A16VR2,2026-08-15,6.3301,SBI,SBI (744); Axis (496); Kotak (496)
INE160A16VS0,2026-08-15,6.3501,SBI,"SBI (2,462)"
INE163K07139,2026-06-30,8.955,SBI,SBI; ICICI Pru
INE163K07139,2026-07-15,9.065,SBI,SBI; ICICI Pru
INE163K07139,2026-07-31,9.055,SBI,SBI (50); ICICI Pru (25)
INE163K07139,2026-08-15,8.985,SBI,SBI (50); ICICI Pru (25)
INE163K07147,2026-06-30,8.955,SBI,SBI; Axis
INE163K07147,2026-07-15,9.085,SBI,SBI
INE163K07147,2026-07-31,9.09,SBI,SBI (50); Axis (25)
INE163K07147,2026-08-15,9.0399,SBI,SBI (50); Axis (25)
INE163K07154,2026-06-30,8.9549,SBI,SBI; ICICI Pru
INE163K07154,2026-07-15,9.1599,SBI,SBI; ICICI Pru
INE163K07154,2026-07-31,9.095,SBI,SBI (50); ICICI Pru (25)
INE163K07154,2026-08-15,9.0449,SBI,SBI (50); ICICI Pru (25)
INE163K07162,2026-06-30,8.97,SBI,SBI; Axis
INE163K07162,2026-07-15,9.18,SBI,SBI
INE163K07162,2026-07-31,9.105,SBI,SBI (50); Axis (25)
INE163K07162,2026-08-15,9.0699,SBI,SBI (50); Axis (25)
INE163K14192,2026-06-30,8.56,ICICI Pru,ICICI Pru
INE163K14192,2026-07-15,8.78,ICICI Pru,ICICI Pru
INE163K14192,2026-07-31,8.71,ICICI Pru,ICICI Pru (97)
INE163K14192,2026-08-15,8.35,ICICI Pru,ICICI Pru (97)
INE163K14200,2026-06-30,8.6849,Axis,Axis
INE163K14200,2026-07-31,8.7799,Axis,Axis (95)
INE163K14200,2026-08-15,8.5399,Axis,Axis (96)
INE163N08289,2026-06-30,7.4,HDFC,HDFC; SBI
INE163N08289,2026-07-15,7.61,HDFC,HDFC; SBI
INE163N08289,2026-07-31,7.43,HDFC,HDFC (155); SBI (175)
INE163N08289,2026-08-15,7.18,SBI,SBI (176)
INE163N08313,2026-06-30,7.59,HDFC,HDFC
INE163N08313,2026-07-15,7.72,HDFC,HDFC
INE163N08313,2026-07-31,7.66,HDFC,HDFC (151)
INE163N08321,2026-06-30,7.44,Kotak,Kotak
INE163N08321,2026-07-31,7.6,Kotak,Kotak (293)
INE163N08321,2026-08-15,7.54,Kotak,Kotak (294)
INE163N14600,2026-06-30,6.7,HDFC,HDFC
INE163N14600,2026-07-31,6.8947,Aditya Birla,Aditya Birla (396)
INE163N14618,2026-06-30,6.6551,Aditya Birla,Aditya Birla
INE163N14618,2026-07-31,6.5603,Aditya Birla,Aditya Birla (399)
INE168A16NG5,2026-06-30,6.75,SBI,SBI
INE168A16NG5,2026-07-15,6.84,SBI,SBI
INE168A16NG5,2026-07-31,6.73,SBI,SBI (248)
INE168A16NG5,2026-08-15,6.6149,SBI,SBI (249)
INE168A16NI1,2026-06-30,6.8751,SBI,SBI; Aditya Birla
INE168A16NI1,2026-07-15,6.5672,SBI,SBI
INE168A16NI1,2026-07-31,6.5295,SBI,SBI (647); Aditya Birla (597)
INE168A16NI1,2026-08-15,6.6112,SBI,SBI (649)
INE168A16NJ9,2026-06-30,6.88,Kotak,Kotak
INE168A16NJ9,2026-07-31,6.53,Kotak,Kotak (497)
INE168A16NK7,2026-06-30,6.7499,Aditya Birla,Aditya Birla
INE168A16NK7,2026-07-31,6.7302,Aditya Birla,Aditya Birla (398)
INE168A16NL5,2026-06-30,6.75,Aditya Birla,Aditya Birla
INE168A16NL5,2026-07-31,6.7302,Aditya Birla,Aditya Birla (397)
INE168A16NM3,2026-07-31,7.62,SBI,SBI (240); Tata (719)
INE168A16NM3,2026-08-15,7.4,SBI,SBI (241); Tata (722)
INE168A16NN1,2026-07-31,7.62,Aditya Birla,Aditya Birla (959)
INE168A16NO9,2026-07-31,7.62,Tata,Tata (478)
INE168A16NO9,2026-08-15,7.4,Tata,Tata (480)
INE168A16NP6,2026-07-31,7.62,Aditya Birla,Aditya Birla (479)
INE16J715027,2026-06-30,7.95,HDFC,HDFC; SBI; ICICI Pru; Aditya Birla; Axis; Nippon; Kotak; UTI
INE16J715027,2026-07-15,8.11,HDFC,HDFC; SBI; ICICI Pru; Nippon
INE16J715027,2026-07-31,8.08,HDFC,HDFC (29); SBI (57); ICICI Pru (303); Aditya Birla (29); Axis (63); Nippon (86); Kotak (115); UTI (57); Tata (26)
INE16J715027,2026-08-15,7.835,SBI,SBI (57); ICICI Pru (305); Axis (63); Nippon (86); Kotak (115); Tata (26)
INE16J715035,2026-06-30,8.28,HDFC,HDFC; SBI; ICICI Pru; Aditya Birla; Axis; Kotak; UTI
INE16J715035,2026-07-15,8.25,HDFC,HDFC; SBI; ICICI Pru
INE16J715035,2026-07-31,8.21,HDFC,HDFC (90); SBI (180); ICICI Pru (954); Aditya Birla (89); Axis (197); Kotak (359); UTI (180); Tata (41)
INE16J715035,2026-08-15,8.195,SBI,SBI (180); ICICI Pru (957); Axis (197); Kotak (359); Tata (41)
INE171A08032,2026-06-30,8.3434,Nippon,Nippon
INE171A08032,2026-07-15,8.4585,Nippon,Nippon
INE171A08032,2026-07-31,8.4637,Nippon,Nippon (17)
INE171A08032,2026-08-15,8.4386,Nippon,Nippon (17)
INE171A16NH7,2026-06-30,6.9,Aditya Birla,Aditya Birla; Axis
INE171A16NH7,2026-07-31,7.085,Aditya Birla,Aditya Birla (48); Axis (433)
INE171A16NH7,2026-08-15,6.865,Axis,Axis (435)
INE171A16NI5,2026-06-30,6.9,Aditya Birla,Aditya Birla; Axis
INE171A16NI5,2026-07-31,7.0849,Aditya Birla,Aditya Birla (914); Axis (48)
INE171A16NI5,2026-08-15,6.8649,Axis,Axis (48)
INE171A16NJ3,2026-06-30,6.9,Aditya Birla,Aditya Birla; Kotak
INE171A16NJ3,2026-07-31,7.085,Aditya Birla,Aditya Birla (483); Kotak (314)
INE171A16NJ3,2026-08-15,6.87,Kotak,Kotak (315)
INE171A16NK1,2026-06-30,6.9,Kotak,Kotak
INE171A16NK1,2026-07-31,7.09,Kotak,Kotak (483)
INE171A16NK1,2026-08-15,6.87,Kotak,Kotak (485)
INE171A16NL9,2026-07-31,7.09,Tata,Tata (528)
INE171A16NL9,2026-08-15,6.87,Tata,Tata (530)
INE171A16NM7,2026-06-30,6.9,ICICI Pru,ICICI Pru
INE171A16NM7,2026-07-15,7.23,ICICI Pru,ICICI Pru
INE171A16NM7,2026-07-31,7.09,ICICI Pru,ICICI Pru (144)
INE171A16NM7,2026-08-15,6.87,ICICI Pru,ICICI Pru (144)
INE171A16NR6,2026-06-30,6.4,Kotak,Kotak
INE171A16NR6,2026-07-31,6.45,Kotak,Kotak (298)
INE171A16NT2,2026-06-30,6.3999,Nippon,Nippon
INE171A16NT2,2026-07-15,6.635,Nippon,Nippon
INE171A16NT2,2026-07-31,6.5348,Nippon,Nippon (496)
INE171A16NT2,2026-08-15,6.3548,Nippon,Nippon (497)
INE171A16NW6,2026-07-31,6.53,Tata,Tata (496)
INE171A16NW6,2026-08-15,6.36,Tata,Tata (497)
INE171A16NX4,2026-07-31,7.3,Kotak,Kotak (235); Tata (235)
INE171A16NX4,2026-08-15,7.08,Kotak,Kotak (236); Tata (236)
INE171A16NY2,2026-07-15,7.35,ICICI Pru,ICICI Pru
INE171A16NY2,2026-07-31,7.3,ICICI Pru,ICICI Pru (188); Aditya Birla (94)
INE171A16NY2,2026-08-15,7.08,ICICI Pru,ICICI Pru (189)
INE171A16NZ9,2026-07-31,6.9752,Axis,Axis (49); Kotak (247)
INE171A16NZ9,2026-08-15,6.51,Kotak,Kotak (247)
INE171A16OA0,2026-07-31,6.9752,Aditya Birla,Aditya Birla (246)
INE178A14HR8,2026-07-15,6.4346,Nippon,Nippon
INE178A14HS6,2026-07-31,6.5,UTI,UTI (497)
INE17O215012,2026-06-30,9.12,Kotak,Kotak
INE17O215012,2026-07-31,9.2,Kotak,Kotak (65)
INE17O215012,2026-08-15,9.13,Kotak,Kotak (65)
INE186K07098,2026-06-30,7.41,ICICI Pru,ICICI Pru; Axis
INE186K07098,2026-07-15,7.8,ICICI Pru,ICICI Pru
INE186K07098,2026-07-31,7.67,ICICI Pru,ICICI Pru (412); Axis (116)
INE186K07098,2026-08-15,7.21,ICICI Pru,ICICI Pru (413); Axis (116)
INE186K07122,2026-06-30,7.63,HDFC,HDFC; Axis; Kotak
INE186K07122,2026-07-15,7.87,HDFC,HDFC
INE186K07122,2026-07-31,7.8,HDFC,HDFC (74); Axis (74); Kotak (198); Tata (123)
INE186K07122,2026-08-15,7.75,Axis,Axis (74); Kotak (198); Tata (124)
INE18UV07012,2026-06-30,7.68,HDFC,HDFC; SBI
INE18UV07012,2026-07-15,7.98,HDFC,HDFC; SBI
INE18UV07012,2026-07-31,7.89,HDFC,HDFC (90); SBI (99)
INE18UV07012,2026-08-15,7.8525,SBI,SBI (99)
INE18UV07020,2026-06-30,7.8859,SBI,SBI; UTI
INE18UV07020,2026-07-15,8.105,SBI,SBI
INE18UV07020,2026-07-31,7.9675,SBI,SBI (251); UTI (55)
INE18UV07020,2026-08-15,7.9125,SBI,SBI (251)
INE18UV14059,2026-06-30,6.96,HDFC,HDFC
INE18UV14059,2026-07-15,6.62,HDFC,HDFC
INE18UV14075,2026-06-30,6.89,HDFC,HDFC
INE18UV14075,2026-07-15,7.02,HDFC,HDFC
INE18UV14075,2026-07-31,6.87,HDFC,HDFC (397)
INE192R14352,2026-07-15,6.92,HDFC,HDFC
INE192R14352,2026-07-31,6.89,HDFC,HDFC (297)
INE192U07350,2026-06-30,9.6,ICICI Pru,ICICI Pru
INE192U07350,2026-07-15,9.77,ICICI Pru,ICICI Pru
INE192U07350,2026-07-31,9.67,ICICI Pru,ICICI Pru (100)
INE192U07350,2026-08-15,9.4,ICICI Pru,ICICI Pru (100)
INE192U07368,2026-06-30,9.9,HDFC,HDFC
INE192U07368,2026-07-15,10.02,HDFC,HDFC
INE192U07368,2026-07-31,10.02,HDFC,HDFC (149)
INE192U07376,2026-06-30,9.895,Aditya Birla,Aditya Birla; Axis
INE192U07376,2026-07-31,9.945,Aditya Birla,Aditya Birla (149); Axis (50)
INE192U07376,2026-08-15,9.875,Axis,Axis (50)
INE192U07384,2026-06-30,9.8957,SBI,SBI
INE192U07384,2026-07-15,10.1199,SBI,SBI
INE192U07384,2026-07-31,10.0562,SBI,SBI (249)
INE192U07384,2026-08-15,10.0161,SBI,SBI (249)
INE192U07392,2026-06-30,9.8708,SBI,SBI; ICICI Pru
INE192U07392,2026-07-15,9.9901,SBI,SBI; ICICI Pru
INE192U07392,2026-07-31,9.9944,SBI,SBI (149); ICICI Pru (99)
INE192U07392,2026-08-15,9.9438,SBI,SBI (149); ICICI Pru (100)
INE1AC715019,2026-06-30,9.85,HDFC,HDFC
INE1AC715019,2026-07-15,10.06,HDFC,HDFC
INE1AC715019,2026-07-31,9.98,HDFC,HDFC (161)
INE1BEC07011,2026-06-30,12.295,SBI,SBI; Aditya Birla; Nippon
INE1BEC07011,2026-07-15,12.47,SBI,SBI; Nippon
INE1BEC07011,2026-07-31,12.4,SBI,SBI (238); Aditya Birla (99); Nippon (73)
INE1BEC07011,2026-08-15,12.19,SBI,SBI (240); Nippon (73)
INE1C3207057,2026-06-30,8.9196,Nippon,Nippon; Kotak
INE1C3207057,2026-07-15,8.89,Nippon,Nippon
INE1C3207057,2026-07-31,8.65,Nippon,Nippon (240); Kotak (33)
INE1C3207057,2026-08-15,8.5599,Nippon,Nippon (235); Kotak (33)
INE1C3207081,2026-06-30,8.8139,Nippon,Nippon
INE1C3207081,2026-07-15,8.885,Nippon,Nippon
INE1C3207081,2026-07-31,8.785,Nippon,Nippon (5)
INE1C3207081,2026-08-15,8.5799,Nippon,Nippon (5)
INE1CBK15011,2026-06-30,7.23,HDFC,HDFC; SBI; ICICI Pru; Aditya Birla; Axis; Nippon; Kotak
INE1CBK15011,2026-07-15,7.24,HDFC,HDFC; SBI; ICICI Pru; Nippon
INE1CBK15011,2026-07-31,6.98,HDFC,HDFC (17); SBI (17); ICICI Pru (8); Aditya Birla (10); Axis (3); Nippon (5); Kotak (4); Tata (0)
INE1CBK15011,2026-08-15,6.8336,SBI,SBI (17); ICICI Pru (8); Axis (3); Nippon (5); Kotak (4); Tata (0)
INE1CBK15029,2026-06-30,8.12,HDFC,HDFC; SBI; ICICI Pru; Aditya Birla; Axis; Nippon; Kotak
INE1CBK15029,2026-07-15,8.21,HDFC,HDFC; SBI; ICICI Pru; Nippon
INE1CBK15029,2026-07-31,8.21,HDFC,HDFC (152); SBI (211); ICICI Pru (177); Aditya Birla (231); Axis (64); Nippon (130); Kotak (99); Tata (20)
INE1CBK15029,2026-08-15,8.135,SBI,SBI (211); ICICI Pru (178); Axis (64); Nippon (130); Kotak (99); Tata (20)
INE1CBK15037,2026-06-30,8.28,HDFC,HDFC; SBI; ICICI Pru; Aditya Birla; Axis; Kotak
INE1CBK15037,2026-07-15,8.25,HDFC,HDFC; SBI; ICICI Pru
INE1CBK15037,2026-07-31,8.21,HDFC,HDFC (93); SBI (578); ICICI Pru (261); Aditya Birla (248); Axis (94); Kotak (144); Tata (22)
INE1CBK15037,2026-08-15,8.2,SBI,SBI (578); ICICI Pru (262); Axis (94); Kotak (144); Tata (22)
INE1D4O08012,2026-06-30,8.44,HDFC,HDFC; Aditya Birla; Axis; Nippon
INE1D4O08012,2026-07-15,8.68,HDFC,HDFC; Nippon
INE1D4O08012,2026-07-31,8.71,HDFC,"HDFC (1,968); Aditya Birla (39); Axis (275); Nippon (214)"
INE1D4O08012,2026-08-15,8.5964,Axis,Axis (276); Nippon (215)
INE1D4P08019,2026-06-30,8.53,HDFC,HDFC; Aditya Birla; Axis; Nippon; Kotak
INE1D4P08019,2026-07-15,8.77,HDFC,HDFC; Nippon
INE1D4P08019,2026-07-31,8.85,HDFC,"HDFC (648); Aditya Birla (1,040); Axis (186); Nippon (3); Kotak (278)"
INE1D4P08019,2026-08-15,8.6614,Axis,Axis (188); Nippon (3); Kotak (280)
INE1EJ815024,2026-06-30,10.03,HDFC,HDFC
INE1EJ815024,2026-07-15,10.13,HDFC,HDFC
INE1EJ815024,2026-07-31,10.07,HDFC,HDFC (65)
INE1JAR07010,2026-06-30,7.5,ICICI Pru,ICICI Pru; Aditya Birla; Kotak
INE1JAR07010,2026-07-15,7.74,ICICI Pru,ICICI Pru
INE1JAR07010,2026-07-31,7.67,ICICI Pru,ICICI Pru (149); Aditya Birla (746); Kotak (597); Tata (75)
INE1JAR07010,2026-08-15,7.62,ICICI Pru,ICICI Pru (149); Kotak (597); Tata (75)
INE1JAR07028,2026-06-30,7.57,ICICI Pru,ICICI Pru; Nippon
INE1JAR07028,2026-07-15,7.75,ICICI Pru,ICICI Pru; Nippon
INE1JAR07028,2026-07-31,7.75,ICICI Pru,ICICI Pru (92); Nippon (405)
INE1JAR07028,2026-08-15,7.66,ICICI Pru,ICICI Pru (92); Nippon (406)
INE1JAR07036,2026-06-30,7.555,SBI,SBI; Kotak
INE1JAR07036,2026-07-15,7.7457,SBI,SBI
INE1JAR07036,2026-07-31,7.7356,SBI,SBI (570); Kotak (30)
INE1JAR07036,2026-08-15,7.6505,SBI,SBI (571); Kotak (30)
INE1JAR14016,2026-06-30,6.6247,Aditya Birla,Aditya Birla; Axis
INE1JAR14016,2026-07-31,6.5086,Aditya Birla,Aditya Birla (250); Axis (250)
INE1JAR14024,2026-08-15,6.7001,Nippon,Nippon (197)
INE1JVV15011,2026-06-30,8.94,HDFC,HDFC
INE1JVV15011,2026-07-15,8.66,HDFC,HDFC
INE1JVV15029,2026-06-30,9.82,HDFC,HDFC
INE1JVV15029,2026-07-15,9.96,HDFC,HDFC
INE1JVV15029,2026-07-31,9.98,HDFC,HDFC (35)
INE1PUF15021,2026-06-30,9.64,HDFC,HDFC
INE1PUF15021,2026-07-15,9.81,HDFC,HDFC
INE1PUF15021,2026-07-31,9.7,HDFC,HDFC (13)
INE1TAE08049,2026-06-30,7.4949,SBI,SBI; Aditya Birla
INE1TAE08049,2026-07-15,7.7849,SBI,SBI
INE1TAE08049,2026-07-31,7.575,SBI,SBI (150); Aditya Birla (100)
INE1TAE08049,2026-08-15,7.2849,SBI,SBI (150)
INE1TAE08056,2026-06-30,7.615,SBI,SBI
INE1TAE08056,2026-07-15,7.895,SBI,SBI
INE1TAE08056,2026-07-31,7.7,SBI,SBI (250)
INE1TAE08056,2026-08-15,7.44,SBI,SBI (250)
INE1U3R15011,2026-06-30,9.46,HDFC,HDFC; Nippon
INE1U3R15011,2026-07-15,9.65,HDFC,HDFC; Nippon
INE1U3R15011,2026-07-31,9.57,HDFC,HDFC (10); Nippon (7)
INE1U3R15011,2026-08-15,9.315,Nippon,Nippon (7)
INE1WMT15017,2026-06-30,9.26,Axis,Axis
INE1WMT15017,2026-07-31,9.41,Axis,Axis (101); Tata (37)
INE1WMT15017,2026-08-15,9.37,Axis,Axis (101); Tata (37)
INE1YBL15013,2026-06-30,9.42,Kotak,Kotak
INE1YBL15013,2026-07-31,9.56,Kotak,Kotak (127)
INE1YBL15013,2026-08-15,9.31,Kotak,Kotak (127)
INE1ZSF15016,2026-06-30,10.04,Nippon,Nippon
INE1ZSF15016,2026-07-15,10.1403,Nippon,Nippon
INE1ZSF15016,2026-07-31,10.0653,Nippon,Nippon (81)
INE1ZSF15016,2026-08-15,10.055,Nippon,Nippon (82)
INE201P08209,2026-06-30,8.09,ICICI Pru,ICICI Pru
INE201P08209,2026-07-15,8.3,ICICI Pru,ICICI Pru
INE201P08209,2026-07-31,8.17,ICICI Pru,ICICI Pru (100)
INE201P08209,2026-08-15,7.89,ICICI Pru,ICICI Pru (100)
INE202B07JP8,2026-06-30,7.9437,Nippon,Nippon
INE202B07JP8,2026-07-15,8.445,Nippon,Nippon
INE202B07JP8,2026-07-31,8.3048,Nippon,Nippon (121)
INE202B07JP8,2026-08-15,8.0523,Nippon,Nippon (121)
INE202B07JR4,2026-06-30,8.28,ICICI Pru,ICICI Pru; Aditya Birla; Nippon; Kotak; UTI
INE202B07JR4,2026-07-15,8.45,ICICI Pru,ICICI Pru; Nippon
INE202B07JR4,2026-07-31,8.45,ICICI Pru,ICICI Pru (678); Aditya Birla (151); Nippon (176); Kotak (301); UTI (126); Tata (100)
INE202B07JR4,2026-08-15,8.4,ICICI Pru,ICICI Pru (638); Nippon (176); Kotak (301); Tata (141)
INE202B07JS2,2026-06-30,7.94,ICICI Pru,ICICI Pru; Aditya Birla
INE202B07JS2,2026-07-15,8.45,ICICI Pru,ICICI Pru
INE202B07JS2,2026-07-31,8.31,ICICI Pru,ICICI Pru (281); Aditya Birla (40)
INE202B07JS2,2026-08-15,8.05,ICICI Pru,ICICI Pru (282)
INE202B07JT0,2026-06-30,8.2785,Axis,Axis; Nippon
INE202B07JT0,2026-07-15,8.4449,Nippon,Nippon
INE202B07JT0,2026-07-31,8.45,Axis,Axis (201); Nippon (116)
INE202B07JT0,2026-08-15,8.4,Axis,Axis (201); Nippon (116)
INE202B07JW4,2026-06-30,8.71,Aditya Birla,Aditya Birla; Axis; UTI
INE202B07JW4,2026-07-31,8.47,Aditya Birla,Aditya Birla (286); Axis (25); UTI (145); Tata (30)
INE202B07JW4,2026-08-15,8.4212,Axis,Axis (75); Tata (50)
INE202B14PO4,2026-06-30,7.92,Aditya Birla,Aditya Birla
INE202B14PO4,2026-07-31,7.7351,Aditya Birla,Aditya Birla (5)
INE202B14PQ9,2026-07-31,7.88,Axis,Axis (144)
INE202B14PQ9,2026-08-15,7.6401,Axis,Axis (144)
INE202B14PR7,2026-07-31,7.88,Axis,Axis (96)
INE202B14PR7,2026-08-15,7.64,Axis,Axis (97)
INE202B14PT3,2026-08-15,8.085,Nippon,Nippon (189)
INE202E08193,2026-06-30,7.4799,Aditya Birla,Aditya Birla
INE202E08193,2026-07-31,7.5116,Aditya Birla,Aditya Birla (201)
INE205A08020,2026-06-30,8.5099,Nippon,Nippon; Kotak; UTI
INE205A08020,2026-07-15,8.6498,Nippon,Nippon
INE205A08020,2026-07-31,8.5,Nippon,Nippon (101); Kotak (202); UTI (30)
INE205A08020,2026-08-15,8.4275,Nippon,Nippon (101); Kotak (202)
INE205A08038,2026-06-30,8.33,ICICI Pru,ICICI Pru; Aditya Birla; Axis; Nippon; Kotak
INE205A08038,2026-07-15,8.56,ICICI Pru,ICICI Pru; Nippon
INE205A08038,2026-07-31,8.28,ICICI Pru,ICICI Pru (803); Aditya Birla (151); Axis (72); Nippon (241); Kotak (301)
INE205A08038,2026-08-15,8.03,ICICI Pru,ICICI Pru (804); Axis (72); Nippon (291); Kotak (302)
INE205A08046,2026-06-30,8.5,ICICI Pru,ICICI Pru; Aditya Birla; Axis; Nippon; Kotak
INE205A08046,2026-07-15,8.65,ICICI Pru,ICICI Pru; Nippon
INE205A08046,2026-07-31,8.47,ICICI Pru,"ICICI Pru (1,420); Aditya Birla (541); Axis (15); Nippon (5); Kotak (147)"
INE205A08046,2026-08-15,8.5,ICICI Pru,"ICICI Pru (1,419); Axis (15); Nippon (162); Kotak (146)"
INE205A08053,2026-06-30,8.6063,Aditya Birla,Aditya Birla; Nippon
INE205A08053,2026-07-15,8.79,Nippon,Nippon
INE205A08053,2026-07-31,8.5,Aditya Birla,Aditya Birla (360); Nippon (97)
INE205A08053,2026-08-15,8.52,Nippon,Nippon (97)
INE205A08095,2026-06-30,8.62,ICICI Pru,ICICI Pru; Aditya Birla; Nippon; Kotak; UTI
INE205A08095,2026-07-15,8.78,ICICI Pru,ICICI Pru; Nippon
INE205A08095,2026-07-31,8.52,ICICI Pru,ICICI Pru (25); Aditya Birla (61); Nippon (30); Kotak (353); UTI (101)
INE205A08095,2026-08-15,8.57,ICICI Pru,ICICI Pru (25); Nippon (30); Kotak (353)
INE206D08196,2026-06-30,7.1,HDFC,HDFC
INE206D08196,2026-07-15,7.39,HDFC,HDFC
INE206D08196,2026-07-31,7.21,HDFC,HDFC (10)
INE206D08204,2026-06-30,6.9961,Nippon,Nippon
INE206D08204,2026-07-15,7.2556,Nippon,Nippon
INE206D08204,2026-07-31,7.2163,Nippon,Nippon (5)
INE206D08204,2026-08-15,7.0913,Nippon,Nippon (5)
INE206D08220,2026-06-30,6.9549,Nippon,Nippon
INE206D08220,2026-07-15,7.215,Nippon,Nippon
INE206D08220,2026-07-31,7.0449,Nippon,Nippon (59)
INE206D08220,2026-08-15,6.685,Nippon,Nippon (59)
INE206D08279,2026-06-30,7.1,HDFC,HDFC; Nippon
INE206D08279,2026-07-15,7.39,HDFC,HDFC; Nippon
INE206D08279,2026-07-31,7.21,HDFC,HDFC (10); Nippon (55)
INE206D08279,2026-08-15,6.95,Nippon,Nippon (55)
INE206D08360,2026-06-30,7.095,Nippon,Nippon
INE206D08360,2026-07-15,7.39,Nippon,Nippon
INE206D08360,2026-07-31,7.205,Nippon,Nippon (25)
INE206D08360,2026-08-15,6.95,Nippon,Nippon (25)
INE206D08410,2026-06-30,7.0693,Axis,Axis
INE206D08410,2026-07-31,7.2443,Axis,Axis (25)
INE206D08410,2026-08-15,7.1193,Axis,Axis (25)
INE206D08428,2026-06-30,6.9763,SBI,SBI
INE206D08428,2026-07-15,7.2513,SBI,SBI
INE206D08428,2026-07-31,7.2313,SBI,SBI (25)
INE206D08428,2026-08-15,7.1263,SBI,SBI (25)
INE206D08493,2026-06-30,7.18,HDFC,HDFC
INE206D08501,2026-06-30,6.99,HDFC,HDFC; Axis; Nippon
INE206D08501,2026-07-15,7.26,HDFC,HDFC; Nippon
INE206D08501,2026-07-31,7.22,HDFC,HDFC (165); Axis (941); Nippon (126)
INE206D08501,2026-08-15,7.0913,Axis,Axis (943); Nippon (126)
INE20PW15019,2026-06-30,9.39,Nippon,Nippon
INE20PW15019,2026-07-15,9.58,Nippon,Nippon
INE20PW15019,2026-07-31,9.525,Nippon,Nippon (24)
INE20PW15019,2026-08-15,9.25,Nippon,Nippon (24)
INE211H14AQ9,2026-06-30,7.185,Nippon,Nippon; Kotak
INE211H14AQ9,2026-07-15,7.318,Nippon,Nippon
INE211H14AQ9,2026-07-31,6.9679,Nippon,Nippon (199); Kotak (149)
INE211H14AQ9,2026-08-15,6.9014,Nippon,Nippon (200); Kotak (150)
INE211H14AR7,2026-06-30,7.1848,Aditya Birla,Aditya Birla
INE211H14AR7,2026-07-31,7.0673,Aditya Birla,Aditya Birla (249)
INE211H14AS5,2026-06-30,7.1849,Axis,Axis; Nippon
INE211H14AS5,2026-07-15,7.3677,Nippon,Nippon
INE211H14AS5,2026-07-31,7.2176,Axis,Axis (298); Nippon (149)
INE211H14AS5,2026-08-15,7.0677,Axis,Axis (299); Nippon (150)
INE211H14AT3,2026-06-30,7.1852,Aditya Birla,Aditya Birla
INE211H14AT3,2026-07-31,7.2174,Aditya Birla,Aditya Birla (99)
INE211H14AU1,2026-06-30,7.19,Kotak,Kotak
INE211H14AU1,2026-07-31,7.22,Kotak,Kotak (248)
INE211H14AU1,2026-08-15,7.07,Kotak,Kotak (249)
INE211H14AV9,2026-06-30,7.185,Aditya Birla,Aditya Birla
INE211H14AV9,2026-07-31,7.2172,Aditya Birla,Aditya Birla (198)
INE211H14AW7,2026-07-15,7.37,HDFC,HDFC
INE211H14AW7,2026-07-31,7.27,HDFC,HDFC (198); Aditya Birla (198)
INE212K14EA7,2026-06-30,6.84,ICICI Pru,ICICI Pru
INE212K14EA7,2026-07-15,6.9,ICICI Pru,ICICI Pru
INE212K14EA7,2026-07-31,6.59,ICICI Pru,ICICI Pru (199)
INE212K14EA7,2026-08-15,6.55,ICICI Pru,ICICI Pru (200)
INE212K14EB5,2026-06-30,6.8427,Nippon,Nippon
INE212K14EB5,2026-07-15,6.8999,Nippon,Nippon
INE212K14EC3,2026-06-30,6.84,ICICI Pru,ICICI Pru; Nippon
INE212K14EC3,2026-07-15,6.9,ICICI Pru,ICICI Pru; Nippon
INE212K14EC3,2026-07-31,6.69,ICICI Pru,ICICI Pru (299); Nippon (100)
INE212K14EC3,2026-08-15,6.57,ICICI Pru,ICICI Pru (300); Nippon (50)
INE212K14ED1,2026-06-30,6.8425,Nippon,Nippon
INE212K14ED1,2026-07-15,6.8998,Nippon,Nippon
INE212K14ED1,2026-07-31,6.6847,Nippon,Nippon (100)
INE212K14ED1,2026-08-15,6.5689,Nippon,Nippon (100)
INE212K14EF6,2026-06-30,6.8425,Nippon,Nippon
INE212K14EF6,2026-07-15,6.9501,Nippon,Nippon
INE212K14EF6,2026-07-31,6.84,Nippon,Nippon (199)
INE212K14EF6,2026-08-15,6.6748,Nippon,Nippon (199)
INE212K14EG4,2026-06-30,6.8425,Nippon,Nippon
INE212K14EG4,2026-07-15,6.9501,Nippon,Nippon
INE212K14EG4,2026-07-31,6.84,Nippon,Nippon (99)
INE212K14EG4,2026-08-15,6.6749,Nippon,Nippon (25)
INE212K14EH2,2026-06-30,6.84,Kotak,Kotak
INE212K14EH2,2026-07-31,6.84,Kotak,Kotak (99)
INE212K14EH2,2026-08-15,6.67,Kotak,Kotak (100)
INE212K14EI0,2026-06-30,6.8426,Aditya Birla,Aditya Birla
INE212K14EI0,2026-07-31,6.8397,Aditya Birla,Aditya Birla (99)
INE212K14EJ8,2026-06-30,6.8424,Aditya Birla,Aditya Birla; Kotak
INE212K14EJ8,2026-07-31,6.8403,Aditya Birla,Aditya Birla (99); Kotak (99)
INE212K14EJ8,2026-08-15,6.67,Kotak,Kotak (100)
INE212K14EK6,2026-06-30,6.92,HDFC,HDFC
INE212K14EK6,2026-07-15,6.95,HDFC,HDFC
INE212K14EK6,2026-07-31,6.89,HDFC,HDFC (198)
INE212K14EL4,2026-06-30,6.92,HDFC,HDFC
INE212K14EL4,2026-07-15,6.95,HDFC,HDFC
INE212K14EL4,2026-07-31,6.89,HDFC,HDFC (99)
INE212K14EN0,2026-06-30,6.92,HDFC,HDFC
INE212K14EN0,2026-07-15,6.95,HDFC,HDFC
INE212K14EN0,2026-07-31,6.89,HDFC,HDFC (99)
INE213W07277,2026-06-30,7.64,HDFC,HDFC; SBI; Aditya Birla; Nippon
INE213W07277,2026-07-15,7.64,HDFC,HDFC; SBI; Nippon
INE213W07277,2026-07-31,7.47,HDFC,HDFC (75); SBI (50); Aditya Birla (125); Nippon (125)
INE213W07277,2026-08-15,7.375,SBI,SBI (50); Nippon (125)
INE213W07285,2026-06-30,7.77,Kotak,Kotak
INE213W07285,2026-07-31,7.78,Kotak,Kotak (201)
INE213W07285,2026-08-15,7.59,Kotak,Kotak (201)
INE213W07293,2026-06-30,7.84,HDFC,HDFC; ICICI Pru; Aditya Birla
INE213W07293,2026-07-15,7.91,ICICI Pru,ICICI Pru
INE213W07293,2026-07-31,7.91,ICICI Pru,ICICI Pru (150); Aditya Birla (350)
INE213W07293,2026-08-15,7.84,ICICI Pru,ICICI Pru (150)
INE213W07319,2026-06-30,7.96,ICICI Pru,ICICI Pru
INE213W07319,2026-07-15,8.1,ICICI Pru,ICICI Pru
INE213W07319,2026-07-31,8.07,ICICI Pru,ICICI Pru (247)
INE213W07319,2026-08-15,7.87,ICICI Pru,ICICI Pru (248)
INE213W07327,2026-06-30,7.97,Kotak,Kotak
INE213W07327,2026-07-31,8.08,Kotak,Kotak (49)
INE213W07327,2026-08-15,7.89,Kotak,Kotak (49)
INE213W07335,2026-06-30,7.96,HDFC,HDFC
INE213W07335,2026-07-15,8.08,HDFC,HDFC
INE213W07335,2026-07-31,8.07,HDFC,HDFC (296)
INE213W07392,2026-07-31,8.53,ICICI Pru,ICICI Pru (145)
INE213W07392,2026-08-15,8.41,ICICI Pru,ICICI Pru (145)
INE216P07217,2026-06-30,7.64,ICICI Pru,ICICI Pru
INE216P07217,2026-07-15,7.86,ICICI Pru,ICICI Pru
INE216P07217,2026-07-31,7.7,ICICI Pru,ICICI Pru (99)
INE216P07217,2026-08-15,7.36,ICICI Pru,ICICI Pru (99)
INE216P07258,2026-06-30,8.1,ICICI Pru,ICICI Pru; Nippon
INE216P07258,2026-07-15,8.31,ICICI Pru,ICICI Pru; Nippon
INE216P07258,2026-07-31,8.15,ICICI Pru,ICICI Pru (50); Nippon (50)
INE216P07258,2026-08-15,7.92,ICICI Pru,ICICI Pru (50); Nippon (50)
INE216P07266,2026-06-30,8.43,ICICI Pru,ICICI Pru
INE216P07266,2026-07-15,8.55,ICICI Pru,ICICI Pru
INE216P07266,2026-07-31,8.55,ICICI Pru,ICICI Pru (25)
INE216P07266,2026-08-15,8.45,ICICI Pru,ICICI Pru (25)
INE216P07274,2026-06-30,8.23,HDFC,HDFC; ICICI Pru
INE216P07274,2026-07-15,8.39,HDFC,HDFC; ICICI Pru
INE216P07274,2026-07-31,8.35,HDFC,HDFC (30); ICICI Pru (70)
INE216P07274,2026-08-15,8.13,ICICI Pru,ICICI Pru (70)
INE216P07282,2026-06-30,8.44,HDFC,HDFC
INE216P07282,2026-07-15,8.58,HDFC,HDFC
INE216P07282,2026-07-31,8.55,HDFC,HDFC (99)
INE216P07308,2026-07-31,8.83,ICICI Pru,ICICI Pru (195)
INE216P07308,2026-08-15,8.8,ICICI Pru,ICICI Pru (195)
INE219X07298,2026-06-30,6.73,HDFC,HDFC
INE219X07298,2026-07-15,6.39,HDFC,HDFC
INE219X07306,2026-06-30,6.8278,Aditya Birla,Aditya Birla; Axis; Nippon; UTI
INE219X07306,2026-07-15,6.9079,Nippon,Nippon
INE219X07306,2026-07-31,6.9601,Aditya Birla,Aditya Birla (15); Axis (5); Nippon (590); UTI (25)
INE219X07306,2026-08-15,6.71,Axis,Axis (5); Nippon (590)
INE219X07363,2026-06-30,7.5021,Axis,Axis
INE219X07363,2026-07-31,7.6222,Axis,Axis (50)
INE219X07363,2026-08-15,7.5423,Axis,Axis (50)
INE219X07439,2026-06-30,7.49,SBI,SBI; Kotak
INE219X07439,2026-07-15,7.695,SBI,SBI
INE219X07439,2026-07-31,7.655,SBI,SBI (126); Kotak (51)
INE219X07439,2026-08-15,7.6,SBI,SBI (126); Kotak (51)
INE219X07447,2026-06-30,7.49,SBI,SBI
INE219X07447,2026-07-15,7.695,SBI,SBI
INE219X07447,2026-07-31,7.655,SBI,SBI (202)
INE219X07447,2026-08-15,7.6,SBI,SBI (202)
INE219X07454,2026-06-30,7.3344,Axis,Axis; Nippon; Kotak
INE219X07454,2026-07-15,7.6144,Nippon,Nippon
INE219X07454,2026-07-31,7.4194,Axis,Axis (140); Nippon (176); Kotak (50)
INE219X07454,2026-08-15,7.1993,Axis,Axis (141); Nippon (176); Kotak (50)
INE219X07462,2026-06-30,7.4817,SBI,SBI
INE219X07462,2026-07-15,7.7267,SBI,SBI
INE219X07462,2026-07-31,7.6316,SBI,SBI (252)
INE219X07462,2026-08-15,7.5665,SBI,SBI (252)
INE219X07512,2026-06-30,7.51,Axis,Axis
INE219X07512,2026-07-31,7.64,HDFC,HDFC (50); Axis (50)
INE219X07512,2026-08-15,7.57,Axis,Axis (50)
INE219X07520,2026-06-30,7.53,Kotak,Kotak
INE219X07520,2026-07-31,7.69,Kotak,Kotak (148)
INE219X07520,2026-08-15,7.67,Kotak,Kotak (148)
INE219X07538,2026-06-30,7.49,SBI,SBI
INE219X07538,2026-07-15,7.695,SBI,SBI
INE219X07538,2026-07-31,7.655,SBI,SBI (99)
INE219X07538,2026-08-15,7.6,SBI,SBI (99)
INE220B08126,2026-06-30,8.0,HDFC,HDFC
INE220B08126,2026-07-15,8.28,HDFC,HDFC
INE220B08126,2026-07-31,8.08,HDFC,HDFC (150)
INE220B08134,2026-06-30,8.15,HDFC,HDFC
INE220B08134,2026-07-15,8.32,HDFC,HDFC
INE220B08134,2026-07-31,8.25,HDFC,HDFC (300)
INE220B08142,2026-06-30,8.28,ICICI Pru,ICICI Pru
INE220B08142,2026-07-15,8.47,ICICI Pru,ICICI Pru
INE220B08142,2026-07-31,8.4,ICICI Pru,ICICI Pru (150)
INE220B08142,2026-08-15,8.27,ICICI Pru,ICICI Pru (150)
INE225R08014,2026-06-30,7.66,HDFC,HDFC
INE225R08014,2026-07-15,7.81,HDFC,HDFC
INE225R08014,2026-07-31,7.72,HDFC,HDFC (25)
INE233A08089,2026-06-30,7.68,ICICI Pru,ICICI Pru; Aditya Birla; Nippon
INE233A08089,2026-07-15,7.96,ICICI Pru,ICICI Pru; Nippon
INE233A08089,2026-07-31,7.77,ICICI Pru,ICICI Pru (100); Aditya Birla (240); Nippon (5)
INE233A08089,2026-08-15,7.51,ICICI Pru,ICICI Pru (100); Nippon (5)
INE233A08113,2026-06-30,7.83,HDFC,HDFC; Nippon
INE233A08113,2026-07-15,8.05,HDFC,HDFC; Nippon
INE233A08113,2026-07-31,7.98,HDFC,HDFC (125); Nippon (50)
INE233A08113,2026-08-15,7.85,Nippon,Nippon (50)
INE233A08121,2026-06-30,7.17,HDFC,HDFC; SBI; Aditya Birla; UTI
INE233A08121,2026-07-15,7.09,HDFC,HDFC; SBI
INE233A08121,2026-07-31,7.1,HDFC,HDFC (25); Aditya Birla (25); UTI (50)
INE233A08139,2026-06-30,7.82,ICICI Pru,ICICI Pru; Aditya Birla; Kotak
INE233A08139,2026-07-15,8.05,ICICI Pru,ICICI Pru
INE233A08139,2026-07-31,7.98,ICICI Pru,ICICI Pru (25); Aditya Birla (40); Kotak (15)
INE233A08139,2026-08-15,7.85,ICICI Pru,ICICI Pru (25); Kotak (15)
INE233A08147,2026-06-30,7.935,Axis,Axis
INE233A08147,2026-07-31,8.085,Axis,Axis (110)
INE233A08147,2026-08-15,8.0,Axis,Axis (110)
INE233A08154,2026-06-30,7.89,SBI,SBI; Axis; Kotak
INE233A08154,2026-07-15,8.115,SBI,SBI
INE233A08154,2026-07-31,8.055,SBI,SBI (100); Aditya Birla (50); Kotak (25); Tata (60)
INE233A08154,2026-08-15,7.935,SBI,SBI (100); Kotak (25); Tata (60)
INE233A08170,2026-06-30,7.91,SBI,SBI
INE233A08170,2026-07-15,8.1,SBI,SBI
INE233A08170,2026-07-31,8.085,SBI,SBI (345)
INE233A08170,2026-08-15,7.985,SBI,SBI (346)
INE233A08204,2026-06-30,8.0499,SBI,SBI; ICICI Pru
INE233A08204,2026-07-15,8.1049,SBI,SBI; ICICI Pru
INE233A08204,2026-07-31,8.115,SBI,SBI (57); ICICI Pru (99)
INE233A08204,2026-08-15,8.0749,SBI,SBI (57); ICICI Pru (100)
INE233A08212,2026-06-30,8.0499,SBI,SBI; ICICI Pru
INE233A08212,2026-07-15,8.1049,SBI,SBI; ICICI Pru
INE233A08212,2026-07-31,8.115,SBI,SBI (57); ICICI Pru (100)
INE233A08212,2026-08-15,8.0749,SBI,SBI (57); ICICI Pru (100)
INE233A146Q8,2026-06-30,7.1,Aditya Birla,Aditya Birla
INE233A146Q8,2026-07-31,7.185,Aditya Birla,Aditya Birla (72)
INE233A146R6,2026-06-30,7.1,Axis,Axis
INE233A146R6,2026-07-31,7.1851,Axis,Axis (72)
INE233A146R6,2026-08-15,6.96,Axis,Axis (73)
INE233A146S4,2026-06-30,7.1,Axis,Axis
INE233A146S4,2026-07-31,7.1851,Axis,Axis (72)
INE233A146S4,2026-08-15,6.9601,Axis,Axis (73)
INE233A146T2,2026-06-30,7.1,Aditya Birla,Aditya Birla
INE233A146T2,2026-07-31,7.1849,Aditya Birla,Aditya Birla (72)
INE233A146U0,2026-06-30,7.1,Axis,Axis
INE233A146U0,2026-07-31,7.1849,Axis,Axis (72)
INE233A146U0,2026-08-15,6.9599,Axis,Axis (73)
INE233A146V8,2026-06-30,7.1,Axis,Axis
INE233A146V8,2026-07-31,7.185,Axis,Axis (72)
INE233A146V8,2026-08-15,6.96,Axis,Axis (73)
INE233A146W6,2026-06-30,7.1,Aditya Birla,Aditya Birla
INE233A146W6,2026-07-31,7.185,Aditya Birla,Aditya Birla (72)
INE233A147X2,2026-06-30,6.4685,Aditya Birla,Aditya Birla
INE233A147Y0,2026-06-30,6.4697,Aditya Birla,Aditya Birla
INE233A147Z7,2026-06-30,6.4697,Aditya Birla,Aditya Birla
INE233A148A8,2026-06-30,6.49,HDFC,HDFC
INE233A148A8,2026-07-15,5.37,HDFC,HDFC
INE233A148F7,2026-06-30,6.5751,Aditya Birla,Aditya Birla
INE233A148F7,2026-07-31,6.5338,Aditya Birla,Aditya Birla (75)
INE233A148G5,2026-06-30,6.5753,Aditya Birla,Aditya Birla
INE233A148G5,2026-07-31,6.536,Aditya Birla,Aditya Birla (75)
INE233A148H3,2026-06-30,6.5751,Aditya Birla,Aditya Birla
INE233A148H3,2026-07-31,6.5351,Aditya Birla,Aditya Birla (75)
INE233A148Q4,2026-06-30,6.4999,Axis,Axis
INE233A148Q4,2026-07-31,6.6623,Axis,Axis (75)
INE233A148Q4,2026-08-15,6.467,Axis,Axis (75)
INE233A148R2,2026-06-30,6.4998,Axis,Axis
INE233A148R2,2026-07-31,6.6624,Axis,Axis (75)
INE233A148R2,2026-08-15,6.4669,Axis,Axis (75)
INE233A148S0,2026-06-30,6.4998,Axis,Axis
INE233A148S0,2026-07-31,6.6621,Axis,Axis (75)
INE233A148S0,2026-08-15,6.4659,Axis,Axis (75)
INE233A148Y8,2026-06-30,6.5,Aditya Birla,Aditya Birla
INE233A148Y8,2026-07-31,6.6624,Aditya Birla,Aditya Birla (74)
INE233A148Z5,2026-06-30,6.5001,Aditya Birla,Aditya Birla
INE233A148Z5,2026-07-31,6.7374,Aditya Birla,Aditya Birla (74)
INE233A149A6,2026-06-30,6.4999,Aditya Birla,Aditya Birla
INE233A149A6,2026-07-31,6.7374,Aditya Birla,Aditya Birla (74)
INE233A149B4,2026-06-30,6.5001,Aditya Birla,Aditya Birla
INE233A149B4,2026-07-31,6.7375,Aditya Birla,Aditya Birla (74)
INE233A149J7,2026-07-31,6.7375,Axis,Axis (74)
INE233A149J7,2026-08-15,6.4914,Axis,Axis (74)
INE233A149K5,2026-07-31,7.0002,Axis,Axis (74)
INE233A149K5,2026-08-15,6.545,Axis,Axis (74)
INE233A149P4,2026-08-15,6.62,Kotak,Kotak (74)
INE235P07498,2026-06-30,6.973,Nippon,Nippon
INE235P07498,2026-07-15,7.0758,Nippon,Nippon
INE235P07498,2026-07-31,7.0759,Nippon,Nippon (10)
INE235P07498,2026-08-15,6.8209,Nippon,Nippon (10)
INE237AD6042,2026-07-15,6.49,HDFC,HDFC
INE237AD6042,2026-07-31,6.4,HDFC,HDFC (272)
INE237AD6075,2026-06-30,6.39,HDFC,HDFC; Axis; Nippon; UTI
INE237AD6075,2026-07-15,6.35,HDFC,HDFC; ICICI Pru; Nippon
INE237AD6075,2026-07-31,6.3,HDFC,HDFC (149); ICICI Pru (5); Axis (204); Nippon (15); UTI (10)
INE237AD6075,2026-08-15,6.2,ICICI Pru,ICICI Pru (5); Nippon (15)
INE237AD6091,2026-07-31,6.84,Tata,Tata (489)
INE237AD6091,2026-08-15,6.47,Tata,Tata (491)
INE237AD6109,2026-06-30,6.66,HDFC,HDFC; ICICI Pru; Nippon
INE237AD6109,2026-07-15,7.05,HDFC,HDFC; ICICI Pru; Nippon
INE237AD6109,2026-07-31,6.85,HDFC,HDFC (24); ICICI Pru (171); Nippon (24)
INE237AD6109,2026-08-15,6.54,ICICI Pru,ICICI Pru (171); Nippon (24)
INE237AD6117,2026-06-30,6.76,HDFC,HDFC; ICICI Pru; Aditya Birla; Axis; Nippon; UTI
INE237AD6117,2026-07-15,7.12,HDFC,HDFC; ICICI Pru; Nippon
INE237AD6117,2026-07-31,6.91,HDFC,HDFC (437); ICICI Pru (194); Aditya Birla (97); Axis (364); Nippon (97); UTI (267)
INE237AD6117,2026-08-15,6.67,ICICI Pru,ICICI Pru (195); Axis (365)
INE237AD6125,2026-06-30,6.76,HDFC,HDFC; Aditya Birla; Axis; UTI
INE237AD6125,2026-07-15,7.12,HDFC,HDFC
INE237AD6125,2026-07-31,6.91,HDFC,HDFC (145); Aditya Birla (24); Axis (483); UTI (193)
INE237AD6125,2026-08-15,6.67,Axis,Axis (485)
INE237AD6133,2026-06-30,6.76,Aditya Birla,Aditya Birla; Axis
INE237AD6133,2026-07-31,6.9099,Aditya Birla,"Aditya Birla (193); Axis (266); Tata (1,159)"
INE237AD6133,2026-08-15,6.67,Axis,"Axis (267); Tata (1,163)"
INE237AD6141,2026-06-30,6.76,ICICI Pru,ICICI Pru; Aditya Birla; Nippon; UTI
INE237AD6141,2026-07-15,7.12,ICICI Pru,ICICI Pru; Nippon
INE237AD6141,2026-07-31,6.91,ICICI Pru,ICICI Pru (482); Aditya Birla (193); Axis (72); Nippon (265); UTI (362)
INE237AD6141,2026-08-15,6.67,ICICI Pru,ICICI Pru (290); Axis (73); Nippon (242)
INE237AD6158,2026-06-30,6.66,ICICI Pru,ICICI Pru; Aditya Birla; Axis; UTI
INE237AD6158,2026-07-31,6.8501,Aditya Birla,Aditya Birla (268); Axis (97); UTI (224); Tata (24)
INE237AD6158,2026-08-15,6.54,Tata,Tata (24)
INE237AD6166,2026-06-30,6.76,HDFC,HDFC; SBI; Axis; UTI
INE237AD6166,2026-07-15,7.12,HDFC,HDFC; SBI
INE237AD6166,2026-07-31,6.91,HDFC,"HDFC (240); SBI (1,249); Axis (24); UTI (216)"
INE237AD6166,2026-08-15,6.6602,SBI,"SBI (1,254); Axis (121)"
INE237AD6174,2026-06-30,6.76,SBI,SBI; Aditya Birla
INE237AD6174,2026-07-15,7.115,SBI,SBI
INE237AD6174,2026-07-31,6.9099,SBI,SBI (960); Aditya Birla (480)
INE237AD6174,2026-08-15,6.665,SBI,SBI (964)
INE238A08450,2026-06-30,7.14,ICICI Pru,ICICI Pru
INE238A08450,2026-07-15,7.43,ICICI Pru,ICICI Pru
INE238A08450,2026-07-31,7.41,ICICI Pru,ICICI Pru (108)
INE238A08450,2026-08-15,7.34,ICICI Pru,ICICI Pru (108)
INE238A08468,2026-06-30,7.12,UTI,UTI
INE238A08468,2026-07-31,7.23,UTI,UTI (55)
INE238A08518,2026-06-30,7.45,ICICI Pru,ICICI Pru; Aditya Birla
INE238A08518,2026-07-15,7.54,ICICI Pru,ICICI Pru
INE238A08518,2026-07-31,7.55,ICICI Pru,ICICI Pru (607); Aditya Birla (98)
INE238A08518,2026-08-15,7.56,ICICI Pru,ICICI Pru (606)
INE238AD6BC1,2026-06-30,6.4501,Aditya Birla,Aditya Birla
INE238AD6BD9,2026-06-30,6.45,HDFC,HDFC; Aditya Birla; Nippon
INE238AD6BD9,2026-07-15,6.3,HDFC,HDFC; Nippon
INE238AD6BD9,2026-07-31,6.34,HDFC,HDFC (25); Nippon (25)
INE238AD6BI8,2026-06-30,6.75,HDFC,HDFC
INE238AD6BI8,2026-07-15,7.01,HDFC,HDFC
INE238AD6BI8,2026-07-31,6.81,HDFC,HDFC (25)
INE238AD6BO6,2026-06-30,6.7242,Aditya Birla,Aditya Birla; Nippon
INE238AD6BO6,2026-07-15,7.055,Nippon,Nippon
INE238AD6BO6,2026-07-31,6.8724,Aditya Birla,"Aditya Birla (98); Nippon (245); Kotak (49); Tata (1,370)"
INE238AD6BO6,2026-08-15,6.5301,Nippon,"Nippon (246); Kotak (49); Tata (1,375)"
INE238AD6BP3,2026-06-30,6.7221,SBI,SBI; Aditya Birla; Nippon; Kotak
INE238AD6BP3,2026-07-15,7.055,SBI,SBI; Nippon
INE238AD6BP3,2026-07-31,6.8751,SBI,SBI (24); Aditya Birla (685); Nippon (98); Kotak (73); Tata (98)
INE238AD6BP3,2026-08-15,6.5301,SBI,SBI (25); ICICI Pru (74); Nippon (98); Tata (98)
INE238AD6BQ1,2026-06-30,6.325,Aditya Birla,Aditya Birla
INE238AD6BQ1,2026-07-31,6.3754,Aditya Birla,Aditya Birla (323)
INE238AD6BV1,2026-06-30,6.84,ICICI Pru,ICICI Pru; Nippon; UTI
INE238AD6BV1,2026-07-15,7.15,HDFC,HDFC; ICICI Pru; Nippon
INE238AD6BV1,2026-07-31,6.92,HDFC,"HDFC (97); ICICI Pru (1,745); Aditya Birla (48); Nippon (5); Kotak (19); UTI (48)"
INE238AD6BV1,2026-08-15,6.7,SBI,"SBI (195); ICICI Pru (1,752); Nippon (5); Kotak (19)"
INE238AD6BW9,2026-06-30,6.84,HDFC,HDFC; Aditya Birla; Nippon; Kotak; UTI
INE238AD6BW9,2026-07-15,7.15,HDFC,HDFC; Nippon
INE238AD6BW9,2026-07-31,6.96,HDFC,HDFC (368); Aditya Birla (15); Nippon (155); Kotak (679); UTI (388)
INE238AD6BW9,2026-08-15,6.7001,Nippon,Nippon (156); Kotak (686)
INE238AD6CA3,2026-06-30,6.72,ICICI Pru,ICICI Pru; Aditya Birla
INE238AD6CA3,2026-07-15,7.11,ICICI Pru,ICICI Pru
INE238AD6CA3,2026-07-31,6.8825,SBI,SBI (49); ICICI Pru (24); Aditya Birla (268); Kotak (195); UTI (24); Tata (390)
INE238AD6CA3,2026-08-15,6.6001,SBI,SBI (49); ICICI Pru (24); Kotak (49); Tata (391)
INE238AD6CB1,2026-06-30,6.72,Aditya Birla,Aditya Birla; UTI
INE238AD6CB1,2026-07-31,6.8825,Aditya Birla,Aditya Birla (975); UTI (97)
INE238AD6CD7,2026-06-30,6.33,HDFC,HDFC; Kotak; UTI
INE238AD6CD7,2026-07-15,6.55,HDFC,HDFC
INE238AD6CD7,2026-07-31,6.38,HDFC,HDFC (25); Kotak (99); UTI (50); Tata (74)
INE238AD6CD7,2026-08-15,6.25,Tata,Tata (75)
INE238AD6CH8,2026-07-31,6.92,Nippon,Nippon (96)
INE238AD6CH8,2026-08-15,6.7,Nippon,Nippon (96)
INE238AD6CI6,2026-06-30,6.45,UTI,UTI
INE238AD6CJ4,2026-06-30,6.4503,SBI,SBI; UTI
INE238AD6CJ4,2026-07-15,6.4001,SBI,SBI
INE238AD6CJ4,2026-07-31,6.35,UTI,UTI (100)
INE238AD6CL0,2026-06-30,6.3249,SBI,SBI; Kotak; UTI
INE238AD6CL0,2026-07-15,6.5502,SBI,SBI
INE238AD6CL0,2026-07-31,6.3747,SBI,SBI (995); Kotak (249); Tata (696)
INE238AD6CL0,2026-08-15,6.25,Tata,Tata (100)
INE238AD6CM8,2026-06-30,6.33,HDFC,HDFC; Nippon
INE238AD6CM8,2026-07-15,6.55,HDFC,HDFC; Nippon
INE238AD6CM8,2026-07-31,6.38,HDFC,HDFC (25); Nippon (348)
INE238AD6CN6,2026-06-30,6.72,HDFC,HDFC; Aditya Birla; Nippon; Kotak; UTI
INE238AD6CN6,2026-07-15,7.11,HDFC,HDFC; SBI; Nippon
INE238AD6CN6,2026-07-31,6.89,HDFC,HDFC (146); SBI (24); Aditya Birla (122); Nippon (244); Kotak (39); UTI (49); Tata (24)
INE238AD6CN6,2026-08-15,6.6003,SBI,SBI (24); ICICI Pru (5); Nippon (245); Kotak (39); Tata (24)
INE238AD6CO4,2026-06-30,6.84,HDFC,HDFC; Aditya Birla; Nippon; UTI
INE238AD6CO4,2026-07-15,7.1,HDFC,HDFC; Nippon
INE238AD6CO4,2026-07-31,6.92,HDFC,HDFC (48); Aditya Birla (193); Nippon (48); UTI (193)
INE238AD6CO4,2026-08-15,6.7,Nippon,Nippon (48)
INE238AD6CP1,2026-06-30,6.84,HDFC,HDFC; SBI; ICICI Pru; Nippon; UTI
INE238AD6CP1,2026-07-15,7.13,HDFC,HDFC; SBI; ICICI Pru; Nippon
INE238AD6CP1,2026-07-31,6.92,HDFC,"HDFC (481); SBI (1,106); ICICI Pru (192); Nippon (192); UTI (337); Tata (721)"
INE238AD6CP1,2026-08-15,6.7,SBI,SBI (676); ICICI Pru (193); Nippon (193); Tata (724)
INE238AD6CQ9,2026-06-30,6.33,HDFC,HDFC; SBI; Aditya Birla
INE238AD6CQ9,2026-07-15,6.55,HDFC,HDFC; SBI
INE238AD6CQ9,2026-07-31,6.47,HDFC,HDFC (99); SBI (174); Aditya Birla (496); Nippon (74)
INE238AD6CQ9,2026-08-15,6.2551,SBI,SBI (174); Nippon (75)
INE242A08502,2026-06-30,6.87,HDFC,HDFC; UTI
INE242A08502,2026-07-15,7.14,HDFC,HDFC
INE242A08502,2026-07-31,6.88,HDFC,HDFC (25); UTI (25)
INE242A08536,2026-06-30,7.01,UTI,UTI
INE242A08536,2026-07-31,7.03,UTI,UTI (25)
INE242A08544,2026-06-30,7.0,HDFC,HDFC
INE242A08544,2026-07-15,7.19,HDFC,HDFC
INE242A08544,2026-07-31,7.03,HDFC,HDFC (256)
INE242A08551,2026-06-30,6.92,HDFC,HDFC; Aditya Birla; Kotak
INE242A08551,2026-07-31,7.0,Aditya Birla,Aditya Birla (106); Kotak (303)
INE242A08551,2026-08-15,6.99,Kotak,Kotak (303)
INE242A08569,2026-06-30,6.98,HDFC,HDFC; UTI
INE242A08569,2026-07-15,7.15,HDFC,HDFC
INE242A08569,2026-07-31,7.07,HDFC,HDFC (25); UTI (50)
INE242A14YW7,2026-06-30,6.26,ICICI Pru,ICICI Pru
INE242A14YW7,2026-07-15,6.63,ICICI Pru,ICICI Pru
INE242A14YW7,2026-07-31,6.48,ICICI Pru,ICICI Pru (99)
INE242A14YW7,2026-08-15,6.28,ICICI Pru,ICICI Pru (99); Axis (547)
INE242A14YX5,2026-07-31,6.4851,Axis,Axis (743); UTI (248)
INE242A14YX5,2026-08-15,6.2799,Axis,Axis (745)
INE242A14YY3,2026-07-31,6.4847,Axis,Axis (892)
INE242A14YY3,2026-08-15,6.2796,Axis,Axis (894)
INE242A14YZ0,2026-07-31,6.4,Kotak,Kotak (993)
INE242A14YZ0,2026-08-15,6.26,Kotak,Kotak (847)
INE245A08307,2026-07-15,7.6625,SBI,SBI
INE245A08307,2026-07-31,7.5243,SBI,SBI (450)
INE245A08307,2026-08-15,7.4893,SBI,SBI (450)
INE245A14LC9,2026-06-30,6.58,ICICI Pru,ICICI Pru
INE245A14LC9,2026-07-15,6.79,ICICI Pru,ICICI Pru
INE245A14LC9,2026-07-31,6.68,ICICI Pru,ICICI Pru (347)
INE245A14LC9,2026-08-15,6.5,ICICI Pru,ICICI Pru (348)
INE245A14LD7,2026-06-30,6.58,HDFC,HDFC
INE245A14LD7,2026-07-15,6.79,HDFC,HDFC
INE245A14LD7,2026-07-31,6.76,HDFC,HDFC (496)
INE245A14LE5,2026-06-30,6.58,HDFC,HDFC
INE245A14LE5,2026-07-15,6.79,HDFC,HDFC
INE245A14LE5,2026-07-31,6.76,HDFC,HDFC (495)
INE248U07EW8,2026-06-30,8.19,UTI,UTI
INE248U07EW8,2026-07-31,8.41,UTI,UTI (65)
INE248U07FU9,2026-06-30,8.1875,Aditya Birla,Aditya Birla; UTI
INE248U07FU9,2026-07-31,8.43,Aditya Birla,Aditya Birla (447); UTI (50)
INE248U07FV7,2026-06-30,8.4,UTI,UTI
INE248U07FV7,2026-07-31,8.61,UTI,UTI (11)
INE248U07FW5,2026-06-30,8.4,ICICI Pru,ICICI Pru; Axis; Nippon
INE248U07FW5,2026-07-15,8.53,ICICI Pru,ICICI Pru; Nippon
INE248U07FW5,2026-07-31,8.61,ICICI Pru,ICICI Pru (451); Axis (10); Nippon (140)
INE248U07FW5,2026-08-15,8.56,ICICI Pru,ICICI Pru (451); Axis (10); Nippon (140)
INE248U07FY1,2026-06-30,8.4,HDFC,HDFC; ICICI Pru
INE248U07FY1,2026-07-15,8.53,HDFC,HDFC; ICICI Pru
INE248U07FY1,2026-07-31,8.61,HDFC,HDFC (35); ICICI Pru (165)
INE248U07FY1,2026-08-15,8.56,ICICI Pru,ICICI Pru (165)
INE248U07GA9,2026-06-30,8.69,ICICI Pru,ICICI Pru; Axis; Nippon; Kotak; UTI
INE248U07GA9,2026-07-15,8.92,ICICI Pru,ICICI Pru; Nippon
INE248U07GA9,2026-07-31,8.72,ICICI Pru,ICICI Pru (50); Axis (89); Nippon (10); Kotak (100); UTI (85)
INE248U07GA9,2026-08-15,8.78,ICICI Pru,ICICI Pru (50); Axis (89); Kotak (100)
INE248U07GB7,2026-06-30,8.69,HDFC,HDFC; ICICI Pru
INE248U07GB7,2026-07-15,8.92,HDFC,HDFC; ICICI Pru
INE248U07GB7,2026-07-31,8.72,HDFC,HDFC (165); ICICI Pru (285)
INE248U07GB7,2026-08-15,8.78,ICICI Pru,ICICI Pru (285)
INE248U07GC5,2026-06-30,8.64,HDFC,HDFC; ICICI Pru
INE248U07GC5,2026-07-15,8.94,HDFC,HDFC; ICICI Pru
INE248U07GC5,2026-07-31,8.87,HDFC,HDFC (100); ICICI Pru (250); UTI (25)
INE248U07GC5,2026-08-15,8.8,ICICI Pru,ICICI Pru (250)
INE248U07GG6,2026-06-30,8.76,ICICI Pru,ICICI Pru; Axis; Kotak; UTI
INE248U07GG6,2026-07-15,9.1,ICICI Pru,ICICI Pru
INE248U07GG6,2026-07-31,8.91,ICICI Pru,ICICI Pru (574); Axis (160); Kotak (150); UTI (125)
INE248U07GG6,2026-08-15,8.86,ICICI Pru,ICICI Pru (574); Axis (160); Kotak (150)
INE248U07GI2,2026-06-30,8.77,HDFC,HDFC
INE248U07GI2,2026-07-15,9.1,HDFC,HDFC
INE248U07GI2,2026-07-31,8.91,HDFC,HDFC (200); Tata (75)
INE248U07GI2,2026-08-15,8.86,Tata,Tata (75)
INE248U07GJ0,2026-06-30,9.89,HDFC,HDFC; ICICI Pru; Axis; Nippon; Kotak
INE248U07GJ0,2026-07-15,10.0,HDFC,HDFC; ICICI Pru; Nippon
INE248U07GJ0,2026-07-31,9.87,HDFC,HDFC (150); ICICI Pru (350); Axis (100); Nippon (200); Kotak (150); Tata (100)
INE248U07GJ0,2026-08-15,9.83,ICICI Pru,ICICI Pru (351); Axis (100); Nippon (201); Kotak (150); Tata (100)
INE248U14ST0,2026-06-30,8.035,Axis,Axis; Nippon; Kotak
INE248U14ST0,2026-07-15,8.265,Nippon,Nippon
INE248U14ST0,2026-07-31,8.13,Axis,Axis (96); Nippon (241); Kotak (72)
INE248U14ST0,2026-08-15,7.8899,Axis,Axis (97); Nippon (242); Kotak (73)
INE248U14SV6,2026-07-31,8.13,Tata,Tata (241)
INE248U14SV6,2026-08-15,7.89,Tata,Tata (242)
INE248U14SX2,2026-06-30,8.04,UTI,UTI
INE248U14SX2,2026-07-31,8.13,UTI,UTI (72)
INE248U14SY0,2026-06-30,8.035,Aditya Birla,Aditya Birla
INE248U14SY0,2026-07-31,8.13,Aditya Birla,Aditya Birla (192)
INE248U14SZ7,2026-06-30,8.035,Aditya Birla,Aditya Birla
INE248U14SZ7,2026-07-31,8.1301,Aditya Birla,Aditya Birla (96)
INE248U14TC4,2026-06-30,8.0351,Axis,Axis
INE248U14TC4,2026-07-31,8.13,Axis,Axis (191)
INE248U14TC4,2026-08-15,7.89,Axis,Axis (192)
INE248U14TD2,2026-06-30,8.035,Nippon,Nippon
INE248U14TD2,2026-07-15,8.265,Nippon,Nippon
INE248U14TD2,2026-07-31,8.13,Nippon,Nippon (96)
INE248U14TD2,2026-08-15,7.89,Nippon,Nippon (96)
INE248U14TE0,2026-06-30,8.04,Kotak,Kotak
INE248U14TE0,2026-07-31,8.13,Kotak,Kotak (248)
INE248U14TE0,2026-08-15,7.89,Kotak,Kotak (250)
INE248U14TI1,2026-06-30,7.2901,Aditya Birla,Aditya Birla
INE248U14TI1,2026-07-31,6.8537,Aditya Birla,Aditya Birla (500)
INE248U14TU6,2026-08-15,8.23,Nippon,Nippon (188)
INE257A14AI4,2026-07-31,6.7398,Aditya Birla,Aditya Birla (742)
INE257A14AJ2,2026-07-15,6.7999,SBI,SBI
INE257A14AJ2,2026-07-31,6.74,SBI,SBI (495)
INE257A14AJ2,2026-08-15,6.5501,SBI,SBI (496)
INE261F08691,2026-06-30,7.258,Axis,Axis
INE261F08691,2026-07-31,7.4279,Axis,Axis (15)
INE261F08691,2026-08-15,7.3929,Axis,Axis (15)
INE261F08931,2026-06-30,7.3099,Axis,Axis
INE261F08931,2026-07-31,7.43,Axis,Axis (15)
INE261F08931,2026-08-15,7.405,Axis,Axis (15)
INE261F08980,2026-06-30,7.37,Aditya Birla,Aditya Birla
INE261F08980,2026-07-31,7.4362,Aditya Birla,Aditya Birla (5)
INE261F08AA4,2026-06-30,7.18,ICICI Pru,ICICI Pru; Kotak
INE261F08AA4,2026-07-15,7.45,ICICI Pru,ICICI Pru
INE261F08AA4,2026-07-31,7.4,ICICI Pru,ICICI Pru (25); Kotak (10)
INE261F08AA4,2026-08-15,7.29,ICICI Pru,ICICI Pru (25); Kotak (10)
INE261F08AD8,2026-06-30,7.1816,Nippon,Nippon; Kotak
INE261F08AD8,2026-07-15,7.4537,Nippon,Nippon
INE261F08AD8,2026-07-31,7.4,HDFC,HDFC (122); Nippon (15); Kotak (10)
INE261F08AD8,2026-08-15,7.29,Nippon,Nippon (15); Kotak (10)
INE261F08AE6,2026-06-30,7.1816,Aditya Birla,Aditya Birla
INE261F08AE6,2026-07-31,7.4,HDFC,HDFC (25)
INE261F08AP2,2026-06-30,7.18,HDFC,HDFC
INE261F08AV0,2026-06-30,7.175,Axis,Axis; Nippon
INE261F08AV0,2026-07-15,7.45,Nippon,Nippon
INE261F08AV0,2026-07-31,7.43,Axis,Axis (5); Nippon (5)
INE261F08AV0,2026-08-15,7.325,Axis,Axis (5); Nippon (5)
INE261F08AX6,2026-06-30,7.18,HDFC,HDFC
INE261F08AX6,2026-07-15,7.45,HDFC,HDFC
INE261F08AX6,2026-07-31,7.43,HDFC,HDFC (51)
INE261F08BA2,2026-06-30,7.16,HDFC,HDFC
INE261F08BC8,2026-06-30,7.16,ICICI Pru,ICICI Pru; Aditya Birla; Axis
INE261F08BC8,2026-07-15,7.43,ICICI Pru,ICICI Pru
INE261F08BC8,2026-07-31,7.43,ICICI Pru,ICICI Pru (3); Aditya Birla (10); Axis (5)
INE261F08BC8,2026-08-15,7.34,ICICI Pru,ICICI Pru (3); Axis (5)
INE261F08BE4,2026-06-30,7.4,ICICI Pru,ICICI Pru; Aditya Birla
INE261F08BE4,2026-07-15,7.47,ICICI Pru,ICICI Pru
INE261F08BE4,2026-07-31,7.44,ICICI Pru,ICICI Pru (1); Aditya Birla (32)
INE261F08BE4,2026-08-15,7.43,ICICI Pru,ICICI Pru (1)
INE261F08BH7,2026-06-30,7.16,HDFC,HDFC; Axis
INE261F08BH7,2026-07-15,7.43,HDFC,HDFC
INE261F08BH7,2026-07-31,7.43,HDFC,HDFC (30); Axis (5)
INE261F08BH7,2026-08-15,7.335,Axis,Axis (5)
INE261F08BM7,2026-06-30,7.2063,Nippon,Nippon
INE261F08BM7,2026-07-15,7.42,Nippon,Nippon
INE261F08BM7,2026-07-31,7.405,Nippon,Nippon (4)
INE261F08BM7,2026-08-15,7.35,Nippon,Nippon (4)
INE261F08BV8,2026-06-30,7.44,Aditya Birla,Aditya Birla
INE261F08BV8,2026-07-31,7.445,Aditya Birla,Aditya Birla (1)
INE261F08BX4,2026-06-30,7.21,HDFC,HDFC; Aditya Birla
INE261F08BX4,2026-07-15,7.43,HDFC,HDFC
INE261F08BX4,2026-07-31,7.44,HDFC,HDFC (105); Aditya Birla (1)
INE261F08CF9,2026-06-30,7.17,ICICI Pru,ICICI Pru
INE261F08CF9,2026-07-15,7.38,ICICI Pru,ICICI Pru
INE261F08CF9,2026-07-31,7.29,ICICI Pru,ICICI Pru (313)
INE261F08CF9,2026-08-15,7.1,ICICI Pru,ICICI Pru (314)
INE261F08CM5,2026-06-30,7.24,ICICI Pru,ICICI Pru; Aditya Birla
INE261F08CM5,2026-07-15,7.46,ICICI Pru,ICICI Pru
INE261F08CM5,2026-07-31,7.42,ICICI Pru,ICICI Pru (49); Aditya Birla (49)
INE261F08CM5,2026-08-15,7.29,ICICI Pru,ICICI Pru (49)
INE261F08CO1,2026-06-30,7.21,Aditya Birla,Aditya Birla
INE261F08CO1,2026-07-31,7.4347,Aditya Birla,Aditya Birla (1)
INE261F08CZ7,2026-06-30,7.26,Axis,Axis
INE261F08CZ7,2026-07-31,7.43,Axis,Axis (5)
INE261F08CZ7,2026-08-15,7.4399,Axis,Axis (5)
INE261F08DH3,2026-06-30,7.26,ICICI Pru,ICICI Pru
INE261F08DH3,2026-07-15,7.42,ICICI Pru,ICICI Pru
INE261F08DH3,2026-07-31,7.43,ICICI Pru,ICICI Pru (1)
INE261F08DH3,2026-08-15,7.4,ICICI Pru,ICICI Pru (1)
INE261F08DU6,2026-06-30,7.37,HDFC,HDFC
INE261F08DV4,2026-06-30,7.17,HDFC,HDFC; SBI; ICICI Pru; Aditya Birla; Axis; Nippon; Kotak; UTI
INE261F08DV4,2026-07-15,7.46,HDFC,HDFC; SBI; ICICI Pru; Nippon
INE261F08DV4,2026-07-31,7.42,HDFC,HDFC (827); SBI (351); ICICI Pru (471); Aditya Birla (225); Axis (320); Nippon (116); Kotak (43); UTI (27); Tata (4)
INE261F08DV4,2026-08-15,7.29,SBI,SBI (351); ICICI Pru (622); Axis (371); Nippon (116); Kotak (43); Tata (44)
INE261F08DX0,2026-06-30,6.69,HDFC,HDFC; ICICI Pru; Aditya Birla; Axis; UTI
INE261F08DX0,2026-07-15,6.45,HDFC,HDFC; ICICI Pru
INE261F08DY8,2026-06-30,7.5,HDFC,HDFC
INE261F08EA6,2026-06-30,6.66,HDFC,HDFC; SBI; ICICI Pru; Aditya Birla; Axis; Nippon; Kotak; UTI
INE261F08EA6,2026-07-15,6.62,HDFC,HDFC; SBI; ICICI Pru; Nippon
INE261F08EA6,2026-07-31,6.67,HDFC,"HDFC (110); SBI (337); ICICI Pru (390); Aditya Birla (490); Axis (1,135); Nippon (55); Kotak (60); UTI (430)"
INE261F08EA6,2026-08-15,6.4505,SBI,SBI (237); ICICI Pru (390); Axis (85); Nippon (55); Kotak (60)
INE261F08EB4,2026-06-30,7.02,HDFC,HDFC; Aditya Birla; Nippon
INE261F08EB4,2026-07-15,7.06,HDFC,HDFC; Nippon
INE261F08EB4,2026-07-31,6.93,HDFC,HDFC (125); Nippon (2)
INE261F08EB4,2026-08-15,6.4899,SBI,SBI (150); Nippon (2)
INE261F08EC2,2026-06-30,7.1826,Nippon,Nippon
INE261F08EC2,2026-07-15,7.45,Nippon,Nippon
INE261F08EC2,2026-07-31,7.43,Nippon,Nippon (25)
INE261F08EC2,2026-08-15,7.32,Nippon,Nippon (25)
INE261F08ED0,2026-06-30,7.04,HDFC,HDFC; ICICI Pru; Aditya Birla; Nippon; Kotak
INE261F08ED0,2026-07-15,7.24,HDFC,HDFC; ICICI Pru; Nippon
INE261F08ED0,2026-07-31,7.06,HDFC,HDFC (75); ICICI Pru (170); Aditya Birla (25); Nippon (128); Kotak (14)
INE261F08ED0,2026-08-15,6.7,ICICI Pru,ICICI Pru (165); Axis (25); Nippon (153); Kotak (18)
INE261F08EF5,2026-06-30,7.09,HDFC,HDFC; SBI; ICICI Pru; Aditya Birla; Axis; Nippon; Kotak; UTI
INE261F08EF5,2026-07-15,7.36,HDFC,HDFC; SBI; ICICI Pru; Nippon
INE261F08EF5,2026-07-31,7.22,HDFC,"HDFC (827); SBI (50); ICICI Pru (817); Aditya Birla (80); Axis (75); Nippon (110); Kotak (1,153); UTI (276); Tata (681)"
INE261F08EF5,2026-08-15,6.93,SBI,"SBI (50); ICICI Pru (818); Axis (75); Nippon (110); Kotak (1,154); Tata (708)"
INE261F08EG3,2026-06-30,7.19,HDFC,HDFC; ICICI Pru; Axis; Nippon; UTI
INE261F08EG3,2026-07-15,7.42,HDFC,HDFC; SBI; ICICI Pru; Nippon
INE261F08EG3,2026-07-31,7.43,HDFC,HDFC (136); ICICI Pru (101); Nippon (251); UTI (106)
INE261F08EG3,2026-08-15,7.36,ICICI Pru,ICICI Pru (101); Nippon (302)
INE261F08EH1,2026-06-30,7.16,ICICI Pru,ICICI Pru; Aditya Birla; Nippon; Kotak
INE261F08EH1,2026-07-15,7.42,ICICI Pru,ICICI Pru; Nippon
INE261F08EH1,2026-07-31,7.43,Aditya Birla,Aditya Birla (35); Nippon (196); Kotak (276)
INE261F08EH1,2026-08-15,7.3566,Nippon,Nippon (221); Kotak (277)
INE261F08EI9,2026-06-30,7.25,HDFC,HDFC; SBI; ICICI Pru; Aditya Birla; Axis; Nippon; Kotak; UTI
INE261F08EI9,2026-07-15,7.46,HDFC,HDFC; SBI; ICICI Pru; Nippon
INE261F08EI9,2026-07-31,7.42,HDFC,"HDFC (301); SBI (50); ICICI Pru (1,740); Aditya Birla (6); Axis (118); Nippon (140); Kotak (65); UTI (75)"
INE261F08EI9,2026-08-15,7.29,SBI,"SBI (50); ICICI Pru (1,692); Axis (118); Nippon (141); Kotak (65)"
INE261F08EJ7,2026-06-30,7.2,HDFC,HDFC; ICICI Pru; Aditya Birla; Nippon; Kotak
INE261F08EJ7,2026-07-15,7.42,HDFC,HDFC; ICICI Pru; Nippon
INE261F08EJ7,2026-07-31,7.43,HDFC,HDFC (101); ICICI Pru (141); Aditya Birla (101); Nippon (337); Kotak (101)
INE261F08EJ7,2026-08-15,7.35,ICICI Pru,ICICI Pru (141); Nippon (338); Kotak (101)
INE261F08EK5,2026-06-30,7.2,HDFC,HDFC; SBI; ICICI Pru; Aditya Birla; Axis; Nippon; Kotak; UTI
INE261F08EK5,2026-07-15,7.46,HDFC,HDFC; SBI; ICICI Pru; Nippon
INE261F08EK5,2026-07-31,7.42,HDFC,"HDFC (725); SBI (230); ICICI Pru (1,974); Aditya Birla (95); Axis (1,130); Nippon (135); Kotak (1,290); UTI (250); Tata (100)"
INE261F08EK5,2026-08-15,7.29,SBI,"SBI (230); ICICI Pru (2,178); Axis (1,282); Nippon (135); Kotak (1,292); Tata (50)"
INE261F08EL3,2026-06-30,7.21,HDFC,HDFC; Aditya Birla; Axis; Kotak; UTI
INE261F08EL3,2026-07-15,7.43,HDFC,HDFC
INE261F08EL3,2026-07-31,7.44,HDFC,HDFC (225); Aditya Birla (60); Axis (5); Kotak (25); UTI (75)
INE261F08EL3,2026-08-15,7.38,Axis,Axis (5); Kotak (25)
INE261F08EM1,2026-06-30,7.18,HDFC,HDFC; SBI; ICICI Pru; Aditya Birla; Axis; Kotak; UTI
INE261F08EM1,2026-07-15,7.46,HDFC,HDFC; SBI; ICICI Pru
INE261F08EM1,2026-07-31,7.42,HDFC,"HDFC (1,642); SBI (400); ICICI Pru (2,819); Aditya Birla (415); Axis (325); Kotak (516); UTI (25); Tata (100)"
INE261F08EM1,2026-08-15,7.29,SBI,"SBI (401); ICICI Pru (3,074); Axis (326); Kotak (516); Tata (100)"
INE261F08EN9,2026-06-30,7.44,HDFC,HDFC
INE261F08EN9,2026-07-15,7.48,HDFC,HDFC
INE261F08EN9,2026-07-31,7.45,HDFC,HDFC (244)
INE261F08EO7,2026-06-30,7.22,HDFC,HDFC; SBI; ICICI Pru; Aditya Birla; Axis; Nippon; Kotak; UTI
INE261F08EO7,2026-07-15,7.45,HDFC,HDFC; SBI; ICICI Pru; Nippon
INE261F08EO7,2026-07-31,7.43,HDFC,"HDFC (675); SBI (600); ICICI Pru (328); Aditya Birla (2,477); Axis (200); Nippon (881); Kotak (1,041); UTI (225); Tata (250)"
INE261F08EO7,2026-08-15,7.32,SBI,"SBI (602); ICICI Pru (354); Axis (426); Nippon (983); Kotak (1,043); Tata (251)"
INE261F08EP4,2026-06-30,7.175,SBI,SBI; ICICI Pru; Aditya Birla
INE261F08EP4,2026-07-15,7.45,SBI,SBI; ICICI Pru; Nippon
INE261F08EP4,2026-07-31,7.43,SBI,SBI (222); ICICI Pru (49); Aditya Birla (961); Axis (49); Nippon (49); UTI (25)
INE261F08EP4,2026-08-15,7.325,SBI,SBI (222); ICICI Pru (49); Axis (49); Nippon (49)
INE261F08EQ2,2026-06-30,7.16,HDFC,HDFC; SBI; ICICI Pru; Aditya Birla; Axis; Nippon; Kotak; UTI
INE261F08EQ2,2026-07-15,7.43,HDFC,HDFC; SBI; ICICI Pru; Nippon
INE261F08EQ2,2026-07-31,7.43,HDFC,HDFC (25); SBI (49); ICICI Pru (173); Aditya Birla (271); Axis (296); Nippon (123); Kotak (49); UTI (49); Tata (49)
INE261F08EQ2,2026-08-15,7.335,SBI,SBI (148); ICICI Pru (173); Axis (297); Nippon (124); Kotak (49); Tata (49)
INE261F08ER0,2026-06-30,7.16,Aditya Birla,Aditya Birla; Kotak
INE261F08ER0,2026-07-31,7.43,ICICI Pru,ICICI Pru (50); Aditya Birla (249); Kotak (100)
INE261F08ER0,2026-08-15,7.34,ICICI Pru,ICICI Pru (50); Kotak (100)
INE261F08ES8,2026-06-30,7.16,HDFC,HDFC; SBI; ICICI Pru; Aditya Birla; Axis; Nippon
INE261F08ES8,2026-07-15,7.43,HDFC,HDFC; SBI; ICICI Pru; Nippon
INE261F08ES8,2026-07-31,7.43,HDFC,HDFC (25); SBI (40); ICICI Pru (99); Aditya Birla (74); Axis (124); Nippon (25); Tata (74)
INE261F08ES8,2026-08-15,7.335,SBI,SBI (40); ICICI Pru (99); Axis (124); Nippon (25); Tata (74)
INE261F08ET6,2026-06-30,7.16,HDFC,HDFC; ICICI Pru; Aditya Birla; Axis; Kotak
INE261F08ET6,2026-07-15,7.43,HDFC,HDFC; ICICI Pru
INE261F08ET6,2026-07-31,7.43,HDFC,HDFC (50); ICICI Pru (174); Aditya Birla (50); Axis (69); Kotak (74)
INE261F08ET6,2026-08-15,7.34,ICICI Pru,ICICI Pru (174); Axis (70); Kotak (75)
INE261F08EU4,2026-06-30,7.2118,SBI,SBI; ICICI Pru; Aditya Birla; Axis; Nippon; Kotak; UTI
INE261F08EU4,2026-07-15,7.42,HDFC,HDFC; SBI; ICICI Pru; Nippon
INE261F08EU4,2026-07-31,7.38,HDFC,HDFC (100); SBI (621); ICICI Pru (324); Aditya Birla (451); Axis (165); Nippon (95); Kotak (100); UTI (75)
INE261F08EU4,2026-08-15,7.35,SBI,SBI (621); ICICI Pru (325); Axis (165); Nippon (145); Kotak (100)
INE261F08EV2,2026-07-15,7.415,SBI,SBI
INE261F08EV2,2026-07-31,7.43,SBI,"SBI (2,358); ICICI Pru (50); Aditya Birla (87); UTI (37)"
INE261F08EV2,2026-08-15,7.35,SBI,"SBI (2,363); ICICI Pru (50)"
INE261F14PE2,2026-06-30,5.9078,SBI,SBI; Aditya Birla; Nippon
INE261F14PI3,2026-06-30,6.55,HDFC,HDFC; SBI; ICICI Pru; Aditya Birla; Axis
INE261F14PI3,2026-07-15,6.38,ICICI Pru,ICICI Pru
INE261F14PI3,2026-07-31,6.3682,Aditya Birla,Aditya Birla (499)
INE261F14PJ1,2026-06-30,6.5451,Nippon,Nippon
INE261F14PK9,2026-06-30,6.55,Kotak,Kotak
INE261F14PK9,2026-07-31,6.3698,Nippon,Nippon (100); Kotak (399)
INE261F14PK9,2026-08-15,5.7981,Nippon,Nippon (100)
INE261F14PL7,2026-06-30,6.54,ICICI Pru,ICICI Pru
INE261F14PL7,2026-07-15,6.46,ICICI Pru,ICICI Pru
INE261F14PL7,2026-07-31,6.37,ICICI Pru,"ICICI Pru (1,492); Tata (497)"
INE261F14PL7,2026-08-15,6.26,ICICI Pru,"ICICI Pru (1,247); Tata (100)"
INE261F14PM5,2026-06-30,6.47,Kotak,Kotak
INE261F14PM5,2026-07-31,6.43,Kotak,Kotak (497)
INE261F14PM5,2026-08-15,6.2655,Axis,Axis (499)
INE261F14PN3,2026-06-30,6.4701,SBI,SBI; Kotak
INE261F14PN3,2026-07-15,6.6,SBI,SBI
INE261F14PN3,2026-07-31,6.4302,SBI,"SBI (3,057); Kotak (398)"
INE261F14PN3,2026-08-15,6.271,SBI,"SBI (1,570); Axis (997)"
INE261F14PO1,2026-06-30,6.4699,Axis,Axis; Nippon; UTI
INE261F14PO1,2026-07-15,6.6001,Nippon,Nippon
INE261F14PO1,2026-07-31,6.43,HDFC,HDFC (298); Axis (99); Nippon (249); UTI (398)
INE261F14PO1,2026-08-15,6.2692,Axis,Axis (100)
INE261F14PP8,2026-06-30,6.47,ICICI Pru,ICICI Pru; Kotak; UTI
INE261F14PP8,2026-07-15,6.6,ICICI Pru,ICICI Pru
INE261F14PP8,2026-07-31,6.43,ICICI Pru,ICICI Pru (50); Kotak (745); UTI (596)
INE261F14PP8,2026-08-15,6.28,ICICI Pru,ICICI Pru (50); Kotak (149)
INE261F14PQ6,2026-06-30,6.47,HDFC,HDFC; ICICI Pru; Nippon; Kotak
INE261F14PQ6,2026-07-15,6.6,HDFC,HDFC; ICICI Pru; Nippon
INE261F14PQ6,2026-07-31,6.43,HDFC,HDFC (596); ICICI Pru (745); Nippon (497); Kotak (993); Tata (497)
INE261F14PQ6,2026-08-15,6.28,ICICI Pru,ICICI Pru (747); Nippon (498); Kotak (996); Tata (498)
INE261F14PR4,2026-06-30,6.47,HDFC,HDFC; Aditya Birla; Nippon
INE261F14PR4,2026-07-15,6.6,HDFC,HDFC; Nippon
INE261F14PR4,2026-07-31,6.43,HDFC,"HDFC (1,192); Aditya Birla (50); Nippon (745); UTI (50)"
INE261F14PR4,2026-08-15,6.258,Nippon,Nippon (747)
INE261F14PS2,2026-06-30,6.47,SBI,SBI; Aditya Birla
INE261F14PS2,2026-07-15,6.6003,SBI,SBI
INE261F14PS2,2026-07-31,6.4302,SBI,SBI (248); Aditya Birla (99)
INE261F14PT0,2026-06-30,6.44,HDFC,HDFC; SBI; Aditya Birla
INE261F14PT0,2026-07-15,6.6,HDFC,HDFC; SBI
INE261F14PT0,2026-07-31,6.43,HDFC,"HDFC (298); SBI (1,489); Aditya Birla (993)"
INE261F14PT0,2026-08-15,6.25,Tata,Tata (100)
INE261F14PU8,2026-06-30,6.47,Kotak,Kotak; UTI
INE261F14PU8,2026-07-31,6.43,Kotak,"Kotak (347); UTI (198); Tata (1,067)"
INE261F14PU8,2026-08-15,6.26,Kotak,"Kotak (348); Tata (1,069)"
INE261F14PV6,2026-06-30,6.47,HDFC,HDFC
INE261F14PV6,2026-07-15,6.6,HDFC,HDFC
INE261F14PV6,2026-07-31,6.52,HDFC,HDFC (496)
INE261F14PW4,2026-06-30,6.47,HDFC,HDFC
INE261F14PW4,2026-07-15,6.6,HDFC,HDFC
INE261F14PW4,2026-07-31,6.52,HDFC,HDFC (496)
INE261F14PX2,2026-07-15,6.94,HDFC,HDFC; Nippon
INE261F14PX2,2026-07-31,6.81,HDFC,HDFC (148); Aditya Birla (915); Axis (494); Nippon (742); Tata (494)
INE261F14PX2,2026-08-15,6.4301,Axis,Axis (496); Nippon (744); Tata (496)
INE261F14PY0,2026-08-15,6.4901,SBI,"SBI (2,464)"
INE261F14PZ7,2026-08-15,6.49,ICICI Pru,"ICICI Pru (394); Kotak (1,724)"
INE261F14QA8,2026-08-15,6.4901,Nippon,Nippon (492); Tata (492)
INE261F14QB6,2026-08-15,6.49,SBI,SBI (492); Nippon (492)
INE261F16AB5,2026-06-30,6.28,ICICI Pru,ICICI Pru
INE261F16AB5,2026-07-15,6.56,ICICI Pru,ICICI Pru
INE261F16AB5,2026-07-31,6.42,ICICI Pru,ICICI Pru (25)
INE261F16AB5,2026-08-15,6.24,ICICI Pru,ICICI Pru (25); Axis (298)
INE261F16AD1,2026-06-30,6.89,HDFC,HDFC; ICICI Pru; Aditya Birla; Axis; Nippon; Kotak; UTI
INE261F16AD1,2026-07-15,7.25,HDFC,HDFC; ICICI Pru; Nippon
INE261F16AD1,2026-07-31,7.0,HDFC,HDFC (727); ICICI Pru (436); Aditya Birla (19); Axis (291); Nippon (218); Kotak (533); UTI (194)
INE261F16AD1,2026-08-15,6.79,ICICI Pru,ICICI Pru (438); Axis (243); Nippon (122); Kotak (535)
INE261F16AE9,2026-06-30,6.89,ICICI Pru,ICICI Pru; UTI
INE261F16AE9,2026-07-15,7.25,ICICI Pru,ICICI Pru
INE261F16AE9,2026-07-31,7.0,ICICI Pru,ICICI Pru (290); UTI (290)
INE261F16AE9,2026-08-15,6.79,ICICI Pru,ICICI Pru (292)
INE261F16AF6,2026-06-30,6.89,HDFC,HDFC; ICICI Pru; Aditya Birla; Axis; Nippon; Kotak; UTI
INE261F16AF6,2026-07-15,7.25,HDFC,HDFC; ICICI Pru; Nippon
INE261F16AF6,2026-07-31,7.0,HDFC,HDFC (198); ICICI Pru (919); Aditya Birla (73); Axis (261); Nippon (145); UTI (532)
INE261F16AF6,2026-08-15,6.79,ICICI Pru,ICICI Pru (826); Axis (262); Nippon (146)
INE261F16AG4,2026-06-30,6.89,HDFC,HDFC; ICICI Pru; Aditya Birla; Axis; Nippon; Kotak
INE261F16AG4,2026-07-15,7.25,HDFC,HDFC; ICICI Pru; Nippon
INE261F16AG4,2026-07-31,7.0,HDFC,"HDFC (749); ICICI Pru (290); Aditya Birla (73); Axis (121); Nippon (290); Kotak (483); Tata (1,039)"
INE261F16AG4,2026-08-15,6.79,ICICI Pru,"ICICI Pru (291); Axis (121); Nippon (291); Kotak (485); Tata (1,043)"
INE261F16AH2,2026-06-30,6.87,ICICI Pru,ICICI Pru; Aditya Birla; Axis; Nippon; Kotak; UTI
INE261F16AH2,2026-07-15,7.25,ICICI Pru,ICICI Pru; Nippon
INE261F16AH2,2026-07-31,7.0,ICICI Pru,"ICICI Pru (193); Aditya Birla (97); Axis (469); Nippon (77); Kotak (1,039); UTI (532); Tata (677)"
INE261F16AH2,2026-08-15,6.79,ICICI Pru,"ICICI Pru (194); Axis (471); Nippon (78); Kotak (1,043); Tata (679)"
INE261F16AI0,2026-06-30,6.89,ICICI Pru,ICICI Pru; Aditya Birla; UTI
INE261F16AI0,2026-07-15,7.25,ICICI Pru,ICICI Pru
INE261F16AI0,2026-07-31,7.05,ICICI Pru,ICICI Pru (338); Aditya Birla (290); UTI (48)
INE261F16AI0,2026-08-15,6.79,ICICI Pru,ICICI Pru (339)
INE261F16AJ8,2026-06-30,6.89,HDFC,HDFC; ICICI Pru; Axis; Nippon; Kotak
INE261F16AJ8,2026-07-15,7.25,HDFC,HDFC; ICICI Pru; Nippon
INE261F16AJ8,2026-07-31,7.05,HDFC,HDFC (483); ICICI Pru (241); Aditya Birla (24); Nippon (362); Kotak (386)
INE261F16AJ8,2026-08-15,6.79,ICICI Pru,ICICI Pru (242); Kotak (388)
INE261F16AK6,2026-06-30,6.89,ICICI Pru,ICICI Pru; Aditya Birla; Axis; Nippon; Kotak; UTI
INE261F16AK6,2026-07-15,7.25,ICICI Pru,ICICI Pru; Nippon
INE261F16AK6,2026-07-31,7.05,ICICI Pru,ICICI Pru (578); Aditya Birla (602); Axis (337); Nippon (385); Kotak (722); UTI (193)
INE261F16AK6,2026-08-15,6.79,ICICI Pru,ICICI Pru (580); Axis (338); Nippon (483); Kotak (725)
INE261F16AL4,2026-06-30,6.885,Nippon,Nippon; UTI
INE261F16AL4,2026-07-15,7.25,Nippon,Nippon
INE261F16AL4,2026-07-31,7.05,Nippon,Nippon (96); UTI (192)
INE261F16AL4,2026-08-15,6.7949,Nippon,Nippon (97)
INE261F16AM2,2026-06-30,6.885,SBI,SBI; Aditya Birla; Nippon; Kotak; UTI
INE261F16AM2,2026-07-15,7.2499,SBI,SBI; Nippon
INE261F16AM2,2026-07-31,7.0499,SBI,"SBI (1,177); Aditya Birla (384); Axis (96); Nippon (240); Kotak (480); UTI (48); Tata (240)"
INE261F16AM2,2026-08-15,6.805,SBI,"SBI (1,133); Axis (96); Nippon (241); Kotak (482); Tata (241)"
INE261F16AO8,2026-06-30,6.89,HDFC,HDFC; SBI; ICICI Pru; Aditya Birla; Axis; Nippon; Kotak; UTI
INE261F16AO8,2026-07-15,7.25,HDFC,HDFC; SBI; ICICI Pru; Nippon
INE261F16AO8,2026-07-31,7.05,HDFC,HDFC (144); SBI (499); ICICI Pru (192); Aditya Birla (96); Axis (456); Nippon (456); Kotak (96); UTI (24)
INE261F16AO8,2026-08-15,6.805,SBI,SBI (501); ICICI Pru (193); Axis (457); Nippon (554); Kotak (96)
INE261F16AP5,2026-06-30,6.9,HDFC,HDFC; SBI; Aditya Birla; Axis; Nippon; Kotak; UTI
INE261F16AP5,2026-07-15,7.25,HDFC,HDFC; SBI; ICICI Pru; Nippon
INE261F16AP5,2026-07-31,7.05,HDFC,HDFC (48); SBI (24); ICICI Pru (335); Axis (24); Nippon (72); Kotak (263); UTI (72); Tata (120)
INE261F16AP5,2026-08-15,6.8051,SBI,SBI (24); ICICI Pru (721); Axis (24); Nippon (120); Kotak (264)
INE261F16AQ3,2026-06-30,6.89,HDFC,HDFC; SBI; Aditya Birla; Nippon; Kotak; UTI
INE261F16AQ3,2026-07-15,7.25,HDFC,HDFC; SBI; ICICI Pru; Nippon
INE261F16AQ3,2026-07-31,7.05,HDFC,HDFC (340); SBI (962); ICICI Pru (72); Aditya Birla (780); Nippon (239); Kotak (96); UTI (96); Tata (192)
INE261F16AQ3,2026-08-15,6.805,SBI,SBI (966); ICICI Pru (72); Nippon (601); Kotak (96); Tata (192)
INE263M07109,2026-06-30,10.33,ICICI Pru,ICICI Pru; Axis
INE263M07109,2026-07-15,10.27,ICICI Pru,ICICI Pru
INE263M07109,2026-07-31,10.11,ICICI Pru,ICICI Pru (241); Axis (42)
INE263M07109,2026-08-15,10.01,ICICI Pru,ICICI Pru (208); Axis (36)
INE267A08038,2026-06-30,7.2599,Aditya Birla,Aditya Birla; Kotak
INE267A08038,2026-07-31,7.3434,Aditya Birla,Aditya Birla (25); Kotak (50)
INE267A08038,2026-08-15,7.09,Kotak,Kotak (50)
INE267A08046,2026-06-30,7.4,Kotak,Kotak
INE267A08046,2026-07-31,7.57,Kotak,Kotak (150)
INE267A08046,2026-08-15,7.44,Kotak,Kotak (151)
INE280A14567,2026-06-30,6.4498,Axis,Axis; Kotak
INE280A14567,2026-07-31,6.5496,Axis,Axis (497); Kotak (124)
INE280A14567,2026-08-15,6.3643,Axis,Axis (498); Kotak (125)
INE280A14575,2026-06-30,6.45,Kotak,Kotak
INE280A14575,2026-07-31,6.55,Kotak,Kotak (372)
INE280A14575,2026-08-15,6.37,Kotak,Kotak (373)
INE280A14591,2026-07-31,6.9302,Axis,Axis (739)
INE280A14591,2026-08-15,6.4249,Axis,Axis (742)
INE280A14609,2026-08-15,6.5002,SBI,SBI (986)
INE282H07018,2026-06-30,7.62,HDFC,HDFC; ICICI Pru; Aditya Birla; Nippon; Kotak; UTI
INE282H07018,2026-07-15,7.75,HDFC,HDFC; ICICI Pru; Nippon
INE282H07018,2026-07-31,7.95,HDFC,HDFC (49); ICICI Pru (173); Aditya Birla (25); Nippon (99); Kotak (99); UTI (25)
INE282H07018,2026-08-15,7.8,ICICI Pru,ICICI Pru (173); Nippon (99); Kotak (99)
INE282H07026,2026-06-30,7.6724,Aditya Birla,Aditya Birla; Nippon; UTI
INE282H07026,2026-07-15,7.7949,Nippon,Nippon
INE282H07026,2026-07-31,7.955,Aditya Birla,Aditya Birla (25); Nippon (123); UTI (99)
INE282H07026,2026-08-15,7.8,Nippon,Nippon (124); Tata (99)
INE282H07034,2026-06-30,7.6125,Aditya Birla,Aditya Birla
INE282H07034,2026-07-31,7.915,Aditya Birla,Aditya Birla (99)
INE282H07067,2026-06-30,7.85,HDFC,HDFC; Nippon
INE282H07067,2026-07-15,7.8099,Nippon,Nippon
INE282H07067,2026-07-31,8.07,Nippon,Nippon (251)
INE282H07067,2026-08-15,8.02,Nippon,Nippon (251)
INE282H07075,2026-07-15,7.7699,SBI,SBI
INE282H07075,2026-07-31,7.9949,SBI,SBI (249); Aditya Birla (298)
INE282H07075,2026-08-15,7.9,SBI,SBI (249)
INE282H14097,2026-06-30,7.2,SBI,SBI
INE282H14097,2026-07-15,7.43,SBI,SBI
INE282H14097,2026-07-31,7.32,SBI,SBI (956)
INE282H14097,2026-08-15,7.0801,SBI,SBI (960)
INE282H14105,2026-06-30,7.2,SBI,SBI
INE282H14105,2026-07-15,7.43,SBI,SBI
INE282H14105,2026-07-31,7.32,SBI,SBI (479)
INE282H14105,2026-08-15,7.0801,SBI,SBI (481)
INE282H14121,2026-06-30,6.7699,SBI,SBI; Aditya Birla; Kotak
INE282H14121,2026-07-15,6.905,SBI,SBI
INE282H14121,2026-07-31,6.8049,SBI,SBI (545); Aditya Birla (248); Kotak (198)
INE282H14121,2026-08-15,6.6154,SBI,SBI (547); Kotak (199)
INE282H14154,2026-08-15,6.9,ICICI Pru,ICICI Pru (98); Axis (492)
INE285J07058,2026-06-30,8.86,ICICI Pru,ICICI Pru; Aditya Birla
INE285J07058,2026-07-15,9.14,ICICI Pru,ICICI Pru
INE285J07058,2026-07-31,8.95,ICICI Pru,ICICI Pru (162); Aditya Birla (87)
INE285J07058,2026-08-15,8.69,ICICI Pru,ICICI Pru (163)
INE289B07115,2026-07-31,7.73,Tata,Tata (50)
INE289B07115,2026-08-15,7.34,Tata,Tata (50)
INE289B07123,2026-06-30,7.69,UTI,UTI
INE289B07123,2026-07-31,8.2,UTI,UTI (50)
INE289B07131,2026-06-30,7.5248,Aditya Birla,Aditya Birla
INE289B07131,2026-07-31,7.8393,Aditya Birla,Aditya Birla (75)
INE289B07149,2026-07-31,8.2,Tata,Tata (84)
INE289B07149,2026-08-15,8.18,Tata,Tata (84)
INE289B14JW7,2026-06-30,7.45,UTI,UTI
INE289B14JW7,2026-07-31,7.44,UTI,UTI (144)
INE289B14JZ0,2026-06-30,6.68,Kotak,Kotak
INE289B14JZ0,2026-07-31,6.43,Kotak,Kotak (100)
INE289B14KA1,2026-06-30,6.6773,Aditya Birla,Aditya Birla
INE289B14KA1,2026-07-31,6.788,Aditya Birla,Aditya Birla (149)
INE289B14KB9,2026-06-30,6.68,Kotak,Kotak
INE289B14KB9,2026-07-31,6.79,Kotak,Kotak (99)
INE289B14KB9,2026-08-15,6.67,Kotak,Kotak (100)
INE289B14KC7,2026-06-30,6.5875,Aditya Birla,Aditya Birla; Kotak
INE289B14KC7,2026-07-31,6.9311,Aditya Birla,Aditya Birla (74); Kotak (74)
INE289B14KC7,2026-08-15,6.74,Kotak,Kotak (75)
INE289B14KD5,2026-07-31,7.44,Tata,Tata (145)
INE289B14KD5,2026-08-15,7.24,Tata,Tata (145)
INE289B14KE3,2026-07-31,7.44,UTI,UTI (96)
INE289B14KF0,2026-07-31,6.9911,Nippon,Nippon (74)
INE289B14KF0,2026-08-15,6.766,Nippon,Nippon (75)
INE292A07046,2026-06-30,9.72,HDFC,HDFC
INE292A07046,2026-07-15,9.9,HDFC,HDFC
INE292A07046,2026-07-31,9.88,HDFC,HDFC (250)
INE295J08022,2026-06-30,7.74,HDFC,HDFC
INE295J08022,2026-07-15,7.7,HDFC,HDFC
INE295J08022,2026-07-31,7.55,HDFC,HDFC (170)
INE296A07RS9,2026-06-30,7.8,HDFC,HDFC; Axis
INE296A07RS9,2026-07-15,7.88,HDFC,HDFC
INE296A07RS9,2026-07-31,7.89,HDFC,HDFC (24); Axis (24)
INE296A07RS9,2026-08-15,7.91,Axis,Axis (24)
INE296A07RZ4,2026-06-30,7.6,Axis,Axis
INE296A07RZ4,2026-07-31,7.6549,Axis,Axis (50)
INE296A07RZ4,2026-08-15,7.5,Axis,Axis (50)
INE296A07SC1,2026-06-30,7.61,UTI,UTI
INE296A07SC1,2026-07-31,7.7,UTI,UTI (25)
INE296A07SI8,2026-06-30,7.6005,Axis,Axis
INE296A07SI8,2026-07-31,7.75,Axis,Axis (80)
INE296A07SI8,2026-08-15,7.7,Axis,Axis (80)
INE296A07SO6,2026-06-30,7.61,Axis,Axis
INE296A07SO6,2026-07-31,7.7599,Axis,Axis (39)
INE296A07SO6,2026-08-15,7.72,Axis,Axis (39)
INE296A07SP3,2026-06-30,7.83,Aditya Birla,Aditya Birla
INE296A07SP3,2026-07-31,7.895,Aditya Birla,Aditya Birla (5)
INE296A07SU3,2026-06-30,7.83,Aditya Birla,Aditya Birla; Axis
INE296A07SU3,2026-07-31,7.895,Aditya Birla,Aditya Birla (87); Axis (5)
INE296A07SU3,2026-08-15,7.935,Axis,Axis (5)
INE296A07SV1,2026-06-30,7.625,SBI,SBI; Aditya Birla; Axis; Kotak
INE296A07SV1,2026-07-15,7.7375,SBI,SBI
INE296A07SV1,2026-07-31,7.865,SBI,SBI (972); Axis (20); Kotak (773)
INE296A07SV1,2026-08-15,7.7193,SBI,"SBI (1,249); Axis (20); Kotak (774)"
INE296A07SW9,2026-06-30,7.83,HDFC,HDFC
INE296A07SW9,2026-07-15,7.91,HDFC,HDFC
INE296A07SW9,2026-07-31,7.9,HDFC,HDFC (25)
INE296A07SX7,2026-06-30,7.58,HDFC,HDFC; Axis; Nippon
INE296A07SX7,2026-07-15,7.7,HDFC,HDFC; Nippon
INE296A07SX7,2026-07-31,7.66,HDFC,HDFC (150); Axis (30)
INE296A07SX7,2026-08-15,7.5,Axis,Axis (85)
INE296A07SY5,2026-06-30,7.83,Aditya Birla,Aditya Birla
INE296A07SY5,2026-07-31,7.895,Aditya Birla,Aditya Birla (240)
INE296A07SZ2,2026-06-30,7.69,Axis,Axis
INE296A07SZ2,2026-07-15,7.87,ICICI Pru,ICICI Pru
INE296A07SZ2,2026-07-31,7.84,ICICI Pru,ICICI Pru (75); Axis (22)
INE296A07SZ2,2026-08-15,7.79,ICICI Pru,ICICI Pru (75); Axis (22)
INE296A07TB1,2026-06-30,6.9,HDFC,HDFC; Aditya Birla
INE296A07TC9,2026-06-30,7.61,HDFC,HDFC; Aditya Birla; Axis; Nippon; Kotak; UTI
INE296A07TC9,2026-07-15,7.7,HDFC,HDFC; Nippon
INE296A07TC9,2026-07-31,7.7,HDFC,HDFC (100); Aditya Birla (31); Axis (9); Nippon (5); Kotak (447); UTI (50)
INE296A07TC9,2026-08-15,7.62,Axis,Axis (9); Nippon (5); Kotak (447)
INE296A07TD7,2026-06-30,7.69,Nippon,Nippon
INE296A07TD7,2026-07-15,7.875,Nippon,Nippon
INE296A07TD7,2026-07-31,7.84,Nippon,Nippon (35)
INE296A07TD7,2026-08-15,7.79,Nippon,Nippon (35)
INE296A07TE5,2026-06-30,7.83,HDFC,HDFC
INE296A07TF2,2026-06-30,7.61,Axis,Axis; Kotak
INE296A07TF2,2026-07-31,7.71,Axis,Axis (40); Kotak (200)
INE296A07TF2,2026-08-15,7.6399,Axis,Axis (40); Kotak (200)
INE296A07TG0,2026-06-30,7.39,HDFC,HDFC; ICICI Pru; Nippon
INE296A07TG0,2026-07-15,7.58,HDFC,HDFC; ICICI Pru; Nippon
INE296A07TG0,2026-07-31,7.55,HDFC,HDFC (150); ICICI Pru (125); Nippon (10)
INE296A07TG0,2026-08-15,7.24,ICICI Pru,ICICI Pru (125); Nippon (60)
INE296A07TH8,2026-06-30,7.83,HDFC,HDFC; Aditya Birla
INE296A07TH8,2026-07-15,7.91,HDFC,HDFC
INE296A07TH8,2026-07-31,7.88,HDFC,HDFC (29); Aditya Birla (88)
INE296A07TI6,2026-06-30,7.75,HDFC,HDFC
INE296A07TI6,2026-07-15,7.88,HDFC,HDFC
INE296A07TI6,2026-07-31,7.85,HDFC,HDFC (64)
INE296A07TJ4,2026-06-30,7.6,HDFC,HDFC; ICICI Pru; Aditya Birla; Axis; UTI
INE296A07TJ4,2026-07-15,7.82,HDFC,HDFC; ICICI Pru
INE296A07TJ4,2026-07-31,7.75,HDFC,HDFC (248); ICICI Pru (65); Aditya Birla (50); Axis (144); Kotak (99); UTI (224)
INE296A07TJ4,2026-08-15,7.7,ICICI Pru,ICICI Pru (65); Axis (144); Kotak (99); Tata (50)
INE296A07TK2,2026-06-30,7.6,HDFC,HDFC; Axis
INE296A07TK2,2026-07-15,7.7,HDFC,HDFC
INE296A07TK2,2026-07-31,7.66,HDFC,HDFC (10); Axis (184)
INE296A07TK2,2026-08-15,7.5,Axis,Axis (184)
INE296A07TL0,2026-06-30,7.745,Aditya Birla,Aditya Birla; Kotak; UTI
INE296A07TL0,2026-07-31,7.85,Aditya Birla,Aditya Birla (79); Kotak (123); UTI (121)
INE296A07TL0,2026-08-15,7.86,Kotak,Kotak (123)
INE296A07TM8,2026-06-30,7.61,UTI,UTI
INE296A07TM8,2026-07-31,7.76,UTI,UTI (124)
INE296A07TN6,2026-06-30,7.61,Aditya Birla,Aditya Birla; Kotak
INE296A07TN6,2026-07-31,7.76,Aditya Birla,Aditya Birla (74); Axis (148); Kotak (99)
INE296A07TN6,2026-08-15,7.72,Axis,Axis (148); Kotak (99)
INE296A07TT3,2026-06-30,7.61,ICICI Pru,ICICI Pru; UTI
INE296A07TT3,2026-07-15,7.74,ICICI Pru,ICICI Pru
INE296A07TT3,2026-07-31,7.75,ICICI Pru,ICICI Pru (99); UTI (50)
INE296A07TT3,2026-08-15,7.7,ICICI Pru,ICICI Pru (99)
INE296A07TV9,2026-06-30,7.685,Axis,Axis
INE296A07TV9,2026-07-31,7.83,Aditya Birla,Aditya Birla (94); Axis (79)
INE296A07TV9,2026-08-15,7.765,Axis,Axis (79)
INE296A07TW7,2026-06-30,7.69,Nippon,Nippon
INE296A07TW7,2026-07-15,7.865,Nippon,Nippon
INE296A07TW7,2026-07-31,7.84,Nippon,Nippon (125); Tata (25)
INE296A07TW7,2026-08-15,7.785,Nippon,Nippon (125); Tata (25)
INE296A07TX5,2026-06-30,7.7252,Nippon,Nippon; UTI
INE296A07TX5,2026-07-15,7.875,Nippon,Nippon
INE296A07TX5,2026-07-31,7.89,Nippon,Nippon (100); UTI (50)
INE296A07TX5,2026-08-15,7.91,Nippon,Nippon (100); Tata (25)
INE296A07UA1,2026-06-30,7.8729,Axis,Axis
INE296A07UA1,2026-07-15,7.875,SBI,SBI
INE296A07UA1,2026-07-31,7.89,SBI,SBI (450); Axis (62)
INE296A07UA1,2026-08-15,7.91,SBI,SBI (450); Axis (62)
INE296A07UB9,2026-07-15,7.88,ICICI Pru,ICICI Pru
INE296A07UB9,2026-07-31,7.84,ICICI Pru,ICICI Pru (796)
INE296A07UB9,2026-08-15,7.79,ICICI Pru,ICICI Pru (797)
INE296A07UC7,2026-07-15,7.88,SBI,SBI; Nippon
INE296A07UC7,2026-07-31,7.875,SBI,SBI (10); Nippon (50)
INE296A07UC7,2026-08-15,7.975,SBI,SBI (10); Nippon (197)
INE296A14D13,2026-06-30,7.15,HDFC,HDFC; SBI; ICICI Pru; Aditya Birla; UTI
INE296A14D13,2026-07-15,7.3299,SBI,SBI; ICICI Pru
INE296A14D13,2026-07-31,7.2,SBI,SBI (25); ICICI Pru (49); Aditya Birla (49); Tata (74)
INE296A14D13,2026-08-15,6.7348,SBI,SBI (517); ICICI Pru (74)
INE296A14D21,2026-06-30,7.1251,Nippon,Nippon
INE296A14D21,2026-07-15,7.3299,Nippon,Nippon
INE296A14D21,2026-07-31,7.2,Tata,Tata (49)
INE296A14D21,2026-08-15,6.73,Tata,Tata (49)
INE296A14F03,2026-06-30,7.19,HDFC,HDFC
INE296A14F03,2026-07-15,7.41,HDFC,HDFC
INE296A14F03,2026-07-31,7.28,HDFC,HDFC (627)
INE296A14F11,2026-06-30,7.185,Aditya Birla,Aditya Birla
INE296A14F11,2026-07-31,7.2799,Aditya Birla,Aditya Birla (241)
INE296A14F78,2026-06-30,7.0096,SBI,SBI
INE296A14F86,2026-06-30,7.007,SBI,SBI; ICICI Pru
INE296A14G28,2026-06-30,7.1849,SBI,SBI
INE296A14G28,2026-07-15,7.41,SBI,SBI
INE296A14G28,2026-07-31,7.28,SBI,SBI (24)
INE296A14G28,2026-08-15,7.055,SBI,SBI (24)
INE296A14G44,2026-07-31,6.2732,Aditya Birla,Aditya Birla (5)
INE296A14G85,2026-06-30,6.71,Kotak,Kotak
INE296A14G85,2026-07-31,6.43,Kotak,Kotak (5)
INE296A14G93,2026-06-30,6.7145,Nippon,Nippon
INE296A14G93,2026-07-15,6.7999,Nippon,Nippon
INE296A14G93,2026-07-31,6.4248,Nippon,Nippon (50)
INE296A14H01,2026-06-30,6.71,ICICI Pru,ICICI Pru; Aditya Birla; UTI
INE296A14H01,2026-07-15,6.8,ICICI Pru,ICICI Pru
INE296A14H01,2026-07-31,6.43,ICICI Pru,ICICI Pru (170); Aditya Birla (200)
INE296A14H19,2026-06-30,6.72,HDFC,HDFC; ICICI Pru; Axis
INE296A14H19,2026-07-15,6.8,HDFC,HDFC; ICICI Pru
INE296A14H19,2026-07-31,6.43,HDFC,HDFC (374); ICICI Pru (175); Axis (150); Tata (249)
INE296A14H35,2026-06-30,6.71,ICICI Pru,ICICI Pru
INE296A14H35,2026-07-15,6.82,ICICI Pru,ICICI Pru
INE296A14H35,2026-07-31,6.73,ICICI Pru,ICICI Pru (174)
INE296A14H35,2026-08-15,6.55,ICICI Pru,ICICI Pru (174)
INE296A14H50,2026-06-30,6.71,ICICI Pru,ICICI Pru; UTI
INE296A14H50,2026-07-15,6.82,ICICI Pru,ICICI Pru
INE296A14H50,2026-07-31,6.73,ICICI Pru,ICICI Pru (199); UTI (249)
INE296A14H50,2026-08-15,6.55,ICICI Pru,ICICI Pru (199)
INE296A14H68,2026-06-30,6.72,HDFC,HDFC
INE296A14H68,2026-07-15,6.82,HDFC,HDFC
INE296A14H68,2026-07-31,6.73,HDFC,HDFC (497)
INE296A14H84,2026-06-30,6.7143,Axis,Axis
INE296A14H84,2026-07-31,6.725,Axis,Axis (496)
INE296A14H84,2026-08-15,6.55,Axis,Axis (498)
INE296A14I00,2026-06-30,6.7142,SBI,SBI
INE296A14I00,2026-07-15,6.82,SBI,SBI
INE296A14I00,2026-07-31,6.7751,SBI,SBI (991)
INE296A14I59,2026-07-31,6.7752,Aditya Birla,Aditya Birla (59); Axis (500)
INE296A14I59,2026-08-15,6.5603,Axis,Axis (501)
INE296G07226,2026-06-30,9.54,HDFC,HDFC
INE296G07226,2026-07-15,9.74,HDFC,HDFC
INE296G07226,2026-07-31,9.61,HDFC,HDFC (27)
INE29DX15014,2026-06-30,9.5,Axis,Axis
INE29DX15014,2026-07-31,9.59,Axis,Axis (5)
INE29DX15014,2026-08-15,9.315,Axis,Axis (5)
INE2DNY15013,2026-06-30,10.04,HDFC,HDFC
INE2DNY15013,2026-07-15,10.23,HDFC,HDFC
INE2DNY15013,2026-07-31,10.15,HDFC,HDFC (42)
INE2DNY15021,2026-06-30,10.25,HDFC,HDFC
INE2DNY15021,2026-07-15,10.36,HDFC,HDFC
INE2DNY15021,2026-07-31,10.36,HDFC,HDFC (28)
INE2I4607011,2026-07-31,10.9183,Nippon,Nippon (105)
INE2I4607011,2026-08-15,10.6947,Nippon,Nippon (121)
INE2I4608019,2026-06-30,10.9102,Nippon,Nippon
INE2I4608019,2026-07-15,11.0501,Nippon,Nippon
INE2I7F15012,2026-06-30,7.55,HDFC,HDFC; SBI; ICICI Pru; Aditya Birla; Axis; Nippon; Kotak; UTI
INE2I7F15012,2026-07-15,7.68,HDFC,HDFC; SBI; ICICI Pru; Nippon
INE2I7F15012,2026-07-31,7.7,HDFC,"HDFC (1,074); SBI (1,395); ICICI Pru (2,079); Aditya Birla (373); Axis (619); Nippon (570); Kotak (580); UTI (270); Tata (98)"
INE2I7F15012,2026-08-15,7.63,SBI,"SBI (1,398); ICICI Pru (2,089); Axis (620); Nippon (571); Kotak (581); Tata (98)"
INE2I7G15010,2026-06-30,7.55,HDFC,HDFC; SBI; ICICI Pru; Aditya Birla; Axis; Nippon; Kotak; UTI
INE2I7G15010,2026-07-15,7.73,HDFC,HDFC; SBI; ICICI Pru; Nippon
INE2I7G15010,2026-07-31,7.74,HDFC,"HDFC (1,373); SBI (1,524); ICICI Pru (1,944); Aditya Birla (542); Axis (444); Nippon (664); Kotak (576); UTI (122); Tata (5)"
INE2I7G15010,2026-08-15,7.63,SBI,"SBI (1,528); ICICI Pru (1,955); Axis (446); Nippon (666); Kotak (578); Tata (5)"
INE2I7H15018,2026-06-30,7.45,HDFC,HDFC; SBI; ICICI Pru; Aditya Birla; Axis; Nippon; Kotak; UTI
INE2I7H15018,2026-07-15,7.76,HDFC,HDFC; SBI; ICICI Pru; Nippon
INE2I7H15018,2026-07-31,7.7,HDFC,"HDFC (687); SBI (1,446); ICICI Pru (1,128); Aditya Birla (346); Axis (258); Nippon (316); Kotak (409); UTI (78)"
INE2I7H15018,2026-08-15,7.605,SBI,"SBI (1,448); ICICI Pru (1,133); Axis (258); Nippon (317); Kotak (410)"
INE2JYU15015,2026-06-30,9.615,Axis,Axis; Kotak
INE2JYU15015,2026-07-31,9.765,Axis,Axis (72); Kotak (106)
INE2JYU15015,2026-08-15,9.62,Axis,Axis (72); Kotak (106)
INE2KK515010,2026-06-30,10.01,HDFC,HDFC
INE2KK515010,2026-07-15,10.2,HDFC,HDFC
INE2KK515010,2026-07-31,10.12,HDFC,HDFC (28)
INE2QEZ15011,2026-06-30,9.6403,Nippon,Nippon
INE2QEZ15011,2026-07-15,9.7303,Nippon,Nippon
INE2QEZ15011,2026-07-31,9.7253,Nippon,Nippon (40)
INE2QEZ15011,2026-08-15,9.6103,Nippon,Nippon (33)
INE2QI808033,2026-06-30,8.605,SBI,SBI; Axis; Nippon
INE2QI808033,2026-07-15,8.7751,SBI,SBI; Nippon
INE2QI808033,2026-07-31,8.71,SBI,"SBI (1,460); Axis (57); Nippon (52); Tata (41)"
INE2QI808033,2026-08-15,8.61,SBI,"SBI (1,469); Axis (57); Nippon (52); Tata (42)"
INE2R5L15013,2026-06-30,9.605,Nippon,Nippon
INE2R5L15013,2026-07-15,9.715,Nippon,Nippon
INE2R5L15013,2026-07-31,9.745,Nippon,Nippon (218); Tata (328)
INE2R5L15013,2026-08-15,9.675,Nippon,Nippon (219); Tata (328)
INE2S0K15015,2026-06-30,10.09,HDFC,HDFC
INE2S0K15015,2026-07-15,10.18,HDFC,HDFC
INE2S0K15015,2026-07-31,10.19,HDFC,HDFC (48)
INE2S0K15023,2026-06-30,10.14,HDFC,HDFC
INE2S0K15023,2026-07-15,10.27,HDFC,HDFC
INE2S0K15023,2026-07-31,10.33,HDFC,HDFC (18)
INE2VV415017,2026-06-30,10.2478,Nippon,Nippon
INE2VV415017,2026-07-15,10.3579,Nippon,Nippon
INE2VV415017,2026-07-31,10.3478,Nippon,Nippon (91)
INE2VV415017,2026-08-15,10.2778,Nippon,Nippon (91)
INE2XU215010,2026-07-15,9.9503,Nippon,Nippon
INE2XU215010,2026-07-31,9.9253,Nippon,Nippon (145)
INE2XU215010,2026-08-15,10.035,Nippon,Nippon (145)
INE306N07LO1,2026-06-30,7.75,HDFC,HDFC; Aditya Birla
INE306N07LO1,2026-07-15,7.91,HDFC,HDFC
INE306N07LO1,2026-07-31,7.86,HDFC,HDFC (1); Aditya Birla (183)
INE306N07MX0,2026-06-30,7.6,Kotak,Kotak
INE306N07MX0,2026-07-31,7.65,Kotak,Kotak (200)
INE306N07MX0,2026-08-15,7.49,Kotak,Kotak (201)
INE306N07NA6,2026-06-30,7.6381,Nippon,Nippon; Kotak
INE306N07NA6,2026-07-15,7.7188,Nippon,Nippon
INE306N07NA6,2026-07-31,7.67,Nippon,Nippon (5); Kotak (15)
INE306N07NA6,2026-08-15,7.575,Nippon,Nippon (5); Kotak (15)
INE306N07ND0,2026-06-30,7.59,HDFC,HDFC; Nippon
INE306N07ND0,2026-07-15,7.74,HDFC,HDFC; Nippon
INE306N07ND0,2026-07-31,7.68,HDFC,HDFC (50); Nippon (35)
INE306N07ND0,2026-08-15,7.62,Nippon,Nippon (35)
INE306N07NI9,2026-06-30,7.66,ICICI Pru,ICICI Pru; Aditya Birla; Kotak
INE306N07NI9,2026-07-15,7.78,ICICI Pru,ICICI Pru
INE306N07NI9,2026-07-31,7.7,ICICI Pru,"ICICI Pru (1,051); Aditya Birla (85); Kotak (110)"
INE306N07NI9,2026-08-15,7.68,ICICI Pru,"ICICI Pru (1,052); Kotak (110)"
INE306N07NN9,2026-06-30,7.7764,Aditya Birla,Aditya Birla
INE306N07NN9,2026-07-31,7.9666,Aditya Birla,Aditya Birla (5)
INE306N07NO7,2026-06-30,7.34,SBI,SBI; Nippon; Kotak
INE306N07NO7,2026-07-15,7.47,SBI,SBI; Nippon
INE306N07NO7,2026-07-31,7.51,SBI,SBI (25); Nippon (1); Kotak (27)
INE306N07NO7,2026-08-15,7.19,SBI,SBI (25); Nippon (1); Kotak (27)
INE306N07NP4,2026-06-30,7.6563,Aditya Birla,Aditya Birla; Kotak
INE306N07NP4,2026-07-31,7.7175,Aditya Birla,Aditya Birla (286); Kotak (100)
INE306N07NP4,2026-08-15,7.77,Kotak,Kotak (100)
INE306N07NS8,2026-08-15,7.25,Nippon,Nippon (10)
INE310L07993,2026-06-30,7.96,Kotak,Kotak
INE310L07993,2026-07-31,8.11,Kotak,Kotak (0)
INE310L07993,2026-08-15,7.99,Kotak,Kotak (0)
INE310L07AB7,2026-06-30,7.95,Kotak,Kotak
INE310L07AB7,2026-07-31,8.12,Kotak,Kotak (0)
INE310L07AB7,2026-08-15,8.01,Kotak,Kotak (0)
INE310L07AC5,2026-06-30,7.95,Kotak,Kotak
INE310L07AC5,2026-07-31,8.12,Kotak,Kotak (0)
INE310L07AC5,2026-08-15,8.01,Kotak,Kotak (0)
INE316Z08014,2026-06-30,8.0121,SBI,SBI; ICICI Pru; Axis; Kotak; UTI
INE316Z08014,2026-07-15,8.2621,SBI,SBI; ICICI Pru
INE316Z08014,2026-07-31,8.2322,SBI,SBI (327); ICICI Pru (64); Axis (20); Kotak (74); UTI (5)
INE316Z08014,2026-08-15,8.1322,SBI,SBI (342); ICICI Pru (50); Axis (32); Kotak (62)
INE316Z08022,2026-06-30,8.03,SBI,SBI; ICICI Pru; Axis; Kotak; UTI
INE316Z08022,2026-07-15,8.265,SBI,SBI; ICICI Pru
INE316Z08022,2026-07-31,8.215,SBI,SBI (273); ICICI Pru (65); Axis (20); Kotak (119); UTI (20)
INE316Z08022,2026-08-15,8.13,SBI,SBI (288); ICICI Pru (50); Axis (20); Kotak (119)
INE316Z08030,2026-06-30,8.015,SBI,SBI; ICICI Pru; Axis; Kotak
INE316Z08030,2026-07-15,8.26,SBI,SBI; ICICI Pru
INE316Z08030,2026-07-31,8.23,SBI,SBI (272); ICICI Pru (64); Axis (20); Kotak (124)
INE316Z08030,2026-08-15,8.13,SBI,SBI (288); ICICI Pru (50); Axis (7); Kotak (136)
INE316Z08048,2026-06-30,8.02,SBI,SBI; ICICI Pru; Axis; Kotak; UTI
INE316Z08048,2026-07-15,8.26,SBI,SBI; ICICI Pru
INE316Z08048,2026-07-31,8.22,SBI,SBI (273); ICICI Pru (40); Axis (30); Kotak (124); UTI (5)
INE316Z08048,2026-08-15,8.125,SBI,SBI (273); ICICI Pru (40); Axis (30); Kotak (124)
INE316Z08055,2026-06-30,7.99,SBI,SBI; ICICI Pru; Axis; Kotak; UTI
INE316Z08055,2026-07-15,8.24,SBI,SBI; ICICI Pru
INE316Z08055,2026-07-31,8.21,SBI,SBI (50); ICICI Pru (25); Axis (99); Kotak (199); UTI (75)
INE316Z08055,2026-08-15,8.13,SBI,SBI (50); ICICI Pru (25); Axis (100); Kotak (199)
INE316Z08063,2026-06-30,8.15,SBI,SBI; ICICI Pru; Axis; Kotak; UTI
INE316Z08063,2026-07-15,8.36,SBI,SBI; ICICI Pru
INE316Z08063,2026-07-31,8.345,SBI,SBI (99); ICICI Pru (25); Axis (94); Kotak (149); UTI (45)
INE316Z08063,2026-08-15,8.195,SBI,SBI (50); ICICI Pru (75); Axis (94); Kotak (149)
INE321N07616,2026-06-30,8.9144,Nippon,Nippon
INE321N07616,2026-07-15,9.1899,Nippon,Nippon
INE321N07616,2026-07-31,9.4138,Nippon,Nippon (95)
INE321N07616,2026-08-15,9.35,Nippon,Nippon (95)
INE321N07665,2026-06-30,8.9143,Nippon,Nippon
INE321N07665,2026-07-15,9.2099,Nippon,Nippon
INE321N07665,2026-07-31,9.4487,Nippon,Nippon (100)
INE321N07665,2026-08-15,9.405,Nippon,Nippon (100)
INE338I07180,2026-06-30,8.12,HDFC,HDFC
INE338I07180,2026-07-15,8.22,HDFC,HDFC
INE338I07180,2026-07-31,8.08,HDFC,HDFC (477)
INE338I07198,2026-06-30,8.17,ICICI Pru,ICICI Pru
INE338I07198,2026-07-15,8.53,ICICI Pru,ICICI Pru
INE338I07198,2026-07-31,8.38,ICICI Pru,ICICI Pru (249)
INE338I07198,2026-08-15,8.35,ICICI Pru,ICICI Pru (249)
INE338I14LQ5,2026-06-30,7.69,ICICI Pru,ICICI Pru; Aditya Birla; Axis; Nippon; Kotak
INE338I14LQ5,2026-07-15,7.92,HDFC,HDFC; ICICI Pru; Nippon
INE338I14LQ5,2026-07-31,7.89,HDFC,HDFC (96); ICICI Pru (193); Aditya Birla (289); Axis (120); Nippon (265); Kotak (289); Tata (241)
INE338I14LQ5,2026-08-15,7.65,ICICI Pru,ICICI Pru (193); Axis (121); Nippon (266); Kotak (290); Tata (242)
INE338I14LR3,2026-07-31,7.89,Tata,Tata (289)
INE338I14LR3,2026-08-15,7.65,Tata,Tata (290)
INE338I14LS1,2026-06-30,7.69,Kotak,Kotak
INE338I14LS1,2026-07-31,7.89,Kotak,Kotak (144)
INE338I14LS1,2026-08-15,7.65,Kotak,Kotak (145)
INE338I14LT9,2026-06-30,7.69,Kotak,Kotak
INE338I14LT9,2026-07-31,7.89,Kotak,Kotak (192)
INE338I14LT9,2026-08-15,7.65,Kotak,Kotak (193)
INE338I14LY9,2026-06-30,7.685,Aditya Birla,Aditya Birla
INE338I14LY9,2026-07-31,7.89,Aditya Birla,Aditya Birla (192)
INE338I14MC3,2026-06-30,7.6851,Axis,Axis
INE338I14MC3,2026-07-31,7.89,Axis,Axis (192)
INE338I14MC3,2026-08-15,7.6499,Axis,Axis (192)
INE338I14ME9,2026-06-30,7.685,SBI,SBI
INE338I14ME9,2026-07-15,7.915,SBI,SBI
INE338I14ME9,2026-07-31,7.89,SBI,SBI (143)
INE338I14ME9,2026-08-15,7.65,SBI,SBI (144)
INE338I14MF6,2026-06-30,7.69,Kotak,Kotak
INE338I14MF6,2026-07-31,7.89,Kotak,Kotak (286)
INE338I14MF6,2026-08-15,7.65,Kotak,Kotak (288)
INE338I14MJ8,2026-06-30,7.685,Aditya Birla,Aditya Birla
INE338I14MJ8,2026-07-31,7.8899,Aditya Birla,Aditya Birla (143)
INE338I14MM2,2026-06-30,7.07,UTI,UTI
INE338I14MM2,2026-07-31,6.78,UTI,UTI (150)
INE338I14MN0,2026-06-30,7.0649,Nippon,Nippon
INE338I14MN0,2026-07-15,7.1498,Nippon,Nippon
INE338I14MN0,2026-07-31,6.785,Nippon,Nippon (199)
INE338I14MN0,2026-08-15,6.682,Nippon,Nippon (200)
INE338I14MO8,2026-06-30,7.0652,Nippon,Nippon; Kotak
INE338I14MO8,2026-07-15,7.1498,Nippon,Nippon
INE338I14MO8,2026-07-31,6.885,Nippon,Nippon (199); Kotak (149)
INE338I14MO8,2026-08-15,6.7027,Nippon,Nippon (200); Kotak (150)
INE338I14MP5,2026-06-30,7.065,Axis,Axis
INE338I14MP5,2026-07-31,6.885,Axis,Axis (298)
INE338I14MP5,2026-08-15,6.7018,Axis,Axis (299)
INE338I14MQ3,2026-06-30,7.065,SBI,SBI
INE338I14MQ3,2026-07-15,7.15,SBI,SBI
INE338I14MQ3,2026-07-31,6.9348,SBI,SBI (497)
INE338I14MQ3,2026-08-15,6.7028,SBI,SBI (499)
INE338I14MR1,2026-07-31,7.04,Tata,Tata (348)
INE338I14MR1,2026-08-15,6.85,Tata,Tata (349)
INE338I14MS9,2026-06-30,7.07,UTI,UTI
INE338I14MS9,2026-07-31,7.03,UTI,UTI (199)
INE338I14MT7,2026-06-30,7.0651,Nippon,Nippon; UTI
INE338I14MT7,2026-07-15,7.2002,Nippon,Nippon
INE338I14MT7,2026-07-31,7.0353,Nippon,Nippon (248); UTI (397); Tata (149)
INE338I14MT7,2026-08-15,6.8475,Nippon,Nippon (249); Tata (149)
INE338I14MU5,2026-06-30,7.0652,Aditya Birla,Aditya Birla
INE338I14MU5,2026-07-31,7.035,Aditya Birla,Aditya Birla (199)
INE338I14MV3,2026-06-30,7.0652,Aditya Birla,Aditya Birla
INE338I14MV3,2026-07-31,7.0351,Aditya Birla,Aditya Birla (223)
INE338I14MW1,2026-06-30,7.0649,SBI,SBI
INE338I14MW1,2026-07-15,7.1997,SBI,SBI
INE338I14MW1,2026-07-31,7.0347,SBI,SBI (496)
INE338I14MW1,2026-08-15,6.8471,SBI,SBI (498)
INE338I14MY7,2026-06-30,7.065,SBI,SBI
INE338I14MY7,2026-07-15,7.1998,SBI,SBI
INE338I14MY7,2026-07-31,7.0348,SBI,SBI (297)
INE338I14MY7,2026-08-15,6.8474,SBI,SBI (298)
INE338I14MZ4,2026-06-30,7.07,Kotak,Kotak
INE338I14MZ4,2026-07-31,7.09,Kotak,Kotak (198)
INE338I14MZ4,2026-08-15,6.86,Kotak,Kotak (199)
INE338I14NA5,2026-06-30,7.0649,SBI,SBI
INE338I14NA5,2026-07-15,7.2001,SBI,SBI
INE338I14NA5,2026-07-31,7.0849,SBI,SBI (248)
INE338I14NA5,2026-08-15,6.8574,SBI,SBI (249)
INE338I14NB3,2026-08-15,7.17,Nippon,Nippon (98); Tata (492)
INE338I14NC1,2026-08-15,7.1701,SBI,SBI (271)
INE342T07544,2026-06-30,11.1149,Nippon,Nippon
INE342T07544,2026-07-15,11.06,Nippon,Nippon
INE342T07544,2026-07-31,11.4899,Nippon,Nippon (3)
INE342T07544,2026-08-15,11.1573,Nippon,Nippon (3)
INE342T07627,2026-06-30,11.1099,Nippon,Nippon
INE342T07627,2026-07-15,11.04,Nippon,Nippon
INE342T07627,2026-07-31,11.35,Nippon,Nippon (70)
INE342T07627,2026-08-15,11.0273,Nippon,Nippon (70)
INE348L07324,2026-06-30,8.54,HDFC,HDFC
INE348L07324,2026-07-15,8.98,HDFC,HDFC
INE348L07324,2026-07-31,8.95,HDFC,HDFC (151)
INE348L07407,2026-07-15,10.51,HDFC,HDFC
INE348L07407,2026-07-31,10.64,HDFC,HDFC (148); Kotak (99)
INE348L07407,2026-08-15,10.49,Kotak,Kotak (99)
INE357L07432,2026-06-30,7.05,HDFC,HDFC
INE357L07457,2026-06-30,7.49,HDFC,HDFC
INE357L07457,2026-07-15,7.68,HDFC,HDFC
INE357L07457,2026-07-31,7.56,HDFC,HDFC (25)
INE357L07473,2026-06-30,7.97,HDFC,HDFC
INE357L07481,2026-06-30,7.97,HDFC,HDFC; ICICI Pru
INE357L07481,2026-07-15,8.12,ICICI Pru,ICICI Pru
INE357L07481,2026-07-31,8.12,ICICI Pru,ICICI Pru (30)
INE357L07481,2026-08-15,8.07,ICICI Pru,ICICI Pru (30)
INE357L07499,2026-06-30,7.6,HDFC,HDFC; Kotak
INE357L07499,2026-07-15,7.88,HDFC,HDFC
INE357L07499,2026-07-31,7.78,HDFC,HDFC (15); Kotak (20); Tata (50)
INE357L07499,2026-08-15,7.5,Kotak,Kotak (20); Tata (50)
INE357L07507,2026-06-30,7.91,HDFC,HDFC; Kotak
INE357L07507,2026-07-15,7.98,HDFC,HDFC
INE357L07507,2026-07-31,7.98,HDFC,HDFC (40); Kotak (45)
INE357L07507,2026-08-15,7.9,Kotak,Kotak (45)
INE357L07515,2026-06-30,7.97,HDFC,HDFC
INE357L07515,2026-07-15,8.12,HDFC,HDFC
INE357L07515,2026-07-31,8.12,HDFC,HDFC (199)
INE365D07085,2026-06-30,10.05,ICICI Pru,ICICI Pru
INE365D07085,2026-07-15,10.21,ICICI Pru,ICICI Pru
INE365D07085,2026-07-31,10.12,ICICI Pru,ICICI Pru (94)
INE365D07085,2026-08-15,9.94,ICICI Pru,ICICI Pru (94)
INE371K14DF2,2026-06-30,7.3,HDFC,HDFC
INE371K14DF2,2026-07-15,7.62,HDFC,HDFC
INE371K14DF2,2026-07-31,7.47,HDFC,HDFC (96)
INE371K14DK2,2026-06-30,6.68,HDFC,HDFC
INE371K14DK2,2026-07-15,6.46,HDFC,HDFC
INE371K14DO4,2026-06-30,6.7901,Aditya Birla,Aditya Birla
INE371K14DO4,2026-07-31,6.7096,Aditya Birla,Aditya Birla (239)
INE371K14DP1,2026-06-30,6.7148,Nippon,Nippon
INE371K14DP1,2026-07-15,6.9197,Nippon,Nippon
INE371K14DP1,2026-07-31,6.8154,Nippon,Nippon (159)
INE371K14DP1,2026-08-15,6.5945,Nippon,Nippon (110)
INE371K14DQ9,2026-06-30,6.7151,Nippon,Nippon
INE371K14DQ9,2026-07-15,6.92,Nippon,Nippon
INE371K14DQ9,2026-07-31,6.815,Nippon,Nippon (223)
INE371K14DQ9,2026-08-15,6.5945,Nippon,Nippon (224)
INE371K14DR7,2026-07-31,7.3049,Axis,Axis (310)
INE371K14DR7,2026-08-15,6.7651,Axis,Axis (311)
INE371K14DU1,2026-08-15,6.8401,Nippon,Nippon (49)
INE377Y07300,2026-06-30,7.34,HDFC,HDFC; Aditya Birla; Axis
INE377Y07300,2026-07-31,7.42,Aditya Birla,Aditya Birla (27); Axis (4)
INE377Y07300,2026-08-15,7.215,Axis,Axis (4)
INE377Y07359,2026-06-30,7.65,Aditya Birla,Aditya Birla
INE377Y07359,2026-07-31,7.74,Aditya Birla,Aditya Birla (10)
INE377Y07367,2026-06-30,7.65,Aditya Birla,Aditya Birla
INE377Y07367,2026-07-31,7.74,Aditya Birla,Aditya Birla (25)
INE377Y07383,2026-06-30,7.407,Nippon,Nippon; Kotak
INE377Y07383,2026-07-15,7.59,Nippon,Nippon
INE377Y07383,2026-07-31,7.59,Nippon,Nippon (5); Kotak (80)
INE377Y07383,2026-08-15,7.45,Nippon,Nippon (5); Kotak (80)
INE377Y07417,2026-06-30,7.485,Axis,Axis
INE377Y07417,2026-07-31,7.6,Axis,Axis (1)
INE377Y07417,2026-08-15,7.545,Axis,Axis (1)
INE377Y07433,2026-06-30,7.5,HDFC,HDFC; SBI; ICICI Pru; Kotak
INE377Y07433,2026-07-15,7.66,HDFC,HDFC; ICICI Pru
INE377Y07433,2026-07-31,7.58,HDFC,HDFC (116); ICICI Pru (25); Kotak (95)
INE377Y07433,2026-08-15,7.56,ICICI Pru,ICICI Pru (25); Kotak (96)
INE377Y07441,2026-06-30,7.24,HDFC,HDFC; Aditya Birla; Kotak
INE377Y07441,2026-07-15,7.51,HDFC,HDFC
INE377Y07441,2026-07-31,7.27,HDFC,HDFC (276); Aditya Birla (50); Kotak (5)
INE377Y07441,2026-08-15,7.01,Kotak,Kotak (5)
INE377Y07458,2026-06-30,7.67,HDFC,HDFC; Aditya Birla
INE377Y07458,2026-07-15,7.71,HDFC,HDFC
INE377Y07458,2026-07-31,7.78,HDFC,HDFC (80); Aditya Birla (500)
INE377Y07474,2026-06-30,7.56,HDFC,HDFC; Nippon
INE377Y07474,2026-07-15,7.7,HDFC,HDFC; Nippon
INE377Y07474,2026-07-31,7.57,HDFC,HDFC (253); Nippon (25)
INE377Y07474,2026-08-15,7.6297,Nippon,Nippon (25)
INE377Y07482,2026-06-30,7.4,HDFC,HDFC; ICICI Pru; Aditya Birla; Axis; Kotak
INE377Y07482,2026-07-15,7.53,HDFC,HDFC; ICICI Pru
INE377Y07482,2026-07-31,7.52,HDFC,HDFC (728); Aditya Birla (75); Axis (60); Kotak (75)
INE377Y07482,2026-08-15,7.4,Axis,Axis (60); Kotak (75)
INE377Y07490,2026-06-30,6.83,HDFC,HDFC; ICICI Pru; Aditya Birla; Axis; Nippon; Kotak
INE377Y07490,2026-07-15,6.93,HDFC,HDFC; ICICI Pru; Nippon
INE377Y07490,2026-07-31,6.82,HDFC,HDFC (30); ICICI Pru (235); Aditya Birla (27); Axis (585); Nippon (6); Kotak (12)
INE377Y07490,2026-08-15,6.58,ICICI Pru,ICICI Pru (235); Axis (585); Nippon (6); Kotak (12)
INE377Y07508,2026-06-30,7.67,HDFC,HDFC; Aditya Birla
INE377Y07508,2026-07-15,7.71,HDFC,HDFC
INE377Y07508,2026-07-31,7.78,HDFC,HDFC (141); Aditya Birla (136)
INE377Y07516,2026-06-30,7.67,HDFC,HDFC; Axis
INE377Y07516,2026-07-31,7.78,Axis,Axis (35)
INE377Y07516,2026-08-15,7.83,Axis,Axis (34)
INE377Y07532,2026-06-30,7.48,HDFC,HDFC; Aditya Birla; Axis; Kotak
INE377Y07532,2026-07-15,7.63,HDFC,HDFC
INE377Y07532,2026-07-31,7.57,HDFC,HDFC (50); SBI (100); Axis (275); Kotak (400); Tata (100)
INE377Y07532,2026-08-15,7.475,SBI,SBI (100); Axis (251); Kotak (401); Tata (100)
INE377Y07540,2026-06-30,7.71,HDFC,HDFC
INE377Y07540,2026-07-15,7.76,HDFC,HDFC
INE377Y07540,2026-07-31,7.81,HDFC,HDFC (172)
INE377Y07557,2026-06-30,7.24,HDFC,HDFC; SBI; ICICI Pru; Nippon; UTI
INE377Y07557,2026-07-15,7.51,HDFC,HDFC; SBI; ICICI Pru; Nippon
INE377Y07557,2026-07-31,7.3,HDFC,HDFC (100); SBI (25); ICICI Pru (75); Nippon (50); UTI (100)
INE377Y07557,2026-08-15,7.005,SBI,SBI (25); ICICI Pru (75); Nippon (50)
INE377Y07565,2026-06-30,7.49,HDFC,HDFC; Aditya Birla; Nippon; Kotak; UTI
INE377Y07565,2026-07-15,7.65,HDFC,HDFC; Nippon
INE377Y07565,2026-07-31,7.6,HDFC,HDFC (25); Aditya Birla (124); Nippon (173); Kotak (257); UTI (50)
INE377Y07565,2026-08-15,7.545,Nippon,Nippon (149); Kotak (258); Tata (50)
INE377Y07573,2026-06-30,7.6,HDFC,HDFC; Aditya Birla
INE377Y07573,2026-07-15,7.7,HDFC,HDFC
INE377Y07573,2026-07-31,7.68,HDFC,HDFC (98); Aditya Birla (25)
INE377Y07599,2026-06-30,7.5,Axis,Axis
INE377Y07599,2026-07-31,7.5728,Axis,Axis (25)
INE377Y07599,2026-08-15,7.555,Axis,Axis (25)
INE377Y07607,2026-06-30,7.51,HDFC,HDFC; Aditya Birla; Axis; UTI
INE377Y07607,2026-07-15,7.69,HDFC,HDFC
INE377Y07607,2026-07-31,7.58,HDFC,HDFC (88); Aditya Birla (74); Axis (69); UTI (74); Tata (25)
INE377Y07607,2026-08-15,7.56,Axis,Axis (69); Tata (25)
INE377Y07615,2026-06-30,7.48,ICICI Pru,ICICI Pru; Axis
INE377Y07615,2026-07-15,7.63,ICICI Pru,ICICI Pru
INE377Y07615,2026-07-31,7.57,ICICI Pru,ICICI Pru (421); Axis (25)
INE377Y07615,2026-08-15,7.48,ICICI Pru,ICICI Pru (422); Axis (25); Tata (25)
INE377Y07623,2026-06-30,7.55,HDFC,HDFC
INE377Y07623,2026-07-31,7.57,Tata,Tata (32)
INE377Y07623,2026-08-15,7.61,Tata,Tata (32)
INE377Y07631,2026-06-30,7.615,SBI,SBI; UTI
INE377Y07631,2026-07-15,7.7,SBI,SBI
INE377Y07631,2026-07-31,7.735,SBI,SBI (50); UTI (75)
INE377Y07631,2026-08-15,7.8,SBI,SBI (50)
INE377Y07649,2026-06-30,7.57,HDFC,HDFC; SBI; Aditya Birla; Axis; Nippon
INE377Y07649,2026-07-15,7.7,HDFC,HDFC; Nippon
INE377Y07649,2026-07-31,7.57,HDFC,HDFC (478); Aditya Birla (157); Axis (25); Nippon (201)
INE377Y07649,2026-08-15,7.6297,Axis,Axis (25); Nippon (176)
INE377Y07656,2026-06-30,7.6305,SBI,SBI; ICICI Pru; Aditya Birla; Axis; Nippon
INE377Y07656,2026-07-15,7.7,SBI,SBI; ICICI Pru; Nippon
INE377Y07656,2026-07-31,7.735,SBI,SBI (153); ICICI Pru (357); Aditya Birla (204); Axis (331); Nippon (255)
INE377Y07656,2026-08-15,7.8,SBI,SBI (153); ICICI Pru (330); Axis (330); Nippon (254)
INE377Y07664,2026-07-15,7.7,ICICI Pru,ICICI Pru; Nippon
INE377Y07664,2026-07-31,7.68,ICICI Pru,ICICI Pru (524); Aditya Birla (30); Axis (260); Nippon (194)
INE377Y07664,2026-08-15,7.68,ICICI Pru,ICICI Pru (424); Axis (260); Nippon (194)
INE377Y07672,2026-07-15,7.7,SBI,SBI; Nippon
INE377Y07672,2026-07-31,7.54,HDFC,HDFC (25); SBI (150); Aditya Birla (20); Nippon (100)
INE377Y07672,2026-08-15,7.6294,SBI,SBI (150); Nippon (100); Kotak (399)
INE377Y07680,2026-08-15,7.862,Axis,Axis (300); Nippon (150)
INE377Y14BV1,2026-06-30,6.9999,Axis,Axis
INE377Y14BV1,2026-07-31,7.0399,Axis,Axis (97)
INE377Y14BV1,2026-08-15,6.85,Axis,Axis (97)
INE377Y14BW9,2026-06-30,6.9999,Axis,Axis
INE377Y14BW9,2026-07-31,7.0399,Axis,Axis (338); Tata (483)
INE377Y14BW9,2026-08-15,6.85,Axis,Axis (340); Tata (485)
INE377Y14BX7,2026-06-30,6.9999,Aditya Birla,Aditya Birla; Axis; Nippon
INE377Y14BX7,2026-07-15,7.265,Nippon,Nippon
INE377Y14BX7,2026-07-31,7.0399,Aditya Birla,Aditya Birla (145); Axis (24); Nippon (193)
INE377Y14BX7,2026-08-15,6.85,Axis,Axis (24); Nippon (194)
INE377Y14BZ2,2026-06-30,7.0,Kotak,Kotak
INE377Y14BZ2,2026-07-31,7.04,Kotak,Kotak (96)
INE377Y14BZ2,2026-08-15,6.85,Kotak,Kotak (97)
INE377Y14CA3,2026-06-30,7.0,ICICI Pru,ICICI Pru; Aditya Birla; Kotak
INE377Y14CA3,2026-07-15,7.26,ICICI Pru,ICICI Pru
INE377Y14CA3,2026-07-31,7.04,ICICI Pru,ICICI Pru (96); Aditya Birla (120); Kotak (144)
INE377Y14CA3,2026-08-15,6.85,ICICI Pru,ICICI Pru (96); Kotak (144)
INE377Y14CE5,2026-06-30,6.52,UTI,UTI
INE377Y14CF2,2026-06-30,6.55,HDFC,HDFC; Aditya Birla; UTI
INE377Y14CF2,2026-07-15,6.44,HDFC,HDFC
INE377Y14CF2,2026-07-31,6.16,HDFC,HDFC (500); Aditya Birla (250); UTI (250)
INE377Y14CG0,2026-06-30,6.5449,SBI,SBI; Axis
INE377Y14CG0,2026-07-15,6.5049,SBI,SBI
INE377Y14CG0,2026-07-31,6.4301,SBI,SBI (498); Axis (249)
INE377Y14CG0,2026-08-15,6.3154,SBI,SBI (499); Axis (249)
INE377Y14CH8,2026-07-31,6.93,ICICI Pru,ICICI Pru (295); Nippon (492)
INE377Y14CH8,2026-08-15,6.47,ICICI Pru,ICICI Pru (297); Nippon (494)
INE401Y07019,2026-06-30,8.0199,Aditya Birla,Aditya Birla
INE401Y07019,2026-07-31,8.06,Aditya Birla,Aditya Birla (125)
INE401Y07027,2026-06-30,8.025,Aditya Birla,Aditya Birla
INE401Y07027,2026-07-31,8.0612,Aditya Birla,Aditya Birla (100)
INE403D08207,2026-06-30,7.56,HDFC,HDFC; SBI; ICICI Pru; Aditya Birla; Kotak; UTI
INE403D08207,2026-07-15,7.89,HDFC,HDFC; SBI; ICICI Pru
INE403D08207,2026-07-31,7.44,HDFC,HDFC (171); SBI (130); ICICI Pru (25); Aditya Birla (176); Kotak (201); UTI (75)
INE403D08207,2026-08-15,7.37,SBI,SBI (130); ICICI Pru (25); Kotak (201)
INE403D08215,2026-06-30,8.086,Axis,Axis
INE403D08215,2026-07-31,8.1669,Axis,Axis (21)
INE403D08215,2026-08-15,8.1,Axis,Axis (21)
INE403D08231,2026-06-30,7.92,HDFC,HDFC; SBI; Aditya Birla; Nippon; Kotak; UTI
INE403D08231,2026-07-15,8.0,HDFC,HDFC; SBI; Nippon
INE403D08231,2026-07-31,8.01,HDFC,HDFC (50); SBI (201); Aditya Birla (76); Kotak (141); UTI (101)
INE403D08231,2026-08-15,7.85,SBI,SBI (176); Kotak (141)
INE403D08249,2026-07-31,8.13,Tata,Tata (31)
INE403D08256,2026-06-30,7.8959,SBI,SBI
INE403D08256,2026-07-15,8.1105,SBI,SBI
INE403D08256,2026-07-31,8.0451,SBI,SBI (208)
INE403D08256,2026-08-15,7.9047,SBI,SBI (208)
INE403D08264,2026-06-30,7.89,SBI,SBI; Aditya Birla
INE403D08264,2026-07-15,8.115,SBI,SBI
INE403D08264,2026-07-31,8.115,SBI,SBI (508); Aditya Birla (76)
INE403D08264,2026-08-15,7.97,SBI,SBI (510)
INE403D08272,2026-06-30,7.8646,SBI,SBI; ICICI Pru; Aditya Birla; Axis; UTI
INE403D08272,2026-07-15,7.9997,SBI,SBI; ICICI Pru
INE403D08272,2026-07-31,8.0097,SBI,SBI (501); ICICI Pru (322); Aditya Birla (866); Axis (184); UTI (124); Tata (149)
INE403D08272,2026-08-15,7.8498,SBI,SBI (527); ICICI Pru (323); Axis (184); Tata (149)
INE403D08280,2026-06-30,7.915,SBI,SBI; ICICI Pru; Aditya Birla; Axis; Nippon; Kotak
INE403D08280,2026-07-15,8.13,SBI,SBI; ICICI Pru; Nippon
INE403D08280,2026-07-31,8.065,SBI,SBI (395); ICICI Pru (99); Aditya Birla (109); Axis (143); Nippon (271); Kotak (567)
INE403D08280,2026-08-15,7.925,SBI,SBI (396); ICICI Pru (99); Axis (143); Nippon (272); Kotak (569)
INE403D08298,2026-06-30,8.04,HDFC,HDFC; SBI; Aditya Birla; Axis; Kotak
INE403D08298,2026-07-15,8.12,HDFC,HDFC; SBI; Nippon
INE403D08298,2026-07-31,8.12,HDFC,HDFC (25); SBI (148); Aditya Birla (167); Axis (216); Nippon (25); Kotak (393); Tata (103)
INE403D08298,2026-08-15,7.9549,SBI,SBI (148); Axis (217); Nippon (25); Kotak (395); Tata (104)
INE403D08306,2026-06-30,7.87,HDFC,HDFC; SBI; Aditya Birla; Kotak; UTI
INE403D08306,2026-07-15,8.0,HDFC,HDFC; SBI
INE403D08306,2026-07-31,8.01,HDFC,"HDFC (193); Aditya Birla (2,472); Kotak (327); UTI (30)"
INE403D08306,2026-08-15,7.85,SBI,SBI (74); Kotak (328)
INE403D08314,2026-06-30,7.94,HDFC,HDFC; SBI; Aditya Birla; Axis; Nippon; Kotak; UTI
INE403D08314,2026-07-15,8.14,HDFC,HDFC; SBI; Nippon
INE403D08314,2026-07-31,8.03,HDFC,HDFC (209); SBI (811); Aditya Birla (274); Nippon (299); Kotak (25); UTI (25)
INE403D08314,2026-08-15,7.87,SBI,SBI (813); Nippon (299); Kotak (25)
INE403D08322,2026-06-30,8.04,HDFC,HDFC; Nippon
INE403D08322,2026-07-15,8.12,HDFC,HDFC; Nippon
INE403D08322,2026-07-31,8.12,HDFC,HDFC (74); Aditya Birla (25); Nippon (174)
INE403D08322,2026-08-15,7.9549,Nippon,Nippon (174)
INE403D14585,2026-06-30,6.78,ICICI Pru,ICICI Pru; Aditya Birla; Axis; Nippon
INE403D14585,2026-07-15,6.99,ICICI Pru,ICICI Pru; Nippon
INE403D14585,2026-07-31,7.13,HDFC,HDFC (495); ICICI Pru (124); Aditya Birla (272); Axis (966); Nippon (248)
INE403D14619,2026-06-30,7.48,HDFC,HDFC; Axis; Nippon; UTI
INE403D14619,2026-07-15,7.8,HDFC,HDFC; Nippon
INE403D14619,2026-07-31,7.51,HDFC,HDFC (240); Axis (240); Nippon (240); UTI (288)
INE403D14619,2026-08-15,7.285,Nippon,Nippon (144)
INE403D14627,2026-06-30,6.79,HDFC,HDFC; SBI; ICICI Pru; Aditya Birla; Nippon; Kotak
INE403D14627,2026-07-15,6.99,HDFC,HDFC; SBI; ICICI Pru; Nippon
INE403D14627,2026-07-31,7.05,HDFC,HDFC (199); SBI (224); ICICI Pru (99); Aditya Birla (363); Nippon (248); Kotak (149)
INE403G14TU6,2026-06-30,6.965,Aditya Birla,Aditya Birla
INE403G14TU6,2026-07-31,6.9502,Aditya Birla,Aditya Birla (323)
INE403Q07GF7,2026-06-30,10.9533,Nippon,Nippon
INE403Q07GF7,2026-07-15,10.655,Nippon,Nippon
INE403Q07GF7,2026-07-31,10.5925,Nippon,Nippon (12)
INE403Q07GF7,2026-08-15,10.6338,Nippon,Nippon (12)
INE403Q07GO9,2026-06-30,11.03,HDFC,HDFC
INE403Q07GO9,2026-07-15,11.23,HDFC,HDFC
INE403Q07GO9,2026-07-31,11.13,HDFC,HDFC (246)
INE405E08044,2026-06-30,7.5,ICICI Pru,ICICI Pru
INE405E08044,2026-07-15,7.67,ICICI Pru,ICICI Pru
INE405E08044,2026-07-31,7.46,ICICI Pru,ICICI Pru (100)
INE405E08044,2026-08-15,7.17,ICICI Pru,ICICI Pru (100)
INE405E08051,2026-06-30,7.59,ICICI Pru,ICICI Pru
INE405E08051,2026-07-15,7.74,ICICI Pru,ICICI Pru
INE405E08051,2026-07-31,7.55,ICICI Pru,ICICI Pru (50)
INE405E08051,2026-08-15,7.29,ICICI Pru,ICICI Pru (50)
INE406M08011,2026-06-30,7.8049,SBI,SBI; ICICI Pru; Aditya Birla; Nippon; UTI
INE406M08011,2026-07-15,8.095,SBI,SBI; ICICI Pru; Nippon
INE406M08011,2026-07-31,7.8925,SBI,SBI (216); ICICI Pru (207); Aditya Birla (38); Nippon (1); UTI (33)
INE406M08011,2026-08-15,7.68,SBI,SBI (281); ICICI Pru (141); Nippon (1)
INE406M08029,2026-06-30,8.11,SBI,SBI; ICICI Pru; Aditya Birla; UTI
INE406M08029,2026-07-15,8.275,SBI,SBI; ICICI Pru
INE406M08029,2026-07-31,8.2425,SBI,SBI (45); ICICI Pru (303); Aditya Birla (38); UTI (13)
INE406M08029,2026-08-15,8.1,SBI,SBI (45); ICICI Pru (243)
INE410P08016,2026-06-30,8.09,ICICI Pru,ICICI Pru; Axis
INE410P08016,2026-07-15,8.37,ICICI Pru,ICICI Pru
INE410P08016,2026-07-31,8.17,ICICI Pru,ICICI Pru (200); Axis (100)
INE410P08016,2026-08-15,7.91,ICICI Pru,ICICI Pru (200); Axis (100)
INE410P08024,2026-06-30,8.21,Aditya Birla,Aditya Birla; Axis
INE410P08024,2026-07-31,8.405,Aditya Birla,Aditya Birla (150); Axis (15)
INE410P08024,2026-08-15,8.295,Axis,Axis (15)
INE412L08011,2026-06-30,7.46,ICICI Pru,ICICI Pru
INE412L08011,2026-07-15,7.38,ICICI Pru,ICICI Pru
INE412L08011,2026-07-31,7.33,ICICI Pru,ICICI Pru (49)
INE412L08011,2026-08-15,7.18,ICICI Pru,ICICI Pru (49)
INE412L08029,2026-06-30,7.76,ICICI Pru,ICICI Pru
INE412L08029,2026-07-15,8.0,ICICI Pru,ICICI Pru
INE412L08029,2026-07-31,7.8,ICICI Pru,ICICI Pru (50)
INE412L08029,2026-08-15,7.33,ICICI Pru,ICICI Pru (50)
INE414G07IF1,2026-06-30,8.22,Kotak,Kotak
INE414G07IF1,2026-07-31,8.52,Kotak,Kotak (25)
INE414G07IF1,2026-08-15,8.48,Kotak,Kotak (25)
INE414G07IG9,2026-06-30,7.01,HDFC,HDFC
INE414G07IG9,2026-07-15,6.82,HDFC,HDFC
INE414G07II5,2026-06-30,8.22,SBI,SBI
INE414G07II5,2026-07-15,8.3952,SBI,SBI
INE414G07II5,2026-07-31,8.53,SBI,SBI (334)
INE414G07II5,2026-08-15,8.5008,SBI,SBI (334)
INE414G07IQ8,2026-06-30,7.44,ICICI Pru,ICICI Pru; Nippon
INE414G07IQ8,2026-07-15,7.9125,Nippon,Nippon
INE414G07IR6,2026-06-30,8.11,HDFC,HDFC; SBI; ICICI Pru; Kotak
INE414G07IR6,2026-07-15,8.0425,SBI,SBI; ICICI Pru
INE414G07IR6,2026-07-31,8.375,SBI,SBI (125); ICICI Pru (30); Kotak (100)
INE414G07IR6,2026-08-15,8.1299,SBI,SBI (125); ICICI Pru (30); Kotak (100)
INE414G07IS4,2026-06-30,8.24,HDFC,HDFC; SBI
INE414G07IS4,2026-07-15,8.41,HDFC,HDFC; SBI
INE414G07IS4,2026-07-31,8.53,HDFC,HDFC (25); SBI (73); Tata (15)
INE414G07IS4,2026-08-15,8.5058,SBI,SBI (73); Tata (15)
INE414G07JB8,2026-06-30,8.14,HDFC,HDFC; SBI; ICICI Pru; Nippon
INE414G07JB8,2026-07-15,8.11,HDFC,HDFC; SBI; ICICI Pru; Nippon
INE414G07JB8,2026-07-31,8.38,HDFC,HDFC (50); SBI (50); ICICI Pru (75); Nippon (15)
INE414G07JB8,2026-08-15,8.2,SBI,SBI (50); ICICI Pru (50); Nippon (15)
INE414G07JD4,2026-06-30,8.1049,Axis,Axis
INE414G07JD4,2026-07-31,8.375,Axis,Axis (2)
INE414G07JD4,2026-08-15,8.13,Axis,Axis (2)
INE414G07JF9,2026-06-30,8.14,HDFC,HDFC; ICICI Pru
INE414G07JF9,2026-07-15,8.16,HDFC,HDFC; ICICI Pru
INE414G07JF9,2026-07-31,8.39,HDFC,HDFC (75); ICICI Pru (226)
INE414G07JF9,2026-08-15,8.2,ICICI Pru,ICICI Pru (226)
INE414G07JG7,2026-06-30,8.265,SBI,SBI; Aditya Birla; Kotak
INE414G07JG7,2026-07-15,8.4367,SBI,SBI
INE414G07JG7,2026-07-31,8.56,SBI,SBI (76); Aditya Birla (187); Kotak (253)
INE414G07JG7,2026-08-15,8.6087,SBI,SBI (76); Kotak (253)
INE414G07JH5,2026-06-30,7.66,ICICI Pru,ICICI Pru
INE414G07JH5,2026-07-15,7.95,ICICI Pru,ICICI Pru
INE414G07JH5,2026-07-31,7.77,ICICI Pru,ICICI Pru (75)
INE414G07JH5,2026-08-15,7.83,ICICI Pru,ICICI Pru (15)
INE414G07JI3,2026-07-31,8.46,Tata,Tata (50)
INE414G07JI3,2026-08-15,8.35,Tata,Tata (75)
INE414G07JL7,2026-06-30,8.22,ICICI Pru,ICICI Pru; Aditya Birla; Axis; Nippon
INE414G07JL7,2026-07-15,8.31,ICICI Pru,ICICI Pru; Nippon
INE414G07JL7,2026-07-31,8.52,ICICI Pru,ICICI Pru (250); Aditya Birla (235); Nippon (60); Tata (90)
INE414G07JL7,2026-08-15,8.45,ICICI Pru,ICICI Pru (250); Nippon (60); Tata (70)
INE414G07JM5,2026-06-30,8.22,HDFC,HDFC; ICICI Pru; Axis; Nippon
INE414G07JM5,2026-07-15,8.31,HDFC,HDFC; ICICI Pru; Nippon
INE414G07JM5,2026-07-31,8.52,HDFC,HDFC (75); ICICI Pru (300); Axis (65); Nippon (75); Tata (60)
INE414G07JM5,2026-08-15,8.45,ICICI Pru,ICICI Pru (300); Axis (65); Nippon (75); Tata (60)
INE414G07JN3,2026-06-30,8.22,HDFC,HDFC; ICICI Pru; Aditya Birla; Axis
INE414G07JN3,2026-07-15,8.37,HDFC,HDFC; ICICI Pru
INE414G07JN3,2026-07-31,8.52,ICICI Pru,ICICI Pru (50); Aditya Birla (215); Axis (110)
INE414G07JN3,2026-08-15,8.49,ICICI Pru,ICICI Pru (50); Axis (110)
INE414G07JO1,2026-06-30,8.22,HDFC,HDFC; SBI; Aditya Birla; Axis
INE414G07JO1,2026-07-15,8.3867,SBI,SBI
INE414G07JO1,2026-07-31,8.52,HDFC,HDFC (25); SBI (100); Aditya Birla (100); Axis (35)
INE414G07JO1,2026-08-15,8.4802,SBI,SBI (100); Axis (35)
INE414G07JQ6,2026-06-30,8.14,HDFC,HDFC; SBI; ICICI Pru; Aditya Birla; Axis; UTI
INE414G07JQ6,2026-07-15,8.29,HDFC,HDFC; SBI; ICICI Pru
INE414G07JQ6,2026-07-31,8.46,HDFC,HDFC (134); SBI (497); ICICI Pru (25); Aditya Birla (348); Axis (20); UTI (35); Tata (80)
INE414G07JQ6,2026-08-15,8.35,SBI,SBI (498); ICICI Pru (25); Axis (20); Tata (134)
INE414G07JS2,2026-06-30,8.235,Axis,Axis; Nippon; Kotak; UTI
INE414G07JS2,2026-07-15,8.4067,Nippon,Nippon
INE414G07JS2,2026-07-31,8.53,Axis,Axis (80); Kotak (74); UTI (2)
INE414G07JS2,2026-08-15,8.5058,Axis,Axis (75); Kotak (74)
INE414G07JU8,2026-07-15,8.44,HDFC,HDFC
INE414G07JU8,2026-07-31,8.55,HDFC,HDFC (49)
INE414G07JV6,2026-06-30,7.85,ICICI Pru,ICICI Pru; UTI
INE414G07JV6,2026-07-15,7.95,ICICI Pru,ICICI Pru
INE414G07JV6,2026-07-31,7.79,ICICI Pru,ICICI Pru (251); UTI (25)
INE414G07JV6,2026-08-15,7.83,ICICI Pru,ICICI Pru (251)
INE414G07JW4,2026-06-30,8.135,SBI,SBI
INE414G07JW4,2026-07-15,8.2516,SBI,SBI
INE414G07JW4,2026-07-31,8.445,SBI,SBI (153); Axis (102)
INE414G07JW4,2026-08-15,8.32,SBI,SBI (153); Axis (102)
INE414G07JX2,2026-06-30,8.23,SBI,SBI; ICICI Pru; Axis; Kotak
INE414G07JX2,2026-07-15,8.4367,SBI,SBI; ICICI Pru
INE414G07JX2,2026-07-31,8.56,SBI,SBI (299); ICICI Pru (249); Axis (15); Kotak (399)
INE414G07JX2,2026-08-15,8.6087,SBI,SBI (299); ICICI Pru (249); Axis (15); Kotak (398)
INE414G07JZ7,2026-06-30,9.13,HDFC,HDFC; SBI; ICICI Pru; Aditya Birla; Nippon; Kotak; UTI
INE414G07JZ7,2026-07-15,9.17,HDFC,HDFC; SBI; ICICI Pru; Nippon
INE414G07JZ7,2026-07-31,9.5,HDFC,HDFC (250); SBI (835); ICICI Pru (52); Aditya Birla (150); Axis (60); Nippon (180); Kotak (175); UTI (100)
INE414G07JZ7,2026-08-15,9.575,SBI,SBI (832); ICICI Pru (52); Axis (110); Nippon (179); Kotak (174)
INE414G07KC4,2026-07-31,9.55,HDFC,HDFC (250); SBI (250); ICICI Pru (525); Axis (75); Nippon (175); Kotak (250); UTI (110); Tata (54)
INE414G07KC4,2026-08-15,9.6301,SBI,SBI (249); ICICI Pru (523); Axis (75); Nippon (174); Kotak (249); Tata (54)
INE414G14UT3,2026-06-30,6.93,ICICI Pru,ICICI Pru; Aditya Birla
INE414G14UT3,2026-07-15,7.21,ICICI Pru,ICICI Pru
INE414G14UT3,2026-07-31,7.06,ICICI Pru,ICICI Pru (124); Aditya Birla (50)
INE414G14UT3,2026-08-15,6.88,ICICI Pru,ICICI Pru (124)
INE414G14UU1,2026-06-30,6.9301,Aditya Birla,Aditya Birla
INE414G14UU1,2026-07-15,7.22,HDFC,HDFC
INE414G14UU1,2026-07-31,7.07,HDFC,HDFC (30); Aditya Birla (74)
INE414G14UY3,2026-06-30,7.4551,Aditya Birla,Aditya Birla
INE414G14UY3,2026-07-31,7.5952,Aditya Birla,Aditya Birla (24)
INE414G14UZ0,2026-06-30,7.46,Kotak,Kotak
INE414G14UZ0,2026-07-31,7.6,Kotak,Kotak (293)
INE414G14UZ0,2026-08-15,7.26,Kotak,Kotak (294)
INE414G14VA1,2026-06-30,7.46,Kotak,Kotak
INE414G14VA1,2026-07-31,7.6,Kotak,Kotak (49)
INE414G14VA1,2026-08-15,7.26,Kotak,Kotak (49)
INE414G14VB9,2026-06-30,7.4552,Aditya Birla,Aditya Birla
INE414G14VB9,2026-07-31,7.6052,Aditya Birla,Aditya Birla (195)
INE414G14VD5,2026-06-30,7.6,ICICI Pru,ICICI Pru; Kotak
INE414G14VD5,2026-07-15,7.83,ICICI Pru,ICICI Pru
INE414G14VD5,2026-07-31,7.7,ICICI Pru,ICICI Pru (193); Kotak (96)
INE414G14VD5,2026-08-15,7.49,ICICI Pru,ICICI Pru (145); Kotak (97)
INE414G14VE3,2026-06-30,7.6,Kotak,Kotak
INE414G14VE3,2026-07-31,7.7,Kotak,Kotak (193)
INE414G14VE3,2026-08-15,7.49,Kotak,Kotak (194)
INE414G14VF0,2026-06-30,7.6,HDFC,HDFC; ICICI Pru
INE414G14VF0,2026-07-15,7.83,HDFC,HDFC; ICICI Pru
INE414G14VF0,2026-07-31,7.7,HDFC,HDFC (48); ICICI Pru (193)
INE414G14VF0,2026-08-15,7.49,ICICI Pru,ICICI Pru (242)
INE414G14VG8,2026-06-30,7.6,ICICI Pru,ICICI Pru
INE414G14VG8,2026-07-15,7.83,ICICI Pru,ICICI Pru
INE414G14VG8,2026-07-31,7.7,ICICI Pru,ICICI Pru (289)
INE414G14VG8,2026-08-15,7.49,ICICI Pru,ICICI Pru (290)
INE414G14VH6,2026-06-30,7.6,HDFC,HDFC; Aditya Birla
INE414G14VH6,2026-07-15,7.83,HDFC,HDFC
INE414G14VH6,2026-07-31,7.7,HDFC,HDFC (144); Aditya Birla (96)
INE414G14VI4,2026-06-30,7.5999,Aditya Birla,Aditya Birla; Kotak
INE414G14VI4,2026-07-31,7.7001,Aditya Birla,Aditya Birla (96); Kotak (241)
INE414G14VI4,2026-08-15,7.49,Kotak,Kotak (241)
INE414G14VJ2,2026-06-30,7.6,HDFC,HDFC; ICICI Pru; Kotak
INE414G14VJ2,2026-07-15,7.83,HDFC,HDFC; ICICI Pru
INE414G14VJ2,2026-07-31,7.7,HDFC,HDFC (96); ICICI Pru (168); Kotak (72)
INE414G14VJ2,2026-08-15,7.49,ICICI Pru,ICICI Pru (169); Kotak (72)
INE414G14VK0,2026-06-30,7.6,ICICI Pru,ICICI Pru
INE414G14VK0,2026-07-15,7.83,ICICI Pru,ICICI Pru
INE414G14VK0,2026-07-31,7.7,ICICI Pru,ICICI Pru (120)
INE414G14VK0,2026-08-15,7.49,ICICI Pru,ICICI Pru (121)
INE414G14VL8,2026-06-30,7.6,HDFC,HDFC; Kotak
INE414G14VL8,2026-07-15,7.83,HDFC,HDFC
INE414G14VL8,2026-07-31,7.7,HDFC,HDFC (48); Kotak (48)
INE414G14VL8,2026-08-15,7.49,Kotak,Kotak (48)
INE414G14VM6,2026-06-30,7.6,SBI,SBI
INE414G14VM6,2026-07-15,7.8299,SBI,SBI
INE414G14VM6,2026-07-31,7.7,HDFC,HDFC (96); SBI (192)
INE414G14VM6,2026-08-15,7.4925,SBI,SBI (192)
INE414G14VN4,2026-06-30,7.6,ICICI Pru,ICICI Pru
INE414G14VN4,2026-07-15,7.83,ICICI Pru,ICICI Pru
INE414G14VN4,2026-07-31,7.7,ICICI Pru,ICICI Pru (96)
INE414G14VN4,2026-08-15,7.49,ICICI Pru,ICICI Pru (96)
INE414G14VO2,2026-06-30,7.605,SBI,SBI
INE414G14VO2,2026-07-15,7.8349,SBI,SBI
INE414G14VO2,2026-07-31,7.7024,SBI,SBI (334)
INE414G14VO2,2026-08-15,7.4924,SBI,SBI (336)
INE414G14VP9,2026-06-30,7.61,HDFC,HDFC; Kotak
INE414G14VP9,2026-07-15,7.84,HDFC,HDFC
INE414G14VP9,2026-07-31,7.705,SBI,SBI (96); Kotak (96)
INE414G14VP9,2026-08-15,7.4924,SBI,SBI (96); Kotak (96)
INE414G14VQ7,2026-06-30,7.6,ICICI Pru,ICICI Pru
INE414G14VQ7,2026-07-15,7.83,ICICI Pru,ICICI Pru
INE414G14VQ7,2026-07-31,7.7,ICICI Pru,ICICI Pru (72)
INE414G14VQ7,2026-08-15,7.49,ICICI Pru,ICICI Pru (72)
INE414G14VR5,2026-06-30,7.6,ICICI Pru,ICICI Pru
INE414G14VR5,2026-07-15,7.83,ICICI Pru,ICICI Pru
INE414G14VR5,2026-07-31,7.7,ICICI Pru,ICICI Pru (119)
INE414G14VR5,2026-08-15,7.49,ICICI Pru,ICICI Pru (120)
INE417C08019,2026-06-30,8.025,Axis,Axis
INE417C08019,2026-07-31,8.175,Axis,Axis (45)
INE417C08019,2026-08-15,8.12,Axis,Axis (45)
INE417C14AK6,2026-06-30,7.54,ICICI Pru,ICICI Pru
INE417C14AK6,2026-07-15,7.68,ICICI Pru,ICICI Pru
INE417C14AK6,2026-07-31,7.54,ICICI Pru,ICICI Pru (96)
INE417C14AK6,2026-08-15,7.3,ICICI Pru,ICICI Pru (97)
INE417C14AL4,2026-06-30,7.54,HDFC,HDFC; Kotak
INE417C14AL4,2026-07-15,7.68,HDFC,HDFC
INE417C14AL4,2026-07-31,7.55,HDFC,HDFC (168); Kotak (96)
INE417C14AL4,2026-08-15,7.3,Kotak,Kotak (97)
INE417C14AM2,2026-06-30,7.535,Aditya Birla,Aditya Birla
INE417C14AM2,2026-07-31,7.5399,Aditya Birla,Aditya Birla (144)
INE417C14AO8,2026-07-31,7.54,Tata,Tata (359)
INE417C14AO8,2026-08-15,7.3,Tata,Tata (360)
INE417C14AP5,2026-06-30,7.535,SBI,SBI; ICICI Pru
INE417C14AP5,2026-07-15,7.675,SBI,SBI; ICICI Pru
INE417C14AP5,2026-07-31,7.54,SBI,SBI (239); ICICI Pru (239)
INE417C14AP5,2026-08-15,7.3,SBI,SBI (240); ICICI Pru (240)
INE417C14AS9,2026-06-30,6.9502,Axis,Axis
INE417C14AS9,2026-07-31,6.8351,Axis,Axis (199)
INE417C14AS9,2026-08-15,6.6401,Axis,Axis (199)
INE417C14AU5,2026-06-30,6.95,ICICI Pru,ICICI Pru
INE417C14AU5,2026-07-15,7.09,ICICI Pru,ICICI Pru
INE417C14AU5,2026-07-31,6.99,ICICI Pru,ICICI Pru (50)
INE417C14AU5,2026-08-15,6.8,ICICI Pru,ICICI Pru (50)
INE422H14305,2026-06-30,7.785,Nippon,Nippon
INE422H14305,2026-07-15,8.015,Nippon,Nippon
INE422H14305,2026-07-31,7.98,Nippon,Nippon (95)
INE422H14305,2026-08-15,7.7701,Nippon,Nippon (96)
INE422H14313,2026-06-30,7.79,HDFC,HDFC
INE422H14313,2026-07-15,8.02,HDFC,HDFC
INE422H14313,2026-07-31,7.98,HDFC,HDFC (95)
INE422H14354,2026-06-30,7.07,Kotak,Kotak
INE422H14354,2026-07-31,7.19,Kotak,Kotak (50)
INE422H14354,2026-08-15,7.04,Kotak,Kotak (50)
INE422H14362,2026-06-30,7.79,HDFC,HDFC
INE422H14362,2026-07-15,8.02,HDFC,HDFC
INE422H14362,2026-07-31,7.98,HDFC,HDFC (95)
INE422H14370,2026-06-30,7.785,Axis,Axis
INE422H14370,2026-07-31,7.98,Axis,Axis (95)
INE422H14370,2026-08-15,7.7701,Axis,Axis (96)
INE422H14388,2026-06-30,7.065,Aditya Birla,Aditya Birla; Axis
INE422H14388,2026-07-31,7.2351,Aditya Birla,Aditya Birla (99); Axis (25)
INE422H14388,2026-08-15,7.0448,Axis,Axis (20)
INE422H14404,2026-06-30,7.065,Aditya Birla,Aditya Birla; Kotak
INE422H14404,2026-07-31,6.7222,Aditya Birla,Aditya Birla (40); Axis (10); Kotak (50)
INE422H14412,2026-06-30,7.065,Axis,Axis
INE422H14412,2026-07-31,6.875,Axis,Axis (200)
INE422H14420,2026-06-30,7.065,Aditya Birla,Aditya Birla
INE422H14420,2026-07-31,6.8745,Aditya Birla,Aditya Birla (200)
INE422H14438,2026-06-30,7.0652,Aditya Birla,Aditya Birla; Nippon
INE422H14438,2026-07-15,7.2751,Nippon,Nippon
INE422H14438,2026-07-31,6.876,Aditya Birla,Aditya Birla (200); Nippon (50)
INE422H14446,2026-06-30,7.0651,Aditya Birla,Aditya Birla
INE422H14446,2026-07-31,6.8754,Aditya Birla,Aditya Birla (100)
INE422H14453,2026-06-30,7.07,HDFC,HDFC
INE422H14453,2026-07-15,7.3,HDFC,HDFC
INE422H14453,2026-07-31,6.88,HDFC,HDFC (199)
INE422H14461,2026-06-30,7.07,Kotak,Kotak
INE422H14461,2026-07-31,6.88,Kotak,Kotak (299)
INE422H14461,2026-08-15,6.1,Kotak,Kotak (300)
INE422H14479,2026-06-30,7.0649,Aditya Birla,Aditya Birla
INE422H14479,2026-07-31,7.1851,Aditya Birla,Aditya Birla (199)
INE422H14487,2026-06-30,7.065,Aditya Birla,Aditya Birla
INE422H14487,2026-07-31,7.235,Aditya Birla,Aditya Birla (247); UTI (297)
INE422H14495,2026-06-30,7.0651,SBI,SBI; Aditya Birla
INE422H14495,2026-07-15,7.4351,SBI,SBI
INE422H14495,2026-07-31,7.2348,SBI,SBI (149); Aditya Birla (248)
INE422H14495,2026-08-15,7.045,SBI,SBI (149)
INE422H14529,2026-07-15,7.4351,SBI,SBI
INE422H14529,2026-07-31,7.2351,SBI,SBI (247)
INE422H14529,2026-08-15,7.0449,SBI,SBI (248)
INE422H14537,2026-07-31,7.235,Aditya Birla,Aditya Birla (247)
INE422H14545,2026-07-31,7.9198,SBI,SBI (98)
INE422H14545,2026-08-15,7.125,SBI,SBI (99)
INE422H14586,2026-08-15,7.165,Axis,Axis (246)
INE423A07328,2026-06-30,8.7,ICICI Pru,ICICI Pru
INE423A07328,2026-07-15,8.83,ICICI Pru,ICICI Pru
INE423A07328,2026-07-31,8.79,ICICI Pru,ICICI Pru (50)
INE423A07328,2026-08-15,8.66,ICICI Pru,ICICI Pru (50)
INE423A07476,2026-06-30,8.66,ICICI Pru,ICICI Pru
INE423A07476,2026-07-15,8.83,ICICI Pru,ICICI Pru
INE423A07476,2026-07-31,8.79,ICICI Pru,ICICI Pru (676)
INE423A07476,2026-08-15,8.66,ICICI Pru,ICICI Pru (677)
INE423Y07104,2026-06-30,9.23,HDFC,HDFC
INE423Y07104,2026-07-15,9.39,HDFC,HDFC
INE423Y07104,2026-07-31,9.35,HDFC,HDFC (100)
INE423Y14019,2026-06-30,7.4149,Nippon,Nippon
INE423Y14019,2026-07-15,7.5498,Nippon,Nippon
INE423Y14019,2026-07-31,7.4498,Nippon,Nippon (148)
INE423Y14019,2026-08-15,7.26,Nippon,Nippon (149)
INE427F07021,2026-06-30,8.3933,SBI,SBI
INE427F07021,2026-07-15,8.6276,SBI,SBI
INE427F07021,2026-07-31,8.5568,SBI,SBI (75)
INE427F07021,2026-08-15,8.4311,SBI,SBI (75)
INE432R07380,2026-06-30,7.9859,Nippon,Nippon
INE432R07380,2026-07-15,8.3054,Nippon,Nippon
INE432R07380,2026-07-31,8.1453,Nippon,Nippon (9)
INE432R07380,2026-08-15,7.8203,Nippon,Nippon (9)
INE432R07414,2026-06-30,8.1059,Nippon,Nippon
INE432R07414,2026-07-15,8.4954,Nippon,Nippon
INE432R07414,2026-07-31,8.4854,Nippon,Nippon (146)
INE432R07414,2026-08-15,8.3853,Nippon,Nippon (147)
INE432R07455,2026-06-30,8.09,HDFC,HDFC
INE432R07455,2026-07-15,8.47,HDFC,HDFC
INE432R07455,2026-07-31,8.48,HDFC,HDFC (300)
INE432R07489,2026-06-30,8.2999,Nippon,Nippon
INE432R07489,2026-07-15,8.5535,Nippon,Nippon
INE432R07489,2026-07-31,8.53,Nippon,Nippon (178)
INE432R07489,2026-08-15,8.43,Nippon,Nippon (178)
INE432R07505,2026-06-30,8.99,ICICI Pru,ICICI Pru
INE432R07505,2026-07-15,9.24,ICICI Pru,ICICI Pru
INE432R07505,2026-07-31,9.2,ICICI Pru,ICICI Pru (494)
INE432R07505,2026-08-15,9.18,ICICI Pru,ICICI Pru (494)
INE432R14329,2026-06-30,7.69,Aditya Birla,Aditya Birla
INE432R14329,2026-07-31,7.8101,Aditya Birla,Aditya Birla (143)
INE448U07240,2026-06-30,9.18,Axis,Axis
INE448U07240,2026-07-31,9.2251,Axis,Axis (15)
INE448U07240,2026-08-15,8.8751,Axis,Axis (15)
INE448U07349,2026-06-30,9.9957,Nippon,Nippon
INE448U07349,2026-07-15,10.2007,Nippon,Nippon
INE448U07349,2026-07-31,10.065,Nippon,Nippon (25)
INE448U07349,2026-08-15,9.925,Nippon,Nippon (25)
INE457A16MU5,2026-06-30,6.92,HDFC,HDFC; UTI
INE457A16MU5,2026-07-15,7.26,HDFC,HDFC
INE457A16MU5,2026-07-31,7.04,HDFC,HDFC (146); UTI (218)
INE457A16MV3,2026-06-30,6.92,HDFC,HDFC
INE457A16MV3,2026-07-15,7.26,HDFC,HDFC
INE457A16MV3,2026-07-31,7.04,HDFC,HDFC (485)
INE460K08053,2026-06-30,7.91,HDFC,HDFC; SBI; Aditya Birla; Axis; Kotak
INE460K08053,2026-07-15,8.14,HDFC,HDFC; SBI
INE460K08053,2026-07-31,7.96,HDFC,HDFC (157); SBI (201); Aditya Birla (157); Axis (154); Kotak (152)
INE460K08053,2026-08-15,7.84,SBI,SBI (202); Axis (155); Kotak (153)
INE460M14883,2026-07-15,6.6448,Nippon,Nippon
INE460M14883,2026-07-31,6.6149,Nippon,Nippon (297)
INE460M14883,2026-08-15,6.3802,Nippon,Nippon (298)
INE466L14FS6,2026-07-31,8.11,Tata,Tata (144)
INE466L14FS6,2026-08-15,7.89,Tata,Tata (145)
INE466L14FT4,2026-06-30,8.01,UTI,UTI
INE466L14FT4,2026-07-31,8.11,UTI,UTI (72)
INE466L14FU2,2026-06-30,8.01,Aditya Birla,Aditya Birla
INE466L14FU2,2026-07-31,8.105,Aditya Birla,Aditya Birla (96)
INE466L14GA2,2026-06-30,7.29,ICICI Pru,ICICI Pru; Axis
INE466L14GA2,2026-07-15,7.35,ICICI Pru,ICICI Pru
INE466L14GA2,2026-07-31,7.0,ICICI Pru,ICICI Pru (250); Axis (250)
INE466L14GE4,2026-07-31,7.92,Nippon,Nippon (98)
INE466L14GE4,2026-08-15,7.4599,Nippon,Nippon (99)
INE466L14GF1,2026-08-15,7.5,ICICI Pru,ICICI Pru (246)
INE476A08225,2026-06-30,7.6306,SBI,SBI
INE476A08225,2026-07-15,8.0075,SBI,SBI
INE476A08225,2026-07-31,8.11,SBI,SBI (10)
INE476A08225,2026-08-15,8.05,SBI,SBI (10)
INE476A16F78,2026-06-30,6.715,Aditya Birla,Aditya Birla; Axis; Nippon; Kotak; UTI
INE476A16F78,2026-07-15,7.0475,Nippon,Nippon
INE476A16F78,2026-07-31,6.84,Aditya Birla,Aditya Birla (292); Axis (122); Nippon (19); Kotak (244); UTI (73); Tata (682)
INE476A16F78,2026-08-15,6.55,Axis,Axis (220); Nippon (20); Kotak (98); Tata (685)
INE476A16F94,2026-06-30,6.7883,Nippon,Nippon; UTI
INE476A16F94,2026-07-15,7.12,Nippon,Nippon
INE476A16F94,2026-07-31,6.9001,Aditya Birla,Aditya Birla (24); Nippon (97); UTI (194)
INE476A16F94,2026-08-15,6.68,Nippon,Nippon (97)
INE476A16G02,2026-06-30,6.79,HDFC,HDFC; Axis; Nippon; UTI
INE476A16G02,2026-07-15,7.12,HDFC,HDFC; Nippon
INE476A16G02,2026-07-31,6.9,HDFC,HDFC (339); Nippon (48); UTI (97)
INE476A16G02,2026-08-15,6.69,SBI,SBI (341); Nippon (49)
INE476A16G10,2026-06-30,6.79,ICICI Pru,ICICI Pru; Aditya Birla; UTI
INE476A16G10,2026-07-15,7.12,ICICI Pru,ICICI Pru
INE476A16G10,2026-07-31,6.9,ICICI Pru,ICICI Pru (194); Aditya Birla (48); Nippon (97); UTI (97)
INE476A16G10,2026-08-15,6.68,ICICI Pru,ICICI Pru (49); Nippon (97)
INE476A16G28,2026-06-30,6.8,HDFC,HDFC; ICICI Pru; Aditya Birla; Axis; Nippon; Kotak; UTI
INE476A16G28,2026-07-15,7.12,HDFC,HDFC; ICICI Pru; Nippon
INE476A16G28,2026-07-31,6.9,HDFC,HDFC (193); ICICI Pru (580); Aditya Birla (97); Axis (24); Nippon (24); Kotak (870); UTI (435)
INE476A16G28,2026-08-15,6.66,SBI,SBI (97); ICICI Pru (587); Axis (262); Nippon (24); Kotak (874); Tata (49)
INE476A16G36,2026-06-30,6.79,HDFC,HDFC; ICICI Pru; Aditya Birla; Nippon; Kotak; UTI
INE476A16G36,2026-07-15,7.12,HDFC,HDFC; ICICI Pru; Nippon
INE476A16G36,2026-07-31,6.9,HDFC,HDFC (628); ICICI Pru (97); Aditya Birla (73); Nippon (48); Kotak (97); UTI (193)
INE476A16G36,2026-08-15,6.68,ICICI Pru,ICICI Pru (243); Axis (97); Nippon (49); Kotak (97)
INE476A16G44,2026-06-30,6.78,HDFC,HDFC; SBI; ICICI Pru; Aditya Birla; Axis; Nippon; Kotak; UTI
INE476A16G44,2026-07-15,7.12,HDFC,HDFC; SBI; ICICI Pru; Nippon
INE476A16G44,2026-07-31,6.9,HDFC,HDFC (266); SBI (329); ICICI Pru (193); Aditya Birla (242); Axis (179); Nippon (266); Kotak (749); UTI (193); Tata (338)
INE476A16G44,2026-08-15,6.6801,SBI,SBI (87); ICICI Pru (194); Axis (179); Nippon (267); Kotak (752); Tata (339)
INE476A16H01,2026-06-30,6.775,SBI,SBI; ICICI Pru; Aditya Birla; Axis; Kotak; UTI
INE476A16H01,2026-07-15,7.1199,SBI,SBI; ICICI Pru
INE476A16H01,2026-07-31,6.8999,SBI,SBI (579); ICICI Pru (434); Aditya Birla (193); Axis (96); Kotak (217); UTI (410); Tata (48)
INE476A16H01,2026-08-15,6.68,SBI,SBI (581); ICICI Pru (436); Kotak (218); Tata (48)
INE476A16H35,2026-06-30,6.77,HDFC,HDFC; SBI; ICICI Pru; Kotak; UTI
INE476A16H35,2026-07-15,7.12,HDFC,HDFC; SBI; ICICI Pru
INE476A16H35,2026-07-31,6.9,HDFC,HDFC (144); SBI (192); ICICI Pru (144); Kotak (96); UTI (48)
INE476A16H35,2026-08-15,6.6841,SBI,SBI (193); ICICI Pru (145); Kotak (97)
INE476A16H43,2026-06-30,6.77,HDFC,HDFC; SBI; ICICI Pru; Aditya Birla; Axis; Nippon; Kotak; UTI
INE476A16H43,2026-07-15,7.12,HDFC,HDFC; SBI; ICICI Pru; Nippon
INE476A16H43,2026-07-31,6.9,HDFC,"HDFC (120); SBI (1,014); ICICI Pru (961); Aditya Birla (43); Axis (216); Nippon (288); Kotak (216); UTI (96); Tata (168)"
INE476A16H43,2026-08-15,6.6599,SBI,"SBI (1,018); ICICI Pru (965); Axis (217); Nippon (217); Kotak (217); Tata (193)"
INE476A16H84,2026-06-30,6.78,HDFC,HDFC; SBI; Aditya Birla; Nippon; Kotak; UTI
INE476A16H84,2026-07-15,7.12,HDFC,HDFC; SBI; ICICI Pru; Nippon
INE476A16H84,2026-07-31,6.9,HDFC,HDFC (48); SBI (240); ICICI Pru (264); Aditya Birla (24); Nippon (144); Kotak (216); UTI (240)
INE476A16H84,2026-08-15,6.684,SBI,SBI (96); ICICI Pru (265); Nippon (145); Kotak (217)
INE476A16H92,2026-06-30,6.77,HDFC,HDFC; SBI; ICICI Pru; Aditya Birla; Nippon; Kotak; UTI
INE476A16H92,2026-07-15,7.12,HDFC,HDFC; SBI; ICICI Pru; Nippon
INE476A16H92,2026-07-31,6.9,HDFC,"HDFC (192); SBI (1,391); ICICI Pru (120); Nippon (360); Kotak (24); UTI (24)"
INE476A16H92,2026-08-15,6.69,SBI,"SBI (1,060); ICICI Pru (120); Nippon (361); Kotak (24)"
INE476A16I00,2026-06-30,6.76,SBI,SBI; ICICI Pru
INE476A16I00,2026-07-15,7.12,HDFC,HDFC; SBI; ICICI Pru
INE476A16I00,2026-07-31,6.9,HDFC,HDFC (48); SBI (72); ICICI Pru (385); UTI (72)
INE476A16I00,2026-08-15,6.6799,SBI,SBI (24); ICICI Pru (386); Axis (48)
INE476A16I18,2026-06-30,6.22,ICICI Pru,ICICI Pru; Aditya Birla; Axis; Nippon; Kotak; UTI
INE476A16I18,2026-07-15,6.5,ICICI Pru,ICICI Pru; Nippon
INE476A16I18,2026-07-31,6.33,ICICI Pru,ICICI Pru (99); Aditya Birla (571); Axis (5); Nippon (3); Kotak (111); UTI (99); Tata (149)
INE476A16I18,2026-08-15,6.19,ICICI Pru,ICICI Pru (99); Axis (5); Nippon (3); Kotak (111); Tata (149)
INE476A16I26,2026-06-30,6.775,Nippon,Nippon; UTI
INE476A16I26,2026-07-15,7.12,SBI,SBI; ICICI Pru; Nippon
INE476A16I26,2026-07-31,6.9,SBI,SBI (144); ICICI Pru (48); Aditya Birla (72); Nippon (48); UTI (96)
INE476A16I26,2026-08-15,6.684,SBI,SBI (144); ICICI Pru (48); Nippon (48)
INE476A16I42,2026-06-30,6.215,SBI,SBI; ICICI Pru; UTI
INE476A16I42,2026-07-15,6.5,SBI,SBI; ICICI Pru
INE476A16I42,2026-07-31,6.3255,SBI,SBI (99); ICICI Pru (74); UTI (298); Tata (50)
INE476A16I42,2026-08-15,6.19,SBI,SBI (100); Tata (50)
INE476A16I75,2026-06-30,5.5104,Aditya Birla,Aditya Birla
INE476A16J09,2026-06-30,6.4,HDFC,HDFC; SBI; ICICI Pru; Aditya Birla; Axis; Nippon
INE476A16J09,2026-07-15,6.3,HDFC,HDFC; SBI; ICICI Pru
INE476A16J09,2026-07-31,6.3005,Aditya Birla,Aditya Birla (50)
INE476A16J17,2026-06-30,6.3998,Aditya Birla,Aditya Birla; Nippon; Kotak
INE476A16J17,2026-07-15,6.35,Nippon,Nippon
INE476A16J17,2026-07-31,6.2999,Aditya Birla,Aditya Birla (499); Kotak (349)
INE476A16J17,2026-08-15,5.1837,SBI,SBI (400)
INE476A16J25,2026-06-30,6.4,UTI,UTI
INE476A16J33,2026-06-30,6.3999,SBI,SBI; ICICI Pru; Axis
INE476A16J33,2026-07-15,6.3498,SBI,SBI; ICICI Pru
INE476A16J33,2026-07-31,6.2995,SBI,"SBI (1,990); ICICI Pru (224)"
INE476A16J33,2026-08-15,6.1989,SBI,"SBI (1,247)"
INE476A16J41,2026-06-30,6.27,ICICI Pru,ICICI Pru; Aditya Birla; Axis; UTI
INE476A16J41,2026-07-15,6.5,ICICI Pru,ICICI Pru
INE476A16J41,2026-07-31,6.33,HDFC,"HDFC (75); ICICI Pru (1,641); Aditya Birla (597); Axis (1,169); UTI (298); Tata (696)"
INE476A16J41,2026-08-15,6.21,ICICI Pru,"ICICI Pru (1,147); Axis (1,172); Tata (499)"
INE476A16J82,2026-06-30,6.22,HDFC,HDFC; ICICI Pru; Aditya Birla; Axis; Kotak
INE476A16J82,2026-07-15,6.5,HDFC,HDFC; ICICI Pru
INE476A16J82,2026-07-31,6.33,HDFC,HDFC (497); ICICI Pru (497); Aditya Birla (248); Axis (646); Kotak (646); Tata (248)
INE476A16J82,2026-08-15,6.21,ICICI Pru,ICICI Pru (498); Axis (647); Kotak (647); Tata (249)
INE476A16J90,2026-06-30,6.72,HDFC,HDFC; SBI; UTI
INE476A16J90,2026-07-15,7.05,HDFC,HDFC; SBI
INE476A16J90,2026-07-31,6.84,HDFC,HDFC (708); SBI (24); Axis (24); UTI (98)
INE476A16J90,2026-08-15,6.5499,SBI,SBI (24); ICICI Pru (24); Tata (122)
INE476A16K06,2026-06-30,6.72,HDFC,HDFC; Aditya Birla
INE476A16K06,2026-07-15,7.0,HDFC,HDFC
INE476A16K06,2026-07-31,6.84,HDFC,HDFC (147); Aditya Birla (269)
INE476A16K14,2026-07-15,7.25,SBI,SBI; Nippon
INE476A16K14,2026-07-31,7.0899,SBI,SBI (188); Nippon (188); Tata (235)
INE476A16K14,2026-08-15,6.91,SBI,SBI (189); Nippon (189); Tata (236)
INE476A16K22,2026-07-15,7.25,HDFC,HDFC
INE476A16K22,2026-07-31,7.09,HDFC,HDFC (470); Aditya Birla (164); Axis (141)
INE476A16K22,2026-08-15,6.91,SBI,SBI (142); Axis (142)
INE476A16K30,2026-07-31,6.7,HDFC,HDFC (297)
INE476A16K55,2026-07-31,6.7698,SBI,"SBI (2,169)"
INE476A16K55,2026-08-15,6.3299,SBI,"SBI (2,177)"
INE477A07381,2026-06-30,7.41,Kotak,Kotak
INE477A07381,2026-07-31,7.48,Kotak,Kotak (201)
INE477A07381,2026-08-15,7.29,Kotak,Kotak (201)
INE477A07415,2026-06-30,7.22,HDFC,HDFC; Aditya Birla; Nippon
INE477A07415,2026-07-15,7.44,HDFC,HDFC; Nippon
INE477A07415,2026-07-31,7.28,HDFC,HDFC (60); Aditya Birla (125); Nippon (25); Tata (35)
INE477A07415,2026-08-15,7.08,Nippon,Nippon (25); Tata (5)
INE477A07423,2026-06-30,7.41,HDFC,HDFC; UTI
INE477A07423,2026-07-15,7.57,HDFC,HDFC
INE477A07423,2026-07-31,7.48,HDFC,HDFC (151); UTI (100); Tata (5)
INE477A07423,2026-08-15,7.29,Tata,Tata (5)
INE477A14EF6,2026-06-30,6.6402,Aditya Birla,Aditya Birla
INE477A14EG4,2026-06-30,6.5526,Aditya Birla,Aditya Birla; Kotak
INE477A14EG4,2026-07-31,6.1717,Aditya Birla,Aditya Birla (250); Kotak (250)
INE477A14EI0,2026-06-30,6.55,ICICI Pru,ICICI Pru; UTI
INE477A14EI0,2026-07-15,6.49,ICICI Pru,ICICI Pru
INE477A14EI0,2026-07-31,6.44,ICICI Pru,ICICI Pru (249); UTI (100)
INE477A14EI0,2026-08-15,6.34,ICICI Pru,ICICI Pru (250)
INE477A14EJ8,2026-06-30,6.4625,Nippon,Nippon
INE477A14EJ8,2026-07-15,6.6247,Nippon,Nippon
INE477A14EJ8,2026-07-31,6.5561,Nippon,Nippon (497)
INE477A14EJ8,2026-08-15,6.3801,Nippon,Nippon (498)
INE477A14EL4,2026-07-31,6.62,UTI,UTI (495)
INE477L07AZ3,2026-06-30,7.9575,Nippon,Nippon
INE477L07AZ3,2026-07-15,8.1575,Nippon,Nippon
INE477L07AZ3,2026-07-31,7.9975,Nippon,Nippon (35)
INE477L07AZ3,2026-08-15,7.7425,Nippon,Nippon (35)
INE477L14FV7,2026-06-30,7.9126,Nippon,Nippon
INE477L14FV7,2026-07-15,8.0974,Nippon,Nippon
INE477L14FV7,2026-07-31,8.0027,Nippon,Nippon (198)
INE477L14FV7,2026-08-15,7.8128,Nippon,Nippon (199)
INE477L14FW5,2026-06-30,8.0025,Nippon,Nippon
INE477L14FW5,2026-07-15,7.8881,Nippon,Nippon
INE477L14FW5,2026-07-31,7.8479,Nippon,Nippon (200)
INE477L14FY1,2026-08-15,8.325,Nippon,Nippon (196)
INE481G07190,2026-06-30,6.77,ICICI Pru,ICICI Pru
INE481G07190,2026-07-15,6.69,ICICI Pru,ICICI Pru
INE481G07190,2026-07-31,6.64,ICICI Pru,ICICI Pru (50)
INE481G07190,2026-08-15,6.43,ICICI Pru,ICICI Pru (50)
INE481G08123,2026-06-30,7.03,HDFC,HDFC
INE481G08123,2026-07-15,7.29,HDFC,HDFC
INE481G08123,2026-07-31,7.22,HDFC,HDFC (75)
INE481G14FW7,2026-08-15,6.6,ICICI Pru,ICICI Pru (295)
INE483A16KQ3,2026-06-30,6.4501,Aditya Birla,Aditya Birla; Nippon
INE483A16KQ3,2026-07-31,6.3589,Aditya Birla,Aditya Birla (799)
INE483A16KR1,2026-06-30,6.3502,Aditya Birla,Aditya Birla; Axis; Nippon; Kotak; UTI
INE483A16KR1,2026-07-15,6.6249,Nippon,Nippon
INE483A16KR1,2026-07-31,6.3747,Aditya Birla,Aditya Birla (497); Axis (398); Nippon (497); Kotak (149); UTI (597); Tata (224)
INE483A16KR1,2026-08-15,6.2608,Axis,Axis (399); Nippon (249)
INE483A16KS9,2026-06-30,6.3498,Nippon,Nippon; UTI
INE483A16KS9,2026-07-15,6.6248,Nippon,Nippon
INE483A16KS9,2026-07-31,6.3747,Nippon,Nippon (249); UTI (249)
INE483A16KS9,2026-08-15,6.2604,Nippon,Nippon (249)
INE483A16KT7,2026-06-30,6.3502,Aditya Birla,Aditya Birla; Nippon
INE483A16KT7,2026-07-15,6.6248,Nippon,Nippon
INE483A16KT7,2026-07-31,6.3495,Aditya Birla,Aditya Birla (298); Nippon (298)
INE483A16KT7,2026-08-15,6.2605,Nippon,Nippon (299)
INE483A16KU5,2026-06-30,6.35,SBI,SBI; Axis
INE483A16KU5,2026-07-15,6.6252,SBI,SBI
INE483A16KU5,2026-07-31,6.3749,Axis,Axis (248)
INE483A16KU5,2026-08-15,6.2603,Axis,Axis (249)
INE483A16KV3,2026-06-30,6.3498,SBI,SBI
INE483A16KV3,2026-07-15,6.6253,SBI,SBI
INE483A16KV3,2026-07-31,6.3492,SBI,SBI (521)
INE483A16KV3,2026-08-15,6.2602,SBI,SBI (398)
INE483A16KW1,2026-06-30,6.35,Nippon,Nippon
INE483A16KW1,2026-07-15,6.625,Nippon,Nippon
INE483A16KW1,2026-07-31,6.3501,Nippon,Nippon (472)
INE483A16KW1,2026-08-15,6.2602,Nippon,Nippon (473)
INE483A16KX9,2026-07-15,6.6253,Nippon,Nippon
INE483A16KX9,2026-07-31,6.4452,Aditya Birla,Aditya Birla (297); Nippon (396); Tata (495)
INE483A16KX9,2026-08-15,6.2604,Nippon,Nippon (397); Tata (497)
INE483A16KY7,2026-08-15,6.43,Tata,Tata (961)
INE483A16KZ4,2026-08-15,6.43,SBI,SBI (985)
INE483A16LA5,2026-08-15,6.43,Kotak,Kotak (492)
INE483Z08012,2026-06-30,7.89,ICICI Pru,ICICI Pru; Axis
INE483Z08012,2026-07-15,8.06,ICICI Pru,ICICI Pru
INE483Z08012,2026-07-31,7.99,ICICI Pru,ICICI Pru (153); Axis (107)
INE483Z08012,2026-08-15,7.82,ICICI Pru,ICICI Pru (153); Axis (107)
INE484J08048,2026-06-30,7.0407,SBI,SBI; Aditya Birla; Axis; UTI
INE484J08055,2026-06-30,7.6281,SBI,SBI; Aditya Birla; Axis
INE484J08055,2026-07-15,7.86,HDFC,HDFC; SBI
INE484J08055,2026-07-31,7.68,HDFC,HDFC (100); SBI (301); Aditya Birla (186); Axis (35); UTI (100); Tata (65)
INE484J08055,2026-08-15,7.52,SBI,SBI (301); Axis (35); Tata (70)
INE484J08071,2026-06-30,7.9,ICICI Pru,ICICI Pru; Nippon
INE484J08071,2026-07-15,8.03,ICICI Pru,ICICI Pru; Nippon
INE484J08071,2026-07-31,8.0,ICICI Pru,ICICI Pru (66); Nippon (5)
INE484J08071,2026-08-15,7.96,ICICI Pru,ICICI Pru (66); Nippon (5)
INE484J08089,2026-06-30,7.85,ICICI Pru,ICICI Pru; Aditya Birla; Axis; Kotak
INE484J08089,2026-07-15,7.98,ICICI Pru,ICICI Pru
INE484J08089,2026-07-31,7.91,ICICI Pru,ICICI Pru (327); Aditya Birla (101); Axis (25); Kotak (76)
INE484J08089,2026-08-15,7.89,ICICI Pru,ICICI Pru (327); Axis (25); Kotak (76)
INE484J14B34,2026-06-30,6.47,HDFC,HDFC
INE484J14B42,2026-06-30,6.5,HDFC,HDFC
INE484J14B59,2026-06-30,6.5,HDFC,HDFC
INE484J14B67,2026-06-30,6.5,HDFC,HDFC
INE484J14B75,2026-06-30,6.5193,Aditya Birla,Aditya Birla
INE484J14B83,2026-06-30,6.52,Aditya Birla,Aditya Birla
INE484J14B91,2026-06-30,6.5205,Aditya Birla,Aditya Birla
INE484J14C09,2026-06-30,6.5001,Nippon,Nippon
INE484J14C17,2026-06-30,6.5201,Nippon,Nippon
INE484J14C17,2026-07-15,6.06,Nippon,Nippon
INE484J14D32,2026-06-30,6.53,ICICI Pru,ICICI Pru; Aditya Birla
INE484J14D32,2026-07-15,7.0,ICICI Pru,ICICI Pru
INE484J14D32,2026-07-31,6.85,ICICI Pru,ICICI Pru (99); Aditya Birla (149)
INE484J14D32,2026-08-15,6.56,ICICI Pru,ICICI Pru (99)
INE484J14D40,2026-06-30,6.53,SBI,SBI
INE484J14D40,2026-07-15,6.9948,SBI,SBI
INE484J14D40,2026-07-31,6.9251,SBI,SBI (99)
INE484J14D40,2026-08-15,6.5997,SBI,SBI (99)
INE484J14D57,2026-06-30,6.53,SBI,SBI
INE484J14D57,2026-07-15,6.995,SBI,SBI
INE484J14D57,2026-07-31,6.9251,SBI,SBI (149)
INE484J14D57,2026-08-15,6.6,SBI,SBI (149)
INE484J14D65,2026-06-30,6.53,SBI,SBI
INE484J14D65,2026-07-15,6.9952,SBI,SBI
INE484J14D65,2026-07-31,6.9249,SBI,SBI (149)
INE484J14D65,2026-08-15,6.6003,SBI,SBI (149)
INE484J14D99,2026-06-30,6.53,ICICI Pru,ICICI Pru
INE484J14D99,2026-07-15,7.0,ICICI Pru,ICICI Pru
INE484J14D99,2026-07-31,6.93,ICICI Pru,ICICI Pru (149)
INE484J14D99,2026-08-15,6.6,ICICI Pru,ICICI Pru (149)
INE484J14E07,2026-06-30,6.53,ICICI Pru,ICICI Pru
INE484J14E07,2026-07-15,7.0,ICICI Pru,ICICI Pru
INE484J14E07,2026-07-31,6.93,ICICI Pru,ICICI Pru (99)
INE484J14E07,2026-08-15,6.6,ICICI Pru,ICICI Pru (99)
INE484J14E15,2026-06-30,6.53,Aditya Birla,Aditya Birla
INE484J14E15,2026-07-31,6.9251,Aditya Birla,Aditya Birla (99)
INE484J14E23,2026-06-30,6.53,ICICI Pru,ICICI Pru
INE484J14E23,2026-07-15,7.0,ICICI Pru,ICICI Pru
INE484J14E23,2026-07-31,6.93,ICICI Pru,ICICI Pru (99)
INE484J14E23,2026-08-15,6.6,ICICI Pru,ICICI Pru (99)
INE484J14E31,2026-07-15,7.07,ICICI Pru,ICICI Pru
INE484J14E31,2026-07-31,6.73,ICICI Pru,ICICI Pru (25)
INE484J14E31,2026-08-15,6.51,ICICI Pru,ICICI Pru (25)
INE484J14E56,2026-07-15,7.07,ICICI Pru,ICICI Pru
INE484J14E56,2026-07-31,6.73,ICICI Pru,ICICI Pru (124)
INE484J14E56,2026-08-15,6.51,ICICI Pru,ICICI Pru (125)
INE484J14E72,2026-07-15,7.07,HDFC,HDFC
INE484J14E72,2026-07-31,6.7,HDFC,HDFC (150)
INE484J14E80,2026-07-15,7.07,HDFC,HDFC
INE484J14E80,2026-07-31,6.7,HDFC,HDFC (150)
INE484J14E98,2026-07-31,6.7,HDFC,HDFC (150)
INE484J14F30,2026-08-15,6.6401,SBI,SBI (123)
INE484J14F48,2026-08-15,6.64,SBI,SBI (99)
INE484J14F55,2026-08-15,6.6399,SBI,SBI (98)
INE484J14F63,2026-08-15,6.64,SBI,SBI (98)
INE486A14GC9,2026-06-30,6.5849,Aditya Birla,Aditya Birla
INE486A14GC9,2026-07-31,6.7398,Aditya Birla,Aditya Birla (248)
INE486A14GD7,2026-06-30,6.5849,SBI,SBI
INE486A14GD7,2026-07-15,6.77,SBI,SBI
INE486A14GD7,2026-07-31,6.7402,SBI,SBI (198)
INE486A14GD7,2026-08-15,6.4576,SBI,SBI (199)
INE486A14GF2,2026-07-31,6.4974,Aditya Birla,Aditya Birla (298)
INE486A14GG0,2026-08-15,6.7899,SBI,SBI (197)
INE489L14918,2026-07-31,8.22,Tata,Tata (248)
INE489L14918,2026-08-15,8.07,Tata,Tata (249)
INE489L14934,2026-06-30,9.42,HDFC,HDFC
INE489L14934,2026-07-15,9.48,HDFC,HDFC
INE489L14934,2026-07-31,9.41,HDFC,HDFC (484)
INE489L14942,2026-06-30,9.51,HDFC,HDFC
INE489L14942,2026-07-15,9.55,HDFC,HDFC
INE489L14942,2026-07-31,9.41,HDFC,HDFC (189)
INE489L14959,2026-06-30,8.71,Kotak,Kotak
INE489L14959,2026-07-31,8.22,Kotak,Kotak (198)
INE489L14959,2026-08-15,8.07,Kotak,Kotak (199)
INE491A16151,2026-06-30,7.0,Kotak,Kotak
INE491A16151,2026-07-31,6.9,Kotak,Kotak (499)
INE491A16169,2026-06-30,6.8751,Aditya Birla,Aditya Birla
INE491A16169,2026-07-31,6.9399,Aditya Birla,"Aditya Birla (1,191)"
INE491A16177,2026-06-30,6.8749,Aditya Birla,Aditya Birla; Axis
INE491A16177,2026-07-31,6.9406,Aditya Birla,Aditya Birla (248); Axis (248)
INE491A16177,2026-08-15,6.8156,Axis,Axis (249)
INE491A16185,2026-08-15,7.22,Kotak,Kotak (491)
INE494B04019,2026-06-30,14.2188,SBI,SBI; UTI
INE494B04019,2026-07-15,11.1452,SBI,SBI
INE494B04019,2026-07-31,16.8948,SBI,SBI (0); UTI (2)
INE494B04019,2026-08-15,21.7269,SBI,SBI (0)
INE494B08044,2026-07-31,7.32,SBI,SBI (225)
INE494B08044,2026-08-15,7.2614,SBI,SBI (225)
INE494B08051,2026-08-15,7.2714,SBI,SBI (700)
INE498L07038,2026-06-30,7.6,HDFC,HDFC; Aditya Birla; Axis; Kotak
INE498L07038,2026-07-15,7.66,HDFC,HDFC
INE498L07038,2026-07-31,7.6,HDFC,HDFC (25); Aditya Birla (10); Axis (55); Kotak (2)
INE498L07038,2026-08-15,7.5084,Axis,Axis (55); Kotak (2)
INE498L07046,2026-06-30,7.66,HDFC,HDFC
INE498L07129,2026-06-30,7.66,Kotak,Kotak
INE498L07129,2026-07-31,7.8,Kotak,Kotak (249)
INE498L07129,2026-08-15,7.76,Kotak,Kotak (249)
INE498L07137,2026-06-30,7.595,Aditya Birla,Aditya Birla; Axis
INE498L07137,2026-07-31,7.5976,Axis,Axis (139)
INE498L07137,2026-08-15,7.505,Axis,Axis (140)
INE498L07145,2026-06-30,7.66,HDFC,HDFC
INE498L07145,2026-07-15,7.87,HDFC,HDFC
INE498L07145,2026-07-31,7.8,HDFC,HDFC (25)
INE498L07178,2026-06-30,7.6576,Aditya Birla,Aditya Birla
INE498L07178,2026-07-31,7.8098,Aditya Birla,Aditya Birla (25)
INE498L07202,2026-07-15,7.8589,Nippon,Nippon
INE498L07202,2026-07-31,7.905,Nippon,Nippon (50)
INE498L07202,2026-08-15,7.8925,Nippon,Nippon (20)
INE498L07210,2026-06-30,7.9,Aditya Birla,Aditya Birla
INE498L07210,2026-07-31,7.855,Aditya Birla,Aditya Birla (493)
INE498L07228,2026-07-15,7.9,HDFC,HDFC
INE498L07228,2026-07-31,7.88,HDFC,HDFC (97)
INE498L14EJ1,2026-06-30,6.8151,Aditya Birla,Aditya Birla
INE498L14FQ3,2026-06-30,7.185,SBI,SBI; Nippon
INE498L14FQ3,2026-07-15,7.4549,SBI,SBI; Nippon
INE498L14FQ3,2026-07-31,7.305,SBI,SBI (478); Nippon (24)
INE498L14FQ3,2026-08-15,7.06,SBI,SBI (480); Nippon (24)
INE498L14FS9,2026-06-30,5.9875,SBI,SBI
INE498L14FV3,2026-06-30,6.74,HDFC,HDFC; Axis; UTI
INE498L14FV3,2026-07-15,6.88,HDFC,HDFC
INE498L14FV3,2026-07-31,6.5548,Axis,Axis (498); UTI (324)
INE498L14FV3,2026-08-15,6.4198,Axis,Axis (200)
INE498L14FY7,2026-06-30,7.185,Axis,Axis
INE498L14FY7,2026-07-31,7.305,Axis,Axis (168)
INE498L14FY7,2026-08-15,7.06,Axis,Axis (168)
INE498L14GA5,2026-07-15,7.72,HDFC,HDFC; Nippon
INE498L14GA5,2026-07-31,7.64,HDFC,HDFC (141); Nippon (94)
INE498L14GA5,2026-08-15,7.345,Nippon,Nippon (94)
INE498L14GD9,2026-07-31,6.75,HDFC,HDFC (25)
INE498L14GF4,2026-07-31,7.25,HDFC,HDFC (737)
INE503A16HS0,2026-06-30,7.5564,Aditya Birla,Aditya Birla
INE503A16HS0,2026-07-31,7.6565,Aditya Birla,Aditya Birla (144)
INE503A16HT8,2026-06-30,7.5564,Aditya Birla,Aditya Birla
INE503A16HT8,2026-07-31,7.6565,Aditya Birla,Aditya Birla (191)
INE503A16HW2,2026-06-30,6.64,Aditya Birla,Aditya Birla
INE503A16HW2,2026-07-31,6.5394,Aditya Birla,Aditya Birla (249)
INE503A16HX0,2026-06-30,6.64,Kotak,Kotak; UTI
INE503A16HX0,2026-07-31,6.56,Kotak,Kotak (249); UTI (149)
INE503A16HZ5,2026-06-30,6.515,Aditya Birla,Aditya Birla
INE503A16HZ5,2026-07-31,6.5804,Aditya Birla,Aditya Birla (199)
INE503A16IA6,2026-06-30,6.515,Aditya Birla,Aditya Birla
INE503A16IA6,2026-07-31,6.58,Aditya Birla,Aditya Birla (496)
INE507T07070,2026-06-30,7.5,SBI,SBI; Nippon; UTI
INE507T07070,2026-07-15,7.65,Nippon,Nippon
INE507T07070,2026-07-31,7.6347,Nippon,Nippon (300); UTI (175)
INE507T07070,2026-08-15,7.5247,Nippon,Nippon (300)
INE507T07088,2026-06-30,7.5749,Aditya Birla,Aditya Birla
INE507T07088,2026-07-31,7.725,Aditya Birla,Aditya Birla (402)
INE507T07096,2026-06-30,7.41,ICICI Pru,ICICI Pru; Aditya Birla
INE507T07096,2026-07-15,7.59,ICICI Pru,ICICI Pru
INE507T07096,2026-07-31,7.58,ICICI Pru,ICICI Pru (75); Aditya Birla (171)
INE507T07096,2026-08-15,7.3,ICICI Pru,ICICI Pru (76)
INE507T07104,2026-06-30,7.6407,SBI,SBI
INE507T07104,2026-07-15,7.6758,SBI,SBI
INE507T07104,2026-07-31,7.7258,SBI,SBI (383)
INE507T07104,2026-08-15,7.7009,SBI,SBI (383)
INE507T07112,2026-06-30,7.2245,Aditya Birla,Aditya Birla; Nippon
INE507T07112,2026-07-15,7.5733,Nippon,Nippon
INE507T07112,2026-07-31,7.4233,Aditya Birla,Aditya Birla (50); Nippon (150)
INE507T07112,2026-08-15,6.765,Nippon,Nippon (201)
INE507T07120,2026-06-30,7.52,UTI,UTI
INE507T07120,2026-07-31,7.68,UTI,UTI (76)
INE507T07138,2026-06-30,7.52,Axis,Axis; Nippon
INE507T07138,2026-07-15,7.65,Nippon,Nippon
INE507T07138,2026-07-31,7.675,Nippon,Nippon (197)
INE507T07138,2026-08-15,7.575,Nippon,Nippon (197)
INE507T07146,2026-06-30,7.58,ICICI Pru,ICICI Pru; Aditya Birla; Nippon
INE507T07146,2026-07-15,7.69,ICICI Pru,ICICI Pru; Nippon
INE507T07146,2026-07-31,7.73,ICICI Pru,ICICI Pru (690); Aditya Birla (38); Nippon (106)
INE507T07146,2026-08-15,7.66,ICICI Pru,ICICI Pru (691); Nippon (106)
INE507T07153,2026-06-30,7.6101,SBI,SBI; ICICI Pru
INE507T07153,2026-07-15,7.6738,SBI,SBI; ICICI Pru
INE507T07153,2026-07-31,7.7238,SBI,SBI (446); ICICI Pru (231)
INE507T07153,2026-08-15,7.6838,SBI,SBI (447); ICICI Pru (231)
INE511C07847,2026-06-30,7.94,HDFC,HDFC; Kotak
INE511C07847,2026-07-15,8.12,HDFC,HDFC
INE511C07847,2026-07-31,8.07,HDFC,HDFC (149); Kotak (99)
INE511C07847,2026-08-15,8.13,Kotak,Kotak (99)
INE511C07854,2026-06-30,7.73,HDFC,HDFC; Nippon; Kotak; UTI
INE511C07854,2026-07-15,8.01,HDFC,HDFC
INE511C07854,2026-07-31,7.89,HDFC,HDFC (449); Axis (264); Kotak (199); UTI (75)
INE511C07854,2026-08-15,7.88,Axis,Axis (264); Kotak (199)
INE511C07862,2026-06-30,7.9375,Aditya Birla,Aditya Birla
INE511C07862,2026-07-31,8.07,Aditya Birla,Aditya Birla (139)
INE511C07870,2026-06-30,7.73,HDFC,HDFC; Aditya Birla; Axis; UTI
INE511C07870,2026-07-15,8.02,HDFC,HDFC
INE511C07870,2026-07-31,7.89,HDFC,HDFC (249); Aditya Birla (349); UTI (80); Tata (189)
INE511C07870,2026-08-15,7.88,Tata,Tata (100)
INE511C07912,2026-06-30,7.88,HDFC,HDFC; Aditya Birla; Nippon; UTI
INE511C07912,2026-07-15,8.01,HDFC,HDFC; Nippon
INE511C07912,2026-07-31,7.99,HDFC,HDFC (199); Aditya Birla (134); Nippon (75); UTI (50); Tata (10)
INE511C07912,2026-08-15,8.03,Nippon,Nippon (75); Tata (10)
INE511C07920,2026-06-30,7.94,UTI,UTI
INE511C07920,2026-07-31,8.07,UTI,UTI (99)
INE511C07938,2026-06-30,7.6849,Aditya Birla,Aditya Birla; Axis; UTI
INE511C07938,2026-07-31,7.64,Aditya Birla,Aditya Birla (250); Axis (50); UTI (75)
INE511C07938,2026-08-15,7.65,Axis,Axis (50)
INE511C07946,2026-06-30,7.65,HDFC,HDFC; Aditya Birla; Axis; Nippon; UTI
INE511C07946,2026-07-15,7.87,HDFC,HDFC; Nippon
INE511C07946,2026-07-31,7.65,HDFC,HDFC (796); Aditya Birla (694); Axis (60); Nippon (399); UTI (67)
INE511C07946,2026-08-15,7.67,Axis,Axis (60); Nippon (359)
INE511C07979,2026-06-30,7.94,UTI,UTI
INE511C07979,2026-07-31,8.07,UTI,UTI (7)
INE511C07995,2026-06-30,7.94,HDFC,HDFC; Nippon
INE511C07995,2026-07-15,8.12,HDFC,HDFC; Nippon
INE511C07995,2026-07-31,8.07,HDFC,HDFC (280); Nippon (125)
INE511C07995,2026-08-15,8.1275,Nippon,Nippon (103)
INE511C07AA1,2026-06-30,7.9725,Nippon,Nippon
INE511C07AA1,2026-07-15,8.116,Nippon,Nippon
INE511C07AA1,2026-07-31,8.07,Nippon,Nippon (70)
INE511C07AA1,2026-08-15,8.1288,Nippon,Nippon (70)
INE511C07AB9,2026-07-31,8.08,Kotak,Kotak (100)
INE511C07AB9,2026-08-15,8.14,Kotak,Kotak (100)
INE511C14ZH9,2026-06-30,7.38,UTI,UTI
INE511C14ZH9,2026-07-31,7.42,UTI,UTI (241)
INE511C14ZI7,2026-06-30,7.38,UTI,UTI
INE511C14ZI7,2026-07-31,7.42,UTI,UTI (193)
INE511C14ZN7,2026-06-30,6.8901,Axis,Axis
INE511C14ZN7,2026-07-31,6.6597,Axis,Axis (249)
INE511C14ZN7,2026-08-15,6.5918,Axis,Axis (250)
INE511C14ZP2,2026-06-30,6.8901,SBI,SBI
INE511C14ZP2,2026-07-15,7.0248,SBI,SBI
INE511C14ZP2,2026-07-31,6.85,SBI,SBI (496)
INE511C14ZP2,2026-08-15,6.6998,SBI,SBI (498)
INE511C14ZT4,2026-07-31,7.3474,SBI,SBI (246)
INE511C14ZT4,2026-08-15,6.8797,SBI,SBI (247)
INE511C14ZU2,2026-07-31,7.35,HDFC,HDFC (591)
INE514E08ED5,2026-06-30,6.98,Aditya Birla,Aditya Birla
INE514E08ED5,2026-07-31,7.11,Aditya Birla,Aditya Birla (16)
INE514E08FG5,2026-06-30,6.8502,SBI,SBI; ICICI Pru; Aditya Birla; Nippon; Kotak
INE514E08FG5,2026-07-15,6.7251,SBI,SBI; ICICI Pru; Nippon
INE514E08FG5,2026-07-31,6.6202,SBI,SBI (135); ICICI Pru (3); Aditya Birla (9); Nippon (69); Kotak (4)
INE514E08FG5,2026-08-15,6.3541,SBI,SBI (150); ICICI Pru (3); Nippon (54); Kotak (4)
INE514E08FH3,2026-06-30,7.095,Axis,Axis
INE514E08FH3,2026-07-31,7.11,Axis,Axis (10)
INE514E08FH3,2026-08-15,7.115,Axis,Axis (10)
INE514E08FJ9,2026-06-30,6.87,ICICI Pru,ICICI Pru; Nippon
INE514E08FJ9,2026-07-15,7.19,ICICI Pru,ICICI Pru; Nippon
INE514E08FJ9,2026-07-31,6.94,ICICI Pru,ICICI Pru (165); Nippon (5)
INE514E08FJ9,2026-08-15,6.72,ICICI Pru,ICICI Pru (165); Nippon (5)
INE514E08FN1,2026-06-30,7.0,ICICI Pru,ICICI Pru; UTI
INE514E08FN1,2026-07-15,7.21,ICICI Pru,ICICI Pru
INE514E08FN1,2026-07-31,7.06,ICICI Pru,ICICI Pru (25); UTI (5); Tata (45)
INE514E08FN1,2026-08-15,6.9,ICICI Pru,ICICI Pru (25); Tata (45)
INE514E08FP6,2026-06-30,7.03,HDFC,HDFC; ICICI Pru; UTI
INE514E08FP6,2026-07-15,7.25,HDFC,HDFC; ICICI Pru
INE514E08FP6,2026-07-31,7.1,HDFC,HDFC (50); ICICI Pru (335); UTI (25)
INE514E08FP6,2026-08-15,7.0,ICICI Pru,ICICI Pru (336)
INE514E08FQ4,2026-06-30,7.22,Axis,Axis
INE514E08FQ4,2026-07-31,7.245,Axis,Axis (10)
INE514E08FQ4,2026-08-15,7.2199,Axis,Axis (10)
INE514E08GB4,2026-06-30,6.95,HDFC,HDFC; Aditya Birla; Axis; Nippon; UTI
INE514E08GB4,2026-07-15,7.23,HDFC,HDFC; Nippon
INE514E08GB4,2026-07-31,7.1,HDFC,HDFC (75); Aditya Birla (126); Axis (75); Nippon (75); UTI (202); Tata (151)
INE514E08GB4,2026-08-15,7.02,Axis,Axis (50); Nippon (75); Tata (151)
INE514E08GC2,2026-06-30,6.955,Nippon,Nippon; Kotak; UTI
INE514E08GC2,2026-07-15,7.205,Nippon,Nippon
INE514E08GC2,2026-07-31,7.11,Axis,Axis (25); Nippon (101); Kotak (101); UTI (75)
INE514E08GC2,2026-08-15,7.06,Axis,Axis (25); Nippon (101); Kotak (101)
INE514E08GD0,2026-06-30,6.98,ICICI Pru,ICICI Pru; Aditya Birla; Nippon; UTI
INE514E08GD0,2026-07-15,7.19,ICICI Pru,ICICI Pru; Nippon
INE514E08GD0,2026-07-31,7.11,ICICI Pru,ICICI Pru (75); Nippon (25); UTI (175)
INE514E08GD0,2026-08-15,7.08,ICICI Pru,ICICI Pru (75); Nippon (25)
INE514E08GE8,2026-06-30,6.95,HDFC,HDFC; Aditya Birla; Axis; Nippon; UTI
INE514E08GE8,2026-07-15,7.22,HDFC,HDFC; Nippon
INE514E08GE8,2026-07-31,7.11,HDFC,HDFC (301); Aditya Birla (80); Axis (126); Nippon (221); UTI (75); Tata (10)
INE514E08GE8,2026-08-15,7.04,Axis,Axis (126); Nippon (221); Tata (10)
INE514E08GF5,2026-06-30,7.04,HDFC,HDFC; Aditya Birla; Axis; Kotak; UTI
INE514E08GF5,2026-07-15,7.175,Nippon,Nippon
INE514E08GF5,2026-07-31,7.115,Aditya Birla,Aditya Birla (25); Axis (75); Nippon (50); Kotak (25); UTI (405)
INE514E08GF5,2026-08-15,7.1,Axis,Axis (76); Nippon (50); Kotak (25)
INE514E08GG3,2026-06-30,7.095,Axis,Axis
INE514E08GG3,2026-07-31,7.11,Axis,Axis (25)
INE514E08GG3,2026-08-15,7.115,Axis,Axis (25)
INE514E14TC3,2026-06-30,6.825,Nippon,Nippon; Kotak; UTI
INE514E14TC3,2026-07-15,7.14,Nippon,Nippon
INE514E14TC3,2026-07-31,6.9199,Nippon,Nippon (194); Kotak (242); UTI (169)
INE514E14TC3,2026-08-15,6.7,Nippon,Nippon (194); Kotak (243)
INE514E14TJ8,2026-06-30,6.42,ICICI Pru,ICICI Pru; Nippon; UTI
INE514E14TJ8,2026-07-15,6.4152,Nippon,Nippon
INE514E14TJ8,2026-07-31,6.3008,Nippon,Nippon (294)
INE514E14TJ8,2026-08-15,6.21,ICICI Pru,ICICI Pru (100); Nippon (45)
INE514E14TL4,2026-06-30,6.32,HDFC,HDFC; Axis
INE514E14TL4,2026-07-15,6.55,HDFC,HDFC
INE514E14TL4,2026-07-31,6.4,HDFC,"HDFC (994); Axis (1,765)"
INE514E14TL4,2026-08-15,6.2298,Axis,"Axis (1,620)"
INE514E14TM2,2026-06-30,6.32,HDFC,HDFC; Aditya Birla; Axis
INE514E14TM2,2026-07-15,6.55,HDFC,HDFC
INE514E14TM2,2026-07-31,6.4001,Aditya Birla,Aditya Birla (695); Axis (994)
INE514E14TM2,2026-08-15,6.23,Axis,Axis (996)
INE514E14TN0,2026-06-30,6.31,ICICI Pru,ICICI Pru; Aditya Birla; Axis; Nippon
INE514E14TN0,2026-07-15,6.55,ICICI Pru,ICICI Pru; Nippon
INE514E14TN0,2026-07-31,6.4,ICICI Pru,ICICI Pru (149); Aditya Birla (621); Axis (695); Nippon (397); Tata (944)
INE514E14TN0,2026-08-15,6.23,ICICI Pru,ICICI Pru (149); Axis (697); Nippon (398); Tata (946)
INE514E14TO8,2026-06-30,6.32,HDFC,HDFC; ICICI Pru; Aditya Birla; UTI
INE514E14TO8,2026-07-15,6.55,HDFC,HDFC; ICICI Pru
INE514E14TO8,2026-07-31,6.4,HDFC,"HDFC (1,488); ICICI Pru (496); Aditya Birla (273); Axis (198); UTI (248)"
INE514E14TO8,2026-08-15,6.23,ICICI Pru,ICICI Pru (497); Axis (199)
INE514E14TP5,2026-06-30,6.32,HDFC,HDFC; Nippon; Kotak
INE514E14TP5,2026-07-15,6.55,HDFC,HDFC; Nippon
INE514E14TP5,2026-07-31,6.44,HDFC,HDFC (248); Nippon (495); Kotak (545); Tata (669)
INE514E14TP5,2026-08-15,6.2299,Nippon,Nippon (497); Kotak (547); Tata (671)
INE514E14TQ3,2026-06-30,6.72,HDFC,HDFC; ICICI Pru; Aditya Birla
INE514E14TQ3,2026-07-31,6.87,Aditya Birla,Aditya Birla (195); UTI (390)
INE514E14TQ3,2026-08-15,6.54,Tata,Tata (881)
INE514E14TR1,2026-07-31,6.87,Axis,Axis (146); UTI (49); Tata (244)
INE514E14TR1,2026-08-15,6.54,Axis,Axis (147); Tata (245)
INE514E14TS9,2026-08-15,6.42,ICICI Pru,ICICI Pru (740); Nippon (493)
INE514E16CN1,2026-06-30,6.7,HDFC,HDFC; Aditya Birla; Axis
INE514E16CN1,2026-07-15,6.99,HDFC,HDFC
INE514E16CN1,2026-07-31,6.85,HDFC,HDFC (196); Aditya Birla (49); Axis (147); Kotak (25); UTI (123)
INE514E16CO9,2026-06-30,6.77,UTI,UTI
INE514E16CO9,2026-07-31,6.8901,Axis,Axis (121); UTI (508)
INE514E16CO9,2026-08-15,6.6499,Axis,Axis (121)
INE514E16CP6,2026-06-30,6.77,HDFC,HDFC; ICICI Pru; Aditya Birla; UTI
INE514E16CP6,2026-07-15,7.09,HDFC,HDFC; ICICI Pru
INE514E16CP6,2026-07-31,6.89,HDFC,HDFC (240); ICICI Pru (96); Aditya Birla (409); UTI (96)
INE514E16CP6,2026-08-15,6.65,ICICI Pru,ICICI Pru (97)
INE516Y07444,2026-06-30,9.42,UTI,UTI
INE516Y07444,2026-07-31,9.095,Nippon,Nippon (90); UTI (81)
INE516Y07444,2026-08-15,9.13,Nippon,Nippon (90)
INE517B14AG3,2026-06-30,7.2663,Aditya Birla,Aditya Birla; Axis
INE517B14AG3,2026-07-31,7.4412,Aditya Birla,Aditya Birla (587); Axis (245)
INE517B14AG3,2026-08-15,7.0699,Axis,Axis (246)
INE517B14AJ7,2026-06-30,7.01,HDFC,HDFC; Aditya Birla
INE517B14AJ7,2026-07-15,7.21,HDFC,HDFC
INE517B14AJ7,2026-07-31,7.08,HDFC,HDFC (273); Aditya Birla (298)
INE522D07CH7,2026-06-30,7.4,ICICI Pru,ICICI Pru
INE522D07CH7,2026-07-15,7.41,ICICI Pru,ICICI Pru
INE522D07CH7,2026-07-31,7.15,ICICI Pru,ICICI Pru (38)
INE522D07CH7,2026-08-15,7.01,ICICI Pru,ICICI Pru (38)
INE522D07CI5,2026-06-30,8.4,ICICI Pru,ICICI Pru
INE522D07CI5,2026-07-15,8.45,ICICI Pru,ICICI Pru
INE522D07CI5,2026-07-31,8.61,ICICI Pru,ICICI Pru (198)
INE522D07CI5,2026-08-15,8.54,ICICI Pru,ICICI Pru (199)
INE522D07CL9,2026-06-30,8.45,ICICI Pru,ICICI Pru
INE522D07CL9,2026-07-15,8.47,ICICI Pru,ICICI Pru
INE522D07CL9,2026-07-31,8.69,ICICI Pru,ICICI Pru (150)
INE522D07CL9,2026-08-15,8.59,ICICI Pru,ICICI Pru (150)
INE522D14OP1,2026-06-30,7.09,Aditya Birla,Aditya Birla; Axis; Nippon
INE522D14OP1,2026-07-15,7.2251,Nippon,Nippon
INE522D14OP1,2026-07-31,6.8758,Aditya Birla,Aditya Birla (249); Axis (50); Nippon (249)
INE522D14OP1,2026-08-15,5.4044,Nippon,Nippon (50)
INE522D14OT3,2026-06-30,7.09,SBI,SBI; Aditya Birla
INE522D14OT3,2026-07-15,7.35,SBI,SBI
INE522D14OT3,2026-07-31,7.2502,SBI,SBI (248); Aditya Birla (99)
INE522D14OT3,2026-08-15,7.0226,SBI,SBI (249)
INE522D14OU1,2026-06-30,7.09,ICICI Pru,ICICI Pru; Aditya Birla
INE522D14OU1,2026-07-15,7.35,ICICI Pru,ICICI Pru
INE522D14OU1,2026-07-31,7.2003,Aditya Birla,Aditya Birla (50)
INE522D14OV9,2026-06-30,7.09,ICICI Pru,ICICI Pru; Kotak
INE522D14OV9,2026-07-15,7.35,ICICI Pru,ICICI Pru
INE522D14OV9,2026-07-31,7.25,ICICI Pru,ICICI Pru (49); Kotak (99)
INE522D14OV9,2026-08-15,7.02,ICICI Pru,ICICI Pru (50); Kotak (99)
INE522D14OY3,2026-06-30,7.6049,Nippon,Nippon
INE522D14OY3,2026-07-15,7.8751,Nippon,Nippon
INE522D14OY3,2026-07-31,7.795,Nippon,Nippon (98)
INE522D14OY3,2026-08-15,7.375,Nippon,Nippon (98)
INE522D14OZ0,2026-06-30,7.665,Nippon,Nippon; Kotak
INE522D14OZ0,2026-07-15,7.885,Nippon,Nippon
INE522D14OZ0,2026-07-31,7.815,Nippon,Nippon (244); Kotak (97)
INE522D14OZ0,2026-08-15,7.405,Nippon,Nippon (245); Kotak (98)
INE522D14PK9,2026-06-30,7.0901,Axis,Axis
INE522D14PK9,2026-07-31,6.876,Axis,Axis (200)
INE522D14PL7,2026-06-30,7.0901,Nippon,Nippon
INE522D14PL7,2026-07-15,7.2249,Nippon,Nippon
INE522D14PL7,2026-07-31,6.875,Nippon,Nippon (199)
INE522D14PL7,2026-08-15,6.9599,Nippon,Nippon (200)
INE522D14PM5,2026-06-30,7.0901,Axis,Axis
INE522D14PM5,2026-07-31,7.0252,Axis,Axis (249)
INE522D14PM5,2026-08-15,6.8679,Axis,Axis (249)
INE522D14PN3,2026-06-30,7.09,Kotak,Kotak
INE522D14PN3,2026-07-31,7.2,Kotak,Kotak (174)
INE522D14PN3,2026-08-15,7.01,Kotak,Kotak (174)
INE522D14PO1,2026-06-30,7.0899,Aditya Birla,Aditya Birla; Nippon
INE522D14PO1,2026-07-15,7.35,Nippon,Nippon
INE522D14PO1,2026-07-31,7.1999,Aditya Birla,Aditya Birla (99); Nippon (199)
INE522D14PO1,2026-08-15,7.0127,Nippon,Nippon (199)
INE522D14PP8,2026-06-30,7.0901,Aditya Birla,Aditya Birla
INE522D14PP8,2026-07-31,7.2001,Aditya Birla,Aditya Birla (99)
INE522D14PQ6,2026-06-30,7.09,Kotak,Kotak
INE522D14PQ6,2026-07-31,7.2,Kotak,Kotak (124)
INE522D14PQ6,2026-08-15,7.01,Kotak,Kotak (124)
INE522D14PR4,2026-06-30,7.09,Aditya Birla,Aditya Birla
INE522D14PR4,2026-07-31,7.2502,Aditya Birla,Aditya Birla (248)
INE522D14PU8,2026-08-15,7.2299,SBI,SBI (197)
INE523H07CB9,2026-06-30,8.745,SBI,SBI; ICICI Pru; Aditya Birla
INE523H07CB9,2026-07-15,8.7151,SBI,SBI; ICICI Pru
INE523H07CB9,2026-07-31,8.5897,SBI,SBI (33); ICICI Pru (48); Aditya Birla (33)
INE523H07CB9,2026-08-15,8.215,SBI,SBI (17); ICICI Pru (24)
INE523L07AL4,2026-06-30,8.3755,Nippon,Nippon
INE523L07AL4,2026-07-15,8.4648,Nippon,Nippon
INE523L07AL4,2026-07-31,8.3699,Nippon,Nippon (80)
INE523L07AL4,2026-08-15,8.095,Nippon,Nippon (81)
INE523L07AN0,2026-06-30,8.82,ICICI Pru,ICICI Pru
INE523L07AN0,2026-07-15,8.83,ICICI Pru,ICICI Pru
INE523L07AN0,2026-07-31,8.78,ICICI Pru,ICICI Pru (100)
INE523L07AN0,2026-08-15,8.65,ICICI Pru,ICICI Pru (100)
INE523L07AO8,2026-06-30,8.89,ICICI Pru,ICICI Pru
INE523L07AO8,2026-07-15,8.82,ICICI Pru,ICICI Pru
INE523L07AO8,2026-07-31,8.95,ICICI Pru,ICICI Pru (100)
INE523L07AO8,2026-08-15,9.0,ICICI Pru,ICICI Pru (100)
INE523L07AQ3,2026-06-30,9.0466,Nippon,Nippon
INE523L07AQ3,2026-07-15,9.0464,Nippon,Nippon
INE523L07AQ3,2026-07-31,9.1083,Nippon,Nippon (25)
INE523L07AQ3,2026-08-15,9.195,Nippon,Nippon (25)
INE523L07AS9,2026-06-30,8.8857,Nippon,Nippon
INE523L07AS9,2026-07-15,8.82,Nippon,Nippon
INE523L07AS9,2026-07-31,8.9499,Nippon,Nippon (150)
INE523L07AS9,2026-08-15,8.995,Nippon,Nippon (150)
INE523L07AV3,2026-06-30,9.0,ICICI Pru,ICICI Pru
INE523L07AV3,2026-07-15,8.97,ICICI Pru,ICICI Pru
INE523L07AV3,2026-07-31,9.1,ICICI Pru,ICICI Pru (100)
INE523L07AV3,2026-08-15,9.19,ICICI Pru,ICICI Pru (100)
INE523L14AW7,2026-06-30,8.38,Kotak,Kotak
INE523L14AW7,2026-07-31,8.53,Kotak,Kotak (72); Tata (96)
INE523L14AW7,2026-08-15,8.29,Kotak,Kotak (72); Tata (96)
INE523L14BA1,2026-06-30,8.375,Nippon,Nippon
INE523L14BA1,2026-07-15,8.6049,Nippon,Nippon
INE523L14BA1,2026-07-31,8.525,Nippon,Nippon (96)
INE523L14BA1,2026-08-15,8.285,Nippon,Nippon (96)
INE523L14BD5,2026-06-30,8.375,Aditya Birla,Aditya Birla
INE523L14BD5,2026-07-31,8.5249,Aditya Birla,Aditya Birla (95)
INE523L14BK0,2026-06-30,7.84,Kotak,Kotak
INE523L14BK0,2026-07-31,7.17,Kotak,Kotak (50)
INE523L14BK0,2026-08-15,7.1,Kotak,Kotak (50)
INE523L14BL8,2026-07-31,7.28,Tata,Tata (149)
INE523L14BL8,2026-08-15,7.13,Tata,Tata (150)
INE523L14BM6,2026-06-30,7.8401,Aditya Birla,Aditya Birla
INE523L14BM6,2026-07-31,7.6798,Aditya Birla,Aditya Birla (248)
INE523L14BN4,2026-06-30,7.8401,Aditya Birla,Aditya Birla; Nippon
INE523L14BN4,2026-07-15,8.0148,Nippon,Nippon
INE523L14BN4,2026-07-31,7.6803,Aditya Birla,Aditya Birla (69); Nippon (50)
INE523L14BN4,2026-08-15,7.425,Nippon,Nippon (50)
INE523L14BP9,2026-06-30,7.8398,Axis,Axis
INE523L14BP9,2026-07-31,7.6798,Axis,Axis (25)
INE523L14BP9,2026-08-15,7.425,Axis,Axis (25)
INE523L14BQ7,2026-06-30,7.84,UTI,UTI
INE523L14BQ7,2026-07-31,7.68,UTI,UTI (99)
INE523L14BR5,2026-06-30,7.8399,Aditya Birla,Aditya Birla
INE523L14BR5,2026-07-31,7.7299,Aditya Birla,Aditya Birla (99)
INE523L14BS3,2026-08-15,7.8,Axis,Axis (98)
INE525L14208,2026-06-30,7.8149,Aditya Birla,Aditya Birla
INE525L14208,2026-07-31,7.1779,Aditya Birla,Aditya Birla (100)
INE525L14216,2026-06-30,7.815,Axis,Axis
INE525L14216,2026-07-31,7.1756,Axis,Axis (100)
INE525L14240,2026-06-30,7.8151,Nippon,Nippon
INE525L14240,2026-07-15,7.9499,Nippon,Nippon
INE525L14240,2026-07-31,7.655,Nippon,Nippon (50)
INE525L14240,2026-08-15,7.5049,Nippon,Nippon (50)
INE525L14257,2026-07-31,7.9652,Axis,Axis (196)
INE525L14257,2026-08-15,7.61,Axis,Axis (197)
INE525L14265,2026-07-31,8.505,Nippon,Nippon (95)
INE525L14265,2026-08-15,8.2649,Nippon,Nippon (95)
INE525L14273,2026-07-31,8.505,Axis,Axis (95)
INE525L14273,2026-08-15,8.265,Axis,Axis (95)
INE526E07015,2026-06-30,7.85,ICICI Pru,ICICI Pru; Aditya Birla
INE526E07015,2026-07-15,7.96,ICICI Pru,ICICI Pru
INE526E07015,2026-07-31,7.89,ICICI Pru,ICICI Pru (249); Aditya Birla (149)
INE526E07015,2026-08-15,7.77,ICICI Pru,ICICI Pru (249)
INE526E07023,2026-06-30,7.85,ICICI Pru,ICICI Pru; Aditya Birla
INE526E07023,2026-07-15,7.99,ICICI Pru,ICICI Pru
INE526E07023,2026-07-31,7.92,ICICI Pru,ICICI Pru (224); Aditya Birla (149)
INE526E07023,2026-08-15,7.8,ICICI Pru,ICICI Pru (224)
INE528G08345,2026-06-30,7.9999,SBI,SBI; ICICI Pru
INE528G08345,2026-07-15,8.1601,SBI,SBI; ICICI Pru
INE528G08345,2026-07-31,8.1248,SBI,SBI (290); ICICI Pru (72)
INE528G08345,2026-08-15,7.8101,SBI,SBI (290); ICICI Pru (72)
INE528G16X11,2026-06-30,7.21,HDFC,HDFC; Aditya Birla
INE528G16X11,2026-07-15,7.33,HDFC,HDFC
INE528G16X11,2026-07-31,7.1,HDFC,HDFC (434); Aditya Birla (24); Tata (24)
INE528G16X11,2026-08-15,6.99,Tata,Tata (24)
INE528G16X29,2026-06-30,7.21,HDFC,HDFC
INE528G16X29,2026-07-15,7.33,HDFC,HDFC
INE528G16X29,2026-07-31,7.1,HDFC,"HDFC (1,397); Aditya Birla (48)"
INE528G16X45,2026-06-30,7.21,Aditya Birla,Aditya Birla
INE528G16X45,2026-07-31,7.1,Aditya Birla,Aditya Birla (96); Tata (48)
INE528G16X45,2026-08-15,6.99,Tata,Tata (48)
INE528G16X52,2026-06-30,7.21,HDFC,HDFC; ICICI Pru; Aditya Birla; Kotak
INE528G16X52,2026-07-15,7.33,HDFC,HDFC; ICICI Pru
INE528G16X52,2026-07-31,7.1,HDFC,"HDFC (480); ICICI Pru (144); Aditya Birla (960); Kotak (960); Tata (1,320)"
INE528G16X52,2026-08-15,6.99,ICICI Pru,"ICICI Pru (144); Kotak (963); Tata (1,324)"
INE528G16X60,2026-06-30,7.21,HDFC,HDFC
INE528G16X60,2026-07-15,7.33,HDFC,HDFC
INE528G16X60,2026-07-31,7.1,HDFC,HDFC (96)
INE528G16X78,2026-06-30,7.2099,Aditya Birla,Aditya Birla
INE528G16X78,2026-07-31,7.1,Aditya Birla,Aditya Birla (239)
INE528G16X86,2026-06-30,7.21,Aditya Birla,Aditya Birla
INE528G16X86,2026-07-31,7.1001,Aditya Birla,Aditya Birla (239)
INE530B14FV4,2026-07-31,8.4,Tata,Tata (347)
INE530B14FV4,2026-08-15,8.18,Tata,Tata (348)
INE530B14GL3,2026-06-30,8.9,Kotak,Kotak
INE530B14GL3,2026-07-31,8.74,Kotak,Kotak (144)
INE530B14GL3,2026-08-15,8.8,Kotak,Kotak (144)
INE530B14GW0,2026-07-31,8.4,Tata,Tata (149)
INE530B14GW0,2026-08-15,8.18,Tata,Tata (149)
INE530B14HH9,2026-08-15,8.2651,Axis,Axis (196); Kotak (123)
INE530B14HI7,2026-06-30,8.58,Nippon,Nippon; Kotak
INE530B14HI7,2026-07-15,8.4497,Nippon,Nippon
INE530B14HI7,2026-07-31,8.063,Nippon,Nippon (100); Kotak (448)
INE530B14HI7,2026-08-15,6.196,Nippon,Nippon (75); Kotak (450)
INE530B14HJ5,2026-06-30,8.5801,Nippon,Nippon
INE530B14HJ5,2026-07-15,8.4502,Nippon,Nippon
INE530B14HJ5,2026-07-31,8.0623,Nippon,Nippon (199)
INE530B14HJ5,2026-08-15,7.9696,Nippon,Nippon (200)
INE530B14HM9,2026-06-30,8.5798,Nippon,Nippon
INE530B14HM9,2026-07-15,8.4497,Nippon,Nippon
INE530B14HM9,2026-07-31,8.1625,Nippon,Nippon (99)
INE530B14HM9,2026-08-15,7.9849,Nippon,Nippon (100)
INE530B14HS6,2026-06-30,8.58,Aditya Birla,Aditya Birla
INE530B14HS6,2026-07-31,8.399,Aditya Birla,Aditya Birla (496)
INE530B14HT4,2026-06-30,8.5799,Aditya Birla,Aditya Birla
INE530B14HT4,2026-07-31,8.3988,Aditya Birla,Aditya Birla (397)
INE530B14HU2,2026-06-30,8.5801,Aditya Birla,Aditya Birla; Kotak
INE530B14HU2,2026-07-31,8.3986,Aditya Birla,Aditya Birla (149); Kotak (149)
INE530B14HU2,2026-08-15,8.18,Kotak,Kotak (149)
INE530B14HV0,2026-06-30,8.5801,Nippon,Nippon
INE530B14HV0,2026-07-15,8.5002,Nippon,Nippon
INE530B14HV0,2026-07-31,8.3986,Nippon,Nippon (198); Tata (297)
INE530B14HV0,2026-08-15,8.1807,Nippon,Nippon (199); Tata (298)
INE530B14HW8,2026-06-30,8.9,Kotak,Kotak
INE530B14HW8,2026-07-31,8.74,Kotak,Kotak (239)
INE530B14HW8,2026-08-15,8.8,Kotak,Kotak (240)
INE530B14IA2,2026-07-31,8.665,Axis,Axis (295)
INE530B14IA2,2026-08-15,8.2251,Axis,Axis (297)
INE530B14IJ3,2026-08-15,8.8,Kotak,Kotak (120)
INE530B14IL9,2026-08-15,8.48,Axis,Axis (194)
INE530B14IN5,2026-08-15,8.8,Kotak,Kotak (120)
INE531F14FM2,2026-06-30,8.38,UTI,UTI
INE531F14FM2,2026-07-31,8.53,UTI,UTI (24)
INE531F14FN0,2026-06-30,8.375,Aditya Birla,Aditya Birla
INE531F14FN0,2026-07-31,8.5249,Aditya Birla,Aditya Birla (143)
INE531F14FO8,2026-06-30,8.38,Kotak,Kotak
INE531F14FO8,2026-07-31,8.53,Kotak,Kotak (95)
INE531F14FO8,2026-08-15,8.29,Kotak,Kotak (96)
INE531F14FU5,2026-06-30,7.85,UTI,UTI
INE531F14FU5,2026-07-31,7.14,UTI,UTI (50)
INE531F14FV3,2026-06-30,7.85,Nippon,Nippon
INE531F14FV3,2026-07-15,8.03,Nippon,Nippon
INE531F14FV3,2026-07-31,7.6798,Nippon,Nippon (199)
INE531F14FV3,2026-08-15,7.4254,Nippon,Nippon (199)
INE531F14FY7,2026-07-31,7.68,Tata,Tata (99)
INE531F14FY7,2026-08-15,7.43,Tata,Tata (100)
INE531F14FZ4,2026-06-30,7.85,Nippon,Nippon
INE531F14FZ4,2026-07-15,8.03,Nippon,Nippon
INE531F14FZ4,2026-07-31,7.6803,Nippon,Nippon (99)
INE531F14FZ4,2026-08-15,7.425,Nippon,Nippon (100)
INE531F14GB3,2026-07-31,8.5249,Nippon,Nippon (95)
INE531F14GB3,2026-08-15,8.285,Nippon,Nippon (95)
INE535H07CH0,2026-06-30,7.6,HDFC,HDFC; SBI
INE535H07CJ6,2026-06-30,7.87,HDFC,HDFC; Kotak
INE535H07CJ6,2026-07-15,7.94,HDFC,HDFC
INE535H07CJ6,2026-07-31,7.91,HDFC,HDFC (176); Kotak (201)
INE535H07CJ6,2026-08-15,7.67,Kotak,Kotak (201)
INE535H07CK4,2026-06-30,7.39,HDFC,HDFC; SBI; Aditya Birla; UTI
INE535H07CK4,2026-07-15,7.28,HDFC,HDFC; SBI
INE535H07CK4,2026-07-31,6.85,HDFC,HDFC (225); SBI (120); Aditya Birla (85); UTI (105)
INE535H07CQ1,2026-06-30,8.01,HDFC,HDFC; SBI; Aditya Birla
INE535H07CQ1,2026-07-15,8.15,HDFC,HDFC; SBI
INE535H07CQ1,2026-07-31,8.16,HDFC,HDFC (49); SBI (295); Aditya Birla (39)
INE535H07CQ1,2026-08-15,7.935,SBI,SBI (297)
INE535H07CU3,2026-06-30,8.12,HDFC,HDFC; SBI; Kotak
INE535H07CU3,2026-07-15,8.19,HDFC,HDFC; SBI
INE535H07CU3,2026-07-31,8.25,HDFC,HDFC (209); SBI (199); Kotak (75)
INE535H07CU3,2026-08-15,8.01,SBI,SBI (100); Kotak (75)
INE535H14JR0,2026-06-30,6.8902,Aditya Birla,Aditya Birla
INE535H14JR0,2026-07-31,6.95,Aditya Birla,Aditya Birla (297)
INE535H14JS8,2026-06-30,6.89,HDFC,HDFC; SBI
INE535H14JS8,2026-07-15,7.0501,SBI,SBI
INE535H14JS8,2026-07-31,6.9502,SBI,SBI (198); Tata (198)
INE535H14JS8,2026-08-15,6.6997,SBI,SBI (198); Tata (198)
INE535H14JT6,2026-06-30,6.865,SBI,SBI
INE535H14JT6,2026-07-15,7.0502,SBI,SBI
INE535H14JT6,2026-07-31,6.95,SBI,SBI (495)
INE535H14JT6,2026-08-15,6.6999,SBI,SBI (298)
INE537P07752,2026-06-30,7.0999,Aditya Birla,Aditya Birla
INE537P07752,2026-07-31,7.155,Aditya Birla,Aditya Birla (475)
INE537P07828,2026-06-30,7.81,Kotak,Kotak
INE537P07828,2026-07-31,7.93,Kotak,Kotak (75)
INE537P07828,2026-08-15,7.85,Kotak,Kotak (75)
INE537P07844,2026-06-30,7.81,Kotak,Kotak
INE537P07844,2026-07-31,7.93,Kotak,Kotak (100)
INE537P07844,2026-08-15,7.85,Kotak,Kotak (100)
INE537P07877,2026-06-30,7.91,Kotak,Kotak
INE537P07877,2026-07-31,7.96,Kotak,Kotak (49); Tata (24)
INE537P07877,2026-08-15,7.9,Kotak,Kotak (49); Tata (15)
INE539K07320,2026-07-31,8.32,Tata,Tata (75)
INE539K07320,2026-08-15,8.08,Tata,Tata (75)
INE539K07353,2026-07-31,8.91,Tata,Tata (40)
INE539K07353,2026-08-15,8.5,Tata,Tata (15)
INE539K14BZ6,2026-06-30,7.9,Kotak,Kotak
INE539K14BZ6,2026-07-31,8.0,Kotak,Kotak (143)
INE539K14BZ6,2026-08-15,7.97,Kotak,Kotak (144)
INE539K14CA7,2026-06-30,7.9,Nippon,Nippon
INE539K14CA7,2026-07-15,8.1301,Nippon,Nippon
INE539K14CA7,2026-07-31,7.995,Nippon,Nippon (191)
INE539K14CA7,2026-08-15,7.8649,Nippon,Nippon (192)
INE539K14CB5,2026-06-30,7.9,Aditya Birla,Aditya Birla
INE539K14CB5,2026-07-31,7.995,Aditya Birla,Aditya Birla (334)
INE540P07384,2026-06-30,8.98,Kotak,Kotak
INE540P07384,2026-07-31,9.09,Kotak,Kotak (6)
INE540P07384,2026-08-15,8.84,Kotak,Kotak (6)
INE540P07392,2026-06-30,9.16,Kotak,Kotak
INE540P07392,2026-07-31,9.33,Kotak,Kotak (8)
INE540P07392,2026-08-15,9.2,Kotak,Kotak (8)
INE540P07400,2026-06-30,9.5,Kotak,Kotak
INE540P07400,2026-07-31,9.69,Kotak,Kotak (8)
INE540P07400,2026-08-15,9.59,Kotak,Kotak (8)
INE540P07418,2026-06-30,9.53,Kotak,Kotak
INE540P07418,2026-07-31,9.71,Kotak,Kotak (4)
INE540P07418,2026-08-15,9.65,Kotak,Kotak (4)
INE540P07426,2026-06-30,9.56,Kotak,Kotak
INE540P07426,2026-07-31,9.71,Kotak,Kotak (4)
INE540P07426,2026-08-15,9.68,Kotak,Kotak (4)
INE540P07434,2026-06-30,9.58,Kotak,Kotak
INE540P07434,2026-07-31,9.69,Kotak,Kotak (3)
INE540P07434,2026-08-15,9.67,Kotak,Kotak (3)
INE540P07467,2026-06-30,8.98,Kotak,Kotak
INE540P07467,2026-07-31,9.09,Kotak,Kotak (5)
INE540P07467,2026-08-15,8.84,Kotak,Kotak (5)
INE540P07475,2026-06-30,9.16,Kotak,Kotak
INE540P07475,2026-07-31,9.33,Kotak,Kotak (6)
INE540P07475,2026-08-15,9.2,Kotak,Kotak (6)
INE540P07483,2026-06-30,9.5,Kotak,Kotak
INE540P07483,2026-07-31,9.69,Kotak,Kotak (6)
INE540P07483,2026-08-15,9.59,Kotak,Kotak (6)
INE540P07491,2026-06-30,9.53,Kotak,Kotak
INE540P07491,2026-07-31,9.71,Kotak,Kotak (6)
INE540P07491,2026-08-15,9.65,Kotak,Kotak (6)
INE540P07509,2026-06-30,9.56,Kotak,Kotak
INE540P07509,2026-07-31,9.71,Kotak,Kotak (4)
INE540P07509,2026-08-15,9.68,Kotak,Kotak (4)
INE540P07517,2026-06-30,9.58,Kotak,Kotak
INE540P07517,2026-07-31,9.69,Kotak,Kotak (4)
INE540P07517,2026-08-15,9.67,Kotak,Kotak (4)
INE549K07IF6,2026-06-30,9.3475,Nippon,Nippon
INE549K07IF6,2026-07-15,9.52,Nippon,Nippon
INE549K07IF6,2026-07-31,9.4812,Nippon,Nippon (4)
INE549K07IF6,2026-08-15,9.4877,Nippon,Nippon (4)
INE549K08590,2026-06-30,10.7894,Nippon,Nippon
INE549K08590,2026-07-15,11.0126,Nippon,Nippon
INE549K08590,2026-07-31,10.8946,Nippon,Nippon (80)
INE549K08590,2026-08-15,10.92,Nippon,Nippon (80)
INE549K14CC2,2026-06-30,8.0398,SBI,SBI; UTI
INE549K14CC2,2026-07-15,8.0004,SBI,SBI
INE549K14CC2,2026-07-31,7.9649,SBI,SBI (198); Nippon (99); Tata (124)
INE549K14CC2,2026-08-15,7.735,SBI,SBI (198); Nippon (99); Tata (149)
INE549K14CD0,2026-06-30,8.395,Nippon,Nippon
INE549K14CD0,2026-07-15,8.615,Nippon,Nippon
INE549K14CD0,2026-07-31,8.41,Nippon,Nippon (294)
INE549K14CD0,2026-08-15,8.0501,Axis,Axis (147); Nippon (98); Tata (147)
INE549K14CE8,2026-07-31,8.24,Tata,Tata (245)
INE549K14CE8,2026-08-15,8.005,Nippon,Nippon (148); Tata (98)
INE549K14CF5,2026-06-30,8.4,HDFC,HDFC
INE549K14CF5,2026-07-15,8.62,HDFC,HDFC
INE549K14CF5,2026-07-31,8.41,HDFC,HDFC (196)
INE549K14CF5,2026-08-15,8.04,Nippon,Nippon (49)
INE549K14CG3,2026-06-30,8.4,Kotak,Kotak
INE549K14CG3,2026-07-31,8.42,Kotak,Kotak (49)
INE549K14CG3,2026-08-15,8.17,Kotak,Kotak (49)
INE549K14CH1,2026-06-30,8.395,SBI,SBI; UTI
INE549K14CH1,2026-07-15,8.6151,SBI,SBI
INE549K14CH1,2026-07-31,8.4201,SBI,SBI (339); UTI (97)
INE549K14CH1,2026-08-15,8.17,SBI,SBI (341)
INE549K14CI9,2026-06-30,8.6,Kotak,Kotak; UTI
INE549K14CI9,2026-07-31,8.64,Kotak,Kotak (288); UTI (48); Tata (192)
INE549K14CI9,2026-08-15,8.49,Kotak,Kotak (290); Tata (193)
INE549K14CJ7,2026-06-30,8.6,HDFC,HDFC; Nippon
INE549K14CJ7,2026-07-15,8.83,HDFC,HDFC; Nippon
INE549K14CJ7,2026-07-31,8.64,HDFC,HDFC (192); Nippon (96); Tata (96)
INE549K14CJ7,2026-08-15,8.485,Nippon,Nippon (96); Tata (96)
INE549K14CK5,2026-06-30,8.6,HDFC,HDFC; Nippon
INE549K14CK5,2026-07-15,8.83,HDFC,HDFC; Nippon
INE549K14CK5,2026-07-31,8.64,HDFC,HDFC (96); Nippon (96)
INE549K14CK5,2026-08-15,8.4849,Nippon,Nippon (96)
INE549K14CL3,2026-06-30,8.6,HDFC,HDFC; Nippon; Kotak; UTI
INE549K14CL3,2026-07-15,8.83,HDFC,HDFC; Nippon
INE549K14CL3,2026-07-31,8.64,HDFC,HDFC (48); Nippon (96); Kotak (144); UTI (72); Tata (96)
INE549K14CL3,2026-08-15,8.4849,Nippon,Nippon (96); Kotak (144); Tata (96)
INE549K14CM1,2026-06-30,8.6,Kotak,Kotak
INE549K14CM1,2026-07-31,8.64,Kotak,Kotak (95)
INE549K14CM1,2026-08-15,8.49,Kotak,Kotak (96)
INE549K14CN9,2026-06-30,8.6,UTI,UTI
INE549K14CN9,2026-07-31,8.64,UTI,UTI (48); Tata (286)
INE549K14CN9,2026-08-15,8.49,Tata,Tata (287)
INE549K14CO7,2026-06-30,8.6,HDFC,HDFC; SBI
INE549K14CO7,2026-07-15,8.83,HDFC,HDFC; SBI
INE549K14CO7,2026-07-31,8.64,HDFC,HDFC (285); SBI (380)
INE549K14CO7,2026-08-15,8.56,SBI,SBI (381)
INE549K14CP4,2026-06-30,8.0402,SBI,SBI; Nippon
INE549K14CP4,2026-07-15,7.9999,SBI,SBI; Nippon
INE549K14CP4,2026-07-31,7.9649,SBI,SBI (198); Tata (99)
INE549K14CP4,2026-08-15,7.7354,SBI,SBI (199); Tata (99)
INE549K14CQ2,2026-06-30,8.3951,SBI,SBI; Kotak
INE549K14CQ2,2026-07-15,8.615,SBI,SBI
INE549K14CQ2,2026-07-31,8.4201,SBI,SBI (243); Kotak (146)
INE549K14CQ2,2026-08-15,8.17,SBI,SBI (244); Kotak (146)
INE549K14CU4,2026-08-15,8.1501,Axis,Axis (98)
INE551W16CI5,2026-06-30,7.71,UTI,UTI
INE551W16CI5,2026-07-31,7.75,UTI,UTI (96)
INE551W16CJ3,2026-06-30,7.7099,Aditya Birla,Aditya Birla
INE551W16CJ3,2026-07-31,7.7474,Aditya Birla,Aditya Birla (96)
INE551W16CK1,2026-07-31,7.75,Tata,Tata (215)
INE551W16CK1,2026-08-15,7.53,Tata,Tata (215)
INE551W16CN5,2026-06-30,7.59,UTI,UTI
INE551W16CN5,2026-07-31,7.67,UTI,UTI (73)
INE556F08KH1,2026-06-30,6.56,HDFC,HDFC; ICICI Pru; Aditya Birla; Axis; Nippon; Kotak; UTI
INE556F08KH1,2026-07-15,6.65,HDFC,HDFC; SBI; ICICI Pru; Nippon
INE556F08KH1,2026-07-31,6.66,HDFC,HDFC (225); SBI (545); ICICI Pru (145); Aditya Birla (330); Axis (475); Nippon (37); Kotak (83); UTI (100)
INE556F08KH1,2026-08-15,6.5008,SBI,SBI (645); ICICI Pru (145); Nippon (37); Kotak (83)
INE556F08KI9,2026-06-30,6.62,HDFC,HDFC; SBI; ICICI Pru; Aditya Birla; Axis; Nippon; Kotak; UTI
INE556F08KI9,2026-07-15,6.79,HDFC,HDFC; SBI; ICICI Pru; Nippon
INE556F08KI9,2026-07-31,6.65,HDFC,"HDFC (60); SBI (325); ICICI Pru (200); Aditya Birla (1,079); Axis (495); Nippon (104); Kotak (106); UTI (385)"
INE556F08KI9,2026-08-15,6.5033,SBI,SBI (325); ICICI Pru (200); Axis (495); Nippon (104); Kotak (106)
INE556F08KJ7,2026-06-30,6.7,HDFC,HDFC; SBI; ICICI Pru; Aditya Birla; Axis; Nippon; Kotak
INE556F08KJ7,2026-07-15,6.79,HDFC,HDFC; SBI; ICICI Pru; Nippon
INE556F08KJ7,2026-07-31,6.72,HDFC,HDFC (175); SBI (25); ICICI Pru (86); Aditya Birla (90); Axis (200); Nippon (27); Kotak (5); Tata (125)
INE556F08KJ7,2026-08-15,6.523,SBI,SBI (75); ICICI Pru (86); Axis (200); Nippon (27); Kotak (5); Tata (125)
INE556F08KK5,2026-06-30,7.34,HDFC,HDFC; ICICI Pru; Aditya Birla; Axis; Nippon
INE556F08KK5,2026-07-15,7.39,HDFC,HDFC; ICICI Pru; Nippon
INE556F08KK5,2026-07-31,7.35,HDFC,HDFC (145); ICICI Pru (80); Aditya Birla (35); Axis (10); Nippon (45)
INE556F08KK5,2026-08-15,7.29,ICICI Pru,ICICI Pru (80); Axis (60); Nippon (45)
INE556F08KL3,2026-06-30,7.21,HDFC,HDFC; ICICI Pru; Aditya Birla; Axis; Nippon; Kotak; UTI
INE556F08KL3,2026-07-15,7.43,HDFC,HDFC; ICICI Pru; Nippon
INE556F08KL3,2026-07-31,7.39,HDFC,HDFC (429); ICICI Pru (252); Aditya Birla (55); Axis (237); Nippon (227); Kotak (126); UTI (25); Tata (76)
INE556F08KL3,2026-08-15,7.32,ICICI Pru,ICICI Pru (328); Axis (212); Nippon (227); Kotak (126); Tata (76)
INE556F08KM1,2026-06-30,7.29,HDFC,HDFC; SBI; ICICI Pru; Aditya Birla; Axis; Kotak; UTI
INE556F08KM1,2026-07-15,7.39,HDFC,HDFC; SBI; ICICI Pru
INE556F08KM1,2026-07-31,7.35,HDFC,HDFC (477); SBI (50); ICICI Pru (381); Aditya Birla (145); Axis (2); Kotak (25); UTI (50)
INE556F08KM1,2026-08-15,7.225,SBI,SBI (50); ICICI Pru (381); Axis (2); Kotak (25)
INE556F08KN9,2026-06-30,7.29,HDFC,HDFC; SBI; ICICI Pru; Aditya Birla; Axis; UTI
INE556F08KN9,2026-07-15,7.39,HDFC,HDFC; SBI; ICICI Pru
INE556F08KN9,2026-07-31,7.35,HDFC,"HDFC (1,008); SBI (35); ICICI Pru (256); Aditya Birla (104); Axis (2); UTI (100)"
INE556F08KN9,2026-08-15,7.225,SBI,SBI (35); ICICI Pru (256); Axis (2)
INE556F08KO7,2026-06-30,7.2504,Aditya Birla,Aditya Birla; Axis; UTI
INE556F08KO7,2026-07-31,7.4266,Aditya Birla,Aditya Birla (90); Axis (40); UTI (50)
INE556F08KO7,2026-08-15,7.345,Axis,Axis (40)
INE556F08KP4,2026-06-30,7.3,HDFC,HDFC; ICICI Pru; Aditya Birla; Axis; Nippon; Kotak; UTI
INE556F08KP4,2026-07-15,7.43,HDFC,HDFC; ICICI Pru; Nippon
INE556F08KP4,2026-07-31,7.45,HDFC,HDFC (145); ICICI Pru (551); Aditya Birla (475); Axis (29); Nippon (25); Kotak (125); UTI (50)
INE556F08KP4,2026-08-15,7.35,ICICI Pru,ICICI Pru (552); Axis (154)
INE556F08KQ2,2026-06-30,7.25,HDFC,HDFC; ICICI Pru; Aditya Birla; Axis; Nippon; Kotak
INE556F08KQ2,2026-07-15,7.43,ICICI Pru,ICICI Pru; Nippon
INE556F08KQ2,2026-07-31,7.45,ICICI Pru,ICICI Pru (251); Aditya Birla (25); Axis (30); Nippon (50); Kotak (301); Tata (50)
INE556F08KQ2,2026-08-15,7.35,ICICI Pru,ICICI Pru (251); Axis (30); Nippon (50); Kotak (251)
INE556F08KR0,2026-06-30,7.2,HDFC,HDFC; Axis; Nippon; Kotak
INE556F08KR0,2026-07-15,7.385,Nippon,Nippon
INE556F08KR0,2026-07-31,7.405,Axis,Axis (28); Nippon (245); Kotak (376)
INE556F08KR0,2026-08-15,7.32,Axis,Axis (28); Nippon (246); Kotak (376)
INE556F08KS8,2026-06-30,7.23,HDFC,HDFC; ICICI Pru; Aditya Birla; Axis; Nippon; Kotak; UTI
INE556F08KS8,2026-07-15,7.45,HDFC,HDFC; ICICI Pru; Nippon
INE556F08KS8,2026-07-31,7.47,HDFC,HDFC (648); ICICI Pru (900); Aditya Birla (324); Axis (259); Nippon (254); Kotak (175); UTI (199); Tata (50)
INE556F08KS8,2026-08-15,7.36,ICICI Pru,ICICI Pru (877); Axis (260); Nippon (255); Kotak (175); Tata (50)
INE556F08KT6,2026-06-30,7.21,HDFC,HDFC; SBI; ICICI Pru; Aditya Birla; Nippon
INE556F08KT6,2026-07-15,7.43,SBI,SBI; ICICI Pru; Nippon
INE556F08KT6,2026-07-31,7.47,SBI,SBI (255); ICICI Pru (540); Aditya Birla (175); Nippon (175)
INE556F08KT6,2026-08-15,7.345,SBI,SBI (255); ICICI Pru (541); Nippon (175)
INE556F08KU4,2026-06-30,7.21,HDFC,HDFC; ICICI Pru; Aditya Birla; Axis; Nippon; Kotak; UTI
INE556F08KU4,2026-07-15,7.43,HDFC,HDFC; ICICI Pru; Nippon
INE556F08KU4,2026-07-31,7.47,HDFC,HDFC (150); ICICI Pru (625); Aditya Birla (125); Axis (325); Nippon (75); Kotak (330); UTI (75); Tata (75)
INE556F08KU4,2026-08-15,7.35,ICICI Pru,ICICI Pru (627); Axis (326); Nippon (75); Kotak (331); Tata (75)
INE556F08KV2,2026-06-30,7.21,HDFC,HDFC; ICICI Pru; UTI
INE556F08KV2,2026-07-15,7.39,ICICI Pru,ICICI Pru
INE556F08KV2,2026-07-31,7.41,ICICI Pru,ICICI Pru (125); UTI (25)
INE556F08KV2,2026-08-15,7.32,ICICI Pru,ICICI Pru (125)
INE556F08KW0,2026-06-30,7.21,HDFC,HDFC; ICICI Pru; Axis; Nippon; Kotak; UTI
INE556F08KW0,2026-07-15,7.4,HDFC,HDFC; ICICI Pru; Nippon
INE556F08KW0,2026-07-31,7.4,HDFC,HDFC (275); ICICI Pru (220); Axis (50); Nippon (5); Kotak (800); UTI (225)
INE556F08KW0,2026-08-15,7.32,ICICI Pru,ICICI Pru (245); Axis (50); Nippon (5); Kotak (801)
INE556F08KX8,2026-06-30,7.21,SBI,SBI; ICICI Pru; Aditya Birla; Nippon; Kotak; UTI
INE556F08KX8,2026-07-15,7.385,SBI,SBI; ICICI Pru; Nippon
INE556F08KX8,2026-07-31,7.405,SBI,SBI (50); ICICI Pru (75); Aditya Birla (50); Nippon (326); Kotak (150); UTI (75)
INE556F08KX8,2026-08-15,7.315,SBI,SBI (25); ICICI Pru (75); Nippon (326); Kotak (151)
INE556F08KY6,2026-06-30,7.22,HDFC,HDFC; Kotak
INE556F08KY6,2026-07-15,7.4,HDFC,HDFC
INE556F08KY6,2026-07-31,7.36,HDFC,HDFC (100); Kotak (275)
INE556F08KY6,2026-08-15,7.33,Kotak,Kotak (275)
INE556F08KZ3,2026-06-30,7.23,HDFC,HDFC; Aditya Birla; Axis
INE556F08KZ3,2026-07-15,7.43,HDFC,HDFC
INE556F08KZ3,2026-07-31,7.44,HDFC,HDFC (108); Aditya Birla (231); Axis (84)
INE556F08KZ3,2026-08-15,7.355,Axis,Axis (84)
INE556F08LA4,2026-06-30,7.18,HDFC,HDFC; SBI; ICICI Pru; Aditya Birla; Axis; Nippon; Kotak; UTI
INE556F08LA4,2026-07-15,7.4,HDFC,HDFC; SBI; ICICI Pru; Nippon
INE556F08LA4,2026-07-31,7.4,HDFC,HDFC (222); SBI (49); ICICI Pru (202); Aditya Birla (236); Axis (123); Nippon (99); Kotak (443); UTI (172); Tata (197)
INE556F08LA4,2026-08-15,7.315,SBI,SBI (49); ICICI Pru (326); Axis (123); Nippon (49); Kotak (444); Tata (197)
INE556F08LB2,2026-06-30,7.21,HDFC,HDFC; SBI; ICICI Pru; Aditya Birla; Axis; UTI
INE556F08LB2,2026-07-15,7.4,HDFC,HDFC; SBI; ICICI Pru
INE556F08LB2,2026-07-31,7.4,HDFC,"HDFC (198); SBI (50); ICICI Pru (1,500); Aditya Birla (99); Axis (25); UTI (147)"
INE556F08LB2,2026-08-15,7.315,SBI,"SBI (50); ICICI Pru (1,503); Axis (199)"
INE556F08LC0,2026-06-30,7.21,HDFC,HDFC; SBI; Aditya Birla; Axis; Nippon; Kotak
INE556F08LC0,2026-07-15,7.39,HDFC,HDFC; SBI; Nippon
INE556F08LC0,2026-07-31,7.41,HDFC,HDFC (70); SBI (224); Aditya Birla (184); Axis (771); Nippon (249); Kotak (199)
INE556F08LC0,2026-08-15,7.315,SBI,SBI (299); Axis (623); Nippon (249); Kotak (199)
INE556F08LD8,2026-06-30,7.2,HDFC,HDFC; SBI; Aditya Birla; Nippon
INE556F08LD8,2026-07-15,7.39,HDFC,HDFC; SBI; Nippon
INE556F08LD8,2026-07-31,7.41,HDFC,HDFC (45); SBI (25); Aditya Birla (126); Nippon (126)
INE556F08LD8,2026-08-15,7.32,SBI,SBI (25); Nippon (126)
INE556F08LE6,2026-06-30,7.73,HDFC,HDFC; SBI; Aditya Birla; Nippon; Kotak
INE556F08LE6,2026-07-15,7.93,HDFC,HDFC; SBI; Nippon
INE556F08LE6,2026-07-31,7.93,HDFC,HDFC (276); SBI (251); Aditya Birla (452); Nippon (605); Kotak (100)
INE556F08LE6,2026-08-15,7.8892,SBI,SBI (251); Nippon (604); Kotak (201)
INE556F08LF3,2026-06-30,7.2698,SBI,SBI; Axis
INE556F08LF3,2026-07-15,7.3899,SBI,SBI
INE556F08LF3,2026-07-31,7.35,SBI,SBI (783); Axis (676)
INE556F08LF3,2026-08-15,7.3627,SBI,SBI (732); Axis (385)
INE556F08LG1,2026-07-15,7.2969,SBI,SBI; ICICI Pru
INE556F08LG1,2026-07-31,7.385,SBI,SBI (299); ICICI Pru (24); Aditya Birla (50); UTI (25)
INE556F08LG1,2026-08-15,7.31,SBI,SBI (300); ICICI Pru (24); Axis (100)
INE556F14MG7,2026-06-30,6.35,Kotak,Kotak
INE556F14MH5,2026-06-30,6.895,Nippon,Nippon
INE556F14MH5,2026-07-15,7.255,Nippon,Nippon
INE556F14MH5,2026-07-31,7.0199,Nippon,Nippon (98); Tata (708)
INE556F14MH5,2026-08-15,6.6499,Nippon,Nippon (98); Tata (711)
INE556F14MI3,2026-06-30,6.4348,SBI,SBI; ICICI Pru; Axis
INE556F14MI3,2026-07-15,6.6497,SBI,SBI; ICICI Pru
INE556F14MI3,2026-07-31,6.4151,SBI,SBI (249); ICICI Pru (994); Axis (447)
INE556F14MI3,2026-08-15,6.2659,SBI,SBI (249); ICICI Pru (997); Axis (449)
INE556F14MJ1,2026-06-30,6.44,HDFC,HDFC; ICICI Pru; Nippon; Kotak; UTI
INE556F14MJ1,2026-07-15,6.65,HDFC,HDFC; ICICI Pru; Nippon
INE556F14MJ1,2026-07-31,6.42,HDFC,"HDFC (1,440); ICICI Pru (1,242); Axis (298); Nippon (745); Kotak (248); UTI (248)"
INE556F14MJ1,2026-08-15,6.32,ICICI Pru,"ICICI Pru (1,245); Axis (299); Nippon (747); Kotak (249)"
INE556F14MK9,2026-06-30,6.44,HDFC,HDFC; Aditya Birla; Kotak
INE556F14MK9,2026-07-15,6.65,HDFC,HDFC
INE556F14MK9,2026-07-31,6.42,HDFC,HDFC (248); Aditya Birla (25); Kotak (273); Tata (248)
INE556F14MK9,2026-08-15,6.32,Kotak,Kotak (274); Tata (249)
INE556F14ML7,2026-06-30,6.4351,SBI,SBI; ICICI Pru; Nippon; Kotak; UTI
INE556F14ML7,2026-07-15,6.65,SBI,SBI; ICICI Pru; Nippon
INE556F14ML7,2026-07-31,6.4151,SBI,"SBI (248); ICICI Pru (1,984); Nippon (298); Kotak (397); UTI (298)"
INE556F14ML7,2026-08-15,6.3149,SBI,"SBI (249); ICICI Pru (1,990); Nippon (298); Kotak (398)"
INE556F14MM5,2026-06-30,6.4349,Nippon,Nippon; Kotak
INE556F14MM5,2026-07-15,6.6499,Nippon,Nippon
INE556F14MM5,2026-07-31,6.5,Nippon,"Nippon (1,140); Kotak (1,982)"
INE556F14MM5,2026-08-15,6.3151,Nippon,"Nippon (1,143); Kotak (1,988)"
INE556F14MN3,2026-07-15,6.65,HDFC,HDFC; SBI; Nippon
INE556F14MN3,2026-07-31,6.5,HDFC,HDFC (148); SBI (990); Nippon (495); UTI (247)
INE556F14MN3,2026-08-15,6.3149,SBI,SBI (695); Nippon (496)
INE556F14MO1,2026-07-31,6.84,HDFC,"HDFC (984); SBI (1,968); ICICI Pru (1,230); Tata (492)"
INE556F14MO1,2026-08-15,6.475,SBI,"SBI (1,974); ICICI Pru (1,234); Tata (494)"
INE556F14MP8,2026-08-15,7.0749,Nippon,Nippon (236); Kotak (946)
INE556F16BJ9,2026-06-30,6.1494,Axis,Axis
INE556F16BK7,2026-07-31,6.45,Tata,Tata (25)
INE556F16BK7,2026-08-15,6.2402,Axis,Axis (497); Tata (25)
INE556F16BL5,2026-06-30,6.82,HDFC,HDFC; Axis; Nippon
INE556F16BL5,2026-07-15,6.97,HDFC,HDFC; Nippon
INE556F16BL5,2026-07-31,6.8151,Axis,Axis (271); Nippon (74)
INE556F16BL5,2026-08-15,6.4,Axis,Axis (272); Nippon (74)
INE556F16BN1,2026-06-30,6.82,ICICI Pru,ICICI Pru; Axis; Nippon; UTI
INE556F16BN1,2026-07-15,7.04,ICICI Pru,ICICI Pru; Nippon
INE556F16BN1,2026-07-31,6.83,HDFC,HDFC (49); ICICI Pru (148); Axis (123); Nippon (148); UTI (49)
INE556F16BN1,2026-08-15,6.3999,Axis,Axis (173); Nippon (49)
INE556F16BO9,2026-06-30,6.82,ICICI Pru,ICICI Pru; Aditya Birla
INE556F16BO9,2026-07-15,7.04,ICICI Pru,ICICI Pru
INE556F16BO9,2026-07-31,6.83,Axis,Axis (246)
INE556F16BO9,2026-08-15,6.3999,Axis,Axis (444)
INE556F16BP6,2026-06-30,6.82,Aditya Birla,Aditya Birla
INE556F16BP6,2026-07-31,6.9951,Aditya Birla,Aditya Birla (98)
INE556F16BQ4,2026-06-30,6.82,HDFC,HDFC; Aditya Birla; Axis; Nippon; Kotak
INE556F16BQ4,2026-07-15,7.08,HDFC,HDFC; Nippon
INE556F16BQ4,2026-07-31,7.0,HDFC,HDFC (123); SBI (74); Aditya Birla (123); Nippon (10); Kotak (187); Tata (314)
INE556F16BQ4,2026-08-15,6.4503,SBI,SBI (74); Nippon (10); Tata (74)
INE556F16BR2,2026-06-30,6.82,SBI,SBI; Aditya Birla; Axis; UTI
INE556F16BR2,2026-07-15,7.0901,SBI,SBI
INE556F16BR2,2026-07-31,6.995,SBI,SBI (25); Aditya Birla (785); Axis (25); UTI (25); Tata (49)
INE556F16BR2,2026-08-15,6.4501,SBI,SBI (25); Axis (25); Tata (49)
INE556F16BS0,2026-06-30,6.82,SBI,SBI; Aditya Birla; Axis; Nippon; UTI
INE556F16BS0,2026-07-15,7.1286,SBI,SBI; Nippon
INE556F16BS0,2026-07-31,6.995,SBI,SBI (34); ICICI Pru (15); Aditya Birla (220); Axis (146); Nippon (49); UTI (366)
INE556F16BS0,2026-08-15,6.6649,SBI,SBI (34); ICICI Pru (15); Axis (147); Nippon (49)
INE556F16BT8,2026-06-30,6.82,HDFC,HDFC; SBI; ICICI Pru; Aditya Birla; Axis; Nippon
INE556F16BT8,2026-07-15,7.13,HDFC,HDFC; SBI; ICICI Pru; Nippon
INE556F16BT8,2026-07-31,7.0,HDFC,HDFC (24); SBI (112); ICICI Pru (5); Aditya Birla (97); Axis (614); Nippon (219)
INE556F16BT8,2026-08-15,6.665,SBI,SBI (112); ICICI Pru (5); Axis (739)
INE556F16BU6,2026-06-30,6.82,HDFC,HDFC; Aditya Birla; Nippon
INE556F16BU6,2026-07-15,7.13,HDFC,HDFC; Nippon
INE556F16BU6,2026-07-31,7.0,HDFC,HDFC (755); Aditya Birla (195); Axis (49); Nippon (24)
INE556F16BU6,2026-08-15,6.68,Axis,Axis (49); Nippon (24)
INE556F16BV4,2026-06-30,6.92,HDFC,HDFC; ICICI Pru; Aditya Birla; Axis; Nippon; UTI
INE556F16BV4,2026-07-15,7.26,HDFC,HDFC; ICICI Pru; Nippon
INE556F16BV4,2026-07-31,7.05,HDFC,"HDFC (581); ICICI Pru (1,017); Aditya Birla (48); Axis (73); Nippon (557); UTI (266)"
INE556F16BV4,2026-08-15,6.83,ICICI Pru,"ICICI Pru (1,021); Axis (195); Nippon (267)"
INE556F16BW2,2026-06-30,6.93,HDFC,HDFC; ICICI Pru; Aditya Birla; Axis; Nippon; Kotak; UTI
INE556F16BW2,2026-07-15,7.26,HDFC,HDFC; ICICI Pru; Nippon
INE556F16BW2,2026-07-31,7.05,HDFC,"HDFC (918); ICICI Pru (1,184); Aditya Birla (314); Axis (532); Nippon (338); Kotak (580); UTI (290); Tata (435)"
INE556F16BW2,2026-08-15,6.83,ICICI Pru,"ICICI Pru (1,188); Axis (655); Nippon (194); Kotak (582); Tata (437)"
INE556F16BX0,2026-06-30,6.92,ICICI Pru,ICICI Pru; UTI
INE556F16BX0,2026-07-15,7.26,ICICI Pru,ICICI Pru
INE556F16BX0,2026-07-31,7.05,ICICI Pru,ICICI Pru (580); UTI (338)
INE556F16BX0,2026-08-15,6.83,ICICI Pru,ICICI Pru (582); Kotak (97)
INE556F16BY8,2026-06-30,6.9,HDFC,HDFC; SBI; ICICI Pru; Aditya Birla; Axis; Nippon; Kotak; UTI
INE556F16BY8,2026-07-15,7.26,HDFC,HDFC; SBI; ICICI Pru; Nippon
INE556F16BY8,2026-07-31,7.05,HDFC,"HDFC (627); SBI (338); ICICI Pru (338); Aditya Birla (338); Axis (145); Nippon (169); Kotak (1,158); UTI (169); Tata (97)"
INE556F16BY8,2026-08-15,6.8351,SBI,"SBI (97); ICICI Pru (339); Axis (145); Nippon (170); Kotak (1,163); Tata (97)"
INE556F16BZ5,2026-06-30,6.915,Aditya Birla,Aditya Birla; Axis; UTI
INE556F16BZ5,2026-07-31,7.05,Aditya Birla,Aditya Birla (96); Axis (96); UTI (48)
INE556F16BZ5,2026-08-15,6.835,SBI,SBI (24); ICICI Pru (48); Axis (73)
INE556F16CA6,2026-06-30,6.915,SBI,SBI; ICICI Pru; Nippon; UTI
INE556F16CA6,2026-07-15,7.26,SBI,SBI; ICICI Pru; Nippon
INE556F16CA6,2026-07-31,7.05,SBI,SBI (820); ICICI Pru (627); Nippon (48); UTI (337); Tata (145)
INE556F16CA6,2026-08-15,6.835,SBI,SBI (823); ICICI Pru (629); Nippon (145)
INE556F16CB4,2026-06-30,6.92,HDFC,HDFC; SBI; ICICI Pru; Aditya Birla; Axis; Nippon; Kotak; UTI
INE556F16CB4,2026-07-15,7.26,HDFC,HDFC; SBI; ICICI Pru; Nippon
INE556F16CB4,2026-07-31,7.05,HDFC,"HDFC (361); SBI (1,107); ICICI Pru (987); Aditya Birla (337); Axis (351); Nippon (505); Kotak (770); UTI (144); Tata (24)"
INE556F16CB4,2026-08-15,6.835,SBI,"SBI (1,111); ICICI Pru (1,135); Axis (594); Nippon (507); Kotak (773); Tata (24)"
INE556F16CC2,2026-06-30,6.905,SBI,SBI; ICICI Pru; Aditya Birla; Axis; Nippon; Kotak; UTI
INE556F16CC2,2026-07-15,7.2601,SBI,SBI; ICICI Pru; Nippon
INE556F16CC2,2026-07-31,7.05,SBI,SBI (235); ICICI Pru (384); Aditya Birla (144); Axis (96); Nippon (625); Kotak (288); UTI (457); Tata (24)
INE556F16CC2,2026-08-15,6.835,SBI,SBI (92); ICICI Pru (579); Axis (96); Nippon (820); Kotak (289); Tata (24)
INE556F16CD0,2026-06-30,6.92,HDFC,HDFC; SBI; ICICI Pru; Aditya Birla; Nippon
INE556F16CD0,2026-07-15,7.26,HDFC,HDFC; SBI; ICICI Pru; Nippon
INE556F16CD0,2026-07-31,7.05,HDFC,HDFC (48); SBI (72); ICICI Pru (48); Aditya Birla (24); Nippon (201); Kotak (96)
INE556F16CD0,2026-08-15,6.84,ICICI Pru,ICICI Pru (48); Nippon (202); Kotak (96); Tata (96)
INE556F16CE8,2026-06-30,7.15,HDFC,HDFC; SBI; Aditya Birla; Nippon; UTI
INE556F16CE8,2026-07-15,7.32,HDFC,HDFC; SBI; Nippon
INE556F16CE8,2026-07-31,7.19,HDFC,"HDFC (377); SBI (1,413); Aditya Birla (71); Nippon (471); UTI (24); Tata (47)"
INE556F16CE8,2026-08-15,7.055,SBI,"SBI (1,418); Nippon (473); Tata (47)"
INE556F16CF5,2026-08-15,7.18,ICICI Pru,ICICI Pru (514); Axis (327); Nippon (560)
INE557F08FR8,2026-06-30,6.3,HDFC,HDFC; Axis; Kotak
INE557F08FR8,2026-07-15,6.5,HDFC,HDFC; SBI
INE557F08FX6,2026-06-30,7.09,HDFC,HDFC
INE557F08FX6,2026-07-15,7.24,HDFC,HDFC
INE557F08FX6,2026-07-31,7.2,HDFC,HDFC (51)
INE557F08FY4,2026-06-30,6.95,HDFC,HDFC; Axis; Nippon; Kotak
INE557F08FY4,2026-07-15,7.21,HDFC,HDFC; Nippon
INE557F08FY4,2026-07-31,7.25,HDFC,HDFC (351); Axis (125); Nippon (75); Kotak (15)
INE557F08FY4,2026-08-15,7.18,Axis,Axis (125); Nippon (50); Kotak (15)
INE557F08FZ1,2026-06-30,6.95,HDFC,HDFC; Axis; Nippon; Kotak; UTI
INE557F08FZ1,2026-07-15,7.16,HDFC,HDFC; Nippon
INE557F08FZ1,2026-07-31,7.28,HDFC,HDFC (698); Axis (92); Nippon (133); Kotak (20); UTI (110); Tata (110)
INE557F08FZ1,2026-08-15,7.185,Axis,Axis (92); Nippon (133); Kotak (20); Tata (110)
INE557F08GA2,2026-06-30,7.24,Kotak,Kotak
INE557F08GA2,2026-07-31,7.25,Kotak,Kotak (99)
INE557F08GA2,2026-08-15,7.24,Kotak,Kotak (99)
INE557F08GB0,2026-06-30,7.0869,Nippon,Nippon
INE557F08GB0,2026-07-15,7.24,Nippon,Nippon
INE557F08GB0,2026-07-31,7.2,Nippon,Nippon (50)
INE557F08GB0,2026-08-15,7.19,Nippon,Nippon (50)
INE557F08GC8,2026-06-30,7.09,HDFC,HDFC; Aditya Birla; Axis; Kotak
INE557F08GC8,2026-07-15,7.24,HDFC,HDFC
INE557F08GC8,2026-07-31,7.2,HDFC,HDFC (25); Aditya Birla (25); Axis (186); Kotak (50)
INE557F08GC8,2026-08-15,7.19,Axis,Axis (186); Kotak (50)
INE557F08GD6,2026-06-30,7.16,HDFC,HDFC; Axis
INE557F08GD6,2026-07-15,7.25,HDFC,HDFC
INE557F08GD6,2026-07-31,7.23,HDFC,HDFC (75); Axis (276); Tata (50)
INE557F08GD6,2026-08-15,7.2,Axis,Axis (277); Tata (50)
INE557F08GE4,2026-06-30,7.16,HDFC,HDFC; Aditya Birla; Axis; Kotak
INE557F08GE4,2026-07-15,7.25,HDFC,HDFC
INE557F08GE4,2026-07-31,7.23,HDFC,HDFC (147); Aditya Birla (172); Axis (221); Kotak (196)
INE557F08GE4,2026-08-15,7.2,Axis,Axis (221); Kotak (196)
INE557F14FN5,2026-06-30,6.394,SBI,SBI; Kotak
INE562A16PO8,2026-06-30,6.25,ICICI Pru,ICICI Pru; Kotak
INE562A16PO8,2026-07-31,6.3852,Aditya Birla,Aditya Birla (74); Kotak (6)
INE562A16PO8,2026-08-15,6.21,Kotak,Kotak (6)
INE562A16PP5,2026-06-30,6.6959,Aditya Birla,Aditya Birla; Nippon
INE562A16PP5,2026-07-15,6.94,Nippon,Nippon
INE562A16PP5,2026-07-31,6.77,Axis,Axis (49); Nippon (246)
INE562A16PP5,2026-08-15,6.3352,Nippon,Nippon (247)
INE562A16PT7,2026-06-30,6.7,ICICI Pru,ICICI Pru; Aditya Birla; UTI
INE562A16PT7,2026-07-15,7.0,ICICI Pru,ICICI Pru
INE562A16PT7,2026-07-31,6.84,ICICI Pru,ICICI Pru (25); Aditya Birla (467); UTI (172)
INE562A16PT7,2026-08-15,6.3854,Axis,Axis (296)
INE562A16PU5,2026-06-30,6.6959,Aditya Birla,Aditya Birla
INE562A16PU5,2026-07-31,6.77,Aditya Birla,Aditya Birla (74)
INE562A16QE7,2026-06-30,6.78,HDFC,HDFC; ICICI Pru; Axis; Nippon; UTI
INE562A16QE7,2026-07-15,7.13,HDFC,HDFC; ICICI Pru; Nippon
INE562A16QE7,2026-07-31,6.89,HDFC,HDFC (97); ICICI Pru (48); Axis (97); Nippon (97); UTI (194); Tata (48)
INE562A16QE7,2026-08-15,6.68,ICICI Pru,ICICI Pru (49); Nippon (49); Tata (49)
INE562A16QG2,2026-06-30,6.7799,Axis,Axis; UTI
INE562A16QG2,2026-07-31,6.89,Axis,Axis (24); Nippon (145); UTI (436)
INE562A16QG2,2026-08-15,6.68,Axis,Axis (24); Nippon (146)
INE562A16QH0,2026-06-30,6.7761,SBI,SBI; Aditya Birla
INE562A16QH0,2026-07-15,7.1299,SBI,SBI
INE562A16QH0,2026-07-31,6.8901,SBI,SBI (966); Aditya Birla (97)
INE562A16QH0,2026-08-15,6.6801,SBI,SBI (970)
INE562A16QI8,2026-06-30,6.78,ICICI Pru,ICICI Pru; Aditya Birla; Nippon; UTI
INE562A16QI8,2026-07-15,7.1299,SBI,SBI; ICICI Pru; Nippon
INE562A16QI8,2026-07-31,6.89,SBI,SBI (48); ICICI Pru (628); Aditya Birla (97); Nippon (217); Kotak (48); UTI (386)
INE562A16QI8,2026-08-15,6.6801,SBI,SBI (48); ICICI Pru (630); Nippon (218); Kotak (48)
INE562A16QJ6,2026-06-30,6.78,HDFC,HDFC; ICICI Pru; Aditya Birla
INE562A16QJ6,2026-07-15,7.13,HDFC,HDFC; ICICI Pru
INE562A16QJ6,2026-07-31,6.89,HDFC,HDFC (24); ICICI Pru (386); Aditya Birla (169)
INE562A16QJ6,2026-08-15,6.68,ICICI Pru,ICICI Pru (387)
INE562A16QM0,2026-06-30,6.7,HDFC,HDFC; SBI; Nippon; Kotak
INE562A16QM0,2026-07-15,6.99,HDFC,HDFC; SBI; Nippon
INE562A16QM0,2026-07-31,6.84,HDFC,HDFC (147); SBI (24); Aditya Birla (122); Nippon (181); Kotak (44); Tata (342)
INE562A16QM0,2026-08-15,6.5551,SBI,SBI (25); ICICI Pru (10); Nippon (181); Kotak (34); Tata (343)
INE562A16QN8,2026-06-30,6.696,Aditya Birla,Aditya Birla; UTI
INE562A16QN8,2026-07-31,6.8401,SBI,SBI (49); Aditya Birla (244); Axis (49); UTI (73)
INE562A16QN8,2026-08-15,6.555,SBI,SBI (49); Axis (49); Tata (24)
INE562A16QO6,2026-06-30,6.696,Aditya Birla,Aditya Birla; UTI
INE562A16QO6,2026-07-31,6.8401,Aditya Birla,Aditya Birla (244); Axis (73)
INE562A16QO6,2026-08-15,6.5549,Axis,Axis (122); Tata (122)
INE562A16QP3,2026-08-15,6.68,Nippon,Nippon (97)
INE562A16QW9,2026-06-30,6.1744,SBI,SBI; Kotak
INE562A16QW9,2026-07-15,5.15,HDFC,HDFC; SBI
INE562A16RB1,2026-06-30,6.23,ICICI Pru,ICICI Pru; UTI
INE562A16RB1,2026-07-15,6.35,ICICI Pru,ICICI Pru
INE562A16RB1,2026-07-31,6.31,ICICI Pru,"ICICI Pru (1,194); UTI (473)"
INE562A16RC9,2026-08-15,6.2047,SBI,SBI (199)
INE562A16RE5,2026-06-30,6.2451,Axis,Axis
INE562A16RE5,2026-07-31,6.3198,Axis,"Axis (1,192)"
INE562A16RE5,2026-08-15,6.2054,Axis,"Axis (1,195)"
INE562A16RG0,2026-07-31,6.72,Aditya Birla,Aditya Birla (445); Nippon (198)
INE562A16RG0,2026-08-15,6.3353,Nippon,Nippon (198)
INE562A16RH8,2026-07-15,7.25,HDFC,HDFC; Nippon
INE562A16RH8,2026-07-31,7.1,HDFC,HDFC (141); Aditya Birla (24); Axis (141); Nippon (188); UTI (71)
INE562A16RH8,2026-08-15,6.9017,Axis,Axis (142); Nippon (189)
INE562A16RI6,2026-07-31,7.1,Aditya Birla,Aditya Birla (235); Axis (658)
INE562A16RI6,2026-08-15,6.9017,Axis,Axis (637)
INE562A16RK2,2026-07-31,7.1,HDFC,HDFC (141)
INE562A16RL0,2026-08-15,6.9,ICICI Pru,ICICI Pru (142); Kotak (570)
INE562A16RM8,2026-08-15,7.085,Nippon,Nippon (94); Tata (281)
INE563J08023,2026-06-30,8.55,SBI,SBI
INE563J08023,2026-07-15,8.83,SBI,SBI
INE563J08023,2026-07-31,8.715,SBI,SBI (49)
INE563J08023,2026-08-15,8.455,SBI,SBI (49)
INE563J14DO8,2026-06-30,7.52,SBI,SBI
INE563J14DO8,2026-07-15,7.7248,SBI,SBI
INE563J14DO8,2026-07-31,7.695,SBI,SBI (25)
INE563J14DO8,2026-08-15,7.4599,SBI,SBI (25)
INE563J14DP5,2026-06-30,7.52,SBI,SBI
INE563J14DP5,2026-07-15,7.7249,SBI,SBI
INE563J14DP5,2026-07-31,7.6947,SBI,SBI (25)
INE563J14DP5,2026-08-15,7.4603,SBI,SBI (25)
INE565A16BR4,2026-06-30,6.87,HDFC,HDFC; UTI
INE565A16BR4,2026-07-15,7.22,HDFC,HDFC
INE565A16BR4,2026-07-31,6.99,HDFC,"HDFC (1,324); UTI (193)"
INE565A16BS2,2026-06-30,6.87,ICICI Pru,ICICI Pru; Aditya Birla; Kotak
INE565A16BS2,2026-07-15,7.22,ICICI Pru,ICICI Pru
INE565A16BS2,2026-07-31,6.99,ICICI Pru,ICICI Pru (289); Aditya Birla (289); Kotak (96); Tata (962)
INE565A16BS2,2026-08-15,6.85,ICICI Pru,ICICI Pru (290); Kotak (97); Tata (965)
INE565A16BT0,2026-06-30,6.87,SBI,SBI; Nippon; Kotak
INE565A16BT0,2026-07-15,7.215,SBI,SBI; Nippon
INE565A16BT0,2026-07-31,6.9901,SBI,SBI (289); Nippon (192); Kotak (481)
INE565A16BT0,2026-08-15,6.8499,SBI,SBI (290); Nippon (193); Kotak (483)
INE565A16BU8,2026-07-31,6.99,Tata,Tata (673)
INE565A16BU8,2026-08-15,6.85,Tata,Tata (675)
INE565A16BV6,2026-07-15,7.04,HDFC,HDFC; Nippon
INE565A16BV6,2026-07-31,6.86,HDFC,HDFC (247); Aditya Birla (247); Nippon (494); Kotak (742); Tata (494)
INE565A16BV6,2026-08-15,6.4301,Nippon,Nippon (496); Kotak (744); Tata (496)
INE572E07183,2026-06-30,7.55,Nippon,Nippon; Kotak
INE572E07183,2026-07-15,7.6999,Nippon,Nippon
INE572E07183,2026-07-31,7.62,Nippon,Nippon (25); Kotak (50)
INE572E07183,2026-08-15,7.485,Nippon,Nippon (25); Kotak (50)
INE572E07308,2026-07-15,7.805,SBI,SBI
INE572E07308,2026-07-31,7.76,SBI,SBI (45)
INE572E07308,2026-08-15,7.735,SBI,SBI (45)
INE572E14KI7,2026-06-30,6.6196,Aditya Birla,Aditya Birla; Nippon
INE572E14KI7,2026-07-15,5.1715,Nippon,Nippon
INE572E14KJ5,2026-06-30,6.59,Aditya Birla,Aditya Birla
INE572E14KJ5,2026-07-31,6.81,Aditya Birla,Aditya Birla (496)
INE572E14KK3,2026-06-30,6.59,Kotak,Kotak
INE572E14KK3,2026-07-31,6.81,Kotak,Kotak (497)
INE572E14KK3,2026-08-15,6.41,Kotak,Kotak (498)
INE572E14KL1,2026-06-30,6.59,SBI,SBI
INE572E14KL1,2026-07-15,6.8149,SBI,SBI
INE572E14KL1,2026-07-31,6.81,SBI,SBI (694)
INE572E14KL1,2026-08-15,6.4101,SBI,SBI (696)
INE572E14KM9,2026-06-30,6.5901,SBI,SBI
INE572E14KM9,2026-07-15,6.8151,SBI,SBI
INE572E14KM9,2026-07-31,6.87,SBI,SBI (396)
INE572E14KM9,2026-08-15,6.4351,SBI,SBI (397)
INE572E14KQ0,2026-07-31,7.065,SBI,SBI (197)
INE572E14KQ0,2026-08-15,6.5249,SBI,SBI (197)
INE572E14KR8,2026-08-15,6.59,Kotak,Kotak (394); Tata (493)
INE582L08078,2026-06-30,7.76,SBI,SBI
INE582L08078,2026-07-15,8.0,SBI,SBI
INE582L08078,2026-07-31,7.93,SBI,SBI (208)
INE582L08078,2026-08-15,7.885,SBI,SBI (208)
INE582L14JH5,2026-06-30,7.26,Kotak,Kotak
INE582L14JH5,2026-07-31,7.43,Kotak,Kotak (145)
INE582L14JH5,2026-08-15,7.17,Kotak,Kotak (146)
INE582L14JN3,2026-06-30,6.8199,Aditya Birla,Aditya Birla
INE582L14JN3,2026-07-31,6.7063,Aditya Birla,Aditya Birla (85)
INE582L14JO1,2026-06-30,6.8199,Aditya Birla,Aditya Birla
INE582L14JO1,2026-07-31,6.7404,Aditya Birla,Aditya Birla (338)
INE582L14JS2,2026-06-30,6.745,Aditya Birla,Aditya Birla
INE582L14JS2,2026-07-31,6.9198,Aditya Birla,Aditya Birla (124)
INE582L14JT0,2026-08-15,6.7398,SBI,SBI (99)
INE601U08309,2026-06-30,7.04,HDFC,HDFC; ICICI Pru; Aditya Birla; Axis; Nippon; Kotak
INE601U08309,2026-07-15,7.16,HDFC,HDFC; Nippon
INE601U08309,2026-07-31,6.98,HDFC,HDFC (34); ICICI Pru (69); Aditya Birla (73); Axis (83); Nippon (27); Kotak (14)
INE601U08309,2026-08-15,6.86,ICICI Pru,ICICI Pru (55); Axis (97); Nippon (28); Kotak (14)
INE605Y07239,2026-06-30,11.6268,Nippon,Nippon
INE605Y07239,2026-07-15,11.7503,Nippon,Nippon
INE605Y07239,2026-07-31,11.6868,Nippon,Nippon (62)
INE605Y07239,2026-08-15,11.6468,Nippon,Nippon (62)
INE607M08097,2026-06-30,7.33,HDFC,HDFC
INE607M08097,2026-07-15,7.7,HDFC,HDFC
INE607M08097,2026-07-31,7.68,HDFC,HDFC (151)
INE607M08105,2026-06-30,7.7444,SBI,SBI
INE607M08105,2026-07-15,7.93,SBI,SBI
INE607M08105,2026-07-31,7.76,SBI,SBI (201)
INE607M08105,2026-08-15,7.7525,SBI,SBI (201)
INE608A16SW6,2026-06-30,7.02,HDFC,HDFC; Aditya Birla; Axis
INE608A16SW6,2026-07-15,7.36,HDFC,HDFC
INE608A16SW6,2026-07-31,7.14,HDFC,HDFC (625); Aditya Birla (240); Axis (72); Tata (24)
INE608A16SW6,2026-08-15,6.91,Axis,Axis (72); Tata (24)
INE608A16SX4,2026-06-30,7.01,Axis,Axis; Kotak
INE608A16SX4,2026-07-31,7.1301,Axis,Axis (384); Kotak (576)
INE608A16SX4,2026-08-15,6.91,Axis,Axis (386); Kotak (579)
INE608A16TC6,2026-06-30,7.02,HDFC,HDFC; ICICI Pru; Axis; Kotak
INE608A16TC6,2026-07-15,7.36,HDFC,HDFC; ICICI Pru
INE608A16TC6,2026-07-31,7.14,HDFC,HDFC (647); ICICI Pru (96); Axis (407); Kotak (192)
INE608A16TC6,2026-08-15,6.91,ICICI Pru,ICICI Pru (96); Axis (409); Kotak (192)
INE608A16TE2,2026-06-30,7.0099,Aditya Birla,Aditya Birla; Nippon; UTI
INE608A16TE2,2026-07-15,7.355,Nippon,Nippon
INE608A16TE2,2026-07-31,7.1299,Aditya Birla,Aditya Birla (239); Nippon (239); UTI (168)
INE608A16TE2,2026-08-15,6.91,Nippon,Nippon (240)
INE608A16TF9,2026-06-30,6.4747,Nippon,Nippon
INE608A16TG7,2026-06-30,6.4753,Aditya Birla,Aditya Birla
INE608A16TG7,2026-07-31,6.3698,Aditya Birla,Aditya Birla (499)
INE608A16TH5,2026-06-30,6.48,UTI,UTI
INE608A16TH5,2026-07-31,6.37,UTI,UTI (298)
INE608A16TI3,2026-06-30,6.29,HDFC,HDFC
INE608A16TI3,2026-07-15,6.55,HDFC,HDFC
INE608A16TI3,2026-07-31,6.44,HDFC,HDFC (646)
INE608A16TJ1,2026-06-30,6.2902,Nippon,Nippon; Kotak
INE608A16TJ1,2026-07-15,6.545,Nippon,Nippon
INE608A16TJ1,2026-07-31,6.44,Nippon,Nippon (298); Kotak (894)
INE608A16TJ1,2026-08-15,6.3105,Nippon,Nippon (299); Kotak (199)
INE608A16TK9,2026-06-30,6.2902,SBI,SBI; Aditya Birla; Kotak
INE608A16TK9,2026-07-15,6.5451,SBI,SBI
INE608A16TK9,2026-07-31,6.4403,SBI,SBI (744); Aditya Birla (397); Kotak (198)
INE608A16TK9,2026-08-15,6.3099,SBI,SBI (597); Kotak (199)
INE608A16TL7,2026-06-30,6.29,SBI,SBI; Aditya Birla
INE608A16TL7,2026-07-15,6.5451,SBI,SBI
INE608A16TL7,2026-07-31,6.5099,SBI,SBI (496); Aditya Birla (397)
INE608A16TL7,2026-08-15,6.3099,SBI,SBI (497)
INE614A07033,2026-06-30,7.05,HDFC,HDFC
INE614A07033,2026-07-15,6.86,HDFC,HDFC
INE614A07033,2026-07-31,6.68,HDFC,HDFC (70)
INE634S07025,2026-06-30,7.19,HDFC,HDFC; SBI; ICICI Pru; Aditya Birla; Kotak; UTI
INE634S07025,2026-07-15,7.44,HDFC,HDFC; SBI; ICICI Pru
INE634S07025,2026-07-31,7.24,HDFC,HDFC (30); SBI (100); ICICI Pru (4); Aditya Birla (320); Kotak (300); UTI (35)
INE634S07025,2026-08-15,6.7722,SBI,SBI (100); ICICI Pru (4); Kotak (301)
INE634S07033,2026-06-30,7.595,SBI,SBI; Aditya Birla; Axis; Kotak; UTI
INE634S07033,2026-07-15,7.825,SBI,SBI
INE634S07033,2026-07-31,7.755,SBI,SBI (50); Aditya Birla (25); Axis (50); Kotak (126); UTI (10)
INE634S07033,2026-08-15,7.6521,SBI,SBI (50); Axis (50); Kotak (126)
INE651J07960,2026-06-30,8.425,SBI,SBI
INE651J07960,2026-07-15,8.29,SBI,SBI
INE651J07960,2026-07-31,8.27,SBI,SBI (75)
INE651J07960,2026-08-15,8.0,SBI,SBI (75)
INE651J07978,2026-06-30,8.29,SBI,SBI; Aditya Birla
INE651J07978,2026-07-15,8.145,SBI,SBI
INE651J07978,2026-07-31,7.895,SBI,SBI (50); Aditya Birla (50)
INE651J07986,2026-06-30,8.99,HDFC,HDFC; ICICI Pru; Axis
INE651J07986,2026-07-15,8.91,HDFC,HDFC; ICICI Pru
INE651J07986,2026-07-31,8.82,HDFC,HDFC (100); ICICI Pru (125); Axis (25)
INE651J07986,2026-08-15,8.67,ICICI Pru,ICICI Pru (126); Axis (25)
INE651J07AA0,2026-06-30,9.14,HDFC,HDFC; ICICI Pru
INE651J07AA0,2026-07-15,9.12,HDFC,HDFC; ICICI Pru
INE651J07AA0,2026-07-31,9.06,HDFC,HDFC (199); ICICI Pru (149)
INE651J07AA0,2026-08-15,9.01,ICICI Pru,ICICI Pru (149)
INE651J07AB8,2026-06-30,9.14,HDFC,HDFC; ICICI Pru
INE651J07AB8,2026-07-15,9.12,HDFC,HDFC; ICICI Pru
INE651J07AB8,2026-07-31,9.06,HDFC,HDFC (174); ICICI Pru (124)
INE651J07AB8,2026-08-15,9.01,ICICI Pru,ICICI Pru (124)
INE657H08035,2026-06-30,8.7274,Aditya Birla,Aditya Birla; Nippon
INE657H08035,2026-07-15,8.9124,Nippon,Nippon
INE657H08035,2026-07-31,8.9118,Aditya Birla,Aditya Birla (20); Nippon (92)
INE657H08035,2026-08-15,8.8574,Nippon,Nippon (92)
INE657H08043,2026-06-30,8.8224,Axis,Axis
INE657H08043,2026-07-31,8.8724,Axis,Axis (67)
INE657H08043,2026-08-15,8.8674,Axis,Axis (67)
INE658R07430,2026-06-30,7.99,HDFC,HDFC; SBI; ICICI Pru
INE658R07430,2026-07-15,8.28,HDFC,HDFC; SBI; ICICI Pru
INE658R07430,2026-07-31,7.97,HDFC,HDFC (25); SBI (100); ICICI Pru (225)
INE658R07430,2026-08-15,7.785,SBI,SBI (100); ICICI Pru (225)
INE658R07448,2026-06-30,8.32,HDFC,HDFC; SBI
INE658R07448,2026-07-15,8.41,HDFC,HDFC; SBI
INE658R07448,2026-07-31,8.28,HDFC,HDFC (100); SBI (100)
INE658R07448,2026-08-15,8.2,SBI,SBI (100)
INE660A07RI7,2026-06-30,7.59,SBI,SBI
INE660A07RI7,2026-07-15,7.705,SBI,SBI
INE660A07RI7,2026-07-31,7.675,SBI,SBI (134)
INE660A07RI7,2026-08-15,7.615,SBI,SBI (135)
INE660A07RN7,2026-06-30,7.59,HDFC,HDFC; SBI
INE660A07RN7,2026-07-15,7.74,HDFC,HDFC; SBI
INE660A07RN7,2026-07-31,7.7,HDFC,HDFC (100); SBI (500)
INE660A07RN7,2026-08-15,7.67,SBI,SBI (501)
INE660A07RQ0,2026-06-30,7.1999,Nippon,Nippon; Kotak
INE660A07RQ0,2026-07-15,7.3498,Nippon,Nippon
INE660A07RQ0,2026-07-31,7.2301,Nippon,Nippon (5); Kotak (7)
INE660A07RQ0,2026-08-15,6.74,Nippon,Nippon (2); Kotak (7)
INE660A07RT4,2026-06-30,7.57,Aditya Birla,Aditya Birla; Axis
INE660A07RT4,2026-07-31,7.64,HDFC,HDFC (1); Aditya Birla (1); Axis (73)
INE660A07RT4,2026-08-15,7.45,Axis,Axis (73)
INE660A07RU2,2026-06-30,7.2,ICICI Pru,ICICI Pru; Nippon; Kotak
INE660A07RU2,2026-07-15,7.39,ICICI Pru,ICICI Pru; Nippon
INE660A07RU2,2026-07-31,7.27,ICICI Pru,ICICI Pru (0); Nippon (5); Kotak (8)
INE660A07RU2,2026-08-15,6.9649,SBI,SBI (25); ICICI Pru (0); Nippon (10); Kotak (3)
INE660A07RW8,2026-06-30,7.535,Axis,Axis
INE660A07RW8,2026-07-31,7.635,Axis,Axis (30)
INE660A07RW8,2026-08-15,7.45,Axis,Axis (30)
INE660A07RY4,2026-06-30,7.535,Axis,Axis; UTI
INE660A07RY4,2026-07-31,7.635,Axis,Axis (75); UTI (50)
INE660A07RY4,2026-08-15,7.45,Axis,Axis (75)
INE660A07SA2,2026-06-30,7.6549,Aditya Birla,Aditya Birla; Axis
INE660A07SA2,2026-07-31,7.695,Aditya Birla,Aditya Birla (25)
INE660A07SB0,2026-06-30,7.66,HDFC,HDFC
INE660A07SB0,2026-07-15,7.74,HDFC,HDFC
INE660A07SB0,2026-07-31,7.7,HDFC,HDFC (30)
INE660A07SD6,2026-06-30,7.72,HDFC,HDFC
INE660A07SD6,2026-07-15,7.8,HDFC,HDFC
INE660A07SD6,2026-07-31,7.73,HDFC,HDFC (149)
INE660A07SE4,2026-06-30,7.72,SBI,SBI
INE660A07SE4,2026-07-15,7.81,SBI,SBI
INE660A07SE4,2026-07-31,7.77,SBI,SBI (402)
INE660A07SE4,2026-08-15,7.72,SBI,SBI (402)
INE660A14YS8,2026-06-30,6.72,HDFC,HDFC
INE660A14YS8,2026-07-15,6.8,HDFC,HDFC
INE660A14YU4,2026-06-30,7.1101,Aditya Birla,Aditya Birla; Kotak
INE660A14YU4,2026-07-31,7.235,Aditya Birla,Aditya Birla (24); Kotak (98)
INE660A14YU4,2026-08-15,6.88,Kotak,Kotak (98)
INE660A14YV2,2026-06-30,7.2,Axis,Axis; Kotak
INE660A14YV2,2026-07-31,7.2801,Axis,Axis (43); Kotak (5)
INE660A14YV2,2026-08-15,7.0499,Axis,Axis (43); Kotak (5)
INE660A14YW0,2026-06-30,7.2,Aditya Birla,Aditya Birla
INE660A14YW0,2026-07-31,7.28,Aditya Birla,Aditya Birla (527)
INE660A14YX8,2026-06-30,7.2,SBI,SBI; Aditya Birla; Kotak
INE660A14YX8,2026-07-15,7.4149,SBI,SBI
INE660A14YX8,2026-07-31,7.2801,SBI,SBI (289); Aditya Birla (241); Kotak (144)
INE660A14YX8,2026-08-15,7.05,Kotak,Kotak (48)
INE660A14YZ3,2026-07-31,7.2801,SBI,SBI (48)
INE660A14YZ3,2026-08-15,7.05,SBI,SBI (48)
INE660A14ZA3,2026-06-30,7.375,Aditya Birla,Aditya Birla; Axis; UTI
INE660A14ZA3,2026-07-31,7.53,Aditya Birla,Aditya Birla (95); Axis (24); UTI (47)
INE660A14ZA3,2026-08-15,7.275,Axis,Axis (24)
INE660A14ZB1,2026-06-30,7.375,Axis,Axis
INE660A14ZB1,2026-07-31,7.5299,Axis,Axis (47)
INE660A14ZB1,2026-08-15,7.275,Axis,Axis (47)
INE660A14ZC9,2026-06-30,6.7401,Aditya Birla,Aditya Birla
INE660A14ZC9,2026-07-31,6.6798,Aditya Birla,Aditya Birla (943)
INE667F07IG4,2026-06-30,7.47,Nippon,Nippon
INE667F07IG4,2026-07-15,7.6338,Nippon,Nippon
INE667F07IG4,2026-07-31,7.6238,Nippon,Nippon (201)
INE667F07IG4,2026-08-15,7.55,Nippon,Nippon (202)
INE667F07II0,2026-06-30,7.47,Nippon,Nippon
INE667F07II0,2026-07-15,7.6337,Nippon,Nippon
INE667F07II0,2026-07-31,7.6238,Nippon,Nippon (33)
INE667F07II0,2026-08-15,7.55,Nippon,Nippon (34)
INE667F07IT7,2026-06-30,6.67,ICICI Pru,ICICI Pru; Aditya Birla; Axis
INE667F07IT7,2026-07-15,6.71,ICICI Pru,ICICI Pru
INE667F07IT7,2026-07-31,6.68,ICICI Pru,ICICI Pru (168); Aditya Birla (78); Axis (25)
INE667F07IT7,2026-08-15,6.5,ICICI Pru,ICICI Pru (168); Axis (25)
INE667F07IU5,2026-06-30,7.1149,Nippon,Nippon
INE667F07IU5,2026-07-15,7.3437,Nippon,Nippon
INE667F07IU5,2026-07-31,7.1788,Nippon,Nippon (25); Tata (125)
INE667F07IU5,2026-08-15,6.795,Nippon,Nippon (25); Tata (75)
INE667F07IV3,2026-06-30,7.46,HDFC,HDFC; Aditya Birla; Axis
INE667F07IV3,2026-07-15,7.61,HDFC,HDFC
INE667F07IV3,2026-07-31,7.62,HDFC,HDFC (246); Aditya Birla (45); Axis (15)
INE667F07IV3,2026-08-15,7.53,Axis,Axis (15)
INE667F07IW1,2026-06-30,7.5198,Aditya Birla,Aditya Birla
INE667F07IW1,2026-07-31,7.625,Aditya Birla,Aditya Birla (75)
INE667F07IZ4,2026-06-30,7.32,ICICI Pru,ICICI Pru
INE667F07IZ4,2026-07-15,7.54,ICICI Pru,ICICI Pru
INE667F07IZ4,2026-07-31,7.4,ICICI Pru,ICICI Pru (50)
INE667F07IZ4,2026-08-15,7.18,ICICI Pru,ICICI Pru (50)
INE667F07JA5,2026-06-30,7.385,SBI,SBI; ICICI Pru; Axis
INE667F07JA5,2026-07-15,7.6088,SBI,SBI; ICICI Pru
INE667F07JA5,2026-07-31,7.5737,SBI,SBI (45); ICICI Pru (100); Axis (5)
INE667F07JA5,2026-08-15,7.375,SBI,SBI (45); ICICI Pru (100); Axis (5)
INE667F07JB3,2026-06-30,7.4699,Axis,Axis
INE667F07JB3,2026-07-31,7.6337,Axis,Axis (99)
INE667F07JB3,2026-08-15,7.595,Axis,Axis (99)
INE670K07273,2026-06-30,7.9,ICICI Pru,ICICI Pru
INE670K07273,2026-07-15,8.15,ICICI Pru,ICICI Pru
INE670K07273,2026-07-31,7.99,ICICI Pru,ICICI Pru (276)
INE670K07273,2026-08-15,7.7,ICICI Pru,ICICI Pru (276)
INE670K07281,2026-06-30,7.9,ICICI Pru,ICICI Pru
INE670K07281,2026-07-15,8.15,ICICI Pru,ICICI Pru
INE670K07281,2026-07-31,7.99,ICICI Pru,ICICI Pru (134)
INE670K07281,2026-08-15,7.7,ICICI Pru,ICICI Pru (134)
INE670K07299,2026-06-30,7.5775,Axis,Axis
INE670K07299,2026-07-31,8.105,Axis,Axis (50)
INE670K07299,2026-08-15,7.83,Axis,Axis (50)
INE670K07315,2026-06-30,7.5775,SBI,SBI
INE670K07315,2026-07-15,8.24,SBI,SBI
INE670K07315,2026-07-31,8.105,SBI,SBI (125)
INE670K07315,2026-08-15,7.83,SBI,SBI (125)
INE670K07364,2026-06-30,9.31,ICICI Pru,ICICI Pru
INE670K07364,2026-07-15,9.1,ICICI Pru,ICICI Pru
INE670K07364,2026-07-31,9.09,ICICI Pru,ICICI Pru (301)
INE670K07364,2026-08-15,9.0,ICICI Pru,ICICI Pru (302)
INE674K07028,2026-06-30,7.82,Kotak,Kotak
INE674K07028,2026-07-31,7.96,Kotak,Kotak (197)
INE674K07028,2026-08-15,7.9,Kotak,Kotak (198)
INE674K07036,2026-06-30,7.735,Nippon,Nippon; UTI
INE674K07036,2026-07-15,7.755,Nippon,Nippon
INE674K07036,2026-07-31,7.79,Nippon,Nippon (50); UTI (45)
INE674K07036,2026-08-15,7.705,Nippon,Nippon (50)
INE674K07143,2026-06-30,7.9316,Nippon,Nippon
INE674K07143,2026-07-15,8.0199,Nippon,Nippon
INE674K07143,2026-07-31,7.99,Nippon,Nippon (91)
INE674K07143,2026-08-15,7.98,Nippon,Nippon (91)
INE674K08083,2026-07-15,8.3241,Nippon,Nippon
INE674K14BP2,2026-06-30,7.24,ICICI Pru,ICICI Pru
INE674K14BP2,2026-07-15,7.47,ICICI Pru,ICICI Pru
INE674K14BP2,2026-07-31,7.33,ICICI Pru,ICICI Pru (96)
INE674K14BP2,2026-08-15,7.09,ICICI Pru,ICICI Pru (97)
INE674K14BS6,2026-06-30,7.24,HDFC,HDFC; ICICI Pru; Kotak; UTI
INE674K14BS6,2026-07-15,7.47,HDFC,HDFC; ICICI Pru
INE674K14BS6,2026-07-31,7.33,HDFC,HDFC (241); ICICI Pru (48); Kotak (241); UTI (96); Tata (337)
INE674K14BS6,2026-08-15,7.09,ICICI Pru,ICICI Pru (48); Kotak (242); Tata (338)
INE674K14BT4,2026-06-30,7.24,Kotak,Kotak
INE674K14BT4,2026-07-31,7.33,Kotak,Kotak (192)
INE674K14BT4,2026-08-15,7.09,Kotak,Kotak (193)
INE674K14BX6,2026-06-30,7.24,HDFC,HDFC; SBI; Aditya Birla; Kotak
INE674K14BX6,2026-07-15,7.47,HDFC,HDFC; SBI
INE674K14BX6,2026-07-31,7.33,HDFC,HDFC (216); SBI (216); Aditya Birla (120); Kotak (240)
INE674K14BX6,2026-08-15,7.09,SBI,SBI (24); Kotak (241)
INE674K14BZ1,2026-06-30,7.24,HDFC,HDFC; ICICI Pru; Nippon
INE674K14BZ1,2026-07-15,7.47,HDFC,HDFC; ICICI Pru; Nippon
INE674K14BZ1,2026-07-31,7.33,HDFC,HDFC (145); ICICI Pru (241); Nippon (48); Tata (96)
INE674K14BZ1,2026-08-15,7.09,ICICI Pru,ICICI Pru (242); Nippon (48); Tata (97)
INE674K14CE4,2026-06-30,6.82,ICICI Pru,ICICI Pru
INE674K14CK1,2026-07-31,7.25,HDFC,HDFC (246); Nippon (197)
INE674K14CK1,2026-08-15,6.7449,Nippon,Nippon (198)
INE674K14CL9,2026-06-30,6.74,HDFC,HDFC; SBI; UTI
INE674K14CL9,2026-07-15,6.83,HDFC,HDFC; SBI
INE674K14CM7,2026-06-30,6.7398,Axis,Axis
INE674K14CP0,2026-07-31,6.775,Aditya Birla,Aditya Birla (25); UTI (198)
INE674K14CQ8,2026-07-31,6.7749,Axis,Axis (297)
INE674K14CQ8,2026-08-15,6.585,Axis,Axis (298)
INE674K14CR6,2026-07-31,7.25,Tata,Tata (147)
INE674K14CR6,2026-08-15,6.75,Tata,Tata (148)
INE674K14CS4,2026-07-31,7.33,Kotak,Kotak (67)
INE674K14CS4,2026-08-15,7.09,Kotak,Kotak (68)
INE674K14CV8,2026-08-15,6.785,SBI,SBI (738)
INE685A07132,2026-06-30,7.6549,SBI,SBI; Aditya Birla; Axis; Kotak
INE685A07132,2026-07-15,7.815,SBI,SBI
INE685A07132,2026-07-31,7.7,SBI,SBI (124); Aditya Birla (149); Kotak (199); Tata (60)
INE685A07132,2026-08-15,7.575,SBI,SBI (125); Kotak (200); Tata (60)
INE685A07157,2026-06-30,7.66,Axis,Axis; UTI
INE685A07157,2026-07-31,7.735,Axis,Axis (4); UTI (69)
INE685A07157,2026-08-15,7.635,Axis,Axis (4)
INE685A07165,2026-06-30,7.7,Kotak,Kotak; UTI
INE685A07165,2026-07-31,7.87,Kotak,Kotak (25); UTI (20)
INE685A07165,2026-08-15,7.81,Kotak,Kotak (25)
INE685A07173,2026-06-30,7.74,UTI,UTI
INE685A07173,2026-07-31,7.9,UTI,UTI (20)
INE685A14187,2026-06-30,7.005,Axis,Axis; Nippon; Kotak; UTI
INE685A14187,2026-07-15,7.3699,Nippon,Nippon
INE685A14187,2026-07-31,7.14,SBI,SBI (219); Aditya Birla (97); Kotak (277); UTI (243)
INE685A14187,2026-08-15,6.8351,SBI,SBI (220); Kotak (278)
INE691A16MF0,2026-06-30,6.9399,Nippon,Nippon
INE691A16MF0,2026-07-15,7.2849,Nippon,Nippon
INE691A16MF0,2026-07-31,7.0999,Nippon,Nippon (481)
INE691A16MF0,2026-08-15,6.88,Nippon,Nippon (483)
INE691A16MI4,2026-06-30,6.3101,Nippon,Nippon
INE691A16MJ2,2026-07-15,7.49,HDFC,HDFC; Nippon
INE691A16MJ2,2026-07-31,7.32,HDFC,HDFC (799); Aditya Birla (235); Nippon (329); UTI (235)
INE691A16MJ2,2026-08-15,7.0,Nippon,Nippon (331)
INE691A16MK0,2026-07-31,6.8951,Aditya Birla,Aditya Birla (198); UTI (297)
INE692A08029,2026-06-30,7.15,Kotak,Kotak
INE692A08029,2026-07-31,7.68,Kotak,Kotak (97)
INE692A08029,2026-08-15,7.83,Kotak,Kotak (96)
INE692A08169,2026-06-30,7.6485,SBI,SBI
INE692A08169,2026-07-15,7.9727,SBI,SBI
INE692A08169,2026-07-31,7.707,SBI,SBI (6)
INE692A08169,2026-08-15,7.8245,SBI,SBI (6)
INE692A08193,2026-06-30,7.9195,SBI,SBI
INE692A08193,2026-07-15,8.1751,SBI,SBI
INE692A08193,2026-07-31,8.1373,SBI,SBI (30)
INE692A08193,2026-08-15,8.1996,SBI,SBI (30)
INE692A08201,2026-06-30,7.5318,Nippon,Nippon
INE692A08201,2026-07-15,7.6418,Nippon,Nippon
INE692A08201,2026-07-31,7.6668,Nippon,Nippon (104)
INE692A08201,2026-08-15,7.6418,Nippon,Nippon (104)
INE692A16KQ9,2026-06-30,6.7004,Aditya Birla,Aditya Birla; Axis
INE692A16KQ9,2026-07-31,6.845,SBI,SBI (976); Aditya Birla (73); Axis (342)
INE692A16KQ9,2026-08-15,6.55,SBI,SBI (980); Axis (367)
INE692A16KU1,2026-06-30,6.78,HDFC,HDFC; ICICI Pru; Aditya Birla; Axis; Nippon; Kotak; UTI
INE692A16KU1,2026-07-15,7.15,HDFC,HDFC; ICICI Pru; Nippon
INE692A16KU1,2026-07-31,6.89,HDFC,HDFC (775); ICICI Pru (683); Aditya Birla (107); Axis (97); Nippon (417); Kotak (605); UTI (387)
INE692A16KU1,2026-08-15,6.6801,SBI,SBI (656); ICICI Pru (637); Axis (97); Nippon (442); Kotak (292)
INE692A16LM6,2026-06-30,6.7755,SBI,SBI; Nippon; Kotak
INE692A16LM6,2026-07-15,7.145,SBI,SBI; Nippon
INE692A16LM6,2026-07-31,6.8975,SBI,SBI (192); Axis (24); Nippon (48); Kotak (409)
INE692A16LM6,2026-08-15,6.7001,SBI,SBI (193); Axis (24); Nippon (48); Kotak (410)
INE692A16LP9,2026-06-30,6.77,HDFC,HDFC; SBI; ICICI Pru; Aditya Birla
INE692A16LP9,2026-07-15,7.15,HDFC,HDFC; SBI; ICICI Pru
INE692A16LP9,2026-07-31,6.92,HDFC,HDFC (96); SBI (503); ICICI Pru (249); Aditya Birla (67); Nippon (24)
INE692A16LP9,2026-08-15,6.6999,SBI,SBI (409); ICICI Pru (250); Nippon (120)
INE692A16LQ7,2026-06-30,6.7755,SBI,SBI
INE692A16LQ7,2026-07-15,7.145,SBI,SBI
INE692A16LQ7,2026-07-31,6.89,UTI,UTI (96)
INE692A16LQ7,2026-08-15,6.69,ICICI Pru,ICICI Pru (48)
INE692A16LR5,2026-06-30,6.7755,Nippon,Nippon; Kotak
INE692A16LR5,2026-07-15,7.145,Nippon,Nippon
INE692A16LR5,2026-07-31,6.8975,Axis,Axis (48); Nippon (24); Kotak (457)
INE692A16LR5,2026-08-15,6.7,Axis,Axis (48); Nippon (24); Kotak (458)
INE692A16LS3,2026-06-30,6.7933,SBI,SBI; ICICI Pru; Aditya Birla; Axis; Nippon; UTI
INE692A16LS3,2026-07-15,7.14,HDFC,HDFC; SBI; ICICI Pru; Nippon
INE692A16LS3,2026-07-31,6.9,HDFC,HDFC (72); SBI (340); ICICI Pru (168); Aditya Birla (312); Axis (48); Nippon (96); Tata (48)
INE692A16LS3,2026-08-15,6.6999,SBI,SBI (342); ICICI Pru (168); Axis (48); Nippon (96); Tata (48)
INE692A16LT1,2026-06-30,6.2154,Nippon,Nippon; UTI
INE692A16LT1,2026-07-15,6.5002,Nippon,Nippon
INE692A16LT1,2026-07-31,6.3623,Axis,Axis (99); Nippon (99); UTI (199)
INE692A16LT1,2026-08-15,6.2005,Axis,Axis (100); Nippon (100)
INE692A16LU9,2026-06-30,6.78,HDFC,HDFC; SBI; ICICI Pru; Nippon; Kotak
INE692A16LU9,2026-07-15,7.15,HDFC,HDFC; SBI; ICICI Pru
INE692A16LU9,2026-07-31,6.89,HDFC,HDFC (72); SBI (168); ICICI Pru (302); Kotak (29); Tata (96)
INE692A16LU9,2026-08-15,6.7001,SBI,SBI (169); ICICI Pru (520); Axis (24); Kotak (101); Tata (96)
INE692A16LV7,2026-06-30,6.1898,SBI,SBI; Axis
INE692A16LV7,2026-07-15,6.249,SBI,SBI
INE692A16LW5,2026-06-30,6.19,Kotak,Kotak
INE692A16LW5,2026-07-15,5.914,Nippon,Nippon
INE692A16LX3,2026-06-30,6.1854,Axis,Axis
INE692A16LY1,2026-06-30,6.19,Axis,Axis
INE692A16LZ8,2026-06-30,7.07,ICICI Pru,ICICI Pru
INE692A16LZ8,2026-07-15,7.26,ICICI Pru,ICICI Pru
INE692A16LZ8,2026-07-31,7.09,ICICI Pru,ICICI Pru (47)
INE692A16LZ8,2026-08-15,6.91,ICICI Pru,ICICI Pru (48)
INE692A16MA9,2026-07-31,7.09,Tata,Tata (716)
INE692A16MA9,2026-08-15,6.91,Tata,Tata (719)
INE692A16ME1,2026-06-30,6.4001,Aditya Birla,Aditya Birla; Kotak
INE692A16ME1,2026-07-15,6.2751,SBI,SBI
INE692A16ME1,2026-07-31,6.0437,Aditya Birla,Aditya Birla (250)
INE692A16MH4,2026-06-30,6.5,HDFC,HDFC; SBI; ICICI Pru; Axis; Nippon; Kotak; UTI
INE692A16MH4,2026-07-15,6.35,HDFC,HDFC; SBI; ICICI Pru; Nippon
INE692A16MH4,2026-07-31,6.3245,SBI,SBI (100); ICICI Pru (50); Kotak (249)
INE692A16MH4,2026-08-15,6.2089,SBI,SBI (100)
INE692A16MI2,2026-07-31,6.32,ICICI Pru,ICICI Pru (50)
INE692A16MJ0,2026-06-30,6.22,HDFC,HDFC; SBI; ICICI Pru; Aditya Birla; Axis; Nippon
INE692A16MJ0,2026-07-15,6.5,HDFC,HDFC; SBI; ICICI Pru; Nippon
INE692A16MJ0,2026-07-31,6.35,HDFC,HDFC (994); SBI (497); ICICI Pru (398); Aditya Birla (994); Axis (497); Nippon (497)
INE692A16MK8,2026-06-30,6.22,HDFC,HDFC; SBI
INE692A16MK8,2026-07-15,6.5,HDFC,HDFC; SBI
INE692A16MK8,2026-07-31,6.37,HDFC,HDFC (994); SBI (248)
INE692A16ML6,2026-06-30,6.2157,SBI,SBI; Nippon; Kotak; UTI
INE692A16ML6,2026-07-15,6.5001,SBI,SBI; Nippon
INE692A16ML6,2026-07-31,6.4281,SBI,SBI (446); Nippon (248); Kotak (496); UTI (297)
INE692A16ML6,2026-08-15,6.2098,SBI,SBI (447); Nippon (249); Kotak (497); Tata (124)
INE692A16MM4,2026-06-30,6.22,HDFC,HDFC
INE692A16MM4,2026-07-15,6.5,HDFC,HDFC
INE692A16MM4,2026-07-31,6.43,HDFC,"HDFC (1,239); Aditya Birla (496); Axis (248); Kotak (496); UTI (421)"
INE692A16MM4,2026-08-15,6.2101,Axis,Axis (248); Kotak (497)
INE692A16MN2,2026-06-30,6.2155,Aditya Birla,Aditya Birla; Kotak
INE692A16MN2,2026-07-31,6.4283,Aditya Birla,Aditya Birla (248); Kotak (991); Tata (495)
INE692A16MN2,2026-08-15,6.21,Kotak,Kotak (994); Tata (497)
INE692A16MO0,2026-06-30,6.2155,Aditya Birla,Aditya Birla
INE692A16MO0,2026-07-31,6.4768,Aditya Birla,Aditya Birla (718)
INE692A16MP7,2026-06-30,6.22,HDFC,HDFC; ICICI Pru
INE692A16MP7,2026-07-15,6.5,HDFC,HDFC; ICICI Pru
INE692A16MP7,2026-07-31,6.43,ICICI Pru,ICICI Pru (644); Axis (99)
INE692A16MP7,2026-08-15,6.21,ICICI Pru,ICICI Pru (646); Axis (99)
INE692A16MQ5,2026-07-31,7.09,Kotak,Kotak (235)
INE692A16MQ5,2026-08-15,6.91,Kotak,Kotak (236)
INE692A16MR3,2026-07-31,6.7451,Aditya Birla,"Aditya Birla (1,928); Kotak (494)"
INE692A16MR3,2026-08-15,6.33,Kotak,Kotak (496)
INE692A16MS1,2026-07-15,6.84,HDFC,HDFC; SBI; Nippon
INE692A16MS1,2026-07-31,6.85,HDFC,"HDFC (987); SBI (1,480); Aditya Birla (543); Nippon (493)"
INE692A16MS1,2026-08-15,6.33,SBI,"SBI (1,485); Nippon (495)"
INE692A16MT9,2026-07-15,6.84,ICICI Pru,ICICI Pru
INE692A16MT9,2026-07-31,6.77,ICICI Pru,"ICICI Pru (1,110); Nippon (99); Kotak (493)"
INE692A16MT9,2026-08-15,6.33,ICICI Pru,"ICICI Pru (1,114); Kotak (495)"
INE692A16MV5,2026-07-31,6.7948,Axis,Axis (246); Nippon (493); Kotak (493)
INE692A16MV5,2026-08-15,6.345,Axis,Axis (247); Nippon (494); Kotak (494)
INE692A16MW3,2026-07-31,6.8,ICICI Pru,ICICI Pru (493)
INE692A16MW3,2026-08-15,6.35,ICICI Pru,ICICI Pru (494)
INE692A16MX1,2026-07-31,6.8,HDFC,"HDFC (1,479); SBI (1,479)"
INE692A16MX1,2026-08-15,6.3452,SBI,"SBI (1,484)"
INE692A16MZ6,2026-07-31,6.795,Axis,Axis (739); Nippon (492)
INE692A16MZ6,2026-08-15,6.3452,Axis,Axis (741); Nippon (494)
INE692A16NA7,2026-07-31,6.7948,Axis,Axis (738)
INE692A16NA7,2026-08-15,6.3451,Axis,Axis (741)
INE692A16NB5,2026-07-31,6.7951,SBI,SBI (148)
INE692A16NB5,2026-08-15,6.345,SBI,SBI (148)
INE692A16NC3,2026-07-31,6.89,HDFC,HDFC (144)
INE692A16ND1,2026-07-31,6.89,Aditya Birla,Aditya Birla (58); Nippon (144); UTI (24)
INE692A16ND1,2026-08-15,6.6901,Nippon,Nippon (145)
INE692Q07449,2026-06-30,6.9998,SBI,SBI; ICICI Pru; Aditya Birla
INE692Q07449,2026-07-15,7.105,SBI,SBI; ICICI Pru
INE692Q07449,2026-07-31,7.0347,SBI,SBI (200); ICICI Pru (125); Aditya Birla (55)
INE692Q07449,2026-08-15,6.8623,SBI,SBI (200); ICICI Pru (125)
INE692Q07480,2026-06-30,7.52,HDFC,HDFC; Aditya Birla; Kotak; UTI
INE692Q07480,2026-07-31,7.66,Aditya Birla,Aditya Birla (30); Kotak (25); UTI (20)
INE692Q07480,2026-08-15,7.4,Kotak,Kotak (25)
INE692Q07498,2026-06-30,7.42,Kotak,Kotak
INE692Q07498,2026-07-31,7.54,Kotak,Kotak (200)
INE692Q07498,2026-08-15,7.31,Kotak,Kotak (201)
INE692Q07514,2026-06-30,7.87,HDFC,HDFC
INE692Q07522,2026-06-30,7.79,SBI,SBI
INE692Q07548,2026-06-30,7.79,SBI,SBI; Nippon
INE692Q07563,2026-06-30,7.79,HDFC,HDFC; SBI
INE692Q07563,2026-07-15,7.94,HDFC,HDFC; SBI
INE692Q07563,2026-07-31,7.88,HDFC,HDFC (184); SBI (224)
INE692Q07563,2026-08-15,7.8975,SBI,SBI (224)
INE692Q07589,2026-06-30,7.79,SBI,SBI
INE692Q07613,2026-06-30,7.81,UTI,UTI
INE692Q07613,2026-07-31,7.89,UTI,UTI (64)
INE692Q07613,2026-08-15,7.9225,SBI,SBI (49)
INE692Q14BV9,2026-06-30,7.3899,SBI,SBI
INE692Q14BV9,2026-07-15,7.62,SBI,SBI
INE692Q14BV9,2026-07-31,7.485,SBI,SBI (191)
INE692Q14BV9,2026-08-15,7.2449,SBI,SBI (192)
INE694L14GY9,2026-06-30,8.4599,Aditya Birla,Aditya Birla
INE694L14GY9,2026-07-31,8.6347,Aditya Birla,Aditya Birla (297)
INE700G14TH2,2026-06-30,6.8,ICICI Pru,ICICI Pru
INE700G14TH2,2026-07-15,6.76,ICICI Pru,ICICI Pru
INE700G14TI0,2026-06-30,6.8,ICICI Pru,ICICI Pru; Axis
INE700G14TI0,2026-07-15,6.76,ICICI Pru,ICICI Pru
INE700G14TI0,2026-07-31,6.17,ICICI Pru,ICICI Pru (50); Axis (100)
INE700G14TK6,2026-06-30,6.8028,Axis,Axis
INE700G14TM2,2026-06-30,6.8023,Axis,Axis; Kotak
INE700G14TM2,2026-07-31,6.5497,Axis,Axis (25); Kotak (100)
INE700G14TN0,2026-06-30,6.8023,Axis,Axis
INE700G14TN0,2026-07-31,6.5498,Axis,Axis (150)
INE700G14TO8,2026-06-30,6.8024,Nippon,Nippon
INE700G14TO8,2026-07-15,6.8405,Nippon,Nippon
INE700G14TO8,2026-07-31,6.5498,Nippon,Nippon (25)
INE700G14TP5,2026-06-30,6.8,ICICI Pru,ICICI Pru
INE700G14TP5,2026-07-15,6.86,ICICI Pru,ICICI Pru
INE700G14TP5,2026-07-31,6.6,ICICI Pru,ICICI Pru (100)
INE700G14TP5,2026-08-15,5.2,ICICI Pru,ICICI Pru (100)
INE700G14TQ3,2026-06-30,6.8,ICICI Pru,ICICI Pru
INE700G14TQ3,2026-07-15,6.86,ICICI Pru,ICICI Pru
INE700G14TQ3,2026-07-31,6.6,ICICI Pru,ICICI Pru (299)
INE700G14TQ3,2026-08-15,6.63,ICICI Pru,ICICI Pru (150); Axis (150)
INE700G14TS9,2026-06-30,6.8,ICICI Pru,ICICI Pru
INE700G14TS9,2026-07-15,6.86,ICICI Pru,ICICI Pru
INE700G14TS9,2026-07-31,6.6,ICICI Pru,ICICI Pru (498)
INE700G14TS9,2026-08-15,6.6235,SBI,SBI (100); ICICI Pru (400)
INE700G14TT7,2026-06-30,6.8024,Nippon,Nippon
INE700G14TT7,2026-07-15,6.8647,Nippon,Nippon
INE700G14TT7,2026-07-31,6.6733,Nippon,Nippon (50)
INE700G14TT7,2026-08-15,6.6229,Nippon,Nippon (50)
INE700G14TU5,2026-06-30,6.8,Kotak,Kotak
INE700G14TU5,2026-07-31,6.67,Kotak,Kotak (100)
INE700G14TU5,2026-08-15,6.63,Kotak,Kotak (50)
INE700G14TV3,2026-06-30,6.8,ICICI Pru,ICICI Pru
INE700G14TV3,2026-07-15,6.86,ICICI Pru,ICICI Pru
INE700G14TV3,2026-07-31,6.72,ICICI Pru,ICICI Pru (398)
INE700G14TV3,2026-08-15,6.63,ICICI Pru,ICICI Pru (399)
INE700G14TW1,2026-06-30,6.8,ICICI Pru,ICICI Pru
INE700G14TW1,2026-07-15,6.86,ICICI Pru,ICICI Pru
INE700G14TW1,2026-07-31,6.67,ICICI Pru,ICICI Pru (498)
INE700G14TW1,2026-08-15,6.63,ICICI Pru,ICICI Pru (499)
INE700G14TX9,2026-06-30,6.8,Kotak,Kotak
INE700G14TX9,2026-07-31,6.83,Kotak,Kotak (199)
INE700G14TX9,2026-08-15,6.68,Kotak,Kotak (199)
INE700G14UA5,2026-07-31,6.83,Tata,Tata (597)
INE700G14UA5,2026-08-15,6.68,Tata,Tata (598)
INE700G14UC1,2026-06-30,6.8,ICICI Pru,ICICI Pru
INE700G14UC1,2026-07-15,6.94,ICICI Pru,ICICI Pru
INE700G14UC1,2026-07-31,6.83,ICICI Pru,ICICI Pru (298)
INE700G14UC1,2026-08-15,6.68,ICICI Pru,ICICI Pru (299)
INE700G14UE7,2026-06-30,6.8025,Nippon,Nippon; Kotak
INE700G14UE7,2026-07-15,6.9398,Nippon,Nippon
INE700G14UE7,2026-07-31,6.83,Nippon,Nippon (397); Kotak (149)
INE700G14UE7,2026-08-15,6.6747,Nippon,Nippon (373); Kotak (149)
INE700G14UF4,2026-06-30,6.8,ICICI Pru,ICICI Pru
INE700G14UF4,2026-07-15,6.94,ICICI Pru,ICICI Pru
INE700G14UF4,2026-07-31,6.83,ICICI Pru,ICICI Pru (596)
INE700G14UF4,2026-08-15,6.68,ICICI Pru,ICICI Pru (597)
INE700G14UG2,2026-06-30,6.8026,SBI,SBI
INE700G14UG2,2026-07-15,6.9398,SBI,SBI
INE700G14UG2,2026-07-31,6.8296,SBI,SBI (496)
INE700G14UG2,2026-08-15,6.6752,SBI,SBI (498)
INE700G14UN8,2026-06-30,6.89,ICICI Pru,ICICI Pru
INE700G14UN8,2026-07-15,6.94,ICICI Pru,ICICI Pru
INE700G14UN8,2026-07-31,6.88,ICICI Pru,ICICI Pru (397)
INE700G14UN8,2026-08-15,6.69,ICICI Pru,ICICI Pru (398)
INE700G14UP3,2026-06-30,6.8874,Nippon,Nippon
INE700G14UP3,2026-07-15,6.94,Nippon,Nippon
INE700G14UP3,2026-07-31,6.88,Nippon,Nippon (198)
INE700G14UP3,2026-08-15,6.6848,Nippon,Nippon (199)
INE700G14UQ1,2026-07-15,6.94,Nippon,Nippon
INE700G14UQ1,2026-07-31,6.8799,Nippon,Nippon (149)
INE700G14UQ1,2026-08-15,6.6853,Nippon,Nippon (149)
INE700G14VA3,2026-07-31,7.345,SBI,SBI (739)
INE700G14VA3,2026-08-15,6.8501,SBI,SBI (742)
INE700G14VD7,2026-07-31,7.345,SBI,SBI (491)
INE700G14VD7,2026-08-15,6.8502,SBI,SBI (493)
INE700G14VF2,2026-08-15,6.8898,Nippon,Nippon (246)
INE700G14VG0,2026-08-15,6.89,Kotak,Kotak (493)
INE700G14VH8,2026-08-15,6.8898,SBI,SBI (492)
INE700G14VI6,2026-08-15,6.89,ICICI Pru,ICICI Pru (148)
INE700G14VJ4,2026-08-15,6.89,ICICI Pru,ICICI Pru (246)
INE704I14LA2,2026-07-31,6.62,Tata,Tata (100)
INE704I14LA2,2026-08-15,6.55,Tata,Tata (100)
INE721A07RQ0,2026-06-30,7.3601,SBI,SBI; Axis
INE721A07RQ0,2026-07-15,7.7249,SBI,SBI
INE721A07RQ0,2026-07-31,7.5276,SBI,SBI (25); Axis (1)
INE721A07RQ0,2026-08-15,7.0374,SBI,SBI (25); Axis (1)
INE721A07RR8,2026-06-30,7.36,ICICI Pru,ICICI Pru
INE721A07RR8,2026-07-15,7.6,ICICI Pru,ICICI Pru
INE721A07RR8,2026-07-31,7.55,ICICI Pru,ICICI Pru (25)
INE721A07RR8,2026-08-15,7.06,ICICI Pru,ICICI Pru (25)
INE721A07RV0,2026-06-30,7.7693,Axis,Axis
INE721A07RV0,2026-07-31,7.9,Axis,Axis (5)
INE721A07RV0,2026-08-15,7.4449,Axis,Axis (5)
INE721A07RZ1,2026-06-30,7.639,Axis,Axis
INE721A07RZ1,2026-07-31,7.6575,Axis,Axis (25)
INE721A07RZ1,2026-08-15,7.355,Axis,Axis (25)
INE721A07SD6,2026-06-30,7.9509,Axis,Axis
INE721A07SD6,2026-07-31,7.8892,Axis,Axis (98)
INE721A07SD6,2026-08-15,7.86,Axis,Axis (98)
INE721A07SF1,2026-06-30,7.9209,Aditya Birla,Aditya Birla
INE721A07SF1,2026-07-31,7.7,Aditya Birla,Aditya Birla (532)
INE721A08CY4,2026-06-30,8.12,ICICI Pru,ICICI Pru
INE721A08CY4,2026-07-15,8.03,ICICI Pru,ICICI Pru
INE721A08CY4,2026-07-31,7.98,ICICI Pru,ICICI Pru (41)
INE721A08CY4,2026-08-15,7.95,ICICI Pru,ICICI Pru (41)
INE723X14MH4,2026-06-30,8.1401,Nippon,Nippon
INE723X14NW1,2026-07-31,8.625,Nippon,Nippon (30)
INE723X14NW1,2026-08-15,8.4348,Nippon,Nippon (30)
INE725H08162,2026-06-30,7.4949,SBI,SBI; UTI
INE725H08162,2026-07-15,7.7849,SBI,SBI
INE725H08162,2026-07-31,7.595,SBI,SBI (230); UTI (15)
INE725H08162,2026-08-15,7.27,SBI,SBI (230)
INE725H08170,2026-06-30,7.53,HDFC,HDFC
INE725H08170,2026-07-15,7.82,HDFC,HDFC
INE725H08170,2026-07-31,7.61,HDFC,HDFC (250)
INE725H08170,2026-08-15,7.34,Kotak,Kotak (200)
INE725H08188,2026-06-30,7.7999,SBI,SBI
INE725H08188,2026-07-15,8.0696,SBI,SBI
INE725H08188,2026-07-31,8.0045,SBI,SBI (155)
INE725H08188,2026-08-15,7.9245,SBI,SBI (155)
INE725H08196,2026-06-30,7.7949,SBI,SBI; Kotak
INE725H08196,2026-07-15,8.0696,SBI,SBI
INE725H08196,2026-07-31,8.0046,SBI,SBI (100); Kotak (50)
INE725H08196,2026-08-15,7.9245,SBI,SBI (100); Kotak (50)
INE725H08204,2026-06-30,7.995,SBI,SBI; Aditya Birla
INE725H08204,2026-07-15,8.3,SBI,SBI
INE725H08204,2026-07-31,8.27,SBI,SBI (55); Aditya Birla (15)
INE725H08204,2026-08-15,8.16,SBI,SBI (55)
INE725H08238,2026-06-30,8.1315,Axis,Axis
INE725H08238,2026-07-31,8.3015,Axis,Axis (25); Tata (5)
INE725H08238,2026-08-15,8.19,Axis,Axis (25); Tata (5)
INE725H08246,2026-06-30,8.16,ICICI Pru,ICICI Pru
INE725H08246,2026-07-15,8.44,ICICI Pru,ICICI Pru
INE725H08246,2026-07-31,8.25,ICICI Pru,ICICI Pru (500)
INE725H08246,2026-08-15,8.04,ICICI Pru,ICICI Pru (500)
INE725H08287,2026-06-30,8.1415,SBI,SBI
INE725H08287,2026-07-15,8.41,SBI,SBI
INE725H08287,2026-07-31,8.4176,SBI,SBI (204)
INE725H08287,2026-08-15,8.275,SBI,SBI (205)
INE725H08295,2026-08-15,8.28,SBI,SBI (155)
INE725H14DK5,2026-06-30,6.6851,Aditya Birla,Aditya Birla; Axis
INE725H14DK5,2026-07-31,6.7603,Aditya Birla,Aditya Birla (149); Axis (50)
INE725H14DK5,2026-08-15,6.5747,Axis,Axis (50)
INE725H14DL3,2026-06-30,6.6849,Axis,Axis
INE725H14DY6,2026-06-30,6.66,UTI,UTI
INE725H14DZ3,2026-06-30,6.68,HDFC,HDFC
INE725H14DZ3,2026-07-15,5.85,HDFC,HDFC
INE725H14EC0,2026-06-30,6.6851,Aditya Birla,Aditya Birla
INE725H14EC0,2026-07-31,6.7598,Aditya Birla,Aditya Birla (199)
INE725H14EE6,2026-06-30,6.6849,SBI,SBI
INE725H14EE6,2026-07-15,6.89,SBI,SBI
INE725H14EE6,2026-07-31,6.8351,SBI,SBI (198)
INE725H14EE6,2026-08-15,6.6,SBI,SBI (199)
INE725H14EG1,2026-07-31,7.1651,Aditya Birla,Aditya Birla (197)
INE725H14EI7,2026-08-15,6.8002,SBI,SBI (197)
INE726G08030,2026-06-30,7.6697,Nippon,Nippon
INE726G08030,2026-07-15,7.8446,Nippon,Nippon
INE726G08030,2026-07-31,7.83,Nippon,Nippon (72)
INE726G08030,2026-08-15,7.7899,Nippon,Nippon (72)
INE729N08055,2026-06-30,8.075,SBI,SBI; ICICI Pru
INE729N08055,2026-07-15,8.205,SBI,SBI; ICICI Pru
INE729N08055,2026-07-31,8.175,SBI,SBI (50); ICICI Pru (19)
INE729N08055,2026-08-15,8.015,SBI,SBI (50); ICICI Pru (19)
INE729N08063,2026-06-30,8.08,HDFC,HDFC; ICICI Pru
INE729N08063,2026-07-15,8.21,HDFC,HDFC; ICICI Pru
INE729N08063,2026-07-31,8.18,HDFC,HDFC (106); ICICI Pru (15)
INE729N08063,2026-08-15,8.02,ICICI Pru,ICICI Pru (15)
INE729N08071,2026-06-30,8.14,ICICI Pru,ICICI Pru
INE729N08071,2026-07-15,8.27,ICICI Pru,ICICI Pru
INE729N08071,2026-07-31,8.27,ICICI Pru,ICICI Pru (97)
INE729N08071,2026-08-15,8.31,ICICI Pru,ICICI Pru (97)
INE729N08089,2026-06-30,8.14,ICICI Pru,ICICI Pru
INE729N08089,2026-07-15,8.27,ICICI Pru,ICICI Pru
INE729N08089,2026-07-31,8.27,ICICI Pru,ICICI Pru (310)
INE729N08089,2026-08-15,8.31,ICICI Pru,ICICI Pru (310)
INE729N08097,2026-06-30,8.14,ICICI Pru,ICICI Pru
INE729N08097,2026-07-15,8.35,ICICI Pru,ICICI Pru
INE729N08097,2026-07-31,8.29,ICICI Pru,ICICI Pru (102)
INE729N08097,2026-08-15,8.34,ICICI Pru,ICICI Pru (102)
INE729N08105,2026-06-30,8.11,HDFC,HDFC
INE729N08105,2026-07-15,8.28,HDFC,HDFC
INE729N08105,2026-07-31,8.26,HDFC,HDFC (410)
INE729N08113,2026-06-30,8.27,ICICI Pru,ICICI Pru
INE729N08113,2026-07-15,8.4,ICICI Pru,ICICI Pru
INE729N08113,2026-07-31,8.38,ICICI Pru,ICICI Pru (72)
INE729N08113,2026-08-15,8.46,ICICI Pru,ICICI Pru (72)
INE729N14IR9,2026-06-30,6.9152,SBI,SBI; Kotak
INE729N14IR9,2026-07-15,7.0502,SBI,SBI
INE729N14IR9,2026-07-31,6.9574,SBI,SBI (248); Kotak (99)
INE729N14IR9,2026-08-15,6.7324,SBI,SBI (248); Kotak (99)
INE729N14IT5,2026-08-15,6.92,ICICI Pru,ICICI Pru (98); Axis (98)
INE732I07010,2026-06-30,9.365,Nippon,Nippon
INE732I07010,2026-07-15,9.455,Nippon,Nippon
INE732I07010,2026-07-31,9.465,Nippon,Nippon (50)
INE732I07010,2026-08-15,9.39,Nippon,Nippon (50)
INE732I14CK1,2026-06-30,7.62,ICICI Pru,ICICI Pru
INE732I14CK1,2026-07-15,7.76,ICICI Pru,ICICI Pru
INE732I14CK1,2026-07-31,7.61,ICICI Pru,ICICI Pru (198)
INE732I14CK1,2026-08-15,7.46,ICICI Pru,ICICI Pru (199)
INE732I14CL9,2026-06-30,7.6203,Aditya Birla,Aditya Birla; Nippon
INE732I14CL9,2026-07-15,7.7551,Nippon,Nippon
INE732I14CL9,2026-07-31,7.6053,Aditya Birla,Aditya Birla (99); Nippon (50)
INE732I14CL9,2026-08-15,7.4553,Nippon,Nippon (50)
INE732I14CW6,2026-06-30,8.11,UTI,UTI
INE732I14CW6,2026-07-31,8.34,UTI,UTI (96)
INE732I14CX4,2026-07-31,8.34,Tata,Tata (288)
INE732I14CX4,2026-08-15,8.08,Tata,Tata (289)
INE732I14CY2,2026-06-30,8.11,ICICI Pru,ICICI Pru; Nippon
INE732I14CY2,2026-07-15,8.34,ICICI Pru,ICICI Pru; Nippon
INE732I14CY2,2026-07-31,8.34,ICICI Pru,ICICI Pru (288); Nippon (192)
INE732I14CY2,2026-08-15,8.08,ICICI Pru,ICICI Pru (289); Nippon (193)
INE732I14CZ9,2026-06-30,8.11,Nippon,Nippon; UTI
INE732I14CZ9,2026-07-15,8.34,Nippon,Nippon
INE732I14CZ9,2026-07-31,8.3349,Nippon,Nippon (72); UTI (191)
INE732I14CZ9,2026-08-15,8.0799,Nippon,Nippon (72)
INE732I14DA0,2026-06-30,8.11,Kotak,Kotak
INE732I14DA0,2026-07-31,8.34,Kotak,Kotak (119)
INE732I14DA0,2026-08-15,8.08,Kotak,Kotak (120)
INE732I14DE2,2026-06-30,8.1101,Aditya Birla,Aditya Birla; Nippon; Kotak
INE732I14DE2,2026-07-15,8.34,Nippon,Nippon
INE732I14DE2,2026-07-31,8.335,Aditya Birla,Aditya Birla (95); Nippon (95); Kotak (119)
INE732I14DE2,2026-08-15,8.1375,Nippon,Nippon (95); Kotak (119)
INE732I14DF9,2026-06-30,8.11,UTI,UTI
INE732I14DF9,2026-07-31,8.34,UTI,UTI (190)
INE732I14DH5,2026-06-30,7.62,ICICI Pru,ICICI Pru; Aditya Birla; Nippon; Kotak
INE732I14DH5,2026-07-15,7.71,ICICI Pru,ICICI Pru; Nippon
INE732I14DH5,2026-07-31,7.46,ICICI Pru,ICICI Pru (149); Aditya Birla (199); Nippon (144); Kotak (5)
INE732I14DH5,2026-08-15,7.31,ICICI Pru,ICICI Pru (150); Nippon (145); Kotak (5)
INE732I14DI3,2026-07-31,7.46,Tata,Tata (100)
INE732I14DI3,2026-08-15,7.31,Tata,Tata (100)
INE732I14DJ1,2026-06-30,7.6206,Axis,Axis
INE732I14DJ1,2026-07-31,7.4551,Axis,Axis (199)
INE732I14DJ1,2026-08-15,7.3099,Axis,Axis (200)
INE732I14DK9,2026-07-31,7.61,Tata,Tata (397)
INE732I14DK9,2026-08-15,7.46,Tata,Tata (399)
INE732I14DM5,2026-06-30,7.62,ICICI Pru,ICICI Pru; Kotak
INE732I14DM5,2026-07-15,7.76,ICICI Pru,ICICI Pru
INE732I14DM5,2026-07-31,7.66,ICICI Pru,ICICI Pru (99); Kotak (248)
INE732I14DM5,2026-08-15,7.47,ICICI Pru,ICICI Pru (99); Kotak (248)
INE732I14DO1,2026-08-15,8.76,ICICI Pru,ICICI Pru (186); Nippon (93)
INE732I14DQ6,2026-07-31,8.3,Tata,Tata (196)
INE732I14DQ6,2026-08-15,7.87,Tata,Tata (197)
INE732I14DR4,2026-08-15,7.91,Axis,Axis (197)
INE733E07KE8,2026-06-30,6.375,SBI,SBI; Nippon
INE733E07KE8,2026-07-15,6.35,SBI,SBI; Nippon
INE733E07KE8,2026-07-31,6.4254,SBI,SBI (345); Nippon (50)
INE733E07KE8,2026-08-15,6.3846,SBI,SBI (370); Nippon (25)
INE733E07KF5,2026-06-30,6.365,SBI,SBI
INE733E07KF5,2026-07-15,6.525,SBI,SBI
INE733E07KF5,2026-07-31,6.54,SBI,SBI (500)
INE733E07KF5,2026-08-15,6.39,SBI,SBI (500)
INE733E07KJ7,2026-06-30,6.89,HDFC,HDFC; Axis
INE733E07KJ7,2026-07-15,7.09,HDFC,HDFC
INE733E07KJ7,2026-07-31,7.09,HDFC,HDFC (26); Axis (26)
INE733E07KJ7,2026-08-15,7.075,Axis,Axis (26)
INE733E07KL3,2026-06-30,6.9,HDFC,HDFC; Aditya Birla; Axis; UTI
INE733E07KL3,2026-07-15,7.08,HDFC,HDFC
INE733E07KL3,2026-07-31,7.09,HDFC,HDFC (50); Aditya Birla (50); Axis (151); UTI (50)
INE733E07KL3,2026-08-15,7.08,Axis,Axis (151)
INE733E08171,2026-06-30,7.07,Nippon,Nippon
INE733E08171,2026-07-15,7.24,Nippon,Nippon
INE733E08171,2026-07-31,7.105,Nippon,Nippon (24)
INE733E08171,2026-08-15,7.2,Nippon,Nippon (24)
INE733E08239,2026-06-30,7.18,HDFC,HDFC
INE733E08262,2026-06-30,7.35,HDFC,HDFC; Aditya Birla
INE733E08262,2026-07-15,7.4,HDFC,HDFC
INE733E08262,2026-07-31,7.31,HDFC,HDFC (35); Aditya Birla (35)
INE733E08270,2026-06-30,7.31,HDFC,HDFC; Axis
INE733E08270,2026-07-15,7.39,HDFC,HDFC
INE733E08270,2026-07-31,7.3,HDFC,HDFC (112); Axis (24)
INE733E08270,2026-08-15,7.3075,Axis,Axis (24)
INE733E14BY1,2026-06-30,6.42,ICICI Pru,ICICI Pru; Kotak; UTI
INE733E14BY1,2026-07-15,5.9,HDFC,HDFC; ICICI Pru; Nippon
INE733E14BZ8,2026-06-30,6.3152,SBI,SBI
INE733E14BZ8,2026-07-15,6.4996,SBI,SBI
INE733E14BZ8,2026-07-31,6.3906,Aditya Birla,Aditya Birla (99)
INE733E14BZ8,2026-08-15,6.26,Tata,Tata (100)
INE733E14CC5,2026-06-30,6.3151,Aditya Birla,Aditya Birla; Nippon
INE733E14CC5,2026-07-15,6.5252,Nippon,Nippon
INE733E14CC5,2026-07-31,6.4501,Aditya Birla,Aditya Birla (248); Nippon (248)
INE733E14CC5,2026-08-15,6.2596,Nippon,Nippon (249)
INE733E14CD3,2026-06-30,6.315,SBI,SBI; ICICI Pru
INE733E14CD3,2026-07-15,6.5249,SBI,SBI; ICICI Pru
INE733E14CD3,2026-07-31,6.45,ICICI Pru,ICICI Pru (25); Aditya Birla (718); Tata (347)
INE733E14CD3,2026-08-15,6.26,ICICI Pru,ICICI Pru (25); Tata (348)
INE733E14CE1,2026-07-15,6.98,SBI,SBI; ICICI Pru
INE733E14CE1,2026-07-31,6.8353,SBI,SBI (494); ICICI Pru (889); Aditya Birla (296); Tata (420)
INE733E14CE1,2026-08-15,6.3926,SBI,SBI (496); ICICI Pru (892); Tata (421)
INE733E14CF8,2026-07-15,6.99,HDFC,HDFC; SBI; ICICI Pru; Nippon
INE733E14CF8,2026-07-31,6.84,HDFC,HDFC (247); SBI (494); ICICI Pru (296); Nippon (494); UTI (444)
INE733E14CF8,2026-08-15,6.3926,SBI,SBI (495); ICICI Pru (297); Nippon (495)
INE733E14CG6,2026-07-31,6.3699,SBI,SBI (374); Nippon (25)
INE733E14CG6,2026-08-15,6.2447,SBI,SBI (375); Nippon (50)
INE733E14CH4,2026-08-15,6.45,ICICI Pru,ICICI Pru (493); Axis (986); Nippon (493)
INE742F14RE7,2026-06-30,6.7051,Aditya Birla,Aditya Birla; Kotak
INE742F14RE7,2026-07-31,6.5888,Aditya Birla,Aditya Birla (250); Kotak (250)
INE742F14RF4,2026-06-30,6.7051,SBI,SBI
INE742F14RF4,2026-07-15,6.6502,SBI,SBI
INE742F14RF4,2026-07-31,6.5901,SBI,SBI (249)
INE742F14RF4,2026-08-15,5.8227,SBI,SBI (250)
INE742F14RG2,2026-06-30,6.7052,Nippon,Nippon
INE742F14RG2,2026-07-15,6.5598,Nippon,Nippon
INE742F14RG2,2026-07-31,6.5897,Nippon,Nippon (250)
INE742F14RH0,2026-06-30,6.705,Axis,Axis; UTI
INE742F14RH0,2026-07-31,6.5902,SBI,SBI (100); Axis (100); UTI (100)
INE742F14RH0,2026-08-15,6.3989,SBI,SBI (100); Axis (50)
INE742F14RI8,2026-07-31,7.08,Kotak,Kotak (197)
INE742F14RI8,2026-08-15,6.69,Kotak,Kotak (198)
INE742F14RK4,2026-07-31,7.09,Tata,Tata (492)
INE742F14RK4,2026-08-15,6.69,Tata,Tata (494)
INE742F14RL2,2026-08-15,6.76,Kotak,Kotak (246)
INE746L07014,2026-06-30,7.84,ICICI Pru,ICICI Pru
INE746L07014,2026-07-15,8.06,ICICI Pru,ICICI Pru
INE746L07014,2026-07-31,8.11,ICICI Pru,ICICI Pru (296)
INE746L07014,2026-08-15,8.07,ICICI Pru,ICICI Pru (296)
INE746L07022,2026-07-31,8.09,Nippon,Nippon (50); Kotak (50)
INE746L07022,2026-08-15,8.04,Nippon,Nippon (50); Kotak (50)
INE746L14028,2026-06-30,6.99,ICICI Pru,ICICI Pru
INE746L14028,2026-07-15,7.27,ICICI Pru,ICICI Pru
INE746L14028,2026-07-31,7.32,ICICI Pru,ICICI Pru (25)
INE746L14028,2026-08-15,7.17,ICICI Pru,ICICI Pru (25)
INE746L14036,2026-07-15,7.45,HDFC,HDFC
INE746L14036,2026-07-31,7.37,HDFC,HDFC (99)
INE752E07IW4,2026-06-30,6.515,Nippon,Nippon
INE752E07IW4,2026-07-15,6.4897,Nippon,Nippon
INE752E07IW4,2026-07-31,6.4598,Nippon,Nippon (10)
INE752E07IW4,2026-08-15,6.3051,Nippon,Nippon (10)
INE752E07IX2,2026-06-30,7.09,ICICI Pru,ICICI Pru
INE752E07IX2,2026-07-15,7.24,ICICI Pru,ICICI Pru
INE752E07IX2,2026-07-31,7.14,ICICI Pru,ICICI Pru (10)
INE752E07IX2,2026-08-15,7.03,ICICI Pru,ICICI Pru (10)
INE752E07JM3,2026-06-30,6.79,Nippon,Nippon
INE752E07JM3,2026-07-15,7.0975,Nippon,Nippon
INE752E07JM3,2026-07-31,6.85,Nippon,Nippon (10)
INE752E07JM3,2026-08-15,6.575,Nippon,Nippon (10)
INE752E07JN1,2026-06-30,6.875,Nippon,Nippon
INE752E07JN1,2026-07-15,7.24,Nippon,Nippon
INE752E07JN1,2026-07-31,6.985,Nippon,Nippon (25)
INE752E07JN1,2026-08-15,6.76,Nippon,Nippon (25)
INE752E07KA6,2026-06-30,7.12,SBI,SBI; ICICI Pru
INE752E07KA6,2026-07-15,7.31,SBI,SBI; ICICI Pru
INE752E07KA6,2026-07-31,7.075,SBI,SBI (5); ICICI Pru (20)
INE752E07KA6,2026-08-15,6.98,SBI,SBI (5); ICICI Pru (20)
INE752E07KL3,2026-06-30,6.7901,Aditya Birla,Aditya Birla; Nippon
INE752E07KL3,2026-07-15,6.9899,Nippon,Nippon
INE752E07KL3,2026-07-31,6.7702,Aditya Birla,Aditya Birla (8); Nippon (8)
INE752E07KL3,2026-08-15,6.33,Nippon,Nippon (8)
INE752E07KY6,2026-06-30,7.07,ICICI Pru,ICICI Pru
INE752E07KY6,2026-07-15,7.31,ICICI Pru,ICICI Pru
INE752E07KY6,2026-07-31,7.08,ICICI Pru,ICICI Pru (10)
INE752E07KY6,2026-08-15,6.98,ICICI Pru,ICICI Pru (10)
INE752E07KZ3,2026-06-30,6.96,Kotak,Kotak
INE752E07KZ3,2026-07-31,7.15,Kotak,Kotak (3)
INE752E07KZ3,2026-08-15,7.04,Kotak,Kotak (3)
INE752E07MA2,2026-06-30,6.79,Nippon,Nippon
INE752E07MA2,2026-07-15,6.9899,Nippon,Nippon
INE752E07MA2,2026-07-31,6.77,Nippon,Nippon (20)
INE752E07MA2,2026-08-15,6.3302,Nippon,Nippon (20)
INE752E07MH7,2026-06-30,6.99,Axis,Axis
INE752E07MH7,2026-07-31,7.1675,Axis,Axis (4)
INE752E07MH7,2026-08-15,7.09,Axis,Axis (4)
INE752E07MU0,2026-06-30,6.96,Kotak,Kotak
INE752E07MU0,2026-07-31,7.15,Kotak,Kotak (5); Tata (36)
INE752E07MU0,2026-08-15,7.04,Kotak,Kotak (5); Tata (36)
INE752E07MV8,2026-06-30,6.9675,Nippon,Nippon
INE752E07MV8,2026-07-15,7.1525,Nippon,Nippon
INE752E07MV8,2026-07-31,7.1613,Nippon,Nippon (10)
INE752E07MV8,2026-08-15,7.07,Nippon,Nippon (10)
INE752E07NT0,2026-06-30,7.065,Aditya Birla,Aditya Birla; Nippon
INE752E07NT0,2026-07-15,7.3068,Nippon,Nippon
INE752E07NT0,2026-07-31,7.072,Aditya Birla,Aditya Birla (5); Nippon (5)
INE752E07NT0,2026-08-15,6.9769,Nippon,Nippon (5)
INE752E07NU8,2026-06-30,6.955,Aditya Birla,Aditya Birla; Kotak
INE752E07NU8,2026-07-31,7.1437,Aditya Birla,Aditya Birla (5); Kotak (2)
INE752E07NU8,2026-08-15,7.04,Kotak,Kotak (2)
INE752E07OC4,2026-06-30,6.7901,Nippon,Nippon
INE752E07OC4,2026-07-15,6.99,Nippon,Nippon
INE752E07OC4,2026-07-31,6.77,Nippon,Nippon (85)
INE752E07OC4,2026-08-15,6.3301,Nippon,Nippon (85)
INE752E07OE0,2026-06-30,6.88,HDFC,HDFC; Aditya Birla; Nippon
INE752E07OE0,2026-07-15,7.24,HDFC,HDFC; Nippon
INE752E07OE0,2026-07-31,6.99,HDFC,HDFC (13); Aditya Birla (25); Nippon (30)
INE752E07OE0,2026-08-15,6.76,Nippon,Nippon (50)
INE752E07OF7,2026-06-30,7.12,SBI,SBI; ICICI Pru; Kotak
INE752E07OF7,2026-07-15,7.31,SBI,SBI; ICICI Pru
INE752E07OF7,2026-07-31,7.075,SBI,SBI (0); ICICI Pru (25); Kotak (2); Tata (39)
INE752E07OF7,2026-08-15,6.98,SBI,SBI (0); ICICI Pru (25); Kotak (2); Tata (39)
INE752E07OG5,2026-06-30,7.085,SBI,SBI; ICICI Pru; Kotak
INE752E07OG5,2026-07-15,7.235,SBI,SBI; ICICI Pru
INE752E07OG5,2026-07-31,7.14,SBI,SBI (0); ICICI Pru (162); Kotak (2); Tata (37)
INE752E07OG5,2026-08-15,6.97,SBI,SBI (0); ICICI Pru (162); Kotak (2); Tata (37)
INE752E08551,2026-07-31,7.16,Tata,Tata (51)
INE752E08551,2026-08-15,7.05,Tata,Tata (51)
INE752E08601,2026-06-30,6.9825,Nippon,Nippon
INE752E08601,2026-07-15,7.1525,Nippon,Nippon
INE752E08601,2026-07-31,7.1625,Nippon,Nippon (15)
INE752E08601,2026-08-15,7.075,Nippon,Nippon (15)
INE752E08668,2026-06-30,6.875,Nippon,Nippon
INE752E08668,2026-07-15,7.24,Nippon,Nippon
INE752E08668,2026-07-31,6.985,Nippon,Nippon (5)
INE752E08668,2026-08-15,6.76,Nippon,Nippon (5)
INE752E08676,2026-06-30,7.21,HDFC,HDFC; Axis; Nippon; Kotak
INE752E08676,2026-07-15,7.295,Nippon,Nippon
INE752E08676,2026-07-31,7.275,Axis,Axis (17); Nippon (65); Kotak (68)
INE752E08676,2026-08-15,7.235,Axis,Axis (17); Nippon (65); Kotak (68)
INE752E08684,2026-06-30,7.21,Axis,Axis
INE752E08684,2026-07-31,7.275,Axis,Axis (71)
INE752E08684,2026-08-15,7.235,Axis,Axis (71)
INE752E08692,2026-06-30,7.21,HDFC,HDFC; Nippon
INE752E08692,2026-07-15,7.295,Nippon,Nippon
INE752E08692,2026-07-31,7.275,Nippon,Nippon (89)
INE752E08692,2026-08-15,7.235,Nippon,Nippon (89)
INE752E08718,2026-06-30,7.21,HDFC,HDFC; Axis; Kotak
INE752E08718,2026-07-15,7.3,HDFC,HDFC
INE752E08718,2026-07-31,7.28,HDFC,HDFC (81); Axis (36); Kotak (162)
INE752E08718,2026-08-15,7.235,Axis,Axis (36); Kotak (162)
INE752E08726,2026-06-30,7.26,HDFC,HDFC; SBI
INE752E08726,2026-07-15,7.36,SBI,SBI
INE752E08726,2026-07-31,7.325,SBI,SBI (307)
INE752E08726,2026-08-15,7.32,SBI,SBI (307)
INE752E08742,2026-06-30,7.23,HDFC,HDFC; SBI
INE752E08742,2026-07-15,7.34,HDFC,HDFC; SBI
INE752E08742,2026-07-31,7.3,HDFC,HDFC (40); SBI (129)
INE752E08742,2026-08-15,7.2941,SBI,SBI (129)
INE752E08759,2026-06-30,7.2292,SBI,SBI
INE752E08759,2026-07-15,7.3342,SBI,SBI
INE752E08759,2026-07-31,7.2992,SBI,SBI (40)
INE752E08759,2026-08-15,7.2942,SBI,SBI (40)
INE752E08767,2026-06-30,7.23,Aditya Birla,Aditya Birla; Axis
INE752E08767,2026-07-31,7.3,Axis,Axis (74)
INE752E08767,2026-08-15,7.295,Axis,Axis (74)
INE752E08775,2026-06-30,7.23,Axis,Axis
INE752E08775,2026-07-31,7.3,Axis,Axis (99)
INE752E08775,2026-08-15,7.295,Axis,Axis (99)
INE752E08783,2026-06-30,7.3,HDFC,HDFC; SBI; Aditya Birla; Axis
INE752E08783,2026-07-15,7.3567,SBI,SBI
INE752E08783,2026-07-31,7.2966,SBI,SBI (29); Axis (24)
INE752E08783,2026-08-15,7.3116,SBI,SBI (29); Axis (24)
INE752E08791,2026-06-30,7.3,Axis,Axis
INE752E08791,2026-07-31,7.3,Axis,Axis (24)
INE752E08791,2026-08-15,7.315,Axis,Axis (24)
INE752E08809,2026-06-30,7.3,Nippon,Nippon
INE752E08809,2026-07-15,7.3628,Nippon,Nippon
INE752E08809,2026-07-31,7.3,Nippon,Nippon (99)
INE752E08809,2026-08-15,7.315,Nippon,Nippon (99)
INE755L07015,2026-06-30,10.21,HDFC,HDFC; ICICI Pru; Axis; Nippon; Kotak
INE755L07015,2026-07-15,10.49,HDFC,HDFC; ICICI Pru; Nippon
INE755L07015,2026-07-31,10.29,HDFC,HDFC (201); ICICI Pru (201); Axis (55); Nippon (40); Kotak (141)
INE755L07015,2026-08-15,10.03,ICICI Pru,ICICI Pru (201); Axis (55); Nippon (40); Kotak (141)
INE756I07DX5,2026-06-30,6.99,HDFC,HDFC; Aditya Birla; Nippon; UTI
INE756I07DX5,2026-07-15,6.9,HDFC,HDFC; Nippon
INE756I07DX5,2026-07-31,6.89,HDFC,HDFC (50); Aditya Birla (175); Nippon (12)
INE756I07DX5,2026-08-15,6.7452,Nippon,Nippon (12)
INE756I07EJ2,2026-06-30,7.7,HDFC,HDFC; Axis; Nippon; Kotak
INE756I07EJ2,2026-07-15,7.7,HDFC,HDFC; Nippon
INE756I07EJ2,2026-07-31,7.75,HDFC,HDFC (240); Axis (2); Nippon (2); Kotak (48)
INE756I07EJ2,2026-08-15,7.685,Axis,Axis (2); Nippon (2); Kotak (48)
INE756I07EN4,2026-06-30,7.0285,Aditya Birla,Aditya Birla; Nippon; Kotak
INE756I07EU9,2026-06-30,7.4387,SBI,SBI; ICICI Pru; Kotak
INE756I07EU9,2026-07-15,7.4601,SBI,SBI; ICICI Pru
INE756I07EU9,2026-07-31,7.405,SBI,SBI (50); ICICI Pru (35); Kotak (10)
INE756I07EU9,2026-08-15,6.7649,SBI,SBI (50); ICICI Pru (35); Kotak (10)
INE756I07EX3,2026-06-30,7.565,Axis,Axis
INE756I07EX3,2026-07-31,7.64,Axis,Axis (85)
INE756I07EX3,2026-08-15,7.4199,Axis,Axis (85)
INE756I07EY1,2026-06-30,7.57,HDFC,HDFC; Aditya Birla; Axis
INE756I07EY1,2026-07-15,7.69,HDFC,HDFC
INE756I07EY1,2026-07-31,7.64,HDFC,HDFC (41); Aditya Birla (2); Axis (188)
INE756I07EY1,2026-08-15,7.4198,Axis,Axis (188)
INE756I07EZ8,2026-06-30,7.695,Aditya Birla,Aditya Birla; Axis; Kotak
INE756I07EZ8,2026-07-31,7.745,Aditya Birla,Aditya Birla (1); Axis (8); Kotak (5)
INE756I07EZ8,2026-08-15,7.625,Axis,Axis (8); Kotak (5)
INE756I07FA8,2026-06-30,7.7,HDFC,HDFC
INE756I07FA8,2026-07-15,7.7,HDFC,HDFC
INE756I07FA8,2026-07-31,7.75,HDFC,HDFC (35)
INE756I07FB6,2026-06-30,7.7026,Axis,Axis; Nippon; Kotak; UTI
INE756I07FB6,2026-07-15,7.739,Nippon,Nippon
INE756I07FB6,2026-07-31,7.75,Axis,Axis (3); Nippon (67); Kotak (15); UTI (35)
INE756I07FB6,2026-08-15,7.755,Axis,Axis (3); Nippon (67); Kotak (15)
INE756I07FE0,2026-06-30,7.8083,Axis,Axis
INE756I07FE0,2026-07-31,7.8575,Axis,Axis (35)
INE756I07FE0,2026-08-15,7.845,Axis,Axis (35)
INE756I07FG5,2026-06-30,7.7,HDFC,HDFC; SBI; Aditya Birla; Axis
INE756I07FG5,2026-07-31,7.7675,Aditya Birla,Aditya Birla (50); Axis (20)
INE756I07FG5,2026-08-15,7.76,Axis,Axis (20)
INE756I07FH3,2026-06-30,7.7,SBI,SBI; Nippon
INE756I07FH3,2026-07-15,7.8225,SBI,SBI; Nippon
INE756I07FH3,2026-07-31,7.7775,SBI,SBI (296); Nippon (10)
INE756I07FH3,2026-08-15,7.78,SBI,SBI (297); Nippon (10)
INE756I07FJ9,2026-06-30,7.7,SBI,SBI
INE756I07FQ4,2026-06-30,7.81,HDFC,HDFC; SBI
INE756I07FQ4,2026-07-15,7.87,HDFC,HDFC; SBI
INE756I07FQ4,2026-07-31,7.86,HDFC,HDFC (146); SBI (303)
INE756I07FQ4,2026-08-15,7.85,SBI,SBI (303)
INE756I07FR2,2026-07-15,7.855,SBI,SBI; Nippon
INE756I07FR2,2026-07-31,7.8575,SBI,SBI (375); Nippon (300)
INE756I07FR2,2026-08-15,7.845,SBI,SBI (375); Nippon (300)
INE756I08306,2026-06-30,8.2176,Aditya Birla,Aditya Birla
INE756I08306,2026-07-31,8.2076,Aditya Birla,Aditya Birla (25)
INE756I14GI5,2026-06-30,6.71,ICICI Pru,ICICI Pru
INE756I14GI5,2026-07-15,6.85,ICICI Pru,ICICI Pru
INE756I14GI5,2026-07-31,6.81,ICICI Pru,ICICI Pru (99)
INE756I14GI5,2026-08-15,6.59,ICICI Pru,ICICI Pru (100)
INE763G08967,2026-06-30,7.765,Axis,Axis
INE763G08967,2026-07-31,7.75,Axis,Axis (132)
INE763G08967,2026-08-15,7.715,Axis,Axis (132)
INE763G14C12,2026-07-31,6.87,SBI,SBI (743)
INE763G14C12,2026-08-15,6.675,Axis,Axis (199)
INE763G14F35,2026-06-30,7.4099,Axis,Axis; UTI
INE763G14F35,2026-07-31,7.405,Axis,Axis (240); UTI (14)
INE763G14F35,2026-08-15,7.15,Axis,Axis (241)
INE763G14F50,2026-06-30,7.41,HDFC,HDFC; Kotak
INE763G14F50,2026-07-15,7.49,HDFC,HDFC
INE763G14F50,2026-07-31,7.41,HDFC,HDFC (192); Kotak (288)
INE763G14F50,2026-08-15,7.15,Kotak,Kotak (290)
INE763G14F68,2026-06-30,7.41,HDFC,HDFC
INE763G14F68,2026-07-15,7.49,HDFC,HDFC
INE763G14F68,2026-07-31,7.41,HDFC,HDFC (240)
INE763G14F76,2026-06-30,7.4099,Axis,Axis; Nippon; Kotak
INE763G14F76,2026-07-15,7.485,Nippon,Nippon
INE763G14F76,2026-07-31,7.405,Axis,Axis (240); Nippon (192); Kotak (240)
INE763G14F76,2026-08-15,7.1501,Axis,Axis (241); Nippon (193); Kotak (241)
INE763G14G00,2026-06-30,6.8998,Axis,Axis; Kotak
INE763G14G00,2026-07-31,6.5389,Axis,Axis (50); Kotak (50)
INE763G14G42,2026-06-30,7.41,UTI,UTI
INE763G14G42,2026-07-31,7.405,Axis,Axis (24); UTI (48)
INE763G14G42,2026-08-15,7.15,Axis,Axis (24)
INE763G14H25,2026-06-30,7.16,HDFC,HDFC
INE763G14H25,2026-07-31,7.3398,SBI,SBI (49)
INE763G14H25,2026-08-15,6.835,SBI,SBI (49)
INE763G14H33,2026-06-30,6.94,HDFC,HDFC; Kotak
INE763G14H58,2026-06-30,6.94,HDFC,HDFC
INE763G14H90,2026-06-30,6.9004,Axis,Axis
INE763G14I24,2026-06-30,6.9,UTI,UTI
INE763G14I24,2026-07-31,6.3638,Aditya Birla,Aditya Birla (50); UTI (450)
INE763G14I81,2026-06-30,6.8401,SBI,SBI; Kotak
INE763G14I81,2026-07-15,6.9502,SBI,SBI
INE763G14I81,2026-07-31,6.8199,SBI,SBI (496); Kotak (496); Tata (198)
INE763G14I81,2026-08-15,6.6647,SBI,SBI (497); Kotak (497); Tata (199)
INE763G14I99,2026-06-30,6.8401,Axis,Axis; Kotak
INE763G14I99,2026-07-31,6.5394,Axis,Axis (449); Kotak (50)
INE763G14I99,2026-08-15,6.5267,Axis,Axis (350)
INE763G14J15,2026-06-30,6.84,UTI,UTI
INE763G14J15,2026-07-31,6.54,UTI,UTI (149)
INE763G14J31,2026-07-15,6.9501,Nippon,Nippon
INE763G14J31,2026-07-31,6.8701,Nippon,Nippon (173)
INE763G14J31,2026-08-15,6.6747,Nippon,Nippon (174)
INE763G14J56,2026-06-30,6.84,HDFC,HDFC; UTI
INE763G14J56,2026-07-15,6.88,HDFC,HDFC
INE763G14J56,2026-07-31,6.68,HDFC,HDFC (846); UTI (199)
INE763G14J98,2026-06-30,6.8398,Nippon,Nippon; Kotak
INE763G14J98,2026-07-15,6.9501,Nippon,Nippon
INE763G14J98,2026-07-31,6.8197,Nippon,Nippon (99); Kotak (398)
INE763G14J98,2026-08-15,6.6648,Nippon,Nippon (100); Kotak (399)
INE763G14K04,2026-06-30,6.8399,Aditya Birla,Aditya Birla
INE763G14K04,2026-07-31,6.8197,Aditya Birla,Aditya Birla (174)
INE763G14K20,2026-06-30,6.8402,Axis,Axis; Kotak
INE763G14K20,2026-07-31,6.82,Axis,Axis (745); Kotak (199)
INE763G14K20,2026-08-15,6.6647,Axis,Axis (747); Kotak (199)
INE763G14K38,2026-06-30,6.8398,SBI,SBI; Aditya Birla; Axis; Nippon
INE763G14K38,2026-07-15,6.9503,SBI,SBI; Nippon
INE763G14K38,2026-07-31,6.8203,SBI,SBI (248); Aditya Birla (447); Axis (248); Nippon (248)
INE763G14K38,2026-08-15,6.6653,SBI,SBI (249); Axis (249); Nippon (249)
INE763G14K46,2026-06-30,6.84,HDFC,HDFC; Nippon
INE763G14K46,2026-07-15,6.95,HDFC,HDFC; Nippon
INE763G14K46,2026-07-31,6.82,HDFC,HDFC (496); Nippon (447)
INE763G14K46,2026-08-15,6.6652,Nippon,Nippon (448)
INE763G14K53,2026-06-30,6.84,SBI,SBI; UTI
INE763G14K53,2026-07-15,6.9503,SBI,SBI
INE763G14K53,2026-07-31,6.82,SBI,SBI (744)
INE763G14K53,2026-08-15,6.6653,SBI,SBI (747)
INE763G14K61,2026-06-30,6.84,HDFC,HDFC; SBI
INE763G14K61,2026-07-15,6.95,HDFC,HDFC; SBI
INE763G14K61,2026-07-31,6.82,HDFC,HDFC (248); SBI (496)
INE763G14K61,2026-08-15,6.6654,SBI,SBI (498)
INE763G14K79,2026-06-30,6.84,HDFC,HDFC; Aditya Birla; Kotak
INE763G14K79,2026-07-15,6.95,HDFC,HDFC
INE763G14K79,2026-07-31,6.87,HDFC,HDFC (248); Aditya Birla (124); Kotak (149)
INE763G14K79,2026-08-15,6.68,Kotak,Kotak (149)
INE763G14K87,2026-06-30,6.84,Kotak,Kotak
INE763G14K87,2026-07-31,6.87,Kotak,Kotak (694)
INE763G14K87,2026-08-15,6.68,Kotak,Kotak (696)
INE763G14L11,2026-06-30,6.84,SBI,SBI; Kotak
INE763G14L11,2026-07-15,6.9502,SBI,SBI
INE763G14L11,2026-07-31,6.8699,SBI,SBI (793); Kotak (149)
INE763G14L11,2026-08-15,6.6747,SBI,SBI (721); Kotak (149)
INE763G14L29,2026-07-15,7.55,HDFC,HDFC
INE763G14L29,2026-07-31,7.41,HDFC,HDFC (239)
INE763G14L37,2026-06-30,7.41,SBI,SBI
INE763G14L37,2026-07-15,7.5449,SBI,SBI
INE763G14L37,2026-07-31,7.405,SBI,SBI (191)
INE763G14L37,2026-08-15,7.15,SBI,SBI (192)
INE763G14L60,2026-07-15,7.55,HDFC,HDFC; Nippon
INE763G14L60,2026-07-31,7.41,HDFC,HDFC (191); Nippon (238)
INE763G14L60,2026-08-15,7.1501,Nippon,Nippon (239)
INE763G14L78,2026-07-31,7.41,UTI,UTI (191)
INE763G14M44,2026-08-15,6.88,Kotak,Kotak (172)
INE763G14M51,2026-08-15,6.875,SBI,SBI (246)
INE769A14AJ6,2026-06-30,8.02,HDFC,HDFC
INE769A14AJ6,2026-07-15,8.23,HDFC,HDFC
INE769A14AJ6,2026-07-31,8.12,HDFC,HDFC (149)
INE769A14AK4,2026-06-30,8.02,HDFC,HDFC
INE769A14AK4,2026-07-15,8.23,HDFC,HDFC
INE769A14AK4,2026-07-31,8.12,HDFC,HDFC (149)
INE774D07UM6,2026-06-30,7.67,HDFC,HDFC; ICICI Pru; Aditya Birla; Axis; Kotak
INE774D07UM6,2026-07-15,7.73,HDFC,HDFC; ICICI Pru
INE774D07UM6,2026-07-31,7.75,HDFC,HDFC (4); ICICI Pru (50); Aditya Birla (16); Axis (0); Kotak (29)
INE774D07UM6,2026-08-15,7.66,ICICI Pru,ICICI Pru (50); Axis (0); Kotak (29)
INE774D07VE1,2026-06-30,7.5,HDFC,HDFC; Axis
INE774D07VE1,2026-07-15,7.73,HDFC,HDFC; Nippon
INE774D07VE1,2026-07-31,7.59,HDFC,HDFC (75); Axis (121); Nippon (5)
INE774D07VE1,2026-08-15,7.325,Axis,Axis (120); Nippon (6)
INE774D07VF8,2026-06-30,7.73,Aditya Birla,Aditya Birla; Axis; Nippon; Kotak
INE774D07VF8,2026-07-15,7.91,Nippon,Nippon
INE774D07VF8,2026-07-31,7.895,Aditya Birla,Aditya Birla (10); Axis (75); Nippon (101); Kotak (302)
INE774D07VF8,2026-08-15,7.82,Axis,Axis (76); Nippon (101); Kotak (302)
INE774D07VG6,2026-06-30,7.65,ICICI Pru,ICICI Pru; Aditya Birla; Axis; Nippon; UTI
INE774D07VG6,2026-07-15,7.7325,Nippon,Nippon
INE774D07VG6,2026-07-31,7.765,Axis,Axis (3); Nippon (10); UTI (1)
INE774D07VG6,2026-08-15,7.675,Axis,Axis (3); Nippon (10)
INE774D07VH4,2026-06-30,7.67,Kotak,Kotak
INE774D07VH4,2026-07-31,7.81,Kotak,Kotak (25)
INE774D07VH4,2026-08-15,7.74,Kotak,Kotak (25)
INE774D07VI2,2026-06-30,7.665,SBI,SBI; Kotak
INE774D07VI2,2026-07-31,7.8,Kotak,Kotak (126)
INE774D07VI2,2026-08-15,7.73,Kotak,Kotak (126)
INE774D07VJ0,2026-06-30,7.66,ICICI Pru,ICICI Pru; Axis; UTI
INE774D07VJ0,2026-07-15,7.76,ICICI Pru,ICICI Pru
INE774D07VJ0,2026-07-31,7.67,ICICI Pru,ICICI Pru (155); Axis (85); UTI (25)
INE774D07VJ0,2026-08-15,7.46,ICICI Pru,ICICI Pru (155); Axis (85)
INE774D07VK8,2026-06-30,7.65,ICICI Pru,ICICI Pru
INE774D07VK8,2026-07-15,7.76,ICICI Pru,ICICI Pru
INE774D07VK8,2026-07-31,7.67,ICICI Pru,ICICI Pru (301)
INE774D07VK8,2026-08-15,7.46,ICICI Pru,ICICI Pru (301)
INE774D07VM4,2026-06-30,7.67,ICICI Pru,ICICI Pru; Nippon
INE774D07VM4,2026-07-15,7.81,ICICI Pru,ICICI Pru; Nippon
INE774D07VM4,2026-07-31,7.8,ICICI Pru,ICICI Pru (161); Nippon (176); Kotak (50)
INE774D07VM4,2026-08-15,7.73,ICICI Pru,ICICI Pru (161); Nippon (176); Kotak (50)
INE774D07VO0,2026-06-30,7.67,ICICI Pru,ICICI Pru
INE774D07VO0,2026-07-15,7.81,ICICI Pru,ICICI Pru
INE774D07VO0,2026-07-31,7.8,ICICI Pru,ICICI Pru (401)
INE774D07VO0,2026-08-15,7.73,ICICI Pru,ICICI Pru (401)
INE774D07VP7,2026-06-30,8.2019,SBI,SBI; ICICI Pru; Axis; Nippon; Kotak; UTI
INE774D07VP7,2026-07-15,8.3381,SBI,SBI; ICICI Pru; Nippon
INE774D07VP7,2026-07-31,8.3454,SBI,SBI (150); ICICI Pru (601); Axis (100); Nippon (451); Kotak (301); UTI (200)
INE774D07VP7,2026-08-15,8.2704,SBI,SBI (150); ICICI Pru (601); Axis (100); Nippon (451); Kotak (301)
INE774D07VQ5,2026-06-30,7.73,SBI,SBI; Nippon
INE774D07VQ5,2026-07-15,7.92,Nippon,Nippon
INE774D07VQ5,2026-07-31,7.9,SBI,SBI (50); Nippon (100)
INE774D07VQ5,2026-08-15,7.82,SBI,SBI (50)
INE774D14TL6,2026-06-30,7.21,SBI,SBI; Axis
INE774D14TL6,2026-07-15,7.43,SBI,SBI
INE774D14TL6,2026-07-31,7.305,SBI,SBI (24); Aditya Birla (24); Axis (226)
INE774D14TL6,2026-08-15,7.0849,SBI,SBI (24); Axis (227)
INE774D14TO0,2026-06-30,7.2101,Aditya Birla,Aditya Birla; Kotak
INE774D14TO0,2026-07-31,7.305,Aditya Birla,Aditya Birla (24); Kotak (240); Tata (240)
INE774D14TO0,2026-08-15,7.09,Kotak,Kotak (241); Tata (241)
INE774D14TR3,2026-06-30,7.21,Aditya Birla,Aditya Birla
INE774D14TR3,2026-07-31,7.305,Aditya Birla,Aditya Birla (480)
INE774D14TS1,2026-06-30,7.11,ICICI Pru,ICICI Pru
INE774D14TS1,2026-07-15,7.33,ICICI Pru,ICICI Pru
INE774D14TS1,2026-07-31,7.25,ICICI Pru,ICICI Pru (24)
INE774D14TS1,2026-08-15,6.9,ICICI Pru,ICICI Pru (24)
INE774D14TW3,2026-07-31,7.305,Axis,Axis (240); Tata (336)
INE774D14TW3,2026-08-15,7.085,Axis,Axis (434); Tata (337)
INE776C08075,2026-06-30,9.65,SBI,SBI; Aditya Birla; Axis; Nippon
INE776C08075,2026-07-15,10.011,SBI,SBI; Nippon
INE776C08075,2026-07-31,9.961,SBI,SBI (627); Aditya Birla (106); Axis (16); Nippon (21)
INE776C08075,2026-08-15,9.8975,SBI,SBI (629); Axis (16); Nippon (21)
INE776C08083,2026-06-30,9.47,HDFC,HDFC; Aditya Birla; Axis; Nippon
INE776C08083,2026-07-15,9.84,HDFC,HDFC; Nippon
INE776C08083,2026-07-31,9.65,HDFC,HDFC (526); Aditya Birla (226); Axis (58); Nippon (66)
INE776C08083,2026-08-15,9.5125,Axis,Axis (58); Nippon (66)
INE787H07057,2026-06-30,7.5699,Axis,Axis
INE787H07057,2026-07-31,7.5149,Axis,Axis (3)
INE787H07057,2026-08-15,7.545,Axis,Axis (3)
INE787H08212,2026-06-30,7.37,SBI,SBI
INE787H08212,2026-07-15,7.3868,SBI,SBI
INE787H08212,2026-07-31,7.2622,SBI,SBI (149)
INE787H08212,2026-08-15,7.1482,SBI,SBI (149)
INE787H08220,2026-07-15,7.3768,SBI,SBI
INE787H08220,2026-07-31,7.2444,SBI,SBI (25)
INE787H08220,2026-08-15,7.1932,SBI,SBI (25)
INE790I14HF8,2026-06-30,6.97,HDFC,HDFC
INE790I14HG6,2026-06-30,7.5175,Aditya Birla,Aditya Birla
INE790I14HG6,2026-07-31,7.4301,Aditya Birla,Aditya Birla (72)
INE790I14HI2,2026-06-30,7.52,HDFC,HDFC
INE790I14HI2,2026-07-15,7.75,HDFC,HDFC
INE790I14HI2,2026-07-31,7.43,HDFC,HDFC (48)
INE790I14HJ0,2026-07-31,7.43,Tata,Tata (145)
INE790I14HJ0,2026-08-15,7.19,Tata,Tata (145)
INE790I14HK8,2026-07-31,7.43,Tata,Tata (121)
INE790I14HK8,2026-08-15,7.19,Tata,Tata (121)
INE790I14HN2,2026-06-30,6.97,HDFC,HDFC
INE790I14HN2,2026-07-15,7.1,HDFC,HDFC
INE790I14HO0,2026-06-30,6.97,HDFC,HDFC
INE790I14HQ5,2026-06-30,6.9653,Nippon,Nippon
INE790I14HQ5,2026-07-15,6.5894,Nippon,Nippon
INE790I14HV5,2026-06-30,6.97,ICICI Pru,ICICI Pru; UTI
INE790I14HV5,2026-07-15,7.05,ICICI Pru,ICICI Pru
INE790I14HV5,2026-07-31,6.69,ICICI Pru,ICICI Pru (149); UTI (100)
INE790I14HV5,2026-08-15,6.48,ICICI Pru,ICICI Pru (150)
INE790I14HW3,2026-06-30,6.9651,Aditya Birla,Aditya Birla
INE790I14HW3,2026-07-31,6.8354,Aditya Birla,Aditya Birla (75)
INE790I14IA7,2026-06-30,6.965,Nippon,Nippon
INE790I14IA7,2026-07-15,7.1001,Nippon,Nippon
INE790I14IA7,2026-07-31,6.8353,Nippon,Nippon (149)
INE790I14IA7,2026-08-15,6.6852,Nippon,Nippon (149)
INE790Z07061,2026-06-30,7.6067,SBI,SBI
INE790Z07061,2026-07-15,7.8519,SBI,SBI
INE790Z07061,2026-07-31,7.8467,SBI,SBI (339)
INE790Z07061,2026-08-15,7.7435,SBI,SBI (340)
INE790Z14059,2026-06-30,6.855,SBI,SBI
INE790Z14059,2026-07-15,7.06,SBI,SBI
INE790Z14059,2026-07-31,6.9549,SBI,"SBI (1,491)"
INE790Z14059,2026-08-15,6.7706,SBI,"SBI (1,495)"
INE800X07071,2026-07-31,8.3,UTI,UTI (50)
INE800X07097,2026-06-30,8.23,Aditya Birla,Aditya Birla
INE800X07097,2026-07-31,8.355,Aditya Birla,Aditya Birla (150)
INE800X07105,2026-06-30,8.0899,Aditya Birla,Aditya Birla
INE800X07105,2026-07-31,8.1848,Aditya Birla,Aditya Birla (100)
INE800X14390,2026-06-30,6.8302,Nippon,Nippon
INE800X14390,2026-07-15,6.7898,Nippon,Nippon
INE800X14390,2026-07-31,6.7147,Nippon,Nippon (50)
INE800X14390,2026-08-15,6.601,Nippon,Nippon (50)
INE800X14424,2026-06-30,6.99,Aditya Birla,Aditya Birla
INE800X14424,2026-07-31,7.0949,Aditya Birla,Aditya Birla (49)
INE800X14465,2026-06-30,7.1225,Aditya Birla,Aditya Birla
INE800X14465,2026-07-31,7.2,Aditya Birla,Aditya Birla (48)
INE800X14473,2026-06-30,6.7599,Aditya Birla,Aditya Birla
INE800X14481,2026-06-30,6.7596,Aditya Birla,Aditya Birla
INE802J07035,2026-06-30,8.1295,Axis,Axis
INE802J07035,2026-07-31,8.1798,Axis,Axis (77)
INE802J07035,2026-08-15,8.1746,Axis,Axis (77)
INE812V07013,2026-06-30,7.23,Kotak,Kotak
INE812V07013,2026-07-31,7.06,Kotak,Kotak (10)
INE812V07013,2026-08-15,6.64,Kotak,Kotak (10)
INE813H07150,2026-08-15,7.28,Axis,Axis (35)
INE813H07192,2026-06-30,7.6249,Aditya Birla,Aditya Birla; UTI
INE813H07192,2026-07-31,7.58,Aditya Birla,Aditya Birla (50); UTI (50)
INE813H07226,2026-06-30,7.78,Aditya Birla,Aditya Birla
INE813H07226,2026-07-31,7.7,Aditya Birla,Aditya Birla (35)
INE813H07234,2026-06-30,7.765,SBI,SBI
INE813H07234,2026-07-15,7.835,SBI,SBI
INE813H07234,2026-07-31,7.8199,SBI,SBI (50)
INE813H07234,2026-08-15,7.7,SBI,SBI (51)
INE813H07242,2026-06-30,7.845,SBI,SBI
INE813H07242,2026-07-15,7.825,SBI,SBI
INE813H07242,2026-07-31,7.905,SBI,SBI (44)
INE813H07242,2026-08-15,7.865,SBI,SBI (44)
INE813H07283,2026-06-30,7.845,SBI,SBI
INE813H07283,2026-07-15,7.825,SBI,SBI
INE813H07283,2026-07-31,7.905,SBI,SBI (102)
INE813H07283,2026-08-15,7.865,SBI,SBI (102)
INE813H07309,2026-06-30,7.83,SBI,SBI
INE813H07309,2026-07-15,7.8499,SBI,SBI
INE813H07309,2026-07-31,7.905,SBI,SBI (10)
INE813H07309,2026-08-15,7.88,SBI,SBI (10)
INE813H07333,2026-06-30,7.78,ICICI Pru,ICICI Pru
INE813H07333,2026-07-15,7.84,ICICI Pru,ICICI Pru
INE813H07333,2026-07-31,7.82,ICICI Pru,ICICI Pru (141)
INE813H07333,2026-08-15,7.69,ICICI Pru,ICICI Pru (141)
INE813H07341,2026-06-30,7.6249,SBI,SBI; Aditya Birla
INE813H07341,2026-07-15,7.81,HDFC,HDFC
INE813H07341,2026-07-31,7.58,HDFC,HDFC (75); Aditya Birla (25)
INE813H07366,2026-06-30,7.78,ICICI Pru,ICICI Pru
INE813H07366,2026-07-15,7.82,ICICI Pru,ICICI Pru
INE813H07366,2026-07-31,7.85,ICICI Pru,ICICI Pru (126)
INE813H07366,2026-08-15,7.75,ICICI Pru,ICICI Pru (126)
INE813H07374,2026-06-30,7.78,ICICI Pru,ICICI Pru; Axis
INE813H07374,2026-07-15,7.84,ICICI Pru,ICICI Pru
INE813H07374,2026-07-31,7.82,ICICI Pru,ICICI Pru (50); Axis (5)
INE813H07374,2026-08-15,7.69,ICICI Pru,ICICI Pru (50); Axis (5)
INE813H07382,2026-06-30,7.6249,SBI,SBI; Axis
INE813H07382,2026-07-15,7.81,SBI,SBI
INE813H07382,2026-07-31,7.5801,SBI,SBI (31); Axis (19)
INE813H07382,2026-08-15,7.28,SBI,SBI (31); Axis (19)
INE813H07432,2026-06-30,7.78,HDFC,HDFC; ICICI Pru
INE813H07432,2026-07-15,7.82,HDFC,HDFC; ICICI Pru
INE813H07432,2026-07-31,7.85,HDFC,HDFC (307); ICICI Pru (50)
INE813H07432,2026-08-15,7.75,ICICI Pru,ICICI Pru (50)
INE813H07440,2026-06-30,7.85,HDFC,HDFC; SBI
INE813H07440,2026-07-15,7.83,HDFC,HDFC; SBI; Nippon
INE813H07440,2026-07-31,7.91,HDFC,HDFC (25); SBI (555); Nippon (20)
INE813H07440,2026-08-15,7.865,SBI,SBI (556); Nippon (20)
INE814H07190,2026-06-30,8.22,SBI,SBI; ICICI Pru; Aditya Birla; Axis; Nippon
INE814H07190,2026-07-15,8.6999,SBI,SBI; ICICI Pru; Nippon
INE814H07190,2026-07-31,8.6,SBI,SBI (941); ICICI Pru (448); Aditya Birla (126); Axis (60); Nippon (199); Tata (214)
INE814H07190,2026-08-15,8.415,SBI,SBI (943); ICICI Pru (449); Axis (60); Nippon (200); Tata (215)
INE814H07208,2026-06-30,8.225,Aditya Birla,Aditya Birla; Axis; Nippon; Kotak; UTI
INE814H07208,2026-07-15,8.6798,Nippon,Nippon
INE814H07208,2026-07-31,8.635,Aditya Birla,Aditya Birla (149); Axis (10); Nippon (55); Kotak (598); UTI (25); Tata (5)
INE814H07208,2026-08-15,8.475,Axis,Axis (10); Nippon (55); Kotak (600); Tata (5)
INE824H14SY5,2026-07-31,7.59,Tata,Tata (244)
INE824H14SY5,2026-08-15,7.15,Tata,Tata (245)
INE824H14TG0,2026-06-30,7.63,HDFC,HDFC
INE824H14TG0,2026-07-15,7.86,HDFC,HDFC
INE824H14TG0,2026-07-31,7.77,HDFC,HDFC (97)
INE824H14TH8,2026-06-30,7.63,HDFC,HDFC
INE824H14TH8,2026-07-15,7.86,HDFC,HDFC
INE824H14TH8,2026-07-31,7.77,HDFC,HDFC (97)
INE824H14TJ4,2026-06-30,7.63,ICICI Pru,ICICI Pru
INE824H14TJ4,2026-07-15,7.86,ICICI Pru,ICICI Pru
INE824H14TJ4,2026-07-31,7.77,ICICI Pru,ICICI Pru (338)
INE824H14TJ4,2026-08-15,7.62,ICICI Pru,ICICI Pru (339)
INE824H14TK2,2026-07-31,7.77,Tata,Tata (193)
INE824H14TK2,2026-08-15,7.62,Tata,Tata (193)
INE824H14TZ0,2026-06-30,7.63,ICICI Pru,ICICI Pru
INE824H14TZ0,2026-07-15,7.86,ICICI Pru,ICICI Pru
INE824H14TZ0,2026-07-31,7.77,ICICI Pru,ICICI Pru (48)
INE824H14TZ0,2026-08-15,7.62,ICICI Pru,ICICI Pru (48)
INE824H14UB9,2026-06-30,7.05,HDFC,HDFC; ICICI Pru
INE824H14UB9,2026-07-15,6.88,HDFC,HDFC; ICICI Pru
INE824H14UD5,2026-06-30,6.9497,Axis,Axis; Kotak
INE824H14UD5,2026-07-31,6.8401,Axis,Axis (150); Kotak (150)
INE824H14UE3,2026-06-30,6.95,ICICI Pru,ICICI Pru
INE824H14UE3,2026-07-15,7.13,ICICI Pru,ICICI Pru
INE824H14UE3,2026-07-31,6.84,ICICI Pru,ICICI Pru (150)
INE824H14UF0,2026-06-30,6.95,Aditya Birla,Aditya Birla
INE824H14UF0,2026-07-31,6.8407,Aditya Birla,Aditya Birla (249)
INE824H14UG8,2026-06-30,6.95,ICICI Pru,ICICI Pru
INE824H14UG8,2026-07-15,7.15,ICICI Pru,ICICI Pru
INE824H14UG8,2026-07-31,6.84,ICICI Pru,ICICI Pru (149)
INE824H14UG8,2026-08-15,6.62,ICICI Pru,ICICI Pru (150)
INE824H14UJ2,2026-06-30,6.95,HDFC,HDFC
INE824H14UJ2,2026-07-15,7.15,HDFC,HDFC
INE824H14UJ2,2026-07-31,6.94,HDFC,HDFC (199)
INE824H14UK0,2026-06-30,6.95,ICICI Pru,ICICI Pru
INE824H14UK0,2026-07-15,7.15,ICICI Pru,ICICI Pru
INE824H14UK0,2026-07-31,6.99,ICICI Pru,ICICI Pru (99)
INE824H14UK0,2026-08-15,6.64,ICICI Pru,ICICI Pru (100)
INE824H14UL8,2026-06-30,6.95,Kotak,Kotak
INE824H14UL8,2026-07-31,7.12,Kotak,Kotak (199)
INE824H14UL8,2026-08-15,6.79,Kotak,Kotak (199)
INE824H14UM6,2026-06-30,6.9501,Aditya Birla,Aditya Birla
INE824H14UM6,2026-07-31,7.115,Aditya Birla,Aditya Birla (99)
INE824H14UN4,2026-06-30,6.95,Kotak,Kotak
INE824H14UN4,2026-07-31,7.12,Kotak,Kotak (248)
INE824H14UN4,2026-08-15,6.79,Kotak,Kotak (249)
INE824H14UO2,2026-06-30,6.95,ICICI Pru,ICICI Pru
INE824H14UO2,2026-07-15,7.2,ICICI Pru,ICICI Pru
INE824H14UO2,2026-07-31,7.12,ICICI Pru,ICICI Pru (99)
INE824H14UO2,2026-08-15,6.79,ICICI Pru,ICICI Pru (100)
INE824H14UP9,2026-06-30,6.9499,Aditya Birla,Aditya Birla
INE824H14UP9,2026-07-31,7.165,Aditya Birla,Aditya Birla (198)
INE824H14UT1,2026-07-31,7.55,ICICI Pru,ICICI Pru (246)
INE824H14UT1,2026-08-15,6.93,ICICI Pru,ICICI Pru (247)
INE824H14UU9,2026-07-31,7.55,HDFC,HDFC (246)
INE824H14UV7,2026-08-15,6.9699,SBI,SBI (246)
INE824H14UX3,2026-08-15,7.62,ICICI Pru,ICICI Pru (240)
INE824H14UY1,2026-08-15,6.97,ICICI Pru,ICICI Pru (246)
INE831R07318,2026-06-30,7.265,Nippon,Nippon
INE831R07318,2026-07-15,7.535,Nippon,Nippon
INE831R07318,2026-07-31,7.355,Axis,Axis (50); Nippon (124)
INE831R07318,2026-08-15,7.125,Axis,Axis (50); Nippon (125)
INE831R07391,2026-07-31,7.38,SBI,SBI (25); Axis (50)
INE831R07391,2026-08-15,7.125,SBI,SBI (25); Axis (50)
INE831R07425,2026-06-30,7.32,ICICI Pru,ICICI Pru; Nippon; UTI
INE831R07425,2026-07-15,7.56,ICICI Pru,ICICI Pru; Nippon
INE831R07425,2026-07-31,7.38,ICICI Pru,ICICI Pru (50); Nippon (68); Kotak (50); UTI (25)
INE831R07425,2026-08-15,7.13,ICICI Pru,ICICI Pru (50); Nippon (68); Kotak (50)
INE831R07458,2026-06-30,7.78,Nippon,Nippon
INE831R07458,2026-07-15,7.8061,Nippon,Nippon
INE831R07458,2026-07-31,7.7662,Nippon,Nippon (45)
INE831R07458,2026-08-15,7.82,Nippon,Nippon (45)
INE831R07466,2026-06-30,7.57,Kotak,Kotak
INE831R07466,2026-07-31,7.62,Kotak,Kotak (45)
INE831R07466,2026-08-15,7.59,Kotak,Kotak (45)
INE831R07474,2026-06-30,7.0549,Aditya Birla,Aditya Birla; Kotak
INE831R07474,2026-07-15,7.415,Nippon,Nippon
INE831R07474,2026-07-31,7.245,Aditya Birla,Aditya Birla (75); Nippon (50); Kotak (150)
INE831R07474,2026-08-15,6.92,Nippon,Nippon (50); Kotak (150)
INE831R07482,2026-06-30,7.58,Aditya Birla,Aditya Birla
INE831R07482,2026-07-31,7.6325,Aditya Birla,Aditya Birla (100)
INE831R07516,2026-06-30,7.6845,Nippon,Nippon; UTI
INE831R07516,2026-07-15,7.765,Nippon,Nippon
INE831R07516,2026-07-31,7.6725,Nippon,Nippon (30); UTI (50)
INE831R07516,2026-08-15,7.685,Nippon,Nippon (30)
INE831R07540,2026-06-30,7.6895,SBI,SBI; UTI
INE831R07540,2026-07-15,7.79,SBI,SBI
INE831R07540,2026-07-31,7.6888,SBI,SBI (301); UTI (50)
INE831R07540,2026-08-15,7.685,SBI,SBI (301)
INE831R07557,2026-06-30,7.5649,Aditya Birla,Aditya Birla; Nippon
INE831R07557,2026-07-31,7.5725,Aditya Birla,Aditya Birla (341); UTI (75)
INE831R07565,2026-06-30,7.6994,Nippon,Nippon
INE831R07565,2026-07-15,7.7984,Nippon,Nippon
INE831R07565,2026-07-31,7.6988,Nippon,Nippon (50)
INE831R07565,2026-08-15,7.7,Nippon,Nippon (50)
INE831R07573,2026-06-30,7.6994,SBI,SBI; Nippon
INE831R07573,2026-07-15,7.7984,SBI,SBI; Nippon
INE831R07573,2026-07-31,7.6987,SBI,SBI (301); Nippon (291)
INE831R07573,2026-08-15,7.7,SBI,SBI (301); Nippon (291)
INE831R07581,2026-06-30,7.6895,Aditya Birla,Aditya Birla
INE831R07581,2026-07-31,7.6888,Aditya Birla,Aditya Birla (348)
INE831R07607,2026-06-30,7.565,SBI,SBI; Nippon
INE831R07607,2026-07-15,7.73,SBI,SBI; Nippon
INE831R07607,2026-07-31,7.5575,SBI,SBI (30); Nippon (5)
INE831R07607,2026-08-15,7.4224,SBI,SBI (30); Nippon (5)
INE831R07631,2026-06-30,7.78,UTI,UTI
INE831R07631,2026-07-31,7.77,UTI,UTI (75)
INE831R07656,2026-06-30,7.78,SBI,SBI
INE831R07656,2026-07-15,7.8061,SBI,SBI
INE831R07656,2026-07-31,7.7662,SBI,SBI (202); Aditya Birla (25)
INE831R07656,2026-08-15,7.82,SBI,SBI (202)
INE831R14FW0,2026-06-30,7.05,Kotak,Kotak
INE831R14FW0,2026-07-31,7.15,Kotak,Kotak (144)
INE831R14FW0,2026-08-15,6.93,Kotak,Kotak (145)
INE831R14FX8,2026-06-30,7.05,ICICI Pru,ICICI Pru
INE831R14FX8,2026-07-15,7.31,ICICI Pru,ICICI Pru
INE831R14FX8,2026-07-31,7.15,ICICI Pru,ICICI Pru (288)
INE831R14FX8,2026-08-15,6.93,ICICI Pru,ICICI Pru (290)
INE831R14FY6,2026-06-30,7.05,ICICI Pru,ICICI Pru; Nippon
INE831R14FY6,2026-07-15,7.31,ICICI Pru,ICICI Pru; Nippon
INE831R14FY6,2026-07-31,7.15,ICICI Pru,ICICI Pru (144); Nippon (48)
INE831R14FY6,2026-08-15,6.93,ICICI Pru,ICICI Pru (145); Nippon (48)
INE831R14FZ3,2026-06-30,7.05,ICICI Pru,ICICI Pru
INE831R14FZ3,2026-07-15,7.31,ICICI Pru,ICICI Pru
INE831R14FZ3,2026-07-31,7.15,ICICI Pru,ICICI Pru (240)
INE831R14FZ3,2026-08-15,6.93,ICICI Pru,ICICI Pru (241)
INE831R14GA4,2026-06-30,7.05,HDFC,HDFC; ICICI Pru; Aditya Birla
INE831R14GA4,2026-07-15,7.32,HDFC,HDFC; ICICI Pru
INE831R14GA4,2026-07-31,7.15,HDFC,HDFC (240); ICICI Pru (96); Aditya Birla (240)
INE831R14GA4,2026-08-15,6.93,ICICI Pru,ICICI Pru (96)
INE831R14GB2,2026-06-30,6.4799,SBI,SBI
INE831R14GB2,2026-07-15,6.4049,SBI,SBI
INE831R14GB2,2026-07-31,6.1298,SBI,SBI (300)
INE831R14GC0,2026-06-30,6.4797,SBI,SBI
INE831R14GC0,2026-07-15,6.4053,SBI,SBI
INE831R14GC0,2026-07-31,6.365,SBI,SBI (349)
INE831R14GF3,2026-06-30,6.39,HDFC,HDFC
INE831R14GF3,2026-07-15,6.59,HDFC,HDFC
INE831R14GF3,2026-07-31,6.56,HDFC,HDFC (495)
INE831R14GG1,2026-07-31,6.89,ICICI Pru,ICICI Pru (296)
INE831R14GG1,2026-08-15,6.43,ICICI Pru,ICICI Pru (297)
INE831R14GI7,2026-07-31,6.875,Nippon,Nippon (197)
INE831R14GI7,2026-08-15,6.4248,Nippon,Nippon (198)
INE831R14GK3,2026-08-15,6.52,Tata,Tata (296)
INE831R14GL1,2026-08-15,6.52,ICICI Pru,ICICI Pru (49)
INE831R14GM9,2026-08-15,6.52,SBI,SBI (493)
INE835F14161,2026-06-30,7.6777,Aditya Birla,Aditya Birla
INE835F14161,2026-07-31,7.4997,Aditya Birla,Aditya Birla (40)
INE835F14179,2026-06-30,7.6775,Aditya Birla,Aditya Birla
INE835F14179,2026-07-31,7.7501,Aditya Birla,Aditya Birla (50)
INE835F14187,2026-07-31,7.7497,Aditya Birla,Aditya Birla (25)
INE842C14214,2026-07-31,6.9502,Nippon,Nippon (99)
INE842C14214,2026-08-15,6.7647,Nippon,Nippon (100)
INE842C14222,2026-07-15,7.1002,Nippon,Nippon
INE848E07385,2026-06-30,6.87,Nippon,Nippon
INE848E07385,2026-07-15,7.15,Nippon,Nippon
INE848E07385,2026-07-31,7.01,Nippon,Nippon (5)
INE848E07385,2026-08-15,6.7549,Nippon,Nippon (5)
INE848E07864,2026-06-30,6.2007,SBI,SBI
INE848E07872,2026-06-30,7.06,HDFC,HDFC
INE848E07872,2026-07-15,7.27,HDFC,HDFC
INE848E07872,2026-07-31,7.23,HDFC,HDFC (45)
INE848E07AC9,2026-06-30,7.08,ICICI Pru,ICICI Pru
INE848E07AC9,2026-07-15,7.28,ICICI Pru,ICICI Pru
INE848E07AC9,2026-07-31,7.12,ICICI Pru,ICICI Pru (25)
INE848E07AC9,2026-08-15,6.93,ICICI Pru,ICICI Pru (25)
INE848E07AL0,2026-06-30,6.3748,Nippon,Nippon
INE848E07AL0,2026-07-15,6.5202,Nippon,Nippon
INE848E07AL0,2026-07-31,6.3897,SBI,SBI (5); Nippon (10)
INE848E07AL0,2026-08-15,6.2102,SBI,SBI (5); Nippon (10)
INE848E07AN6,2026-06-30,7.07,HDFC,HDFC
INE848E07AP1,2026-06-30,6.7851,Nippon,Nippon
INE848E07AP1,2026-07-15,6.875,Nippon,Nippon
INE848E07AP1,2026-07-31,7.0,Nippon,Nippon (25)
INE848E07AP1,2026-08-15,6.5751,Nippon,Nippon (25)
INE848E07AQ9,2026-06-30,7.05,SBI,SBI; Axis
INE848E07AQ9,2026-07-15,7.24,SBI,SBI
INE848E07AQ9,2026-07-31,7.185,SBI,SBI (25); Axis (5)
INE848E07AQ9,2026-08-15,7.07,SBI,SBI (25); Axis (5)
INE848E07AR7,2026-06-30,6.955,Nippon,Nippon
INE848E07AR7,2026-07-15,7.24,Nippon,Nippon
INE848E07AR7,2026-07-31,7.2,Nippon,Nippon (20)
INE848E07AR7,2026-08-15,7.105,Nippon,Nippon (20)
INE848E07AS5,2026-06-30,7.0899,Axis,Axis
INE848E07AS5,2026-07-31,7.2012,Axis,Axis (5)
INE848E07AS5,2026-08-15,7.13,Axis,Axis (5)
INE848E07AU1,2026-06-30,6.8699,Nippon,Nippon
INE848E07AU1,2026-07-15,7.15,Nippon,Nippon
INE848E07AU1,2026-07-31,7.01,Nippon,Nippon (33)
INE848E07AU1,2026-08-15,6.755,Nippon,Nippon (33)
INE848E07AV9,2026-06-30,6.965,SBI,SBI
INE848E07AV9,2026-07-15,7.2443,SBI,SBI
INE848E07AV9,2026-07-31,7.185,SBI,SBI (43)
INE848E07AV9,2026-08-15,7.07,SBI,SBI (43)
INE848E07AW7,2026-06-30,7.065,SBI,SBI
INE848E07AW7,2026-07-15,7.31,SBI,SBI
INE848E07AW7,2026-07-31,7.2012,SBI,SBI (2)
INE848E07AW7,2026-08-15,7.115,SBI,SBI (2)
INE848E07BA1,2026-06-30,6.97,UTI,UTI
INE848E07BA1,2026-07-31,7.19,UTI,UTI (15)
INE848E07BK0,2026-06-30,7.05,Nippon,Nippon
INE848E07BK0,2026-07-15,7.2799,Nippon,Nippon
INE848E07BK0,2026-07-31,7.115,Nippon,Nippon (5)
INE848E07BK0,2026-08-15,6.925,Nippon,Nippon (5)
INE848E08136,2026-06-30,7.04,Axis,Axis; Nippon
INE848E08136,2026-07-15,7.285,Nippon,Nippon
INE848E08136,2026-07-31,7.1763,Axis,Axis (15); Nippon (0)
INE848E08136,2026-08-15,7.09,Axis,Axis (15); Nippon (0)
INE848E08193,2026-06-30,7.25,HDFC,HDFC
INE848E08219,2026-06-30,7.18,HDFC,HDFC
INE848E08227,2026-06-30,7.13,HDFC,HDFC
INE848E08235,2026-06-30,7.07,HDFC,HDFC
INE848E08243,2026-06-30,6.97,HDFC,HDFC
INE848E08250,2026-06-30,6.87,HDFC,HDFC
INE848E08375,2026-06-30,7.06,HDFC,HDFC; Aditya Birla
INE848E08375,2026-07-15,7.23,HDFC,HDFC
INE848E08375,2026-07-31,7.19,HDFC,HDFC (25); Aditya Birla (149)
INE849D14IB0,2026-07-31,6.89,HDFC,HDFC (495)
INE852O07139,2026-06-30,7.96,ICICI Pru,ICICI Pru
INE852O07139,2026-07-15,8.0,ICICI Pru,ICICI Pru
INE852O07139,2026-07-31,8.0,ICICI Pru,ICICI Pru (180)
INE852O07139,2026-08-15,7.76,ICICI Pru,ICICI Pru (180)
INE852O07147,2026-06-30,8.22,ICICI Pru,ICICI Pru
INE852O07147,2026-07-15,8.42,ICICI Pru,ICICI Pru
INE852O07147,2026-07-31,8.26,ICICI Pru,ICICI Pru (201)
INE852O07147,2026-08-15,7.94,ICICI Pru,ICICI Pru (201)
INE852O07154,2026-06-30,8.4001,Axis,Axis
INE852O07154,2026-07-31,8.475,Axis,Axis (16)
INE852O07154,2026-08-15,8.2199,Axis,Axis (16)
INE852O07162,2026-06-30,8.5349,Nippon,Nippon
INE852O07162,2026-07-15,8.69,Nippon,Nippon
INE852O07162,2026-07-31,8.655,Nippon,Nippon (112)
INE852O07162,2026-08-15,8.43,Nippon,Nippon (112)
INE857Q07273,2026-06-30,7.64,HDFC,HDFC; Kotak
INE857Q07273,2026-07-15,7.72,HDFC,HDFC
INE857Q07273,2026-07-31,7.67,HDFC,HDFC (25); Kotak (40)
INE857Q07273,2026-08-15,7.58,Kotak,Kotak (40)
INE859C07196,2026-06-30,9.85,HDFC,HDFC
INE859C07196,2026-07-15,9.71,HDFC,HDFC
INE859C07196,2026-07-31,9.63,HDFC,HDFC (16)
INE859C07220,2026-06-30,9.55,HDFC,HDFC
INE859C07220,2026-07-15,9.55,HDFC,HDFC
INE859C07220,2026-07-31,9.18,HDFC,HDFC (50)
INE859C07246,2026-06-30,9.8425,Aditya Birla,Aditya Birla; Axis
INE859C07246,2026-07-31,9.651,Aditya Birla,Aditya Birla (67); Axis (50)
INE859C07246,2026-08-15,9.5748,Axis,Axis (40)
INE859C08103,2026-06-30,10.1793,Aditya Birla,Aditya Birla
INE859C08103,2026-07-31,10.16,Aditya Birla,Aditya Birla (65)
INE860H07HN9,2026-06-30,6.8095,Aditya Birla,Aditya Birla; Axis; Nippon; Kotak
INE860H07HN9,2026-07-15,6.7118,Nippon,Nippon
INE860H07HQ2,2026-06-30,7.3324,Aditya Birla,Aditya Birla
INE860H07HQ2,2026-07-31,7.4049,Aditya Birla,Aditya Birla (25)
INE860H07IG1,2026-06-30,7.77,Nippon,Nippon
INE860H07IG1,2026-07-15,7.735,Nippon,Nippon
INE860H07IG1,2026-07-31,7.71,Nippon,Nippon (105)
INE860H07IG1,2026-08-15,7.65,Nippon,Nippon (55)
INE860H07II7,2026-06-30,7.735,Nippon,Nippon
INE860H07II7,2026-07-15,7.755,Nippon,Nippon
INE860H07II7,2026-07-31,7.79,Nippon,Nippon (80)
INE860H07II7,2026-08-15,7.705,Nippon,Nippon (80)
INE860H07IJ5,2026-06-30,6.815,Aditya Birla,Aditya Birla
INE860H07IJ5,2026-07-31,6.915,Aditya Birla,Aditya Birla (190)
INE860H07IO5,2026-06-30,7.74,Kotak,Kotak
INE860H07IO5,2026-07-31,7.81,Kotak,Kotak (301)
INE860H07IO5,2026-08-15,7.79,Kotak,Kotak (301)
INE860H07IQ0,2026-06-30,7.33,ICICI Pru,ICICI Pru; Kotak
INE860H07IQ0,2026-07-15,7.45,ICICI Pru,ICICI Pru
INE860H07IQ0,2026-07-31,7.41,ICICI Pru,ICICI Pru (3); Kotak (1)
INE860H07IQ0,2026-08-15,6.92,ICICI Pru,ICICI Pru (3); Kotak (1)
INE860H07IX6,2026-06-30,7.42,Axis,Axis
INE860H07IX6,2026-07-31,7.5625,Axis,Axis (150)
INE860H07IX6,2026-08-15,7.2875,Axis,Axis (150)
INE860H07IY4,2026-06-30,7.65,Aditya Birla,Aditya Birla; Axis; Nippon
INE860H07IY4,2026-07-15,7.6533,Nippon,Nippon
INE860H07IY4,2026-07-31,7.61,HDFC,HDFC (1); Aditya Birla (38); Axis (69); Nippon (1)
INE860H07IY4,2026-08-15,7.4449,Axis,Axis (69); Nippon (1)
INE860H07JC8,2026-06-30,7.74,Kotak,Kotak; UTI
INE860H07JC8,2026-07-31,7.81,Kotak,Kotak (200); UTI (100)
INE860H07JC8,2026-08-15,7.79,Kotak,Kotak (201)
INE860H08EL8,2026-06-30,8.2466,Aditya Birla,Aditya Birla
INE860H08EL8,2026-07-31,8.1606,Aditya Birla,Aditya Birla (25)
INE861G08027,2026-06-30,7.09,Kotak,Kotak
INE861G08027,2026-07-31,7.33,Kotak,Kotak (202)
INE861G08027,2026-08-15,7.31,Kotak,Kotak (202)
INE861G08043,2026-06-30,7.09,Kotak,Kotak
INE861G08043,2026-07-31,7.35,Kotak,Kotak (57)
INE861G08043,2026-08-15,7.34,Kotak,Kotak (57)
INE861G08050,2026-06-30,7.1113,Axis,Axis
INE861G08050,2026-07-31,7.3463,Axis,Axis (1)
INE861G08050,2026-08-15,7.335,Axis,Axis (1)
INE861G08068,2026-06-30,7.18,Kotak,Kotak
INE861G08068,2026-07-31,7.38,Kotak,Kotak (50)
INE861G08068,2026-08-15,7.35,Kotak,Kotak (50)
INE865C14PX7,2026-06-30,7.12,HDFC,HDFC
INE865C14QB1,2026-06-30,7.07,UTI,UTI
INE865C14QB1,2026-07-31,6.92,UTI,UTI (100)
INE865C14QD7,2026-06-30,7.07,HDFC,HDFC
INE865C14QD7,2026-07-15,7.3,HDFC,HDFC
INE865C14QD7,2026-07-31,7.02,HDFC,HDFC (124)
INE865C14QE5,2026-06-30,7.07,HDFC,HDFC
INE865C14QE5,2026-07-15,7.3,HDFC,HDFC
INE865C14QE5,2026-07-31,7.02,HDFC,HDFC (124)
INE865C14QF2,2026-06-30,7.07,Kotak,Kotak
INE865C14QF2,2026-07-31,7.17,Kotak,Kotak (99)
INE865C14QF2,2026-08-15,6.98,Kotak,Kotak (100)
INE865C14QG0,2026-06-30,7.1396,SBI,SBI
INE865C14QG0,2026-07-15,7.0045,SBI,SBI
INE865C14QH8,2026-06-30,7.1401,SBI,SBI
INE865C14QH8,2026-07-15,7.0044,SBI,SBI
INE865C14QI6,2026-06-30,7.07,HDFC,HDFC
INE865C14QI6,2026-07-15,7.35,HDFC,HDFC
INE865C14QI6,2026-07-31,7.17,HDFC,HDFC (50)
INE865C14QJ4,2026-06-30,7.0652,Nippon,Nippon
INE865C14QJ4,2026-07-15,7.3476,Nippon,Nippon
INE865C14QJ4,2026-07-31,7.1702,Nippon,Nippon (99)
INE865C14QJ4,2026-08-15,6.98,Nippon,Nippon (100)
INE865C14QL0,2026-06-30,7.07,Kotak,Kotak
INE865C14QL0,2026-07-31,7.17,Kotak,Kotak (99)
INE865C14QL0,2026-08-15,6.98,Kotak,Kotak (100)
INE865C14QO4,2026-06-30,7.07,ICICI Pru,ICICI Pru; Kotak
INE865C14QO4,2026-07-15,7.35,ICICI Pru,ICICI Pru
INE865C14QO4,2026-07-31,7.17,ICICI Pru,ICICI Pru (50); Kotak (99)
INE865C14QO4,2026-08-15,6.98,ICICI Pru,ICICI Pru (50); Kotak (99)
INE865C14QP1,2026-06-30,7.065,Nippon,Nippon
INE865C14QP1,2026-07-15,7.4599,Nippon,Nippon
INE865C14QP1,2026-07-31,7.2549,Nippon,Nippon (99)
INE865C14QP1,2026-08-15,6.9905,Nippon,Nippon (99)
INE865C14QQ9,2026-07-15,7.4601,Nippon,Nippon
INE865C14QQ9,2026-07-31,7.2551,Nippon,Nippon (99); UTI (49)
INE865C14QQ9,2026-08-15,6.9903,Nippon,Nippon (99)
INE865C14QT3,2026-07-31,7.68,ICICI Pru,ICICI Pru (147)
INE865C14QT3,2026-08-15,7.13,ICICI Pru,ICICI Pru (148)
INE865C14QV9,2026-08-15,7.165,Axis,Axis (98)
INE865C14QW7,2026-08-15,7.17,ICICI Pru,ICICI Pru (98)
INE870H14XG5,2026-06-30,6.57,HDFC,HDFC; ICICI Pru
INE870H14XG5,2026-07-15,6.54,HDFC,HDFC; ICICI Pru
INE870H14XG5,2026-07-31,6.48,HDFC,HDFC (199); ICICI Pru (99)
INE870H14XG5,2026-08-15,6.31,ICICI Pru,ICICI Pru (100)
INE870H14XI1,2026-06-30,6.49,Kotak,Kotak
INE870H14XI1,2026-07-31,6.58,Kotak,Kotak (298)
INE870H14XI1,2026-08-15,6.38,Kotak,Kotak (299)
INE870H14XJ9,2026-06-30,6.49,ICICI Pru,ICICI Pru
INE870H14XJ9,2026-07-15,6.69,ICICI Pru,ICICI Pru
INE870H14XJ9,2026-07-31,6.58,ICICI Pru,ICICI Pru (199)
INE870H14XJ9,2026-08-15,6.38,ICICI Pru,ICICI Pru (199)
INE870H14XM3,2026-08-15,6.5399,Nippon,Nippon (99)
INE870H14XN1,2026-08-15,6.54,ICICI Pru,ICICI Pru (296)
INE870H14XO9,2026-08-15,6.54,ICICI Pru,ICICI Pru (99)
INE870H14XP6,2026-08-15,6.5399,Nippon,Nippon (148)
INE870H14XS0,2026-08-15,6.54,ICICI Pru,ICICI Pru (98)
INE879F14LN1,2026-06-30,6.97,Aditya Birla,Aditya Birla
INE879F14LN1,2026-07-31,6.9252,Aditya Birla,Aditya Birla (99)
INE879F14MC2,2026-07-31,7.87,Tata,Tata (244)
INE879F14MC2,2026-08-15,7.25,Tata,Tata (245)
INE879F14ME8,2026-06-30,7.4574,Aditya Birla,Aditya Birla; UTI
INE879F14ME8,2026-07-31,7.8801,Aditya Birla,Aditya Birla (49); UTI (194)
INE879F14MG3,2026-06-30,7.46,HDFC,HDFC
INE879F14MG3,2026-07-15,7.67,HDFC,HDFC
INE879F14MG3,2026-07-31,7.87,HDFC,HDFC (147)
INE879F14MJ7,2026-07-31,7.9,Tata,Tata (289)
INE879F14MJ7,2026-08-15,7.66,Tata,Tata (291)
INE879F14ML3,2026-06-30,7.71,ICICI Pru,ICICI Pru
INE879F14ML3,2026-07-15,7.9,ICICI Pru,ICICI Pru
INE879F14ML3,2026-07-31,7.9,ICICI Pru,ICICI Pru (192)
INE879F14ML3,2026-08-15,7.66,ICICI Pru,ICICI Pru (193)
INE879F14MM1,2026-06-30,7.71,HDFC,HDFC
INE879F14MM1,2026-07-15,7.9,HDFC,HDFC
INE879F14MM1,2026-07-31,7.9,HDFC,HDFC (192)
INE879F14MN9,2026-06-30,7.71,ICICI Pru,ICICI Pru
INE879F14MN9,2026-07-15,7.9,ICICI Pru,ICICI Pru
INE879F14MN9,2026-07-31,7.9,ICICI Pru,ICICI Pru (144)
INE879F14MN9,2026-08-15,7.66,ICICI Pru,ICICI Pru (145)
INE879F14MP4,2026-06-30,7.71,HDFC,HDFC
INE879F14MP4,2026-07-15,7.9,HDFC,HDFC
INE879F14MP4,2026-07-31,7.9,HDFC,HDFC (143)
INE879F14MR0,2026-06-30,7.71,ICICI Pru,ICICI Pru
INE879F14MR0,2026-07-15,7.9,ICICI Pru,ICICI Pru
INE879F14MR0,2026-07-31,7.9,ICICI Pru,ICICI Pru (143)
INE879F14MR0,2026-08-15,7.66,ICICI Pru,ICICI Pru (144)
INE879F14MT6,2026-06-30,7.71,ICICI Pru,ICICI Pru
INE879F14MT6,2026-07-15,7.9,ICICI Pru,ICICI Pru
INE879F14MT6,2026-07-31,7.9,ICICI Pru,ICICI Pru (95)
INE879F14MT6,2026-08-15,7.66,ICICI Pru,ICICI Pru (96)
INE879F14MU4,2026-06-30,7.05,HDFC,HDFC
INE879F14MV2,2026-06-30,7.0445,Nippon,Nippon
INE879F14MV2,2026-07-15,6.1695,Nippon,Nippon
INE879F14MX8,2026-06-30,7.295,Axis,Axis
INE879F14NA4,2026-06-30,6.9696,Aditya Birla,Aditya Birla
INE879F14NA4,2026-07-31,6.6742,Aditya Birla,Aditya Birla (225)
INE879F14NC0,2026-06-30,6.9698,Axis,Axis
INE879F14NC0,2026-07-31,6.7748,Axis,Axis (199)
INE879F14NC0,2026-08-15,6.63,Axis,Axis (200)
INE879F14ND8,2026-06-30,6.97,HDFC,HDFC
INE879F14ND8,2026-07-15,7.08,HDFC,HDFC
INE879F14ND8,2026-07-31,6.93,HDFC,HDFC (99)
INE879F14NE6,2026-06-30,6.9699,Axis,Axis
INE879F14NE6,2026-07-31,6.925,Axis,Axis (149)
INE879F14NE6,2026-08-15,6.775,Axis,Axis (149)
INE879F14NF3,2026-06-30,6.9699,Aditya Birla,Aditya Birla
INE879F14NF3,2026-07-31,6.9753,Aditya Birla,Aditya Birla (149)
INE879F14NG1,2026-06-30,6.97,ICICI Pru,ICICI Pru
INE879F14NG1,2026-07-15,7.08,ICICI Pru,ICICI Pru
INE879F14NG1,2026-07-31,6.98,ICICI Pru,ICICI Pru (99)
INE879F14NG1,2026-08-15,6.79,ICICI Pru,ICICI Pru (99)
INE879F14NM9,2026-07-31,7.88,HDFC,HDFC (146)
INE879F14NN7,2026-08-15,7.9151,Axis,Axis (235)
INE883F07314,2026-06-30,7.15,HDFC,HDFC; SBI; ICICI Pru; Axis; Nippon
INE883F07314,2026-07-15,7.28,HDFC,HDFC; ICICI Pru; Nippon
INE883F07314,2026-07-31,7.32,HDFC,HDFC (50); ICICI Pru (135); Nippon (165)
INE883F07314,2026-08-15,6.58,ICICI Pru,ICICI Pru (135); Nippon (165)
INE883F07330,2026-06-30,8.04,ICICI Pru,ICICI Pru; Axis; Kotak; UTI
INE883F07330,2026-07-15,8.28,ICICI Pru,ICICI Pru
INE883F07330,2026-07-31,8.22,ICICI Pru,ICICI Pru (20); Axis (80); Kotak (65); UTI (15)
INE883F07330,2026-08-15,8.11,ICICI Pru,ICICI Pru (20); Axis (80); Kotak (65)
INE883F07363,2026-06-30,8.06,HDFC,HDFC
INE883F07363,2026-07-15,8.3,HDFC,HDFC
INE883F07363,2026-07-31,8.23,HDFC,HDFC (351)
INE883F07389,2026-06-30,8.1,ICICI Pru,ICICI Pru; Axis; Kotak
INE883F07389,2026-07-15,8.34,ICICI Pru,ICICI Pru
INE883F07389,2026-07-31,8.25,ICICI Pru,ICICI Pru (25); Axis (55); Kotak (50)
INE883F07389,2026-08-15,8.14,ICICI Pru,ICICI Pru (25); Axis (55); Kotak (50)
INE883F07397,2026-06-30,8.12,HDFC,HDFC; ICICI Pru
INE883F07397,2026-07-15,8.35,HDFC,HDFC; ICICI Pru
INE883F07397,2026-07-31,8.26,HDFC,HDFC (60); ICICI Pru (70)
INE883F07397,2026-08-15,8.16,ICICI Pru,ICICI Pru (70)
INE883F07405,2026-06-30,8.1315,SBI,SBI
INE883F07405,2026-07-15,8.3591,SBI,SBI
INE883F07405,2026-07-31,8.2591,SBI,SBI (124)
INE883F07405,2026-08-15,8.1642,SBI,SBI (124)
INE883F07413,2026-06-30,8.68,HDFC,HDFC; ICICI Pru; Axis
INE883F07413,2026-07-15,8.91,HDFC,HDFC; ICICI Pru
INE883F07413,2026-07-31,8.84,HDFC,HDFC (115); ICICI Pru (50); Axis (60)
INE883F07413,2026-08-15,8.82,ICICI Pru,ICICI Pru (50); Axis (60)
INE891D14C44,2026-06-30,6.6849,Aditya Birla,Aditya Birla
INE891D14C44,2026-07-31,6.8651,Aditya Birla,Aditya Birla (148)
INE891D14C51,2026-06-30,6.685,Aditya Birla,Aditya Birla
INE891D14C51,2026-07-31,6.865,Aditya Birla,Aditya Birla (99)
INE891D14C69,2026-07-31,6.79,UTI,UTI (99)
INE891D14C77,2026-07-31,6.79,UTI,UTI (198)
INE891D14C85,2026-07-31,6.7243,Aditya Birla,Aditya Birla (199)
INE891K07721,2026-06-30,7.1975,Nippon,Nippon
INE891K07721,2026-07-15,7.3675,Nippon,Nippon
INE891K07721,2026-07-31,7.2425,Nippon,Nippon (5)
INE891K07721,2026-08-15,6.8951,Nippon,Nippon (5)
INE891K07937,2026-06-30,7.84,UTI,UTI
INE891K07937,2026-07-31,7.83,UTI,UTI (15)
INE891K07952,2026-06-30,7.49,Kotak,Kotak
INE891K07952,2026-07-31,7.81,Kotak,Kotak (46)
INE891K07952,2026-08-15,7.53,Kotak,Kotak (46)
INE891K07AF9,2026-06-30,7.7607,Aditya Birla,Aditya Birla
INE891K07AF9,2026-07-31,7.8756,Aditya Birla,Aditya Birla (349)
INE891K07AG7,2026-06-30,7.7599,Aditya Birla,Aditya Birla; UTI
INE891K07AG7,2026-07-31,7.875,Aditya Birla,Aditya Birla (124); UTI (99)
INE891K07AM5,2026-06-30,8.5351,Aditya Birla,Aditya Birla; Kotak
INE891K07AM5,2026-07-31,8.511,Aditya Birla,Aditya Birla (452); Kotak (151)
INE891K07AM5,2026-08-15,8.54,Kotak,Kotak (150)
INE891K07AN3,2026-07-15,7.94,ICICI Pru,ICICI Pru
INE891K07AN3,2026-07-31,7.84,ICICI Pru,ICICI Pru (50)
INE891K07AN3,2026-08-15,7.89,ICICI Pru,ICICI Pru (50)
INE891K14PV0,2026-06-30,7.33,Aditya Birla,Aditya Birla
INE891K14PV0,2026-07-31,7.38,Aditya Birla,Aditya Birla (241)
INE891K14PW8,2026-06-30,7.33,Aditya Birla,Aditya Birla
INE891K14PW8,2026-07-31,7.3799,Aditya Birla,Aditya Birla (241)
INE891K14PY4,2026-06-30,5.6584,SBI,SBI
INE891K14QA2,2026-06-30,6.7901,SBI,SBI; Aditya Birla
INE891K14QA2,2026-07-15,6.9351,SBI,SBI
INE891K14QA2,2026-07-31,6.8347,SBI,SBI (248); Aditya Birla (15)
INE891K14QA2,2026-08-15,6.6451,SBI,SBI (249)
INE891K14QB0,2026-06-30,6.8652,SBI,SBI
INE891K14QB0,2026-07-15,6.6857,SBI,SBI
INE896L07934,2026-06-30,7.69,Nippon,Nippon
INE896L07934,2026-07-15,7.8714,Nippon,Nippon
INE896L07934,2026-07-31,7.4638,Nippon,Nippon (4)
INE896L07975,2026-06-30,8.29,ICICI Pru,ICICI Pru
INE896L07975,2026-07-15,8.75,ICICI Pru,ICICI Pru
INE896L07975,2026-07-31,8.65,ICICI Pru,ICICI Pru (100)
INE896L07975,2026-08-15,8.38,ICICI Pru,ICICI Pru (101)
INE896L07AF6,2026-06-30,8.29,ICICI Pru,ICICI Pru
INE896L07AF6,2026-07-15,8.74,ICICI Pru,ICICI Pru
INE896L07AF6,2026-07-31,8.64,ICICI Pru,ICICI Pru (201)
INE896L07AF6,2026-08-15,8.37,ICICI Pru,ICICI Pru (201)
INE896L07AG4,2026-06-30,8.86,ICICI Pru,ICICI Pru
INE896L07AG4,2026-07-15,9.07,ICICI Pru,ICICI Pru
INE896L07AG4,2026-07-31,8.98,ICICI Pru,ICICI Pru (45)
INE896L07AG4,2026-08-15,8.78,ICICI Pru,ICICI Pru (45)
INE896L07AJ8,2026-06-30,8.62,ICICI Pru,ICICI Pru
INE896L07AJ8,2026-07-15,8.96,ICICI Pru,ICICI Pru
INE896L07AJ8,2026-07-31,8.88,ICICI Pru,ICICI Pru (251)
INE896L07AJ8,2026-08-15,8.65,ICICI Pru,ICICI Pru (251)
INE896L07AK6,2026-06-30,8.9775,SBI,SBI
INE896L07AK6,2026-07-15,9.0562,SBI,SBI
INE896L07AK6,2026-07-31,9.0099,SBI,SBI (100)
INE896L07AK6,2026-08-15,8.911,SBI,SBI (100)
INE896L07AL4,2026-06-30,8.8974,Axis,Axis; Nippon
INE896L07AL4,2026-07-15,9.0712,Nippon,Nippon
INE896L07AL4,2026-07-31,8.975,Axis,Axis (40); Nippon (125)
INE896L07AL4,2026-08-15,8.776,Axis,Axis (40); Nippon (125)
INE896L07AM2,2026-06-30,9.0673,SBI,SBI
INE896L07AM2,2026-07-15,9.2646,SBI,SBI
INE896L07AM2,2026-07-31,9.0849,SBI,SBI (150)
INE896L07AM2,2026-08-15,9.1663,SBI,SBI (149)
INE896L07AN0,2026-06-30,9.0673,SBI,SBI
INE896L07AN0,2026-07-15,9.256,SBI,SBI
INE896L07AN0,2026-07-31,9.0749,SBI,SBI (149)
INE896L07AN0,2026-08-15,9.1462,SBI,SBI (149)
INE896L07AP5,2026-06-30,8.9775,SBI,SBI
INE896L07AP5,2026-07-15,9.0762,SBI,SBI
INE896L07AP5,2026-07-31,9.035,SBI,SBI (201)
INE896L07AP5,2026-08-15,9.0862,SBI,SBI (200)
INE896L07AQ3,2026-07-31,9.07,Tata,Tata (45)
INE896L07AQ3,2026-08-15,9.07,Tata,Tata (45)
INE896L07AR1,2026-07-31,9.04,Tata,Tata (100)
INE896L07AR1,2026-08-15,9.09,Tata,Tata (100)
INE901L14CM2,2026-07-15,6.7999,Nippon,Nippon
INE901L14CM2,2026-07-31,6.7698,Nippon,Nippon (149)
INE901L14CM2,2026-08-15,6.4351,Nippon,Nippon (149)
INE906B07GN5,2026-06-30,6.91,HDFC,HDFC
INE906B07GN5,2026-07-15,7.14,HDFC,HDFC
INE906B07GN5,2026-07-31,7.1,HDFC,HDFC (128)
INE906B07GO3,2026-06-30,6.91,HDFC,HDFC; Aditya Birla; Axis
INE906B07GO3,2026-07-31,7.1,Aditya Birla,Aditya Birla (31); Axis (10)
INE906B07GO3,2026-08-15,7.055,Axis,Axis (10)
INE906B07GP0,2026-06-30,6.91,HDFC,HDFC; Aditya Birla; Axis; Nippon
INE906B07GP0,2026-07-15,7.14,HDFC,HDFC; Nippon
INE906B07GP0,2026-07-31,7.1,HDFC,HDFC (51); Axis (5); Nippon (0); Tata (0)
INE906B07GP0,2026-08-15,7.055,Axis,Axis (5); Nippon (0)
INE906B07HD4,2026-06-30,6.91,HDFC,HDFC
INE906B07HF9,2026-06-30,6.91,HDFC,HDFC
INE906B07HG7,2026-06-30,6.92,HDFC,HDFC; Aditya Birla; Axis
INE906B07HG7,2026-07-31,7.1,Aditya Birla,Aditya Birla (1); Axis (5)
INE906B07HG7,2026-08-15,7.1158,Axis,Axis (5)
INE906B07HH5,2026-06-30,6.92,HDFC,HDFC; Aditya Birla; Nippon; UTI
INE906B07HH5,2026-07-15,7.135,Nippon,Nippon
INE906B07HH5,2026-07-31,7.1,Aditya Birla,Aditya Birla (51); Nippon (30); UTI (25)
INE906B07HH5,2026-08-15,7.1158,Nippon,Nippon (30)
INE906B07HP8,2026-06-30,7.0521,Nippon,Nippon
INE906B07HP8,2026-07-15,7.2525,Nippon,Nippon
INE906B07HP8,2026-07-31,7.275,Nippon,Nippon (10)
INE906B07HP8,2026-08-15,7.22,Nippon,Nippon (10)
INE906B07IC4,2026-06-30,7.3,Aditya Birla,Aditya Birla
INE906B07IC4,2026-07-31,7.3449,Aditya Birla,Aditya Birla (10)
INE909H08360,2026-06-30,7.95,HDFC,HDFC
INE909H08360,2026-07-15,7.96,HDFC,HDFC
INE909H08360,2026-07-31,7.89,HDFC,HDFC (100)
INE909H08378,2026-06-30,7.95,ICICI Pru,ICICI Pru
INE909H08378,2026-07-15,7.96,ICICI Pru,ICICI Pru
INE909H08378,2026-07-31,7.94,ICICI Pru,ICICI Pru (100)
INE909H08378,2026-08-15,7.7,ICICI Pru,ICICI Pru (100)
INE909H08386,2026-06-30,8.28,HDFC,HDFC; ICICI Pru
INE909H08386,2026-07-15,8.37,HDFC,HDFC; ICICI Pru
INE909H08386,2026-07-31,8.36,HDFC,HDFC (79); ICICI Pru (57)
INE909H08386,2026-08-15,8.29,ICICI Pru,ICICI Pru (57)
INE909H08394,2026-06-30,8.28,HDFC,HDFC; ICICI Pru
INE909H08394,2026-07-15,8.41,HDFC,HDFC; ICICI Pru
INE909H08394,2026-07-31,8.38,HDFC,HDFC (99); ICICI Pru (20)
INE909H08394,2026-08-15,8.13,ICICI Pru,ICICI Pru (20)
INE909H08469,2026-07-31,7.48,HDFC,HDFC (620)
INE915D08DC0,2026-06-30,8.13,HDFC,HDFC; ICICI Pru
INE915D08DC0,2026-07-15,8.26,HDFC,HDFC; ICICI Pru
INE915D08DC0,2026-07-31,8.23,HDFC,HDFC (268); ICICI Pru (581)
INE915D08DC0,2026-08-15,7.99,ICICI Pru,ICICI Pru (581)
INE916D145X7,2026-06-30,6.7305,Aditya Birla,Aditya Birla
INE916D145X7,2026-07-31,6.3006,Aditya Birla,Aditya Birla (25)
INE916D145Y5,2026-06-30,6.7304,Aditya Birla,Aditya Birla; Axis
INE916D145Y5,2026-07-31,6.7,Aditya Birla,Aditya Birla (74); Axis (50)
INE916D145Y5,2026-08-15,6.5744,Axis,Axis (50)
INE916D145Z2,2026-06-30,6.73,HDFC,HDFC
INE916D145Z2,2026-07-15,6.79,HDFC,HDFC
INE916D145Z2,2026-07-31,6.53,HDFC,HDFC (50)
INE916D146I6,2026-06-30,7.1,HDFC,HDFC; Aditya Birla
INE916D146I6,2026-07-15,7.34,HDFC,HDFC
INE916D146I6,2026-07-31,7.27,HDFC,HDFC (49); Aditya Birla (73)
INE916D146J4,2026-06-30,7.2,UTI,UTI
INE916D146J4,2026-07-31,7.31,UTI,UTI (48)
INE916D146M8,2026-06-30,7.1949,Aditya Birla,Aditya Birla
INE916D146M8,2026-07-31,7.31,Aditya Birla,Aditya Birla (48)
INE916D146N6,2026-06-30,7.1949,Aditya Birla,Aditya Birla; Nippon
INE916D146N6,2026-07-15,7.425,Nippon,Nippon
INE916D146N6,2026-07-31,7.31,Aditya Birla,Aditya Birla (96); Nippon (48)
INE916D146N6,2026-08-15,7.06,Nippon,Nippon (48)
INE916D146O4,2026-06-30,7.195,Aditya Birla,Aditya Birla; Nippon; UTI
INE916D146O4,2026-07-15,7.425,Nippon,Nippon
INE916D146O4,2026-07-31,7.3099,Aditya Birla,Aditya Birla (191); Nippon (48); UTI (96)
INE916D146O4,2026-08-15,7.0601,Nippon,Nippon (48)
INE916D146Q9,2026-06-30,7.1,UTI,UTI
INE916D146Q9,2026-07-31,7.21,UTI,UTI (98)
INE916D146R7,2026-06-30,7.0951,Aditya Birla,Aditya Birla
INE916D146R7,2026-07-31,7.26,Aditya Birla,Aditya Birla (24)
INE916D146S5,2026-06-30,7.095,Aditya Birla,Aditya Birla
INE916D146S5,2026-07-31,7.27,Aditya Birla,Aditya Birla (24)
INE916DA7RS0,2026-06-30,6.96,HDFC,HDFC; Axis; Nippon; Kotak
INE916DA7RS0,2026-07-15,6.97,HDFC,HDFC; Nippon
INE916DA7RS0,2026-07-31,6.77,HDFC,HDFC (30); Aditya Birla (25); Axis (25); Nippon (5); Kotak (5)
INE916DA7RS0,2026-08-15,6.633,Axis,Axis (25); Nippon (5); Kotak (5)
INE916DA7RX0,2026-06-30,7.61,Nippon,Nippon; Kotak; UTI
INE916DA7RX0,2026-07-15,7.705,Nippon,Nippon
INE916DA7RX0,2026-07-31,7.69,Nippon,Nippon (5); Kotak (135); UTI (25)
INE916DA7RX0,2026-08-15,7.615,Nippon,Nippon (5); Kotak (135)
INE916DA7SE8,2026-06-30,7.6,HDFC,HDFC; Axis
INE916DA7SE8,2026-07-31,7.74,Axis,Axis (25)
INE916DA7SE8,2026-08-15,7.69,Axis,Axis (25)
INE916DA7SJ7,2026-06-30,7.61,HDFC,HDFC; Axis
INE916DA7SJ7,2026-07-31,7.755,Axis,Axis (50)
INE916DA7SJ7,2026-08-15,7.715,Axis,Axis (50)
INE916DA7SL3,2026-06-30,7.23,ICICI Pru,ICICI Pru; Nippon
INE916DA7SL3,2026-07-15,7.27,ICICI Pru,ICICI Pru; Nippon
INE916DA7SL3,2026-07-31,7.14,ICICI Pru,ICICI Pru (25); Axis (15); Nippon (10)
INE916DA7SL3,2026-08-15,6.7,ICICI Pru,ICICI Pru (25); Axis (15); Nippon (10)
INE916DA7SN9,2026-06-30,7.39,UTI,UTI
INE916DA7SN9,2026-07-31,7.46,UTI,UTI (25)
INE916DA7SO7,2026-06-30,7.52,HDFC,HDFC; Aditya Birla; UTI
INE916DA7SO7,2026-07-15,7.66,HDFC,HDFC
INE916DA7SO7,2026-07-31,7.66,HDFC,HDFC (50); Aditya Birla (5); UTI (25)
INE916DA7SP4,2026-06-30,7.225,SBI,SBI; Aditya Birla; Kotak
INE916DA7SP4,2026-07-15,7.2525,SBI,SBI
INE916DA7SP4,2026-07-31,7.1525,SBI,SBI (25); Aditya Birla (50); Kotak (9)
INE916DA7SP4,2026-08-15,6.7949,SBI,SBI (25); Kotak (9)
INE916DA7SR0,2026-06-30,7.39,UTI,UTI
INE916DA7SR0,2026-07-31,7.49,UTI,UTI (25)
INE916DA7SU4,2026-06-30,7.5449,Aditya Birla,Aditya Birla; Axis; Nippon
INE916DA7SU4,2026-07-15,7.66,Nippon,Nippon
INE916DA7SU4,2026-07-31,7.655,Aditya Birla,Aditya Birla (22); Axis (256); Nippon (1)
INE916DA7SU4,2026-08-15,7.4099,Axis,Axis (256); Nippon (1)
INE916DA7SW0,2026-06-30,7.69,Nippon,Nippon; UTI
INE916DA7SW0,2026-07-15,7.871,Nippon,Nippon
INE916DA7SW0,2026-07-31,7.84,Nippon,Nippon (40); UTI (50)
INE916DA7SW0,2026-08-15,7.785,Nippon,Nippon (40)
INE916DA7SZ3,2026-06-30,7.5967,Axis,Axis; UTI
INE916DA7SZ3,2026-07-31,7.745,Axis,Axis (15); UTI (25)
INE916DA7SZ3,2026-08-15,7.695,Axis,Axis (15)
INE916DA7TB2,2026-06-30,7.5967,Aditya Birla,Aditya Birla; UTI
INE916DA7TB2,2026-07-31,7.745,Aditya Birla,Aditya Birla (49); UTI (49)
INE916DA7TD8,2026-06-30,7.6074,Axis,Axis
INE916DA7TD8,2026-07-31,7.755,Axis,Axis (10)
INE916DA7TD8,2026-08-15,7.715,Axis,Axis (10)
INE916DA7TE6,2026-06-30,7.6224,Axis,Axis
INE916DA7TE6,2026-07-31,7.7549,Axis,Axis (173)
INE916DA7TE6,2026-08-15,7.72,Axis,Axis (173)
INE916DA7TM9,2026-06-30,7.69,SBI,SBI; Aditya Birla
INE916DA7TM9,2026-07-15,7.871,SBI,SBI
INE916DA7TM9,2026-07-31,7.84,SBI,SBI (234); Aditya Birla (38)
INE916DA7TM9,2026-08-15,7.785,SBI,SBI (191)
INE916U08012,2026-06-30,7.86,SBI,SBI; ICICI Pru
INE916U08012,2026-07-15,8.0,SBI,SBI; ICICI Pru
INE916U08012,2026-07-31,7.8799,SBI,SBI (54); ICICI Pru (115)
INE916U08012,2026-08-15,7.4301,SBI,SBI (54); ICICI Pru (115)
INE918K07PU7,2026-06-30,7.4,Axis,Axis
INE918K07PW3,2026-06-30,8.5006,Aditya Birla,Aditya Birla; UTI
INE918K07PW3,2026-07-31,8.6197,Aditya Birla,Aditya Birla (176); UTI (76)
INE918K07PY9,2026-06-30,8.5505,Nippon,Nippon
INE918K07PY9,2026-07-15,8.6848,Nippon,Nippon
INE918K07PY9,2026-07-31,8.6597,Nippon,Nippon (100)
INE918K07PY9,2026-08-15,8.5293,Nippon,Nippon (100)
INE918K07PZ6,2026-06-30,8.92,ICICI Pru,ICICI Pru; Axis; UTI
INE918K07PZ6,2026-07-15,8.96,ICICI Pru,ICICI Pru
INE918K07PZ6,2026-07-31,8.94,ICICI Pru,ICICI Pru (125); Axis (50); UTI (25)
INE918K07PZ6,2026-08-15,8.91,ICICI Pru,ICICI Pru (125); Axis (50)
INE918K07QF6,2026-06-30,9.17,Kotak,Kotak
INE918K07QF6,2026-07-31,9.11,Kotak,Kotak (150)
INE918K07QF6,2026-08-15,9.2,Kotak,Kotak (149)
INE918K07QY7,2026-08-15,9.2,ICICI Pru,ICICI Pru (225); Axis (50)
INE918K14CY3,2026-06-30,8.38,Kotak,Kotak
INE918K14CY3,2026-07-31,8.53,Kotak,Kotak (72); Tata (48)
INE918K14CY3,2026-08-15,8.29,Kotak,Kotak (72); Tata (48)
INE918K14CZ0,2026-06-30,8.38,UTI,UTI
INE918K14CZ0,2026-07-31,8.53,UTI,UTI (96)
INE918K14DB9,2026-06-30,8.38,UTI,UTI
INE918K14DB9,2026-07-31,8.53,UTI,UTI (48)
INE918K14DJ2,2026-06-30,7.7001,Axis,Axis
INE918K14DM6,2026-06-30,7.84,Kotak,Kotak
INE918K14DM6,2026-07-31,7.18,Kotak,Kotak (100)
INE918K14DM6,2026-08-15,7.11,Kotak,Kotak (100)
INE918K14DN4,2026-06-30,7.8401,Axis,Axis
INE918K14DN4,2026-07-31,7.2753,Axis,Axis (100)
INE918K14DN4,2026-08-15,7.1286,Axis,Axis (100)
INE918K14DP9,2026-06-30,7.84,UTI,UTI
INE918K14DP9,2026-07-31,7.68,UTI,UTI (99)
INE918K14DQ7,2026-07-31,7.68,Tata,Tata (99)
INE918K14DQ7,2026-08-15,7.43,Tata,Tata (100)
INE918K14DR5,2026-06-30,7.84,Kotak,Kotak
INE918K14DR5,2026-07-31,7.68,Kotak,Kotak (149)
INE918K14DR5,2026-08-15,7.43,Kotak,Kotak (149)
INE918K14DS3,2026-06-30,7.84,UTI,UTI
INE918K14DS3,2026-07-31,7.68,UTI,UTI (99)
INE918K14DT1,2026-07-31,7.73,Tata,Tata (297)
INE918K14DT1,2026-08-15,7.44,Tata,Tata (298)
INE926X08015,2026-06-30,9.0703,SBI,SBI
INE926X08015,2026-07-15,9.3342,SBI,SBI
INE926X08015,2026-07-31,9.31,SBI,SBI (337)
INE926X08015,2026-08-15,9.205,SBI,SBI (337)
INE929O14FA5,2026-06-30,6.39,HDFC,HDFC; SBI; ICICI Pru; Kotak
INE929O14FA5,2026-07-15,6.6,HDFC,HDFC; SBI; ICICI Pru
INE929O14FA5,2026-07-31,6.5,HDFC,HDFC (994); SBI (249); ICICI Pru (249); Kotak (249)
INE929O14FA5,2026-08-15,6.2953,SBI,SBI (249); ICICI Pru (249); Kotak (249)
INE929O14FB3,2026-06-30,6.39,HDFC,HDFC; SBI; Axis; Nippon
INE929O14FB3,2026-07-15,6.6,HDFC,HDFC; SBI; Nippon
INE929O14FB3,2026-07-31,6.5,HDFC,"HDFC (1,242); SBI (248); Axis (497); Nippon (248)"
INE929O14FB3,2026-08-15,6.3005,SBI,SBI (249); Axis (498); Nippon (249)
INE929O14FC1,2026-06-30,6.39,HDFC,HDFC; ICICI Pru
INE929O14FC1,2026-07-15,6.6,HDFC,HDFC; ICICI Pru
INE929O14FC1,2026-07-31,6.5,HDFC,"HDFC (993); ICICI Pru (1,390)"
INE929O14FC1,2026-08-15,6.3,ICICI Pru,"ICICI Pru (1,394)"
INE929O14FD9,2026-06-30,6.39,ICICI Pru,ICICI Pru
INE929O14FD9,2026-07-15,6.6,ICICI Pru,ICICI Pru
INE929O14FD9,2026-07-31,6.57,ICICI Pru,"ICICI Pru (1,488)"
INE929O14FD9,2026-08-15,6.35,ICICI Pru,"ICICI Pru (1,492)"
INE929O14FE7,2026-06-30,6.39,ICICI Pru,ICICI Pru; Nippon; Kotak; UTI
INE929O14FE7,2026-07-15,6.6,ICICI Pru,ICICI Pru; Nippon
INE929O14FE7,2026-07-31,6.57,ICICI Pru,ICICI Pru (248); Nippon (991); Kotak (496); UTI (843); Tata (397)
INE929O14FE7,2026-08-15,6.35,ICICI Pru,ICICI Pru (249); Nippon (994); Kotak (497); Tata (398)
INE929O14FF4,2026-06-30,6.39,HDFC,HDFC; Aditya Birla; UTI
INE929O14FF4,2026-07-15,6.6,HDFC,HDFC
INE929O14FF4,2026-07-31,6.58,HDFC,"HDFC (1,982); Aditya Birla (495); UTI (99)"
INE929O14FH0,2026-08-15,6.5048,SBI,SBI (739)
INE936D07174,2026-06-30,6.85,HDFC,HDFC; Aditya Birla; Kotak; UTI
INE936D07174,2026-07-15,6.89,HDFC,HDFC; SBI
INE936D07174,2026-07-31,7.04,HDFC,HDFC (377); SBI (100); Aditya Birla (185); Kotak (3); Tata (10)
INE936D07174,2026-08-15,6.7252,SBI,SBI (100); Kotak (3); Tata (10)
INE936D07182,2026-06-30,7.33,HDFC,HDFC; SBI; ICICI Pru; Aditya Birla; Axis; Nippon; Kotak; UTI
INE936D07182,2026-07-15,7.57,HDFC,HDFC; SBI; ICICI Pru; Nippon
INE936D07182,2026-07-31,7.54,HDFC,HDFC (539); SBI (679); ICICI Pru (201); Aditya Birla (334); Axis (25); Nippon (50); Kotak (252); UTI (75); Tata (50)
INE936D07182,2026-08-15,7.4249,SBI,SBI (681); ICICI Pru (202); Axis (25); Nippon (50); Kotak (252); Tata (50)
INE936D07190,2026-06-30,7.5185,SBI,SBI; ICICI Pru; Aditya Birla
INE936D07190,2026-07-15,7.5886,SBI,SBI; ICICI Pru
INE936D07190,2026-07-31,7.61,SBI,SBI (99); ICICI Pru (539); Aditya Birla (583)
INE936D07190,2026-08-15,7.605,SBI,SBI (99); ICICI Pru (539)
INE936D14428,2026-06-30,6.51,HDFC,HDFC; Axis; Nippon
INE936D14428,2026-07-15,6.54,HDFC,HDFC; Nippon
INE936D14428,2026-07-31,6.39,HDFC,HDFC (199); Axis (399); Nippon (249)
INE936D14428,2026-08-15,6.2436,Nippon,Nippon (175)
INE941D07158,2026-06-30,7.12,HDFC,HDFC; Nippon
INE941D07158,2026-07-15,7.36,HDFC,HDFC; Nippon
INE941D07166,2026-06-30,7.12,HDFC,HDFC; SBI; Nippon; UTI
INE941D07166,2026-07-15,7.41,HDFC,HDFC; SBI; Nippon
INE941D07166,2026-07-31,7.27,HDFC,HDFC (60); SBI (80); Nippon (1); UTI (60)
INE941D07166,2026-08-15,6.905,SBI,SBI (80); Nippon (1)
INE941D14741,2026-06-30,6.4,HDFC,HDFC
INE941D14758,2026-06-30,6.5049,Aditya Birla,Aditya Birla
INE941D14758,2026-07-31,6.4162,Aditya Birla,Aditya Birla (299)
INE941D14774,2026-07-31,6.91,HDFC,HDFC (99); ICICI Pru (789)
INE941D14774,2026-08-15,6.44,ICICI Pru,ICICI Pru (791)
INE949L08442,2026-06-30,8.85,Kotak,Kotak
INE949L08442,2026-07-31,8.89,Kotak,Kotak (30)
INE949L08442,2026-08-15,8.65,Kotak,Kotak (30)
INE949L16DQ5,2026-06-30,6.6351,SBI,SBI; Axis; Kotak; UTI
INE949L16DQ5,2026-07-15,6.7446,SBI,SBI
INE949L16DQ5,2026-07-31,6.5052,SBI,SBI (25); Kotak (50)
INE949L16DT9,2026-06-30,6.5101,Aditya Birla,Aditya Birla; Nippon
INE949L16DT9,2026-07-15,6.895,Nippon,Nippon
INE949L16DT9,2026-07-31,6.6002,Aditya Birla,Aditya Birla (50); Nippon (223)
INE949L16DV5,2026-06-30,6.635,Aditya Birla,Aditya Birla; Kotak
INE949L16DV5,2026-07-31,6.5049,Aditya Birla,Aditya Birla (100); Kotak (100)
INE949L16DW3,2026-06-30,6.51,HDFC,HDFC; Aditya Birla
INE949L16DW3,2026-07-15,6.9,HDFC,HDFC
INE949L16DW3,2026-07-31,6.52,HDFC,HDFC (149); Aditya Birla (149)
INE949L16DX1,2026-06-30,6.64,ICICI Pru,ICICI Pru; UTI
INE949L16DY9,2026-06-30,6.6349,Aditya Birla,Aditya Birla
INE949L16DY9,2026-07-31,6.4899,Aditya Birla,Aditya Birla (50)
INE949L16DZ6,2026-07-31,7.23,Tata,Tata (172)
INE949L16EA7,2026-06-30,7.0888,Aditya Birla,Aditya Birla; Nippon
INE949L16EA7,2026-07-15,7.4037,Nippon,Nippon
INE949L16EA7,2026-07-31,7.2338,Aditya Birla,Aditya Birla (245); Nippon (49)
INE949L16EA7,2026-08-15,6.7187,Nippon,Nippon (49)
INE949L16EB5,2026-06-30,7.0887,Aditya Birla,Aditya Birla; UTI
INE949L16EB5,2026-07-31,7.2338,Aditya Birla,Aditya Birla (49); UTI (49)
INE949L16EC3,2026-06-30,7.09,Kotak,Kotak
INE949L16EC3,2026-07-31,7.24,Kotak,Kotak (98)
INE949L16EC3,2026-08-15,6.89,Kotak,Kotak (98)
INE949L16ED1,2026-06-30,7.09,ICICI Pru,ICICI Pru
INE949L16ED1,2026-07-15,7.46,ICICI Pru,ICICI Pru
INE949L16ED1,2026-07-31,7.24,ICICI Pru,ICICI Pru (243)
INE949L16ED1,2026-08-15,6.89,ICICI Pru,ICICI Pru (244)
INE949L16EE9,2026-06-30,7.29,Kotak,Kotak; UTI
INE949L16EE9,2026-07-31,7.27,Kotak,Kotak (291); UTI (194)
INE949L16EE9,2026-08-15,7.09,Kotak,Kotak (292)
INE949L16EF6,2026-06-30,7.29,HDFC,HDFC
INE949L16EF6,2026-07-15,7.49,HDFC,HDFC
INE949L16EF6,2026-07-31,7.27,HDFC,HDFC (193)
INE949L16EG4,2026-06-30,7.285,Aditya Birla,Aditya Birla; Kotak
INE949L16EG4,2026-07-31,7.265,Aditya Birla,Aditya Birla (48); Kotak (241)
INE949L16EG4,2026-08-15,7.09,Kotak,Kotak (242)
INE949L16EH2,2026-06-30,7.29,HDFC,HDFC
INE949L16EH2,2026-07-15,7.49,HDFC,HDFC
INE949L16EH2,2026-07-31,7.27,HDFC,HDFC (289)
INE949L16EI0,2026-06-30,7.285,Nippon,Nippon
INE949L16EI0,2026-07-15,7.49,Nippon,Nippon
INE949L16EI0,2026-07-31,7.265,Axis,Axis (48); Nippon (144)
INE949L16EI0,2026-08-15,7.085,Axis,Axis (48); Nippon (145)
INE949L16EJ8,2026-06-30,7.285,Axis,Axis
INE949L16EJ8,2026-07-31,7.2651,Axis,Axis (288)
INE949L16EJ8,2026-08-15,7.085,Axis,Axis (289)
INE949L16EK6,2026-06-30,7.29,HDFC,HDFC; Aditya Birla
INE949L16EK6,2026-07-15,7.49,HDFC,HDFC
INE949L16EK6,2026-07-31,7.27,HDFC,HDFC (239); Aditya Birla (239)
INE949L16EL4,2026-06-30,6.51,Aditya Birla,Aditya Birla
INE949L16EL4,2026-07-31,6.5152,Aditya Birla,Aditya Birla (298)
INE949L16EM2,2026-06-30,7.2849,Axis,Axis; Nippon
INE949L16EM2,2026-07-15,7.49,Nippon,Nippon
INE949L16EM2,2026-07-31,7.265,Axis,Axis (96); Nippon (96)
INE949L16EM2,2026-08-15,7.0851,Axis,Axis (96); Nippon (96)
INE949L16EN0,2026-08-15,7.29,Nippon,Nippon (94); Kotak (236)
INE950O07388,2026-06-30,7.91,HDFC,HDFC
INE950O07388,2026-07-15,8.0,HDFC,HDFC
INE950O07388,2026-07-31,8.0,HDFC,HDFC (42)
INE950O07396,2026-06-30,7.91,HDFC,HDFC
INE950O07396,2026-07-15,8.0,HDFC,HDFC
INE950O07396,2026-07-31,8.0,HDFC,HDFC (20)
INE950O07438,2026-06-30,7.2775,SBI,SBI; UTI
INE950O07438,2026-07-15,7.625,SBI,SBI
INE950O07438,2026-07-31,7.46,SBI,SBI (50); UTI (125)
INE950O07446,2026-06-30,7.86,SBI,SBI
INE950O07446,2026-07-15,7.9875,SBI,SBI
INE950O07446,2026-07-31,7.9475,SBI,SBI (25)
INE950O07446,2026-08-15,7.9686,SBI,SBI (25)
INE950O07453,2026-06-30,7.28,HDFC,HDFC
INE950O07453,2026-07-15,7.67,HDFC,HDFC
INE950O07453,2026-07-31,7.53,HDFC,HDFC (226)
INE950O07453,2026-08-15,7.215,SBI,SBI (25)
INE950O07495,2026-06-30,7.7875,SBI,SBI
INE950O07495,2026-07-15,7.9294,SBI,SBI
INE950O07495,2026-07-31,7.9043,SBI,SBI (250)
INE950O07495,2026-08-15,7.8836,SBI,SBI (250)
INE950O07511,2026-06-30,7.72,ICICI Pru,ICICI Pru
INE950O07511,2026-07-15,7.87,ICICI Pru,ICICI Pru
INE950O07511,2026-07-31,7.87,ICICI Pru,ICICI Pru (199)
INE950O07511,2026-08-15,7.85,ICICI Pru,ICICI Pru (199)
INE950O07529,2026-06-30,7.7975,SBI,SBI; ICICI Pru
INE950O07529,2026-07-15,7.9379,SBI,SBI; ICICI Pru
INE950O07529,2026-07-31,7.9144,SBI,SBI (114); ICICI Pru (44)
INE950O07529,2026-08-15,7.8986,SBI,SBI (114); ICICI Pru (44)
INE950O07537,2026-06-30,7.885,SBI,SBI
INE950O07537,2026-07-15,7.9925,SBI,SBI
INE950O07537,2026-07-31,7.9725,SBI,SBI (74)
INE950O07537,2026-08-15,7.9936,SBI,SBI (74)
INE950O07545,2026-06-30,7.7825,Aditya Birla,Aditya Birla; UTI
INE950O07545,2026-07-31,7.8994,Aditya Birla,Aditya Birla (161); UTI (81); Tata (30)
INE950O07545,2026-08-15,7.88,Tata,Tata (30)
INE950O07560,2026-06-30,8.47,ICICI Pru,ICICI Pru; Aditya Birla; Nippon; UTI
INE950O07560,2026-07-15,8.59,ICICI Pru,ICICI Pru; Nippon
INE950O07560,2026-07-31,8.55,ICICI Pru,ICICI Pru (225); Aditya Birla (16); Nippon (31); UTI (78)
INE950O07560,2026-08-15,8.59,ICICI Pru,ICICI Pru (225); Nippon (31)
INE950O08303,2026-06-30,7.8,HDFC,HDFC; SBI; ICICI Pru
INE950O08303,2026-07-15,7.83,HDFC,HDFC; ICICI Pru
INE950O08303,2026-07-31,7.79,HDFC,HDFC (150); ICICI Pru (201)
INE950O08303,2026-08-15,7.57,ICICI Pru,ICICI Pru (201)
INE950O14BY0,2026-06-30,7.0051,Aditya Birla,Aditya Birla
INE950O14BY0,2026-07-31,7.1501,Aditya Birla,Aditya Birla (97)
INE950O14CA8,2026-07-31,7.21,Tata,Tata (193)
INE950O14CA8,2026-08-15,7.05,Tata,Tata (194)
INE950O14CB6,2026-06-30,7.1374,Aditya Birla,Aditya Birla; UTI
INE950O14CB6,2026-07-31,7.205,Aditya Birla,Aditya Birla (96); UTI (144)
INE950O14CC4,2026-06-30,7.005,Axis,Axis
INE950O14CC4,2026-07-31,7.14,Axis,Axis (245)
INE957N14JR4,2026-06-30,7.65,Kotak,Kotak
INE957N14JR4,2026-07-31,7.97,Kotak,Kotak (96)
INE957N14JR4,2026-08-15,7.73,Kotak,Kotak (96)
INE957N14JY0,2026-06-30,7.6449,Aditya Birla,Aditya Birla
INE957N14JY0,2026-07-31,7.965,Aditya Birla,Aditya Birla (382)
INE957N14KB6,2026-06-30,7.2775,SBI,SBI
INE957N14KB6,2026-07-15,6.9357,SBI,SBI
INE957N14KD2,2026-06-30,7.21,UTI,UTI
INE957N14KD2,2026-07-31,6.79,UTI,UTI (200)
INE957N14KE0,2026-06-30,7.2025,Aditya Birla,Aditya Birla
INE957N14KE0,2026-07-31,6.7867,Aditya Birla,Aditya Birla (300)
INE957N14KG5,2026-06-30,7.2025,Aditya Birla,Aditya Birla; Kotak
INE957N14KG5,2026-07-31,6.9372,Aditya Birla,Aditya Birla (150); Kotak (25)
INE957N14KI1,2026-06-30,7.21,UTI,UTI
INE957N14KI1,2026-07-31,7.04,UTI,UTI (299)
INE957N14KK7,2026-06-30,7.2028,Nippon,Nippon; Kotak
INE957N14KK7,2026-07-15,7.2879,Nippon,Nippon
INE957N14KK7,2026-07-31,7.0374,Nippon,Nippon (199); Kotak (199)
INE957N14KK7,2026-08-15,6.894,Nippon,Nippon (200); Kotak (200)
INE957N14KN1,2026-06-30,7.2026,SBI,SBI
INE957N14KN1,2026-07-15,7.3374,SBI,SBI
INE957N14KN1,2026-07-31,7.1877,SBI,SBI (149)
INE957N14KN1,2026-08-15,7.0381,SBI,SBI (149)
INE957N14KO9,2026-06-30,7.2026,SBI,SBI
INE957N14KO9,2026-07-15,7.3377,SBI,SBI
INE957N14KO9,2026-07-31,7.1878,SBI,SBI (149)
INE957N14KO9,2026-08-15,7.0374,SBI,SBI (149)
INE957N14KQ4,2026-07-31,7.88,UTI,UTI (98)
INE957N14KR2,2026-07-31,7.9299,SBI,SBI (195)
INE957N14KR2,2026-08-15,7.5851,SBI,SBI (196)
INE957N14KS0,2026-07-31,7.93,SBI,SBI (195)
INE957N14KS0,2026-08-15,7.5849,SBI,SBI (196)
INE973U14292,2026-06-30,6.8552,Nippon,Nippon
INE973U14292,2026-07-15,6.6398,Nippon,Nippon
INE973U14292,2026-07-31,6.5396,Nippon,Nippon (100)
INE973U14300,2026-07-15,6.74,HDFC,HDFC
INE973U14300,2026-07-31,6.76,HDFC,HDFC (99)
INE975F07IM9,2026-06-30,7.28,ICICI Pru,ICICI Pru; Nippon
INE975F07IM9,2026-07-15,7.36,ICICI Pru,ICICI Pru; Nippon
INE975F07IM9,2026-07-31,7.28,ICICI Pru,ICICI Pru (6); Nippon (4)
INE975F07IM9,2026-08-15,6.8,ICICI Pru,ICICI Pru (6); Nippon (4)
INE975F07IO5,2026-06-30,7.3,HDFC,HDFC; ICICI Pru; Nippon; Kotak
INE975F07IO5,2026-07-15,7.42,HDFC,HDFC; ICICI Pru; Nippon
INE975F07IO5,2026-07-31,7.29,HDFC,HDFC (1); ICICI Pru (5); Nippon (5); Kotak (1)
INE975F07IO5,2026-08-15,6.9701,Nippon,Nippon (10); Kotak (1)
INE975F07IP2,2026-06-30,7.47,HDFC,HDFC; Axis; Nippon
INE975F07IP2,2026-07-15,7.66,HDFC,HDFC; Nippon
INE975F07IP2,2026-07-31,7.54,HDFC,HDFC (20); Axis (15); Nippon (10)
INE975F07IP2,2026-08-15,7.2849,Axis,Axis (15); Nippon (10)
INE975F07IQ0,2026-06-30,7.5899,Axis,Axis
INE975F07IQ0,2026-07-31,7.7298,Axis,Axis (50)
INE975F07IQ0,2026-08-15,7.4848,Axis,Axis (50)
INE975F07IR8,2026-06-30,7.69,HDFC,HDFC; Aditya Birla; Axis
INE975F07IR8,2026-07-15,7.83,HDFC,HDFC
INE975F07IR8,2026-07-31,7.8,HDFC,HDFC (80); Aditya Birla (3); Axis (7)
INE975F07IR8,2026-08-15,7.5499,Axis,Axis (7)
INE975F07IS6,2026-06-30,7.75,Nippon,Nippon
INE975F07IS6,2026-07-15,7.845,Nippon,Nippon
INE975F07IS6,2026-07-31,7.83,Nippon,Nippon (5)
INE975F07IS6,2026-08-15,7.755,Nippon,Nippon (5)
INE975F07IU2,2026-06-30,7.75,HDFC,HDFC; Aditya Birla
INE975F07IU2,2026-07-15,7.85,HDFC,HDFC
INE975F07IU2,2026-07-31,7.86,HDFC,HDFC (153); Aditya Birla (1)
INE975F07IW8,2026-06-30,7.7017,Aditya Birla,Aditya Birla
INE975F07IW8,2026-07-31,7.8317,Aditya Birla,Aditya Birla (74)
INE975F07IX6,2026-06-30,7.7017,Aditya Birla,Aditya Birla
INE975F07IX6,2026-07-31,7.8367,Aditya Birla,Aditya Birla (49)
INE975F07JB0,2026-06-30,7.79,Nippon,Nippon
INE975F07JB0,2026-07-15,7.975,Nippon,Nippon
INE975F07JB0,2026-07-31,7.935,Nippon,Nippon (99)
INE975F07JB0,2026-08-15,7.865,Nippon,Nippon (99)
INE975F07JC8,2026-06-30,7.795,Axis,Axis
INE975F07JC8,2026-07-31,7.945,Axis,Axis (59)
INE975F07JC8,2026-08-15,7.8899,Axis,Axis (60)
INE975F14D08,2026-07-31,5.98,HDFC,HDFC (500)
INE975F14D24,2026-08-15,6.69,ICICI Pru,ICICI Pru (100)
INE975F14D32,2026-08-15,6.689,Nippon,Nippon (50)
INE976I07CT9,2026-06-30,7.5649,Axis,Axis
INE976I07CT9,2026-07-31,7.6,HDFC,HDFC (1); Axis (220)
INE976I07CT9,2026-08-15,7.465,Axis,Axis (220)
INE976I07CX1,2026-06-30,7.7764,Aditya Birla,Aditya Birla
INE976I07CX1,2026-07-31,7.9666,Aditya Birla,Aditya Birla (35)
INE976I07CY9,2026-06-30,7.65,HDFC,HDFC; Aditya Birla; UTI
INE976I07CY9,2026-07-15,7.72,HDFC,HDFC
INE976I07CY9,2026-07-31,7.67,HDFC,HDFC (100); UTI (25)
INE976I07CZ6,2026-06-30,7.795,Aditya Birla,Aditya Birla
INE976I07CZ6,2026-07-31,7.855,Aditya Birla,Aditya Birla (30)
INE976I07DB5,2026-06-30,7.6713,Axis,Axis
INE976I07DC3,2026-06-30,7.42,HDFC,HDFC; ICICI Pru; Aditya Birla; Nippon; Kotak
INE976I07DC3,2026-07-15,7.61,HDFC,HDFC; ICICI Pru; Nippon
INE976I07DC3,2026-07-31,7.6,HDFC,HDFC (75); SBI (30); ICICI Pru (140); Aditya Birla (25); Nippon (25); Kotak (50)
INE976I07DC3,2026-08-15,7.25,SBI,SBI (30); ICICI Pru (141); Nippon (25); Kotak (50)
INE976I07DE9,2026-06-30,8.21,HDFC,HDFC; ICICI Pru; Aditya Birla; Axis; Nippon; Kotak; UTI
INE976I07DE9,2026-07-15,8.41,HDFC,HDFC; ICICI Pru; Nippon
INE976I07DE9,2026-07-31,8.38,HDFC,HDFC (200); ICICI Pru (80); Aditya Birla (225); Axis (500); Nippon (175); Kotak (300); UTI (100)
INE976I07DE9,2026-08-15,8.32,ICICI Pru,ICICI Pru (80); Axis (501); Nippon (175); Kotak (300)
INE976I07DF6,2026-06-30,7.675,SBI,SBI; Nippon
INE976I07DF6,2026-07-15,7.895,SBI,SBI; Nippon
INE976I07DF6,2026-07-31,7.85,SBI,SBI (201); Nippon (101)
INE976I07DF6,2026-08-15,7.8025,SBI,SBI (202); Nippon (76)
INE976I07DG4,2026-07-15,7.9189,SBI,SBI; Nippon
INE976I07DG4,2026-07-31,7.86,SBI,SBI (100); Axis (116); Nippon (235)
INE976I07DG4,2026-08-15,7.9163,SBI,SBI (100); Axis (116); Nippon (235)
INE976I14QM0,2026-06-30,6.65,HDFC,HDFC; SBI
INE976I14QM0,2026-07-15,6.81,HDFC,HDFC; SBI
INE976I14QM0,2026-07-31,6.77,HDFC,HDFC (50); SBI (198)
INE976I14QM0,2026-08-15,6.5098,SBI,SBI (199)
INE976I14QV1,2026-06-30,7.22,Nippon,Nippon
INE976I14QV1,2026-07-15,7.465,Nippon,Nippon
INE976I14QV1,2026-07-31,7.3049,Nippon,Nippon (24)
INE976I14QV1,2026-08-15,7.065,Nippon,Nippon (24)
INE976I14QY5,2026-06-30,7.22,UTI,UTI
INE976I14QY5,2026-07-31,7.31,UTI,UTI (96)
INE976I14RA3,2026-06-30,7.2199,Aditya Birla,Aditya Birla; Axis; Kotak
INE976I14RA3,2026-07-31,7.305,Aditya Birla,Aditya Birla (24); Axis (24); Kotak (72)
INE976I14RA3,2026-08-15,7.0651,Axis,Axis (24); Kotak (72)
INE976I14RJ4,2026-06-30,6.65,UTI,UTI
INE976I14RJ4,2026-07-31,6.55,UTI,UTI (100)
INE976I14RM8,2026-06-30,6.65,ICICI Pru,ICICI Pru
INE976I14RM8,2026-07-15,6.81,ICICI Pru,ICICI Pru
INE976I14RM8,2026-07-31,6.72,ICICI Pru,ICICI Pru (249)
INE976I14RM8,2026-08-15,6.5,ICICI Pru,ICICI Pru (249)
INE976I14RN6,2026-06-30,6.6451,Axis,Axis
INE976I14RN6,2026-07-31,6.715,Axis,Axis (248)
INE976I14RN6,2026-08-15,6.5005,Axis,Axis (249)
INE976I14RP1,2026-06-30,6.645,SBI,SBI
INE976I14RP1,2026-07-15,6.8103,SBI,SBI
INE976I14RP1,2026-07-31,6.7146,SBI,SBI (223)
INE976I14RP1,2026-08-15,6.4997,SBI,SBI (124)
INE976I14RQ9,2026-06-30,6.65,ICICI Pru,ICICI Pru
INE976I14RQ9,2026-07-15,6.81,ICICI Pru,ICICI Pru
INE976I14RQ9,2026-07-31,6.77,ICICI Pru,ICICI Pru (148)
INE976I14RQ9,2026-08-15,6.51,ICICI Pru,ICICI Pru (149)
INE976I14RR7,2026-06-30,7.22,SBI,SBI; UTI
INE976I14RR7,2026-07-15,7.465,SBI,SBI
INE976I14RR7,2026-07-31,7.305,SBI,SBI (144); UTI (96)
INE976I14RR7,2026-08-15,7.065,SBI,SBI (144)
INE982D14BN9,2026-06-30,6.6298,Aditya Birla,Aditya Birla
INE982D14BN9,2026-07-31,6.1774,Aditya Birla,Aditya Birla (250); Tata (150)
INF0RQ622028,2026-06-30,5.51,SBI,HDFC; SBI; ICICI Pru; Aditya Birla; Axis; Nippon; Kotak; UTI
INF0RQ622028,2026-07-15,5.57,SBI,HDFC; SBI; ICICI Pru; Nippon
INF0RQ622028,2026-07-31,5.59,SBI,HDFC (602); SBI (628); ICICI Pru (720); Aditya Birla (578); Axis (344); Nippon (375); Kotak (473); UTI (203); Tata (219)
INF0RQ622028,2026-08-15,5.54,SBI,SBI (629); ICICI Pru (722); Axis (345); Nippon (376); Kotak (474); Tata (220)
