isin,yield,as_of,source,trade_value_cr
INE002A07809,7.38,2026-07-14,NSE,25.0
INE002A07809,7.325,2026-07-15,NSE,100.0
INE002A07809,7.37,2026-07-29,NSE,25.0
INE002A08534,7.01,2026-06-29,NSE,95.0
INE002A08542,6.93,2026-07-02,NSE,60.0
INE002A08542,6.92,2026-07-03,NSE,25.0
INE002A08542,6.98,2026-07-07,NSE,50.0
INE002A08542,7.15,2026-07-29,NSE,10.0
INE002A08567,7.34,2026-06-24,NSE,5.0
INE002A08567,6.95,2026-07-01,NSE,25.0
INE002A08690,7.085,2026-06-29,NSE,50.0
INE002A08690,7.14,2026-07-30,NSE,50.0
INE002L08010,11.9099,2026-07-20,NSE,7.0
INE003L07077,12.75,2026-06-22,BSE,7.62
INE003L07200,12.75,2026-06-09,BSE,8.53
INE003L07200,12.75,2026-06-12,BSE,3.24
INE003L07200,12.75,2026-06-19,BSE,1.28
INE003L07200,12.75,2026-06-22,BSE,5.29
INE003L07200,12.75,2026-07-02,BSE,1.71
INE003L07200,12.75,2026-07-03,BSE,3.75
INE003L07200,12.75,2026-07-07,BSE,3.75
INE003L07200,12.75,2026-07-09,BSE,2.81
INE003L07200,12.75,2026-07-10,BSE,3.75
INE003L07200,12.75,2026-07-21,BSE,1.71
INE003L07200,12.75,2026-07-23,BSE,2.98
INE005A08KO6,7.83,2026-06-18,BSE,14.23
INE005A08KO6,7.83,2026-06-24,BSE,28.44
INE005A08KV1,7.8323,2026-06-24,BSE,5.0
INE00DJ07052,13.0253,2026-06-08,BSE,2.95
INE00DJ07052,12.9831,2026-06-15,BSE,2.28
INE00DJ07052,13.0416,2026-06-16,NSE,20.03
INE00DJ07052,13.0261,2026-06-18,NSE,2.37
INE00DJ07052,13.0522,2026-06-22,BSE,1.55
INE00DJ07052,13.0177,2026-06-25,BSE,1.39
INE00DJ07052,13.0235,2026-06-29,BSE,4.41
INE00DJ07052,13.0286,2026-06-30,BSE,2.53
INE00DJ07052,13.0247,2026-07-01,BSE,1.69
INE00DJ07052,13.0288,2026-07-02,BSE,3.05
INE00DJ07052,12.9156,2026-07-03,BSE,1.37
INE00DJ07052,13.6352,2026-07-06,BSE,9.57
INE00DJ07052,12.7404,2026-07-08,BSE,1.66
INE00DJ07052,12.6489,2026-07-09,BSE,1.1
INE00DJ07052,12.6963,2026-07-13,BSE,2.72
INE00DJ07052,12.9125,2026-07-14,BSE,40.6
INE00DJ07052,12.6304,2026-07-15,BSE,1.32
INE00DJ07052,12.6467,2026-07-16,BSE,1.64
INE00DJ07052,12.6868,2026-07-17,BSE,1.22
INE00DJ07052,11.918,2026-07-20,BSE,112.93
INE00DJ07052,12.6556,2026-07-21,BSE,1.11
INE00DJ07052,12.9752,2026-07-22,NSE,1.38
INE00DJ07052,12.588,2026-07-23,BSE,1.14
INE00DJ07052,11.9484,2026-07-24,BSE,16.36
INE00DJ07052,12.2337,2026-07-27,BSE,2.37
INE00DJ07052,12.2413,2026-07-29,BSE,2.44
INE00GW07017,24.0,2026-06-30,BSE,1.0
INE00GW07017,24.0,2026-07-10,BSE,44.0
INE00K807019,13.375,2026-06-09,BSE,10.0
INE00K807019,13.0132,2026-06-11,BSE,19.0
INE00K807019,14.0,2026-06-23,BSE,4.2
INE00K807019,13.0,2026-06-24,BSE,5.0
INE00K807019,13.0,2026-07-09,BSE,5.0
INE00K807019,14.0,2026-07-28,BSE,3.5
INE00K807019,14.0,2026-07-30,BSE,13.5
INE00MX08086,10.5,2026-06-08,BSE,4.0
INE00MX08086,10.4828,2026-07-10,BSE,2.02
INE00MX08086,10.5,2026-07-20,BSE,2.5
INE00MX08086,9.15,2026-07-23,BSE,2.5
INE00V208124,8.25,2026-06-08,NSE,25.0
INE00XL07015,10.0614,2026-06-18,BSE,3.0
INE00XL07015,10.0973,2026-07-13,BSE,1.0
INE00XL07015,10.2631,2026-07-24,BSE,1.11
INE013A078S5,16.84,2026-06-10,NSE,200.0
INE013A078S5,8.08,2026-06-19,NSE,4.0
INE013A078S5,14.5,2026-06-22,BSE,1.0
INE013A078S5,15.8,2026-06-29,NSE,5.0
INE013A078S5,15.0,2026-07-24,BSE,25.0
INE013U08026,9.25,2026-07-13,NSE,100.0
INE016P07211,9.2216,2026-06-08,NSE,2.42
INE016P07211,9.48,2026-07-23,NSE,4.38
INE018A08BE9,7.25,2026-06-09,NSE,230.0
INE018A08BE9,7.23,2026-06-12,NSE,25.0
INE018A08BE9,7.01,2026-06-29,NSE,200.0
INE018A08BE9,7.2333,2026-07-30,NSE,60.0
INE018E08334,7.575,2026-06-23,NSE,50.0
INE018E08334,7.52,2026-06-24,NSE,50.0
INE018E08367,7.7288,2026-06-29,BSE,1.0
INE018E08367,7.7207,2026-07-21,BSE,1.0
INE01CYA7435,15.0929,2026-07-23,NSE,1.13
INE01HV07528,9.75,2026-06-29,BSE,5.0
INE01HV07528,9.75,2026-06-30,BSE,2.87
INE01HV07528,8.7057,2026-07-13,NSE,1.06
INE01HV07528,10.0592,2026-07-16,BSE,1.83
INE01HV07536,10.0,2026-06-09,BSE,1.5
INE01HV07536,10.5776,2026-06-22,BSE,4.0
INE01HV07536,11.25,2026-07-16,BSE,1.75
INE01HV07551,9.38,2026-06-08,BSE,4.31
INE01HV07551,9.6239,2026-06-10,BSE,3.21
INE01HV07551,9.965,2026-06-22,BSE,1.25
INE01HV07551,9.865,2026-06-24,BSE,2.8
INE01HV07551,9.405,2026-07-15,BSE,3.93
INE01HV07551,9.95,2026-07-16,NSE,1.36
INE01HV07551,9.46,2026-07-21,BSE,2.28
INE01HV07551,9.95,2026-07-22,NSE,1.47
INE01HV07551,9.95,2026-07-27,NSE,2.08
INE01HV07551,9.95,2026-07-29,NSE,2.26
INE01HV07551,9.95,2026-07-30,NSE,1.15
INE01HV07569,11.8039,2026-07-13,BSE,1.0
INE01HV07577,10.5344,2026-07-22,NSE,9.85
INE01HV07593,10.2405,2026-07-06,NSE,2.65
INE01HV07601,9.4225,2026-06-08,BSE,35.35
INE01HV07601,9.225,2026-06-10,BSE,22.72
INE01HV07601,9.735,2026-06-16,BSE,21.54
INE01HV07601,9.1456,2026-06-18,BSE,5.02
INE01HV07601,10.085,2026-06-19,BSE,2.12
INE01HV07601,9.9934,2026-06-25,BSE,4.87
INE01HV07601,9.095,2026-06-29,BSE,2.92
INE01HV07601,9.32,2026-06-30,BSE,15.1
INE01HV07601,9.345,2026-07-01,BSE,10.46
INE01HV07601,10.085,2026-07-03,BSE,2.06
INE01HV07601,10.0724,2026-07-06,BSE,1.85
INE01HV07601,10.085,2026-07-08,BSE,19.96
INE01HV07601,9.385,2026-07-14,BSE,4.96
INE01HV07601,10.4,2026-07-16,NSE,1.69
INE01HV07601,10.085,2026-07-17,BSE,2.94
INE01HV07601,10.4,2026-07-22,NSE,1.99
INE01HV07601,9.985,2026-07-24,BSE,3.9
INE01HV07601,9.265,2026-07-27,BSE,1.7
INE01HV07601,9.985,2026-07-28,BSE,8.24
INE01HV07601,8.9948,2026-07-29,BSE,10.07
INE01HV07601,10.4,2026-07-30,NSE,1.44
INE01HV07619,9.1,2026-07-03,BSE,5.0
INE01HV07619,9.1,2026-07-06,BSE,5.0
INE01HV07627,10.3834,2026-06-09,BSE,10.0
INE01HV07627,10.3578,2026-06-11,BSE,4.74
INE01HV07627,10.5498,2026-06-15,BSE,5.0
INE01HV07627,10.45,2026-06-16,BSE,5.0
INE01HV07627,10.5444,2026-06-17,BSE,9.0
INE01HV07627,10.55,2026-06-29,BSE,5.0
INE01HV07627,11.078,2026-07-08,BSE,12.2
INE01HV07627,10.4,2026-07-10,BSE,6.0
INE01HV07627,10.6,2026-07-16,BSE,4.0
INE01HV07627,10.3036,2026-07-29,BSE,2.5
INE01HV07627,10.1997,2026-07-30,BSE,3.2
INE01HV07635,10.1647,2026-06-10,BSE,2.0
INE01HV07635,10.2974,2026-06-22,BSE,3.4
INE01HV07635,10.6297,2026-06-23,BSE,5.0
INE01HV07635,10.1984,2026-06-24,BSE,2.52
INE01HV07635,9.9983,2026-06-29,BSE,1.02
INE01HV07635,10.15,2026-06-30,BSE,1.0
INE01HV07635,10.5153,2026-07-06,BSE,5.1
INE01HV07635,11.4136,2026-07-10,BSE,10.32
INE01HV07635,10.2808,2026-07-14,BSE,2.5
INE01HV07635,10.5068,2026-07-17,BSE,41.4
INE01HV07635,10.4737,2026-07-20,BSE,1.9
INE01HV07635,10.7,2026-07-21,NSE,3.0
INE01HV07635,10.45,2026-07-23,BSE,19.0
INE01MM08012,7.8794,2026-06-08,NSE,3.0
INE01MM08012,7.8798,2026-06-11,NSE,3.0
INE01MM08012,8.0266,2026-06-25,BSE,6.0
INE01QP08016,8.49,2026-06-16,NSE,50.0
INE01QP08016,8.55,2026-06-18,NSE,100.0
INE01QP08016,8.4,2026-06-22,NSE,100.0
INE01QP08016,8.4013,2026-06-25,NSE,200.0
INE01QP08016,8.25,2026-07-03,NSE,125.0
INE01QP08016,8.23,2026-07-06,NSE,250.0
INE01QP08016,8.25,2026-07-10,NSE,50.0
INE01QP08016,8.35,2026-07-22,NSE,110.0
INE01QP08016,8.3,2026-07-30,NSE,25.0
INE01R507058,11.9879,2026-06-17,BSE,1.0
INE01R507058,12.4816,2026-06-19,BSE,9.0
INE01R507058,12.75,2026-06-24,BSE,3.0
INE01R507058,11.9662,2026-06-30,BSE,4.0
INE01R507058,13.5,2026-07-01,BSE,4.0
INE01R507058,12.75,2026-07-07,BSE,3.0
INE01R507058,13.5,2026-07-08,BSE,3.0
INE01R507066,13.0,2026-06-24,BSE,16.0
INE01R507066,12.75,2026-06-25,BSE,4.0
INE01R507066,13.0,2026-07-01,BSE,10.0
INE01R507066,12.75,2026-07-07,BSE,4.0
INE01R507066,11.75,2026-07-08,BSE,4.0
INE01R507066,11.5,2026-07-09,BSE,1.5
INE01R507066,12.75,2026-07-16,BSE,10.0
INE01R507066,12.7667,2026-07-21,BSE,1.5
INE01R507066,12.6667,2026-07-29,BSE,7.5
INE01R507074,13.5,2026-06-29,BSE,20.0
INE01R507074,13.0,2026-06-30,BSE,15.0
INE01R507074,11.9842,2026-07-01,BSE,1.0
INE01R507074,12.0,2026-07-07,BSE,3.0
INE01R507082,12.7728,2026-07-01,BSE,20.0
INE01TY08012,8.0165,2026-06-18,NSE,15.0
INE01TY08012,8.25,2026-06-19,NSE,25.0
INE01TY08012,8.07,2026-06-24,BSE,2.75
INE01TY08012,8.2514,2026-06-30,NSE,5.0
INE01TY08012,8.2614,2026-07-17,NSE,10.0
INE01TY08012,8.2546,2026-07-20,NSE,15.0
INE01WI07573,9.6504,2026-06-11,BSE,1.0
INE01WN07136,8.8,2026-06-10,NSE,2.07
INE01WN07136,8.8,2026-06-11,NSE,1.3
INE01WN07136,8.35,2026-06-16,BSE,10.0
INE01WN07136,8.8,2026-06-17,NSE,1.4
INE01WN07136,8.3038,2026-06-24,NSE,5.0
INE01WN07136,8.957,2026-06-30,NSE,15.0
INE01WN07136,8.2795,2026-07-01,NSE,5.21
INE01WN07136,8.6,2026-07-07,NSE,2.01
INE01WN07136,8.9479,2026-07-08,NSE,30.08
INE01WN07136,8.3,2026-07-09,NSE,6.0
INE01WN07136,8.4686,2026-07-10,NSE,30.45
INE01WN07136,8.34,2026-07-14,NSE,10.0
INE01WN07136,8.3821,2026-07-16,NSE,8.03
INE01WN07136,8.22,2026-07-17,BSE,5.0
INE01WN07136,8.14,2026-07-23,NSE,20.0
INE01WN07136,7.95,2026-07-24,BSE,10.0
INE01WN07136,8.11,2026-07-30,BSE,10.0
INE01XO07066,12.0658,2026-06-08,NSE,8.23
INE01XO07066,12.518,2026-06-09,NSE,5.17
INE01XO07066,12.2471,2026-06-10,NSE,1.95
INE01XO07066,11.8171,2026-06-11,NSE,1.3
INE01XO07066,12.7284,2026-06-16,NSE,1.05
INE01XO07066,12.7,2026-06-17,BSE,2.0
INE01XO07066,12.1948,2026-06-18,NSE,3.78
INE01XO07066,12.3997,2026-06-19,NSE,4.75
INE01XO07066,11.6747,2026-06-22,NSE,3.16
INE01XO07066,12.593,2026-06-23,NSE,5.74
INE01XO07066,12.1189,2026-06-24,NSE,1.16
INE01XO07066,11.7477,2026-06-29,NSE,2.62
INE01XO07066,11.9626,2026-06-30,NSE,1.08
INE01XO07074,12.3176,2026-07-14,BSE,10.0
INE01XO07074,12.317,2026-07-15,BSE,10.0
INE01XO07074,12.3163,2026-07-16,BSE,10.0
INE01XO07074,11.8336,2026-07-17,NSE,3.5
INE01XO07074,11.7477,2026-07-20,NSE,6.37
INE01XO07074,12.313,2026-07-21,BSE,5.0
INE01XO07074,12.75,2026-07-22,BSE,5.0
INE01XO07074,11.6887,2026-07-23,NSE,1.35
INE01XO07074,11.6961,2026-07-24,NSE,1.47
INE01XO07074,11.6726,2026-07-27,NSE,3.66
INE01XO07074,11.6807,2026-07-28,NSE,2.37
INE01XO07074,11.6623,2026-07-29,NSE,1.7
INE01XO07074,11.6876,2026-07-30,NSE,1.95
INE01XX07034,7.6,2026-06-18,NSE,30.0
INE01XX07034,7.6,2026-06-19,NSE,49.0
INE01XX07034,7.5,2026-06-29,NSE,25.0
INE01XX07034,7.46,2026-07-09,NSE,100.0
INE01XX07059,7.55,2026-07-09,NSE,25.0
INE01YL07326,11.04,2026-06-08,BSE,1.04
INE01YL07326,10.615,2026-06-18,BSE,1.0
INE01YL07326,10.54,2026-06-29,BSE,14.18
INE01YL07326,10.994,2026-07-06,BSE,2.44
INE01YL07326,10.455,2026-07-14,BSE,1.84
INE01YL07326,10.425,2026-07-15,BSE,5.0
INE01YL07326,11.025,2026-07-16,BSE,6.8
INE01YL07326,11.025,2026-07-17,BSE,2.32
INE01YL07326,11.015,2026-07-24,BSE,2.66
INE01YL07326,10.545,2026-07-27,BSE,12.78
INE01YL07334,10.935,2026-06-09,BSE,2.28
INE01YL07334,10.965,2026-06-11,BSE,1.38
INE01YL07334,10.58,2026-06-25,BSE,2.04
INE01YL07375,12.23,2026-06-08,BSE,22.0
INE01YL07375,12.225,2026-06-09,BSE,22.0
INE01YL07375,12.22,2026-07-20,BSE,26.91
INE01YL07375,12.214,2026-07-23,BSE,26.91
INE01YL07375,12.2025,2026-07-28,BSE,53.82
INE01YL07391,11.529,2026-07-20,NSE,1.91
INE01YL07391,11.4279,2026-07-21,NSE,1.09
INE01YL07391,11.25,2026-07-27,BSE,1.5
INE01YL07409,11.3554,2026-06-18,BSE,1.12
INE01YL07409,11.5432,2026-06-24,BSE,7.52
INE01YL07409,11.6327,2026-06-25,BSE,10.91
INE01YL07409,10.8,2026-06-29,BSE,5.69
INE01YL07409,10.8714,2026-07-01,BSE,4.06
INE01YL07409,11.33,2026-07-06,BSE,15.04
INE01YL07409,11.135,2026-07-08,BSE,17.9
INE01YL07409,11.4978,2026-07-17,NSE,15.55
INE01YL07409,11.3059,2026-07-20,NSE,1.04
INE01YL07409,11.3408,2026-07-21,BSE,1.85
INE01YL07409,11.361,2026-07-27,BSE,4.49
INE01YL07409,10.9332,2026-07-28,BSE,22.4
INE01YL07417,11.3434,2026-06-12,BSE,3.02
INE01YL07417,11.2991,2026-06-15,BSE,9.23
INE01YL07417,11.35,2026-06-16,BSE,3.05
INE01YL07417,11.2776,2026-06-19,BSE,18.05
INE01YL07417,11.285,2026-06-24,BSE,2.0
INE01YL07417,11.3889,2026-06-25,BSE,9.0
INE01YL07417,11.1774,2026-06-29,BSE,61.15
INE01YL07417,11.2686,2026-06-30,BSE,19.04
INE01YL07417,11.0031,2026-07-01,BSE,20.4
INE01YL07417,11.2439,2026-07-03,BSE,3.0
INE01YL07417,11.3283,2026-07-06,BSE,3.0
INE01YL07417,11.7135,2026-07-08,NSE,1.28
INE01YL07417,11.5621,2026-07-09,BSE,15.91
INE01YL07417,11.1932,2026-07-10,BSE,13.1
INE01YL07417,11.0706,2026-07-13,NSE,1.41
INE01YL07417,11.3244,2026-07-14,BSE,26.2
INE01YL07417,11.4196,2026-07-15,BSE,7.62
INE01YL07417,11.1406,2026-07-17,BSE,3.2
INE01YL07417,11.5,2026-07-20,BSE,3.0
INE01YL07417,11.5571,2026-07-21,BSE,7.0
INE01YL07417,11.7,2026-07-27,BSE,1.92
INE01YL07417,11.4234,2026-07-28,BSE,14.82
INE01YL07417,11.25,2026-07-29,BSE,17.0
INE01YL07417,11.2757,2026-07-30,BSE,19.0
INE01YL07433,11.4104,2026-06-10,BSE,2.0
INE01YL07433,11.55,2026-06-11,NSE,1.0
INE01YL07433,10.9771,2026-06-16,BSE,1.05
INE01YL07433,11.5289,2026-06-17,BSE,1.81
INE01YL07433,11.4288,2026-06-18,BSE,1.49
INE01YL07433,11.3065,2026-06-19,BSE,9.26
INE01YL07433,9.0,2026-06-23,BSE,1.0
INE01YL07433,9.4425,2026-06-24,BSE,1.13
INE01YL07433,13.0732,2026-06-25,NSE,9.76
INE01YL07433,12.5714,2026-07-02,BSE,22.54
INE01YL07433,11.4051,2026-07-09,BSE,3.13
INE01YL07433,12.1341,2026-07-13,BSE,4.25
INE01YL07433,11.4011,2026-07-14,BSE,1.39
INE01YL07433,12.5521,2026-07-15,BSE,3.03
INE01YL07433,11.3766,2026-07-17,BSE,1.4
INE01YL07433,11.8894,2026-07-21,BSE,40.96
INE01YL07433,10.7885,2026-07-22,BSE,22.3
INE01YL07433,11.3063,2026-07-24,BSE,8.0
INE01YL07433,11.1457,2026-07-27,BSE,10.02
INE01YL07433,11.4576,2026-07-29,BSE,1.31
INE01YL07433,10.9984,2026-07-30,BSE,20.38
INE01YL07441,11.2322,2026-06-08,BSE,9.36
INE01YL07441,11.1711,2026-06-09,BSE,1.26
INE01YL07441,10.7444,2026-06-11,BSE,1.22
INE01YL07441,11.4983,2026-06-12,NSE,20.03
INE01YL07441,11.4806,2026-06-17,NSE,3.19
INE01YL07441,11.4799,2026-06-18,BSE,1.13
INE01YL07441,11.5594,2026-06-19,BSE,1.12
INE01YL07441,11.4677,2026-06-30,NSE,30.78
INE01YL07441,11.23,2026-07-01,BSE,4.74
INE01YL07441,10.8187,2026-07-02,BSE,1.81
INE01YL07441,11.4518,2026-07-08,BSE,10.54
INE01YL07441,10.9814,2026-07-16,BSE,2.92
INE01YL07441,11.4929,2026-07-24,BSE,2.15
INE01YL07441,11.3669,2026-07-28,NSE,2.24
INE01YL07458,11.2229,2026-06-16,BSE,10.0
INE01YL07458,11.65,2026-06-19,BSE,3.0
INE01YL07458,11.2686,2026-06-25,BSE,4.0
INE01YL07458,11.5297,2026-06-29,BSE,13.09
INE01YL07458,11.4732,2026-07-06,BSE,10.03
INE01YL07458,11.2179,2026-07-14,BSE,1.1
INE01YL07458,11.3082,2026-07-17,BSE,10.3
INE01YL07458,11.588,2026-07-21,BSE,1.04
INE01YL07458,11.2931,2026-07-22,BSE,5.11
INE01YL07458,11.3834,2026-07-23,BSE,9.47
INE01YL07458,11.505,2026-07-24,BSE,12.21
INE01YL07458,11.2991,2026-07-27,BSE,1.18
INE01YL07458,11.1788,2026-07-28,BSE,20.74
INE01YL07458,11.4728,2026-07-30,BSE,15.05
INE01ZK08679,8.0,2026-07-06,BSE,1.2
INE01ZK08679,11.0,2026-07-07,BSE,1.5
INE020B07GH7,6.818,2026-07-24,BSE,5.0
INE020B07HP8,5.48,2026-07-29,BSE,1.0
INE020B08AA3,7.53,2026-06-08,NSE,15.0
INE020B08AA3,7.38,2026-06-11,NSE,25.0
INE020B08AA3,7.25,2026-06-22,NSE,10.0
INE020B08AA3,7.1,2026-06-25,NSE,5.0
INE020B08AA3,7.1588,2026-07-08,NSE,20.0
INE020B08AC9,7.22,2026-06-24,NSE,25.0
INE020B08AC9,7.05,2026-07-24,NSE,5.0
INE020B08AC9,6.97,2026-07-27,NSE,5.0
INE020B08AH8,7.23,2026-06-10,NSE,10.0
INE020B08AH8,7.135,2026-06-11,BSE,20.0
INE020B08AH8,7.3,2026-07-10,NSE,5.0
INE020B08AH8,7.3,2026-07-14,NSE,10.0
INE020B08AH8,7.25,2026-07-30,NSE,5.0
INE020B08AX5,7.42,2026-06-08,NSE,2.3
INE020B08AX5,7.25,2026-06-29,NSE,15.0
INE020B08AZ0,7.4,2026-07-23,NSE,15.0
INE020B08BA1,7.44,2026-06-08,NSE,25.0
INE020B08BG8,7.39,2026-07-23,NSE,75.0
INE020B08BG8,7.39,2026-07-24,NSE,25.0
INE020B08BH6,7.44,2026-06-08,NSE,60.0
INE020B08BH6,7.99,2026-07-29,BSE,1.0
INE020B08BO2,7.38,2026-06-11,NSE,150.0
INE020B08BO2,7.2867,2026-06-12,NSE,150.0
INE020B08BU9,7.32,2026-07-20,NSE,5.0
INE020B08CI2,7.27,2026-07-27,NSE,50.0
INE020B08CU7,7.3144,2026-07-09,NSE,2.0
INE020B08CX1,8.0548,2026-07-02,BSE,1.1
INE020B08CX1,7.36,2026-07-23,BSE,1.0
INE020B08DA7,7.2,2026-06-29,NSE,25.0
INE020B08DA7,7.19,2026-07-01,NSE,25.0
INE020B08DA7,7.18,2026-07-02,NSE,25.0
INE020B08DI0,7.42,2026-06-11,NSE,100.0
INE020B08DV3,7.23,2026-07-02,NSE,25.0
INE020B08DV3,7.32,2026-07-14,NSE,20.0
INE020B08EB3,7.66,2026-07-02,BSE,2.0
INE020B08EB3,7.41,2026-07-10,NSE,1.5
INE020B08ED9,6.9,2026-06-10,NSE,150.0
INE020B08ED9,6.4,2026-06-11,NSE,50.0
INE020B08ED9,6.6643,2026-06-12,NSE,35.0
INE020B08EE7,7.3,2026-06-30,NSE,350.0
INE020B08EE7,7.25,2026-07-02,NSE,50.0
INE020B08EG2,7.3,2026-06-30,NSE,100.0
INE020B08EG2,7.33,2026-07-20,NSE,50.0
INE020B08EH0,7.27,2026-06-18,NSE,5.0
INE020B08EH0,7.25,2026-06-22,NSE,5.0
INE020B08EH0,7.07,2026-07-02,NSE,125.0
INE020B08EH0,7.3,2026-07-15,NSE,100.0
INE020B08EH0,7.275,2026-07-16,NSE,75.0
INE020B08EH0,7.35,2026-07-24,NSE,25.0
INE020B08EI8,7.3,2026-06-08,NSE,30.0
INE020B08EI8,7.16,2026-06-11,NSE,125.0
INE020B08EI8,7.2,2026-06-12,NSE,25.0
INE020B08EI8,6.95,2026-06-30,NSE,25.0
INE020B08EI8,6.15,2026-07-03,NSE,225.0
INE020B08EI8,6.38,2026-07-07,NSE,25.0
INE020B08EI8,6.5567,2026-07-09,NSE,75.0
INE020B08EI8,6.3,2026-07-10,NSE,50.0
INE020B08EI8,6.4,2026-07-15,NSE,55.0
INE020B08EK4,7.126,2026-06-25,NSE,125.0
INE020B08EK4,7.0995,2026-07-02,NSE,475.0
INE020B08EK4,7.0626,2026-07-03,NSE,300.0
INE020B08EK4,7.0677,2026-07-06,NSE,25.0
INE020B08EK4,7.1026,2026-07-07,NSE,375.0
INE020B08EK4,7.2533,2026-07-09,NSE,150.0
INE020B08EK4,7.19,2026-07-13,NSE,25.0
INE020B08EK4,7.3099,2026-07-14,NSE,280.2
INE020B08EK4,7.28,2026-07-16,NSE,125.0
INE020B08EK4,7.34,2026-07-23,NSE,25.0
INE020B08EK4,7.325,2026-07-24,NSE,250.0
INE020B08EK4,7.27,2026-07-28,NSE,50.0
INE020B08EK4,7.3,2026-07-30,NSE,50.0
INE020B08EM0,6.92,2026-06-11,NSE,100.0
INE020B08EM0,6.55,2026-06-12,NSE,15.0
INE020B08EP3,7.1,2026-06-11,NSE,20.0
INE020B08EP3,7.2,2026-06-15,NSE,50.0
INE020B08EP3,7.0,2026-06-22,NSE,50.0
INE020B08EP3,6.75,2026-06-29,NSE,100.0
INE020B08EP3,6.75,2026-06-30,NSE,60.0
INE020B08EP3,6.3622,2026-07-01,NSE,490.0
INE020B08EP3,6.55,2026-07-06,NSE,100.0
INE020B08EP3,7.0,2026-07-09,NSE,280.0
INE020B08EP3,6.5,2026-07-22,NSE,50.0
INE020B08EQ1,7.33,2026-07-20,NSE,25.0
INE020B08EW9,7.55,2026-06-08,NSE,25.0
INE020B08EW9,7.45,2026-06-11,NSE,75.0
INE020B08EW9,7.5,2026-06-19,BSE,25.0
INE020B08EW9,7.36,2026-06-22,NSE,125.0
INE020B08EW9,7.38,2026-06-23,NSE,15.0
INE020B08EW9,7.15,2026-06-29,NSE,25.0
INE020B08EW9,6.92,2026-07-01,NSE,65.0
INE020B08EW9,6.9788,2026-07-07,NSE,295.0
INE020B08EW9,7.08,2026-07-10,NSE,25.0
INE020B08EW9,7.25,2026-07-14,NSE,25.0
INE020B08EW9,7.25,2026-07-15,NSE,85.0
INE020B08EW9,7.2,2026-07-16,NSE,200.0
INE020B08EW9,7.12,2026-07-21,NSE,50.0
INE020B08EW9,7.1,2026-07-24,NSE,35.0
INE020B08EW9,7.1,2026-07-29,NSE,60.0
INE020B08EX7,7.5,2026-06-16,NSE,50.0
INE020B08EX7,7.5,2026-06-17,NSE,25.0
INE020B08EX7,7.4,2026-06-18,NSE,50.0
INE020B08EX7,7.43,2026-06-24,NSE,25.0
INE020B08EX7,7.2133,2026-06-25,NSE,75.0
INE020B08EX7,7.02,2026-07-02,NSE,25.0
INE020B08FA2,7.4046,2026-06-18,NSE,325.0
INE020B08FA2,7.31,2026-06-25,NSE,75.0
INE020B08FA2,7.1671,2026-06-30,NSE,175.0
INE020B08FA2,7.135,2026-07-01,NSE,200.0
INE020B08FA2,7.02,2026-07-02,NSE,240.0
INE020B08FA2,7.1,2026-07-06,NSE,75.0
INE020B08FA2,7.2239,2026-07-07,NSE,3.0
INE020B08FA2,7.24,2026-07-10,NSE,225.0
INE020B08FA2,7.33,2026-07-15,NSE,25.0
INE020B08FA2,7.26,2026-07-21,NSE,25.0
INE020B08FA2,7.22,2026-07-27,NSE,25.0
INE020B08FA2,7.28,2026-07-28,NSE,50.0
INE020B08FA2,7.33,2026-07-30,NSE,75.0
INE020B08FB0,7.5,2026-06-10,NSE,25.0
INE020B08FC8,7.25,2026-06-08,NSE,85.0
INE020B08FC8,7.0813,2026-06-09,NSE,360.0
INE020B08FC8,7.0575,2026-06-10,NSE,100.0
INE020B08FC8,7.07,2026-06-11,NSE,5.0
INE020B08FC8,6.78,2026-06-19,NSE,250.0
INE020B08FC8,6.5,2026-07-01,NSE,25.0
INE020B08FC8,6.35,2026-07-02,NSE,10.0
INE020B08FC8,6.6,2026-07-10,NSE,25.0
INE020B08FC8,6.5575,2026-07-13,NSE,100.0
INE020B08FC8,6.53,2026-07-27,NSE,75.0
INE020B08FD6,7.17,2026-06-15,NSE,75.0
INE020B08FD6,7.17,2026-06-22,NSE,25.0
INE020B08FD6,7.05,2026-06-30,NSE,25.0
INE020B08FD6,7.19,2026-07-13,NSE,25.0
INE020B08FD6,7.3,2026-07-15,NSE,100.0
INE020B08FD6,7.265,2026-07-16,NSE,75.0
INE020B08FD6,7.265,2026-07-27,NSE,25.0
INE020B08FF1,7.42,2026-06-18,NSE,50.0
INE020B08FF1,7.15,2026-06-30,NSE,25.0
INE020B08FF1,7.25,2026-07-01,NSE,25.0
INE020B08FF1,7.1971,2026-07-17,NSE,50.0
INE020B08FG9,7.44,2026-07-15,NSE,25.0
INE020B08FH7,7.38,2026-06-10,NSE,25.0
INE020B08FH7,7.45,2026-06-12,NSE,50.0
INE020B08FH7,7.3,2026-06-16,NSE,25.0
INE020B08FH7,7.15,2026-06-25,NSE,100.0
INE020B08FH7,6.95,2026-07-01,NSE,50.0
INE020B08FH7,7.0,2026-07-29,NSE,5.0
INE020B08FJ3,7.0,2026-06-11,NSE,45.3
INE020B08FJ3,7.02,2026-06-15,NSE,14.0
INE020B08FJ3,7.0235,2026-06-16,NSE,17.0
INE020B08FJ3,6.98,2026-06-17,NSE,21.2
INE020B08FJ3,6.9105,2026-06-18,BSE,37.2
INE020B08FJ3,6.9436,2026-06-19,NSE,111.48
INE020B08FJ3,7.0,2026-06-22,NSE,30.68
INE020B08FJ3,6.95,2026-06-23,NSE,15.0
INE020B08FJ3,6.9378,2026-06-24,NSE,30.0
INE020B08FJ3,7.0243,2026-06-29,NSE,125.0
INE020B08FJ3,6.9163,2026-06-30,NSE,878.35
INE020B08FJ3,6.7461,2026-07-01,NSE,324.1
INE020B08FJ3,6.773,2026-07-02,NSE,261.0
INE020B08FJ3,6.91,2026-07-03,NSE,85.0
INE020B08FJ3,7.03,2026-07-06,BSE,8.8
INE020B08FJ3,6.92,2026-07-14,BSE,1.7
INE020B08FJ3,6.9,2026-07-15,NSE,10.0
INE020B08FJ3,6.8833,2026-07-16,BSE,13.2
INE020B08FJ3,6.97,2026-07-20,NSE,2.0
INE020B08FJ3,6.93,2026-07-22,NSE,2.5
INE020B08FJ3,6.93,2026-07-23,NSE,7.0
INE020B08FJ3,6.86,2026-07-24,BSE,9.0
INE020B08FJ3,6.629,2026-07-29,NSE,85.0
INE020B08FJ3,6.8984,2026-07-30,NSE,203.0
INE020B08FL9,7.3,2026-06-11,NSE,125.0
INE020B08FL9,7.16,2026-06-29,NSE,25.0
INE020B08FL9,7.2,2026-07-13,NSE,25.0
INE020B08FL9,7.4338,2026-07-17,NSE,100.0
INE020B08FL9,7.2857,2026-07-23,NSE,150.0
INE020B08FL9,7.27,2026-07-27,NSE,50.0
INE020B08FP0,7.35,2026-06-09,BSE,5.0
INE020B08FR6,7.285,2026-06-11,NSE,50.0
INE020B08FR6,7.11,2026-06-29,NSE,50.0
INE020B08FR6,7.08,2026-06-30,NSE,50.0
INE020B08FR6,7.18,2026-07-10,NSE,25.0
INE020B08FR6,7.32,2026-07-21,NSE,50.0
INE020B08FR6,7.3,2026-07-27,NSE,5.0
INE020B08FU0,7.35,2026-06-09,NSE,25.0
INE020B08FU0,7.2,2026-06-10,NSE,25.0
INE020B08FU0,7.3,2026-06-11,NSE,175.0
INE020B08FU0,7.08,2026-07-06,NSE,25.0
INE020B08FU0,7.28,2026-07-08,NSE,25.0
INE020B08FU0,7.2,2026-07-10,NSE,75.0
INE020B08FU0,7.2,2026-07-13,NSE,25.0
INE020B08FU0,7.3,2026-07-16,NSE,25.0
INE020B08FU0,7.3,2026-07-17,NSE,105.0
INE020B08FU0,7.35,2026-07-24,NSE,225.0
INE020B08FW6,7.25,2026-06-09,NSE,25.0
INE020B08FW6,7.285,2026-06-11,NSE,75.0
INE020B08FW6,7.23,2026-06-22,NSE,25.0
INE020B08FW6,7.135,2026-06-25,NSE,100.0
INE020B08FW6,7.09,2026-07-01,NSE,50.0
INE020B08FW6,7.04,2026-07-02,NSE,25.0
INE020B08FW6,7.0833,2026-07-07,NSE,75.0
INE020B08FW6,7.2267,2026-07-09,NSE,150.0
INE020B08FW6,7.17,2026-07-10,NSE,50.0
INE020B08FW6,7.28,2026-07-15,NSE,25.0
INE020B08FW6,7.28,2026-07-29,NSE,75.0
INE020B08FX4,7.515,2026-06-12,NSE,400.0
INE020B08FX4,7.36,2026-06-18,NSE,25.0
INE020B08FX4,7.36,2026-06-19,NSE,25.0
INE020B08FZ9,7.42,2026-06-18,NSE,125.0
INE020B08FZ9,7.43,2026-06-24,NSE,25.0
INE020B08FZ9,7.0356,2026-07-02,NSE,90.0
INE020B08FZ9,7.1,2026-07-06,NSE,50.0
INE020B08FZ9,7.24,2026-07-10,NSE,25.0
INE020B08FZ9,7.32,2026-07-24,NSE,25.0
INE020B08FZ9,7.2725,2026-07-28,NSE,75.0
INE020B08GB8,7.25,2026-06-09,NSE,50.0
INE020B08GB8,7.2125,2026-06-10,NSE,25.0
INE020B08GB8,7.22,2026-06-11,NSE,25.0
INE020B08GB8,7.2063,2026-06-12,NSE,60.0
INE020B08GB8,7.23,2026-06-22,NSE,25.0
INE020B08GB8,7.2,2026-06-24,NSE,25.0
INE020B08GB8,7.12,2026-06-25,NSE,25.0
INE020B08GB8,7.09,2026-07-01,NSE,25.0
INE020B08GB8,7.07,2026-07-03,NSE,25.0
INE020B08GB8,7.0783,2026-07-06,NSE,150.0
INE020B08GB8,7.21,2026-07-09,NSE,100.0
INE020B08GB8,7.33,2026-07-14,NSE,75.0
INE020B08GB8,7.265,2026-07-15,NSE,50.0
INE020B08GB8,7.25,2026-07-16,NSE,25.0
INE020B08GC6,7.3158,2026-07-17,NSE,50.0
INE020B08GC6,7.3002,2026-07-23,NSE,75.0
INE020B08GD4,7.3679,2026-06-12,NSE,647.45
INE020B08GD4,7.3922,2026-06-15,NSE,80.0
INE020B08GD4,7.392,2026-06-16,NSE,23.42
INE020B08GD4,7.19,2026-06-17,NSE,25.0
INE020B08GD4,7.2838,2026-06-18,NSE,100.0
INE020B08GD4,7.1652,2026-06-22,NSE,210.0
INE020B08GD4,7.145,2026-06-24,NSE,150.0
INE020B08GD4,7.07,2026-07-03,NSE,75.0
INE020B08GD4,7.08,2026-07-06,NSE,93.65
INE020B08GD4,7.085,2026-07-07,NSE,25.0
INE020B08GD4,7.33,2026-07-22,NSE,25.0
INE020B08GD4,7.25,2026-07-27,NSE,25.0
INE020B08GD4,7.28,2026-07-29,NSE,250.0
INE020B08GD4,7.32,2026-07-30,NSE,325.0
INE020B08GE2,7.453,2026-06-22,NSE,90.0
INE020B08GE2,7.4533,2026-06-23,NSE,205.0
INE020B08GE2,7.4465,2026-06-24,NSE,55.0
INE020B08GE2,7.2971,2026-06-25,NSE,61.72
INE020B08GE2,7.0938,2026-06-29,NSE,25.0
INE020B08GE2,7.415,2026-06-30,NSE,5.0
INE020B08GE2,7.5,2026-07-08,NSE,25.0
INE020B08GE2,7.38,2026-07-10,NSE,25.0
INE020B08GE2,7.4411,2026-07-14,BSE,25.0
INE020B08GF9,7.1464,2026-07-02,NSE,1500.0
INE020B08GF9,7.1033,2026-07-03,NSE,75.0
INE020B08GF9,7.1643,2026-07-07,NSE,450.0
INE020B08GF9,7.164,2026-07-08,NSE,50.0
INE020B08GF9,7.1639,2026-07-09,BSE,50.0
INE020B08GF9,7.1636,2026-07-10,NSE,175.0
INE020B08GF9,7.29,2026-07-14,NSE,100.0
INE020B08GF9,7.3,2026-07-15,NSE,50.0
INE020B08GF9,7.25,2026-07-21,NSE,25.0
INE020B08GF9,7.314,2026-07-22,NSE,125.0
INE020B08GF9,7.176,2026-07-28,NSE,150.0
INE020B08GG7,7.2937,2026-07-21,NSE,1125.0
INE020B08GG7,7.2935,2026-07-22,NSE,100.0
INE020B08GG7,7.299,2026-07-23,NSE,430.0
INE020B08GG7,7.2964,2026-07-27,NSE,175.0
INE027A08044,7.55,2026-07-01,NSE,10.0
INE028A08166,7.54,2026-06-18,NSE,30.5
INE028A08273,7.955,2026-07-02,BSE,2.0
INE028A08273,7.4,2026-07-03,BSE,1.0
INE028A08299,8.015,2026-06-10,NSE,10.0
INE028A08299,7.8334,2026-06-11,NSE,5.0
INE028A08299,8.0,2026-07-01,BSE,1.0
INE028A08299,7.83,2026-07-16,BSE,20.0
INE028A08299,7.67,2026-07-17,BSE,20.0
INE028A08307,7.26,2026-07-02,NSE,25.0
INE02JD08015,8.4584,2026-07-09,BSE,3.0
INE02KN08012,8.4818,2026-06-09,NSE,45.8
INE02KN08012,8.6483,2026-06-24,BSE,10.2
INE02KN08012,8.7422,2026-06-25,BSE,10.2
INE02KN08012,8.5095,2026-06-29,NSE,41.3
INE02KN08012,8.5618,2026-07-06,BSE,3.3
INE02KN08012,8.4805,2026-07-07,BSE,6.6
INE02KN08012,8.7037,2026-07-09,BSE,49.0
INE02KN08012,8.63,2026-07-10,BSE,29.0
INE02KN08012,8.5528,2026-07-15,NSE,1.55
INE02KN08012,8.4583,2026-07-27,NSE,5.5
INE02PE08036,8.27,2026-06-15,NSE,75.0
INE02PE08036,8.3,2026-06-17,NSE,15.0
INE02PE08036,8.3,2026-06-18,NSE,10.0
INE02VP07065,10.1367,2026-07-16,BSE,10.0
INE02VP08022,9.8,2026-06-08,NSE,2.38
INE02VP08022,9.4973,2026-07-14,NSE,28.16
INE02VP08022,9.35,2026-07-16,NSE,2.83
INE02VP08022,9.35,2026-07-17,NSE,2.48
INE02VP08022,9.35,2026-07-20,NSE,7.23
INE02VP08022,9.35,2026-07-21,NSE,9.89
INE02VP08022,9.35,2026-07-22,NSE,1.89
INE031A07840,5.575,2026-07-02,NSE,10.0
INE031A07915,5.48,2026-07-29,BSE,1.0
INE031A07980,5.33,2026-06-17,NSE,4.0
INE031A07980,5.15,2026-06-18,BSE,2.0
INE031A08616,7.46,2026-07-16,NSE,15.0
INE031A08681,7.31,2026-06-18,NSE,20.0
INE031A08699,7.1,2026-07-01,NSE,25.0
INE031A08699,6.9,2026-07-03,NSE,25.0
INE031A08707,7.3793,2026-06-24,BSE,25.0
INE031A08707,7.3007,2026-07-07,NSE,10.0
INE031A08889,7.25,2026-06-08,NSE,25.0
INE031A08889,7.1,2026-06-12,NSE,25.0
INE031A08889,6.9,2026-06-16,NSE,75.0
INE031A08889,6.475,2026-07-13,NSE,50.0
INE031A08889,6.65,2026-07-22,NSE,50.0
INE031A08889,6.525,2026-07-24,NSE,100.0
INE031A08889,6.5,2026-07-27,NSE,100.0
INE031A08954,7.35,2026-07-10,NSE,5.0
INE031A08954,7.4,2026-07-24,NSE,25.0
INE031A08996,7.085,2026-07-07,NSE,25.0
INE031A08AB0,7.7625,2026-06-09,NSE,4.0
INE031A08AB0,7.8552,2026-06-12,NSE,1.0
INE031A08AB0,7.8552,2026-06-15,NSE,2.0
INE031A08AB0,7.63,2026-06-23,BSE,13.0
INE031A08AB0,7.72,2026-06-24,NSE,2.0
INE031A08AB0,7.7,2026-06-25,BSE,2.0
INE031A08AB0,7.6665,2026-07-03,NSE,4.0
INE031A08AB0,7.62,2026-07-06,NSE,2.0
INE031A08AB0,7.64,2026-07-08,BSE,3.0
INE031A08AB0,7.71,2026-07-27,NSE,4.0
INE031A08AB0,7.5075,2026-07-28,BSE,4.0
INE031A08AC8,7.2278,2026-06-22,NSE,275.0
INE031A08AC8,7.2147,2026-06-23,BSE,35.0
INE031A08AC8,7.184,2026-06-24,NSE,100.0
INE031A08AC8,7.1767,2026-06-29,NSE,150.0
INE031A08AC8,7.2273,2026-06-30,NSE,150.0
INE031A08AC8,7.1879,2026-07-01,NSE,150.0
INE031A08AC8,7.2269,2026-07-02,NSE,500.0
INE031A08AC8,6.9,2026-07-03,NSE,25.0
INE033L07HQ8,7.9,2026-06-08,NSE,25.0
INE033L07HQ8,7.65,2026-06-10,NSE,50.0
INE033L07HQ8,7.69,2026-06-16,NSE,50.0
INE033L07HQ8,7.55,2026-07-10,NSE,25.0
INE033L07HU0,7.65,2026-06-09,NSE,25.0
INE033L07HU0,7.73,2026-06-19,NSE,50.0
INE033L07HU0,7.52,2026-06-30,NSE,50.0
INE033L07HU0,7.47,2026-07-01,NSE,25.0
INE033L07HU0,7.4033,2026-07-02,NSE,75.0
INE033L07HU0,7.66,2026-07-23,NSE,130.0
INE033L07HU0,7.65,2026-07-24,NSE,175.0
INE033L07HY2,7.9,2026-06-08,NSE,150.0
INE033L07HY2,7.59,2026-07-13,NSE,200.0
INE033L07HY2,10.01,2026-07-21,BSE,1.0
INE033L07HY2,8.2247,2026-07-22,NSE,2.0
INE033L07HY2,7.67,2026-07-23,NSE,25.0
INE033L07HY2,7.6,2026-07-30,NSE,10.0
INE033L07IC6,6.85,2026-06-19,NSE,225.0
INE033L07IC6,6.8,2026-07-10,NSE,25.0
INE033L07ID4,7.75,2026-06-09,NSE,1.0
INE033L07ID4,7.2,2026-07-07,NSE,50.0
INE033L07IE2,7.35,2026-07-13,NSE,50.0
INE033L07II3,7.6475,2026-06-19,NSE,10.0
INE033L07II3,7.6413,2026-06-22,BSE,5.0
INE033L07IN3,7.5,2026-07-01,NSE,50.0
INE033L07IN3,7.655,2026-07-10,NSE,50.0
INE033L07IO1,7.65,2026-06-12,NSE,25.0
INE033L07IO1,7.69,2026-06-16,NSE,125.0
INE033L07IO1,7.43,2026-07-02,NSE,25.0
INE033L07IO1,7.5667,2026-07-10,NSE,75.0
INE033L07IO1,7.57,2026-07-13,NSE,50.0
INE033L07IO1,7.65,2026-07-24,NSE,25.0
INE033L07IO1,7.565,2026-07-28,NSE,125.0
INE033L07IP8,7.3791,2026-07-01,BSE,5.08
INE033L07IR4,7.7325,2026-07-15,NSE,5.0
INE033L07IS2,7.7225,2026-06-09,NSE,30.0
INE033L07IT0,8.1042,2026-06-25,NSE,300.0
INE033L07IT0,7.7525,2026-07-21,NSE,50.0
INE033L07IU8,7.7826,2026-06-22,NSE,238.91
INE033L07IU8,7.7006,2026-06-23,NSE,25.19
INE033L07IU8,7.7826,2026-06-25,NSE,1.47
INE033L07IU8,7.7814,2026-06-30,NSE,1.29
INE033L07IU8,7.75,2026-07-09,NSE,100.0
INE033L07IU8,7.77,2026-07-20,NSE,25.0
INE039A09LL7,9.4767,2026-07-29,BSE,1.5
INE039A09LM5,9.54,2026-06-30,BSE,4.7
INE039A09LM5,9.0044,2026-07-01,BSE,1.0
INE039A09LV6,9.925,2026-07-20,NSE,2.25
INE039A09LV6,9.34,2026-07-23,BSE,1.06
INE039A09MA8,9.3757,2026-06-24,NSE,18.81
INE039A09MB6,9.3758,2026-06-24,NSE,142.07
INE039A09MD2,9.7734,2026-06-09,BSE,1.0
INE039A09MD2,9.7409,2026-06-10,BSE,2.2
INE039A09MD2,9.5614,2026-06-15,BSE,2.2
INE039A09MD2,9.52,2026-06-19,NSE,1.2
INE039A09MD2,9.2438,2026-06-29,BSE,1.6
INE039A09PP9,9.57,2026-06-16,NSE,1.0
INE03G407011,17.5,2026-06-29,BSE,28.0
INE03G407029,20.75,2026-06-29,BSE,7.0
INE03G407037,18.33,2026-06-29,BSE,13.3
INE03G407037,16.0,2026-07-01,BSE,1.0
INE03G407037,16.0,2026-07-07,BSE,10.0
INE03G407037,16.0,2026-07-30,BSE,2.0
INE03G407045,20.75,2026-06-29,BSE,7.7
INE03K307058,10.65,2026-07-03,BSE,4.0
INE03K307066,11.75,2026-06-17,BSE,10.0
INE03K307066,11.75,2026-07-07,BSE,10.0
INE03K307066,11.9999,2026-07-14,BSE,60.0
INE03K307066,11.8,2026-07-16,BSE,5.0
INE03K307066,11.8,2026-07-17,BSE,5.0
INE03K307066,11.8,2026-07-20,BSE,35.0
INE03K307066,10.75,2026-07-21,NSE,1.23
INE03K307066,11.8,2026-07-22,BSE,7.0
INE03K307066,10.75,2026-07-23,NSE,1.86
INE03K307066,10.75,2026-07-24,NSE,1.19
INE03K307066,10.75,2026-07-27,NSE,2.69
INE03K307066,11.8,2026-07-28,BSE,1.0
INE03K307066,10.75,2026-07-29,NSE,1.58
INE03K307066,11.7067,2026-07-30,NSE,8.78
INE03K307074,12.1474,2026-07-02,BSE,10.06
INE03K307074,12.15,2026-07-03,BSE,10.05
INE03K307074,11.3478,2026-07-06,NSE,9.43
INE03K307116,11.9126,2026-06-08,NSE,1.17
INE03K307124,11.5555,2026-06-09,BSE,2.54
INE03K307124,12.454,2026-06-16,BSE,8.82
INE03K307124,11.5694,2026-06-17,BSE,1.23
INE03K307124,11.4988,2026-06-22,BSE,1.6
INE03K307124,12.2703,2026-06-23,NSE,6.1
INE03K307124,12.1561,2026-06-24,NSE,1.08
INE03K307124,12.495,2026-06-29,BSE,10.32
INE03K307124,11.9406,2026-06-30,NSE,1.05
INE03K307124,11.5713,2026-07-01,BSE,2.4
INE03K307124,11.9822,2026-07-02,NSE,1.0
INE03K307124,11.9039,2026-07-03,NSE,1.09
INE03K307124,11.9214,2026-07-06,NSE,1.64
INE03K307124,12.0261,2026-07-07,NSE,1.27
INE03K307124,11.9187,2026-07-08,NSE,1.15
INE03K307124,11.9562,2026-07-09,NSE,1.36
INE03K307124,11.8378,2026-07-10,BSE,2.18
INE03K307124,11.8423,2026-07-13,NSE,1.51
INE03K307124,12.0551,2026-07-14,NSE,1.35
INE03K307124,11.8358,2026-07-20,NSE,1.39
INE03K307124,11.4876,2026-07-28,BSE,1.78
INE03K307132,12.2218,2026-06-08,BSE,26.29
INE03K307132,12.2397,2026-06-10,BSE,2.38
INE03K307132,11.9203,2026-06-11,BSE,1.84
INE03K307132,11.9084,2026-06-12,BSE,2.59
INE03K307132,11.4194,2026-06-15,BSE,1.41
INE03K307132,12.4245,2026-06-17,BSE,11.69
INE03K307132,11.4586,2026-06-18,BSE,1.22
INE03K307132,11.5265,2026-06-19,BSE,1.23
INE03K307132,11.4515,2026-06-22,BSE,1.3
INE03K307132,11.4529,2026-06-29,BSE,1.64
INE03K307132,12.4996,2026-07-06,BSE,2.52
INE03K307132,11.4847,2026-07-07,BSE,3.6
INE03K307132,12.5097,2026-07-08,BSE,6.04
INE03K307132,12.4499,2026-07-09,BSE,17.5
INE03K307132,11.9235,2026-07-10,BSE,13.07
INE03K307132,12.4509,2026-07-13,BSE,11.52
INE03K307132,12.0738,2026-07-14,BSE,1.31
INE03K307132,12.451,2026-07-15,BSE,10.92
INE03K307132,12.5057,2026-07-16,BSE,15.89
INE03K307132,12.4074,2026-07-17,BSE,2.59
INE03K307132,12.0863,2026-07-20,BSE,10.57
INE03K307132,11.9605,2026-07-21,BSE,1.09
INE03K307132,12.0089,2026-07-22,BSE,1.47
INE03K307132,11.3973,2026-07-23,BSE,2.4
INE03K307132,11.9472,2026-07-27,BSE,1.47
INE03K307132,11.9107,2026-07-29,BSE,1.11
INE03K307132,12.2922,2026-07-30,BSE,10.22
INE03K307140,9.0,2026-07-14,BSE,1.0
INE03K307140,9.0,2026-07-20,BSE,1.0
INE03K307140,11.0,2026-07-21,BSE,1.6
INE03K307140,12.4616,2026-07-22,BSE,2.6
INE03K307140,9.2613,2026-07-27,BSE,2.26
INE03K307157,11.9295,2026-06-23,NSE,13.96
INE03K307157,11.7478,2026-06-24,NSE,1.82
INE03K307157,11.7468,2026-06-25,NSE,2.34
INE03K307157,12.2496,2026-06-29,BSE,10.0
INE03K307157,11.7454,2026-06-30,NSE,2.0
INE03K307157,12.2498,2026-07-01,BSE,5.0
INE03K307157,12.0,2026-07-02,BSE,13.25
INE03K307157,11.7499,2026-07-03,NSE,1.45
INE03K307157,11.7499,2026-07-06,NSE,4.72
INE03K307157,11.8498,2026-07-07,NSE,4.89
INE03K307157,11.8387,2026-07-08,NSE,4.69
INE03K307157,11.9123,2026-07-09,NSE,7.49
INE03K307157,11.9076,2026-07-10,NSE,7.71
INE03K307157,11.7487,2026-07-13,NSE,6.98
INE03K307157,11.7453,2026-07-14,NSE,1.99
INE03K307165,11.7653,2026-06-15,BSE,7.2
INE03K307165,11.2979,2026-06-16,BSE,2.7
INE03K307165,12.4972,2026-06-19,BSE,2.65
INE03K307165,12.011,2026-06-22,BSE,2.55
INE03K307165,12.4452,2026-06-23,BSE,4.05
INE03K307165,11.361,2026-06-24,BSE,11.88
INE03K307165,11.6298,2026-06-25,BSE,16.87
INE03K307165,11.763,2026-06-29,BSE,1.3
INE03K307165,11.9194,2026-06-30,BSE,3.1
INE03K307165,11.5966,2026-07-07,BSE,2.79
INE03K307165,11.4917,2026-07-08,BSE,3.0
INE03K307165,11.8136,2026-07-09,BSE,4.7
INE03K307165,11.3739,2026-07-14,BSE,18.53
INE03K307165,11.5981,2026-07-16,BSE,10.27
INE03K307165,11.9611,2026-07-17,BSE,1.33
INE03K307165,11.8991,2026-07-20,BSE,4.15
INE03K307165,11.7254,2026-07-21,BSE,4.73
INE03K307165,12.1633,2026-07-22,NSE,1.81
INE03K307165,11.2495,2026-07-23,BSE,2.33
INE03K307165,11.271,2026-07-24,BSE,1.61
INE03K307165,11.9666,2026-07-27,NSE,1.01
INE03K307165,12.1494,2026-07-28,NSE,1.45
INE03K307165,12.0358,2026-07-29,BSE,32.73
INE03K307165,12.2209,2026-07-30,NSE,1.65
INE03K307173,11.4023,2026-07-29,NSE,2.69
INE03K307173,11.3937,2026-07-30,NSE,2.08
INE040A08369,7.29,2026-06-11,BSE,40.0
INE040A08369,7.1,2026-06-22,NSE,25.0
INE040A08369,7.07,2026-06-23,NSE,225.0
INE040A08369,7.07,2026-06-24,NSE,431.3
INE040A08369,7.1,2026-06-30,NSE,50.0
INE040A08369,7.26,2026-07-16,NSE,5.0
INE040A08369,7.25,2026-07-29,NSE,2.8
INE040A08369,6.61,2026-07-30,BSE,35.0
INE040A08393,7.465,2026-06-22,NSE,25.0
INE040A08393,7.4,2026-06-24,NSE,25.0
INE040A08393,7.5,2026-07-15,NSE,25.0
INE040A08419,8.5082,2026-06-09,NSE,298.0
INE040A08419,8.25,2026-06-17,NSE,20.0
INE040A08419,7.9947,2026-06-18,NSE,75.0
INE040A08419,7.75,2026-06-22,BSE,5.0
INE040A08419,7.98,2026-06-24,BSE,50.0
INE040A08419,7.83,2026-07-16,BSE,25.0
INE040A08419,7.67,2026-07-17,BSE,25.0
INE040A08427,7.7,2026-06-17,NSE,10.0
INE040A08484,7.5,2026-06-08,BSE,73.0
INE040A08484,7.08,2026-06-23,NSE,5.0
INE040A08484,7.15,2026-06-24,NSE,20.0
INE040A08484,6.65,2026-07-13,BSE,20.0
INE040A08484,6.98,2026-07-14,NSE,10.0
INE040A08484,6.73,2026-07-15,BSE,5.0
INE040A08492,7.6,2026-06-10,NSE,40.0
INE040A08492,7.45,2026-06-29,NSE,40.0
INE040A08567,7.12,2026-07-27,BSE,50.0
INE040A08666,7.675,2026-06-09,NSE,100.0
INE040A08666,7.6888,2026-06-12,NSE,40.0
INE040A08666,7.66,2026-06-15,NSE,25.0
INE040A08666,7.67,2026-06-16,NSE,75.0
INE040A08666,7.67,2026-06-17,NSE,100.0
INE040A08666,7.62,2026-06-24,NSE,50.0
INE040A08666,7.51,2026-06-30,NSE,25.0
INE040A08666,7.5,2026-07-07,NSE,80.0
INE040A08666,7.555,2026-07-10,NSE,80.0
INE040A08666,7.6,2026-07-21,NSE,75.0
INE040A08666,7.6,2026-07-28,NSE,25.0
INE040A08666,7.6386,2026-07-30,NSE,70.0
INE040A08690,7.58,2026-07-30,NSE,50.0
INE040A08724,7.68,2026-06-08,NSE,25.0
INE040A08724,7.43,2026-06-09,NSE,50.0
INE040A08724,7.62,2026-06-11,NSE,50.0
INE040A08724,7.45,2026-06-19,NSE,50.0
INE040A08724,7.49,2026-07-29,NSE,50.0
INE040A08732,8.3167,2026-06-09,BSE,13.5
INE040A08732,7.675,2026-06-19,BSE,4.8
INE040A08773,7.62,2026-06-24,NSE,5.0
INE040A08773,7.6,2026-06-25,NSE,50.0
INE040A08773,7.69,2026-06-29,NSE,3.0
INE040A08773,7.55,2026-07-03,NSE,2.8
INE040A08773,8.33,2026-07-21,BSE,1.2
INE040A08773,7.75,2026-07-22,NSE,1.2
INE040A08773,7.58,2026-07-28,NSE,50.0
INE040A08773,7.665,2026-07-30,NSE,50.0
INE040A08807,8.0387,2026-06-16,NSE,1.5
INE040A08807,7.58,2026-07-28,NSE,50.0
INE040A08815,7.79,2026-06-16,BSE,1.0
INE040A08815,8.12,2026-07-01,BSE,3.0
INE040A08815,8.1,2026-07-03,BSE,1.0
INE040A08815,7.6,2026-07-15,BSE,1.0
INE040A08815,7.58,2026-07-16,BSE,1.2
INE040A08815,7.57,2026-07-20,BSE,1.0
INE040A08823,7.6,2026-06-09,NSE,50.0
INE040A08823,7.515,2026-06-11,BSE,20.0
INE040A08823,7.6,2026-06-12,NSE,25.0
INE040A08914,7.6954,2026-06-11,NSE,105.1
INE040A08914,7.665,2026-06-15,NSE,25.0
INE040A08914,7.669,2026-06-16,NSE,105.0
INE040A08914,7.66,2026-06-19,NSE,25.0
INE040A08914,7.47,2026-07-03,NSE,25.0
INE040A08914,7.5,2026-07-07,NSE,80.0
INE040A08914,7.5081,2026-07-08,NSE,20.0
INE040A08914,7.52,2026-07-15,NSE,150.0
INE040A08914,7.6,2026-07-21,NSE,50.0
INE040A08914,7.5873,2026-07-28,NSE,300.0
INE040A08914,7.58,2026-07-29,NSE,100.0
INE040A08914,7.6624,2026-07-30,NSE,625.0
INE040A08955,7.6557,2026-07-07,NSE,3.0
INE040A08AB1,7.5,2026-07-27,NSE,5.0
INE040A08AB1,7.52,2026-07-28,BSE,5.0
INE040A08AF2,7.65,2026-06-09,NSE,50.0
INE040A08AF2,7.65,2026-06-15,NSE,5.0
INE040A08AF2,7.5,2026-06-17,BSE,3.7
INE040A08AF2,7.6531,2026-06-18,NSE,30.0
INE040A08AF2,7.6,2026-06-19,BSE,1.3
INE040A08AF2,7.55,2026-07-08,NSE,25.0
INE040A08AF2,7.52,2026-07-15,NSE,150.0
INE040A08AF2,7.57,2026-07-16,NSE,100.0
INE040A08AF2,7.64,2026-07-20,NSE,25.0
INE040A08AF2,7.6,2026-07-21,NSE,125.0
INE040A08AF2,7.665,2026-07-30,NSE,150.0
INE041007084,7.7,2026-07-21,NSE,25.0
INE041007167,7.85,2026-07-20,NSE,40.0
INE046W07289,10.3913,2026-06-08,NSE,1.06
INE046W07289,11.2501,2026-06-15,BSE,5.0
INE046W07289,10.3414,2026-06-22,NSE,1.7
INE046W07289,11.25,2026-06-30,BSE,1.0
INE046W07289,11.5,2026-07-03,BSE,5.0
INE046W07289,10.85,2026-07-08,BSE,2.0
INE046W07289,11.5,2026-07-13,BSE,5.0
INE046W07289,10.85,2026-07-17,BSE,3.0
INE046W07289,10.85,2026-07-28,BSE,3.0
INE046W07305,10.6257,2026-06-25,NSE,2.28
INE046W07305,10.4587,2026-06-29,NSE,1.65
INE046W07305,10.629,2026-07-02,BSE,4.09
INE046W07305,10.0076,2026-07-10,BSE,2.61
INE046W07305,10.669,2026-07-20,NSE,3.55
INE046W07305,10.6,2026-07-21,BSE,1.26
INE046W07305,10.65,2026-07-23,NSE,1.09
INE046W07305,10.65,2026-07-27,NSE,1.71
INE046W07305,10.65,2026-07-28,NSE,1.08
INE046W07305,10.6501,2026-07-30,NSE,1.37
INE046W07321,10.05,2026-06-16,NSE,1.59
INE046W07321,10.05,2026-06-17,NSE,1.09
INE046W07321,10.05,2026-06-19,NSE,1.3
INE046W07321,10.05,2026-06-22,NSE,1.42
INE046W07321,10.05,2026-06-29,NSE,1.62
INE046W07321,10.053,2026-06-30,NSE,1.1
INE046W07321,10.05,2026-07-02,BSE,1.04
INE046W07321,10.4312,2026-07-20,NSE,2.1
INE046W07321,10.4568,2026-07-28,NSE,2.96
INE046W07339,10.5603,2026-06-08,NSE,1.98
INE046W07339,11.25,2026-06-10,BSE,3.0
INE046W07339,11.25,2026-06-18,BSE,2.0
INE046W07339,10.422,2026-06-29,NSE,2.49
INE046W07339,11.5,2026-07-02,BSE,5.0
INE046W07339,10.4103,2026-07-06,NSE,2.28
INE046W07339,11.5,2026-07-10,BSE,5.0
INE046W07339,11.5,2026-07-13,BSE,5.0
INE046W07339,10.3516,2026-07-20,NSE,4.37
INE046W07339,10.3628,2026-07-22,NSE,1.05
INE046W07370,10.6705,2026-06-10,NSE,7.05
INE046W07370,10.6641,2026-06-12,NSE,1.07
INE046W07370,10.5668,2026-06-16,NSE,7.34
INE046W07370,10.2516,2026-06-22,NSE,2.89
INE047A08208,7.1628,2026-06-29,NSE,175.0
INE047A08240,7.42,2026-06-08,NSE,100.0
INE049A07040,16.0197,2026-07-21,BSE,1.75
INE049A07040,15.0,2026-07-24,BSE,2.1
INE049A07040,15.0,2026-07-28,BSE,3.75
INE049A07057,14.9708,2026-07-15,BSE,23.95
INE049A07057,15.006,2026-07-16,BSE,10.0
INE049A07057,13.4308,2026-07-20,BSE,1.3
INE049A07057,14.4,2026-07-27,BSE,1.0
INE04HY07278,14.0,2026-07-07,BSE,1.95
INE04HY07286,12.81,2026-07-22,BSE,15.0
INE04HY07286,12.8362,2026-07-27,BSE,15.0
INE04HY07294,10.9471,2026-06-18,BSE,1.95
INE04HY07294,11.7167,2026-06-22,BSE,1.86
INE04HY07294,10.7934,2026-06-29,BSE,1.1
INE04HY07294,12.9717,2026-07-01,BSE,1.06
INE04HY07294,11.2414,2026-07-10,BSE,2.03
INE04HY07294,11.6602,2026-07-17,BSE,4.41
INE04HY07344,12.8441,2026-06-09,NSE,17.0
INE04HY07344,12.6936,2026-06-10,NSE,5.0
INE04HY07344,13.2657,2026-06-11,BSE,2.1
INE04HY07344,13.4653,2026-06-12,BSE,2.35
INE04HY07344,12.7378,2026-06-15,NSE,5.23
INE04HY07344,13.4191,2026-06-16,BSE,3.3
INE04HY07344,13.202,2026-06-17,BSE,1.73
INE04HY07344,13.0188,2026-06-18,BSE,7.47
INE04HY07344,12.9335,2026-06-23,BSE,1.04
INE04HY07344,13.6464,2026-06-30,BSE,1.19
INE04HY07344,13.1542,2026-07-16,BSE,1.2
INE04HY07377,9.0,2026-07-10,BSE,1.0
INE04HY07401,12.2248,2026-06-08,BSE,1.08
INE04HY07401,12.1137,2026-06-09,BSE,1.74
INE04HY07401,12.0874,2026-06-10,BSE,1.54
INE04HY07401,12.3073,2026-06-16,BSE,1.61
INE04HY07401,13.351,2026-06-17,NSE,15.08
INE04HY07401,12.6617,2026-06-22,BSE,1.36
INE04HY07401,12.681,2026-06-29,BSE,1.08
INE04HY07401,12.301,2026-07-02,BSE,1.07
INE04HY07401,12.3578,2026-07-13,BSE,1.25
INE04HY07401,12.1217,2026-07-15,BSE,1.02
INE04HY07401,12.1071,2026-07-16,BSE,1.49
INE04HY07401,13.3876,2026-07-20,NSE,10.0
INE04HY07401,12.1622,2026-07-23,BSE,1.44
INE04HY07401,12.2808,2026-07-24,BSE,1.19
INE04HY07401,12.3293,2026-07-27,BSE,1.2
INE04HY07401,12.1534,2026-07-28,BSE,1.17
INE04HY08011,13.2309,2026-06-10,BSE,1.5
INE04HY08011,13.426,2026-07-15,BSE,1.04
INE04HY08011,13.0188,2026-07-20,BSE,1.09
INE04HY08011,13.364,2026-07-24,BSE,1.37
INE04HY08011,13.2687,2026-07-28,BSE,2.13
INE04K307016,8.22,2026-06-11,BSE,105.0
INE04K307016,8.44,2026-06-15,BSE,5.0
INE04K307016,8.8909,2026-06-18,BSE,210.0
INE04K307016,8.0931,2026-07-07,BSE,105.0
INE04K307016,8.5,2026-07-17,BSE,2.4
INE04K307016,8.5,2026-07-20,BSE,4.0
INE04K307016,8.52,2026-07-27,BSE,1.3
INE04K307016,8.51,2026-07-28,BSE,1.3
INE04Q907173,15.5595,2026-06-16,BSE,1.0
INE04Q907181,16.9439,2026-06-29,NSE,1.02
INE04Q907199,12.75,2026-06-11,BSE,1.0
INE04Q907199,13.6525,2026-07-06,NSE,1.42
INE04Q907199,13.386,2026-07-10,NSE,2.23
INE04Q907199,13.4154,2026-07-21,NSE,2.45
INE04UP07170,14.495,2026-06-12,NSE,1.01
INE04UP07170,13.9866,2026-06-15,NSE,3.36
INE04UP07170,13.9868,2026-06-16,NSE,1.5
INE04UP07170,13.6568,2026-06-18,NSE,1.42
INE04UP07170,13.7617,2026-06-22,NSE,7.62
INE04UP07170,13.2285,2026-07-16,BSE,1.4
INE04UP07170,13.2452,2026-07-17,BSE,1.34
INE04UP07170,13.2313,2026-07-22,BSE,1.33
INE04UP07188,15.3025,2026-07-06,NSE,2.17
INE04UP07188,14.5421,2026-07-07,NSE,1.54
INE04UP07188,12.54,2026-07-15,BSE,2.0
INE04UP07188,12.6886,2026-07-28,NSE,1.71
INE04UP07188,12.42,2026-07-30,BSE,2.0
INE04UP07196,15.2976,2026-07-06,NSE,3.4
INE04UP07196,15.0622,2026-07-07,NSE,3.09
INE04UP07196,13.522,2026-07-08,NSE,2.47
INE04UP07196,13.8489,2026-07-20,NSE,1.12
INE04UP07196,13.7346,2026-07-24,NSE,1.63
INE04UP07196,13.6621,2026-07-27,NSE,1.73
INE04UP07196,15.1603,2026-07-28,NSE,1.05
INE04UP07204,15.5,2026-07-06,NSE,2.0
INE04UP07204,15.4772,2026-07-10,NSE,3.03
INE04UP07204,13.19,2026-07-13,BSE,2.0
INE04UP07204,13.14,2026-07-30,BSE,3.0
INE04UP07212,13.75,2026-07-30,BSE,1.07
INE04VS07321,10.075,2026-06-22,BSE,1.0
INE04VS07321,10.075,2026-06-24,BSE,2.5
INE04VS07321,10.225,2026-07-16,BSE,2.34
INE04VS07321,9.495,2026-07-23,BSE,1.52
INE04VS07321,10.075,2026-07-24,BSE,2.24
INE04VS07354,9.805,2026-06-08,BSE,2.48
INE04VS07354,9.55,2026-07-10,NSE,1.62
INE04VS07354,9.25,2026-07-20,BSE,10.0
INE04VS07370,9.9586,2026-06-09,BSE,20.88
INE04VS07370,10.13,2026-06-10,BSE,7.18
INE04VS07370,10.1753,2026-06-11,BSE,9.22
INE04VS07370,10.25,2026-06-12,NSE,1.44
INE04VS07370,10.0171,2026-06-16,BSE,7.72
INE04VS07370,10.08,2026-06-17,BSE,2.16
INE04VS07370,10.09,2026-06-18,BSE,1.38
INE04VS07370,10.1301,2026-06-19,BSE,8.41
INE04VS07370,10.0287,2026-06-25,BSE,1.83
INE04VS07370,9.8402,2026-06-29,BSE,13.88
INE04VS07370,9.86,2026-07-01,BSE,5.68
INE04VS07370,9.27,2026-07-02,BSE,3.8
INE04VS07370,10.18,2026-07-03,BSE,1.16
INE04VS07370,10.1037,2026-07-06,BSE,2.64
INE04VS07370,10.225,2026-07-08,BSE,21.94
INE04VS07370,10.025,2026-07-09,BSE,10.0
INE04VS07370,9.9543,2026-07-14,BSE,4.36
INE04VS07370,10.045,2026-07-15,BSE,3.76
INE04VS07370,10.2188,2026-07-17,BSE,4.81
INE04VS07370,10.075,2026-07-21,BSE,2.94
INE04VS07370,10.225,2026-07-22,BSE,11.32
INE04VS07370,10.055,2026-07-23,BSE,1.32
INE04VS07370,10.145,2026-07-27,BSE,2.3
INE04VS07370,10.225,2026-07-28,BSE,2.28
INE04VS07388,9.6515,2026-07-13,NSE,1.29
INE04VS07388,9.7515,2026-07-20,NSE,3.05
INE04VS07420,9.82,2026-06-10,BSE,10.0
INE04VS07438,10.5,2026-06-11,BSE,1.5
INE04VS07438,10.05,2026-06-15,NSE,2.0
INE04VS07438,10.1,2026-07-01,BSE,2.0
INE04VS07438,10.1465,2026-07-10,NSE,1.44
INE04VS07438,10.0284,2026-07-13,NSE,1.0
INE04VS07438,10.4,2026-07-16,BSE,1.0
INE04VS07438,9.7924,2026-07-20,NSE,1.03
INE04VS07479,10.0747,2026-06-25,NSE,20.02
INE04VS07511,10.3,2026-07-16,BSE,2.5
INE053F07538,5.95,2026-06-09,BSE,64.36
INE053F07538,5.6,2026-07-29,BSE,4.71
INE053F07579,5.3,2026-07-16,BSE,2.0
INE053F07579,5.2,2026-07-17,BSE,2.0
INE053F07579,5.8695,2026-07-28,BSE,3.0
INE053F07728,5.3845,2026-07-30,BSE,9.0
INE053F07983,7.52,2026-06-09,NSE,5.0
INE053F07983,7.05,2026-07-08,NSE,35.0
INE053F07983,7.3,2026-07-09,NSE,5.0
INE053F07983,7.13,2026-07-10,NSE,5.0
INE053F07983,7.43,2026-07-21,NSE,5.0
INE053F07983,7.18,2026-07-30,NSE,75.0
INE053F07AA7,7.5,2026-06-17,NSE,10.0
INE053F07AB5,7.35,2026-06-12,NSE,5.0
INE053F07AB5,7.24,2026-06-29,NSE,5.0
INE053F07AB5,7.2,2026-07-01,NSE,5.0
INE053F07AB5,7.15,2026-07-07,NSE,5.0
INE053F07AB5,7.42,2026-07-17,NSE,5.0
INE053F07AC3,7.195,2026-07-01,NSE,75.0
INE053F07AY7,7.27,2026-07-15,NSE,25.0
INE053F07AY7,7.25,2026-07-16,NSE,50.0
INE053F07AY7,7.205,2026-07-23,NSE,40.0
INE053F07BC1,7.4,2026-06-08,NSE,25.0
INE053F07BC1,7.2,2026-06-10,NSE,25.0
INE053F07BC1,7.2588,2026-06-11,NSE,50.0
INE053F07BC1,7.11,2026-06-15,NSE,25.0
INE053F07BC1,7.11,2026-06-18,NSE,25.0
INE053F07BE7,6.97,2026-06-30,NSE,55.0
INE053F07BS7,7.47,2026-06-19,NSE,5.0
INE053F07BT5,7.47,2026-06-19,NSE,5.0
INE053F07BU3,7.405,2026-06-08,NSE,25.0
INE053F07BU3,7.2,2026-07-14,NSE,25.0
INE053F07BU3,7.225,2026-07-30,NSE,50.0
INE053F07BW9,7.1833,2026-06-10,NSE,300.0
INE053F07BW9,7.1667,2026-06-17,NSE,75.0
INE053F07BW9,7.18,2026-07-16,NSE,135.0
INE053F07BW9,7.25,2026-07-24,NSE,50.0
INE053F07BY5,7.19,2026-07-16,NSE,80.0
INE053F07BY5,7.26,2026-07-24,NSE,25.0
INE053F07CS5,7.4775,2026-07-23,NSE,50.0
INE053F07CT3,7.4794,2026-06-23,NSE,30.0
INE053F07CT3,7.4778,2026-06-25,NSE,15.0
INE053F08106,7.3006,2026-06-16,NSE,80.0
INE053F08106,7.27,2026-06-22,NSE,75.0
INE053F08106,7.2,2026-06-25,NSE,25.0
INE053F08122,7.365,2026-06-09,NSE,50.0
INE053F08122,7.3,2026-06-15,NSE,25.0
INE053F08122,7.3,2026-06-16,NSE,75.0
INE053F08122,7.13,2026-07-08,NSE,25.0
INE053F08122,7.24,2026-07-15,NSE,25.0
INE053F08247,7.31,2026-07-15,NSE,100.0
INE053F08304,7.35,2026-06-15,NSE,75.0
INE053F08304,7.25,2026-06-16,NSE,25.0
INE053F08304,7.125,2026-06-25,NSE,50.0
INE053F08304,6.81,2026-06-30,NSE,25.0
INE053F08304,6.7467,2026-07-01,NSE,75.0
INE053F08304,6.55,2026-07-02,NSE,125.0
INE053F08304,6.55,2026-07-03,NSE,74.0
INE053F08304,6.95,2026-07-13,NSE,25.0
INE053F08304,6.97,2026-07-16,NSE,140.0
INE053F08304,7.1,2026-07-21,NSE,50.0
INE053F08304,7.05,2026-07-23,NSE,50.0
INE053F08304,7.0,2026-07-27,NSE,75.0
INE053F08304,7.008,2026-07-28,NSE,250.0
INE053F08304,7.05,2026-07-29,NSE,185.0
INE053F08304,7.05,2026-07-30,NSE,173.0
INE053F08312,7.3,2026-06-09,NSE,25.0
INE053F08312,7.35,2026-06-15,NSE,100.0
INE053F08312,7.3,2026-06-16,NSE,25.0
INE053F08312,7.125,2026-06-25,NSE,50.0
INE053F08312,7.1,2026-06-29,NSE,65.0
INE053F08312,6.67,2026-07-01,NSE,25.0
INE053F08312,7.04,2026-07-15,NSE,25.0
INE053F08312,7.1,2026-07-21,NSE,50.0
INE053F08312,7.05,2026-07-23,NSE,25.0
INE053F08312,7.0,2026-07-24,NSE,125.0
INE053F08312,7.0,2026-07-27,NSE,150.0
INE053F08312,7.05,2026-07-29,NSE,50.0
INE053F08320,7.3,2026-06-11,NSE,25.0
INE053F08338,7.3208,2026-06-10,NSE,60.0
INE053F08338,7.3,2026-06-11,NSE,25.0
INE053F08338,7.15,2026-06-29,NSE,25.0
INE053F08353,7.4,2026-06-08,NSE,25.0
INE053F08353,7.22,2026-06-10,NSE,25.0
INE053F08353,7.22,2026-06-11,NSE,75.0
INE053F08353,7.18,2026-06-12,NSE,25.0
INE053F08353,7.15,2026-06-15,NSE,25.0
INE053F08353,7.08,2026-07-08,NSE,50.0
INE053F08353,7.175,2026-07-14,NSE,50.0
INE053F08353,7.244,2026-07-20,NSE,125.0
INE053F08353,7.13,2026-07-29,NSE,50.0
INE053F08387,7.2033,2026-06-10,NSE,75.0
INE053F08387,7.19,2026-06-11,NSE,25.0
INE053F08387,7.27,2026-07-24,NSE,100.0
INE053F08411,7.4,2026-06-08,NSE,25.0
INE053F08411,7.37,2026-06-09,NSE,150.0
INE053F08411,7.196,2026-06-10,NSE,125.0
INE053F08411,7.22,2026-06-11,NSE,25.0
INE053F08411,7.1875,2026-06-12,NSE,40.0
INE053F08411,7.165,2026-06-15,NSE,60.0
INE053F08411,6.97,2026-06-30,NSE,50.0
INE053F08411,6.95,2026-07-02,NSE,25.0
INE053F08411,7.05,2026-07-08,NSE,150.0
INE053F08411,7.13,2026-07-09,NSE,100.0
INE053F08411,7.12,2026-07-13,NSE,75.0
INE053F08411,7.1783,2026-07-14,NSE,75.0
INE053F08411,7.25,2026-07-20,NSE,75.0
INE053F08411,7.27,2026-07-23,NSE,50.0
INE053F08411,7.25,2026-07-24,NSE,100.0
INE053F08452,7.3554,2026-07-22,BSE,10.0
INE053F08452,6.8777,2026-07-23,NSE,20.0
INE053F08486,7.505,2026-06-12,NSE,40.0
INE053F08486,7.3367,2026-07-10,NSE,75.0
INE053F08494,7.23,2026-06-11,NSE,75.0
INE053F08494,7.18,2026-06-12,NSE,150.0
INE053F08494,7.18,2026-06-18,NSE,25.0
INE053F08494,7.08,2026-06-25,NSE,75.0
INE053F08494,6.99,2026-07-06,NSE,50.0
INE053F08502,7.45,2026-06-08,NSE,50.0
INE053F08502,7.23,2026-06-10,NSE,125.0
INE053F08502,7.246,2026-06-11,NSE,125.0
INE053F08510,7.28,2026-06-11,NSE,50.0
INE053F08510,7.28,2026-07-14,NSE,100.0
INE053F08510,7.3,2026-07-20,NSE,10.0
INE053F08536,6.9,2026-06-12,NSE,25.0
INE053F08536,6.8996,2026-06-15,BSE,25.0
INE053F08536,6.8524,2026-06-16,BSE,52.5
INE053F08536,6.8905,2026-06-17,BSE,34.8
INE053F08536,6.7918,2026-06-18,BSE,34.8
INE053F08536,6.7893,2026-06-19,BSE,60.8
INE053F08536,6.7755,2026-06-23,BSE,20.0
INE053F08536,6.8647,2026-06-29,BSE,30.5
INE053F08536,6.87,2026-07-28,NSE,4.0
INE053F08536,6.9266,2026-07-30,BSE,39.0
INE053F09EL2,7.3,2026-06-18,NSE,5.0
INE055A08052,7.7,2026-06-30,NSE,10.0
INE05TX07090,8.48,2026-06-30,BSE,24.7
INE05TX07090,7.97,2026-07-08,BSE,10.2
INE05TX07090,7.85,2026-07-10,NSE,24.7
INE05TX07090,7.95,2026-07-14,BSE,16.25
INE05XN08018,13.975,2026-07-28,BSE,20.0
INE061T07029,16.9843,2026-06-11,BSE,12.0
INE061T07029,16.638,2026-06-12,BSE,9.25
INE061T07029,16.4035,2026-06-15,BSE,4.25
INE061T07029,16.4272,2026-06-16,BSE,9.75
INE061T07029,16.98,2026-06-17,BSE,1.0
INE061T07029,16.0,2026-06-18,BSE,1.25
INE061T07029,16.0,2026-06-30,BSE,2.25
INE061T07029,16.0,2026-07-01,BSE,1.25
INE061T07029,16.0,2026-07-02,BSE,7.0
INE062A08231,7.28,2026-07-10,NSE,21.5
INE062A08280,8.25,2026-06-12,NSE,3.0
INE062A08280,8.07,2026-06-16,NSE,3.0
INE062A08280,7.3,2026-06-17,BSE,3.0
INE062A08280,7.575,2026-06-24,BSE,10.0
INE062A08280,7.75,2026-07-10,NSE,80.0
INE062A08280,7.55,2026-07-13,BSE,4.0
INE062A08280,7.65,2026-07-15,NSE,160.0
INE062A08280,8.05,2026-07-27,NSE,15.0
INE062A08280,7.498,2026-07-28,NSE,15.0
INE062A08298,8.2,2026-06-11,BSE,2.0
INE062A08298,8.18,2026-06-15,BSE,2.0
INE062A08298,7.0786,2026-07-06,BSE,20.0
INE062A08298,7.6,2026-07-28,BSE,2.0
INE062A08298,8.0167,2026-07-29,NSE,15.0
INE062A08306,7.75,2026-06-29,BSE,15.0
INE062A08306,7.55,2026-06-30,BSE,10.0
INE062A08306,7.75,2026-07-10,NSE,10.0
INE062A08306,7.65,2026-07-15,NSE,20.0
INE062A08306,7.75,2026-07-23,BSE,20.0
INE062A08306,7.97,2026-07-24,BSE,20.0
INE062A08306,7.6502,2026-07-27,BSE,10.0
INE062A08314,8.2,2026-06-09,BSE,4.0
INE062A08314,7.92,2026-07-02,BSE,2.0
INE062A08314,7.85,2026-07-03,BSE,2.0
INE062A08314,7.8449,2026-07-14,BSE,2.0
INE062A08314,7.8347,2026-07-16,BSE,2.0
INE062A08355,7.6794,2026-06-29,BSE,4.0
INE062A08371,7.915,2026-06-30,BSE,10.0
INE062A08371,7.9082,2026-07-01,NSE,30.0
INE062A08371,7.9105,2026-07-02,NSE,10.0
INE062A08371,7.7056,2026-07-16,NSE,3.0
INE062A08371,7.8439,2026-07-17,NSE,7.0
INE062A08371,7.9065,2026-07-20,NSE,10.0
INE062A08405,7.59,2026-06-18,NSE,25.0
INE062A08405,7.51,2026-06-19,NSE,25.0
INE062A08421,7.44,2026-06-25,NSE,50.0
INE062A08447,7.425,2026-06-09,NSE,10.0
INE062A08454,7.4161,2026-06-16,BSE,10.0
INE062A08454,6.935,2026-06-17,NSE,20.0
INE065507BN0,12.1068,2026-07-24,NSE,2.52
INE06E507371,14.076,2026-06-19,BSE,1.0
INE06E507371,12.6353,2026-06-24,BSE,3.0
INE06E507371,14.0913,2026-06-25,BSE,5.0
INE06E507371,11.5,2026-07-09,BSE,2.0
INE06E507371,13.0,2026-07-17,BSE,2.5
INE06E507371,12.9117,2026-07-30,BSE,2.0
INE06E507397,15.5,2026-06-23,BSE,20.0
INE06E507397,15.5,2026-07-09,BSE,7.1
INE06E507397,15.9863,2026-07-20,BSE,7.3
INE06E507397,14.9528,2026-07-28,BSE,12.7
INE06E507397,13.341,2026-07-30,BSE,19.4
INE06E507405,16.0,2026-06-16,BSE,15.0
INE06E507405,12.6491,2026-06-24,BSE,16.0
INE06E507405,13.0,2026-06-29,BSE,7.9
INE06E507405,16.0,2026-07-09,BSE,15.0
INE06E507405,11.0,2026-07-17,BSE,3.0
INE06E507405,15.5,2026-07-20,BSE,7.1
INE06E507405,16.4,2026-07-22,BSE,1.5
INE06E507405,15.4487,2026-07-27,BSE,7.8
INE06E507405,13.7357,2026-07-28,BSE,12.1
INE06E507405,17.7857,2026-07-30,BSE,14.0
INE06E507413,16.0,2026-07-02,BSE,1.3
INE06E507413,11.5,2026-07-03,BSE,1.3
INE06E507413,12.4828,2026-07-30,BSE,2.9
INE06E507439,12.1958,2026-06-18,BSE,6.0
INE06E507439,16.0,2026-06-19,BSE,1.0
INE06E507439,12.4343,2026-06-22,BSE,2.0
INE06E507439,12.5056,2026-06-24,BSE,13.0
INE06E507439,15.2409,2026-07-01,BSE,1.1
INE06E507439,16.0,2026-07-23,BSE,1.0
INE06E507454,16.5,2026-06-11,BSE,2.9
INE06E507454,13.5006,2026-06-12,BSE,4.2
INE06E507454,16.0143,2026-06-16,BSE,14.0
INE06E507454,13.0,2026-06-17,BSE,4.0
INE06E507454,12.993,2026-06-18,BSE,4.7
INE06E507454,13.4253,2026-06-19,BSE,5.2
INE06E507454,16.0,2026-06-23,BSE,3.7
INE06E507454,12.6723,2026-06-24,BSE,13.0
INE06E507454,16.0,2026-06-29,BSE,3.7
INE06E507454,15.2981,2026-07-02,BSE,2.6
INE06E507454,11.5595,2026-07-03,BSE,2.1
INE06E507454,12.9091,2026-07-17,BSE,1.1
INE06E507454,15.711,2026-07-27,BSE,3.1
INE06E507462,14.7112,2026-06-19,BSE,2.8
INE06E507462,12.6429,2026-06-22,BSE,2.1
INE06E507462,12.6728,2026-06-24,BSE,9.0
INE06E507462,12.3416,2026-07-01,BSE,10.5
INE06E507462,14.5456,2026-07-03,BSE,5.5
INE06E507462,12.3038,2026-07-07,BSE,11.7
INE06E507462,12.2556,2026-07-08,BSE,3.5
INE06E507462,12.3105,2026-07-09,BSE,5.1
INE06E507462,14.125,2026-07-10,BSE,6.0
INE06E507462,13.0198,2026-07-22,BSE,2.0
INE06E507462,14.6208,2026-07-23,BSE,5.4
INE06E507462,15.0,2026-07-30,BSE,8.8
INE06E507470,12.1133,2026-06-12,BSE,10.0
INE06E507470,15.5,2026-06-23,BSE,10.0
INE06E507470,12.1805,2026-06-24,BSE,20.0
INE06E507470,15.834,2026-06-29,BSE,11.9
INE06E507470,17.25,2026-06-30,BSE,8.8
INE06E507470,16.25,2026-07-09,BSE,5.3
INE06E507470,17.25,2026-07-10,BSE,7.6
INE06E507488,15.5,2026-06-09,BSE,1.0
INE06E507488,14.0882,2026-06-18,BSE,1.7
INE06E507488,12.555,2026-06-22,BSE,2.0
INE06E507488,12.0977,2026-06-23,BSE,2.6
INE06E507488,12.9286,2026-06-24,BSE,1.4
INE06E507488,14.0935,2026-06-25,BSE,1.1
INE06E507488,12.938,2026-06-29,BSE,4.6
INE06E507488,12.9632,2026-07-17,BSE,1.3
INE06E507488,12.33,2026-07-21,BSE,1.3
INE06E507496,14.545,2026-06-11,BSE,2.0
INE06E507496,16.5,2026-06-19,BSE,5.0
INE06E507496,11.6276,2026-06-24,BSE,1.0
INE06E507496,13.2333,2026-06-25,BSE,1.5
INE06E507496,12.8392,2026-06-30,BSE,7.1
INE06E507496,12.458,2026-07-01,BSE,6.4
INE06E507496,16.0,2026-07-03,BSE,1.0
INE06E507496,15.25,2026-07-06,BSE,1.1
INE06E507496,11.6369,2026-07-07,BSE,4.4
INE06E507496,14.8856,2026-07-14,BSE,8.3
INE06E507496,11.7621,2026-07-20,BSE,3.3
INE06E507496,14.6,2026-07-28,BSE,1.3
INE06WU07064,10.8138,2026-07-27,NSE,2.93
INE06WU07064,10.8216,2026-07-28,NSE,2.06
INE06WU07064,10.8,2026-07-29,NSE,1.72
INE06WU07064,10.8038,2026-07-30,NSE,1.56
INE06WU07072,11.3,2026-06-22,BSE,4.58
INE06WU07072,10.8463,2026-07-07,BSE,2.75
INE06WU07072,10.8124,2026-07-28,BSE,2.75
INE071G07660,7.59,2026-06-19,BSE,15.0
INE071G07694,6.9,2026-06-16,NSE,125.0
INE071G07876,7.2815,2026-07-21,NSE,200.0
INE071G07876,7.2812,2026-07-22,NSE,200.0
INE076I07020,12.7215,2026-06-30,BSE,1.6
INE076I07020,12.6174,2026-07-02,BSE,1.55
INE076I07020,12.2521,2026-07-27,BSE,2.0
INE076I07038,12.4822,2026-06-18,BSE,1.57
INE076I07038,12.9818,2026-06-30,BSE,1.54
INE076I07038,14.3102,2026-07-10,BSE,10.46
INE076I07038,14.2107,2026-07-24,BSE,10.42
INE076I07038,12.1152,2026-07-27,BSE,2.41
INE076I07038,12.5709,2026-07-30,BSE,1.09
INE076I07053,12.6632,2026-06-10,BSE,13.68
INE076I07053,12.4714,2026-06-11,BSE,10.5
INE076I07053,12.7564,2026-06-16,BSE,3.38
INE076I07053,13.119,2026-06-17,BSE,1.82
INE076I07053,11.6126,2026-06-18,BSE,1.34
INE076I07053,10.9492,2026-06-29,BSE,10.61
INE076I07053,13.594,2026-07-01,BSE,4.04
INE076I07053,12.4185,2026-07-02,BSE,27.84
INE07HK07791,10.485,2026-06-08,BSE,2.6
INE07HK07809,10.5,2026-06-12,NSE,3.19
INE07HK07809,10.4909,2026-06-16,NSE,1.49
INE07HK07809,10.4124,2026-06-23,NSE,1.31
INE07HK07809,10.1021,2026-06-24,NSE,1.18
INE07HK07809,10.32,2026-06-25,NSE,3.18
INE07HK07809,10.0919,2026-06-29,NSE,1.61
INE07HK07809,10.9,2026-07-03,BSE,1.1
INE07HK07809,10.1976,2026-07-06,NSE,1.53
INE07HK07809,10.235,2026-07-07,NSE,3.5
INE07HK07809,9.3096,2026-07-13,NSE,1.17
INE07HK07817,10.725,2026-06-09,BSE,1.28
INE07HK07817,11.93,2026-06-24,BSE,5.0
INE07HK07817,11.929,2026-06-25,BSE,5.0
INE07HK07817,10.45,2026-07-14,BSE,2.0
INE07HK07817,10.9792,2026-07-16,BSE,6.24
INE07HK07817,10.755,2026-07-23,BSE,7.24
INE07HK07825,11.9588,2026-06-12,NSE,4.22
INE07HK07825,11.15,2026-06-15,BSE,1.5
INE07HK07825,10.7697,2026-06-19,NSE,1.01
INE07HK07825,10.8096,2026-06-22,NSE,1.73
INE07HK07825,11.93,2026-06-24,BSE,3.9
INE07HK07825,11.929,2026-06-25,BSE,3.9
INE07HK07825,11.1424,2026-07-08,BSE,1.51
INE07HK07825,11.5,2026-07-13,BSE,3.0
INE07HK07825,11.4762,2026-07-14,BSE,3.0
INE07HK07825,10.7672,2026-07-20,BSE,1.45
INE07HK07825,10.78,2026-07-23,BSE,20.0
INE07HK07841,10.373,2026-06-08,NSE,5.35
INE07HK07841,10.9641,2026-06-09,BSE,11.24
INE07HK07841,10.9903,2026-06-10,NSE,3.89
INE07HK07841,10.503,2026-06-11,BSE,42.7
INE07HK07841,10.9102,2026-06-12,NSE,3.28
INE07HK07841,10.4831,2026-06-15,NSE,2.88
INE07HK07841,10.823,2026-06-16,BSE,26.92
INE07HK07841,10.9202,2026-06-17,NSE,1.88
INE07HK07841,10.945,2026-06-18,BSE,2.12
INE07HK07841,10.9165,2026-06-19,BSE,4.85
INE07HK07841,10.2363,2026-06-22,NSE,1.34
INE07HK07841,10.9681,2026-06-23,BSE,10.02
INE07HK07841,10.0401,2026-06-24,BSE,31.14
INE07HK07841,10.9964,2026-06-25,BSE,25.1
INE07HK07841,10.9374,2026-06-29,BSE,20.11
INE07HK07841,10.9784,2026-06-30,BSE,11.12
INE07HK07841,10.962,2026-07-01,BSE,6.22
INE07HK07841,10.4894,2026-07-02,NSE,1.49
INE07HK07841,10.97,2026-07-03,BSE,1.16
INE07HK07841,10.9095,2026-07-06,BSE,2.75
INE07HK07841,10.5888,2026-07-07,NSE,1.86
INE07HK07841,10.8821,2026-07-08,BSE,26.18
INE07HK07841,9.25,2026-07-09,BSE,2.0
INE07HK07841,11.0715,2026-07-13,BSE,5.22
INE07HK07841,10.7294,2026-07-14,BSE,5.51
INE07HK07841,10.7546,2026-07-15,BSE,11.42
INE07HK07841,10.9835,2026-07-16,NSE,6.14
INE07HK07841,10.9996,2026-07-17,NSE,4.63
INE07HK07841,10.5413,2026-07-20,NSE,2.11
INE07HK07841,10.77,2026-07-21,BSE,1.26
INE07HK07841,10.97,2026-07-22,BSE,9.52
INE07HK07841,10.7895,2026-07-23,BSE,2.82
INE07HK07841,10.969,2026-07-24,BSE,20.3
INE07HK07841,10.9053,2026-07-27,BSE,17.13
INE07HK07841,11.108,2026-07-28,BSE,5.98
INE07HK07841,10.2561,2026-07-29,BSE,13.62
INE07HK07866,11.0156,2026-06-08,NSE,2.92
INE07HK07866,10.9985,2026-06-10,BSE,5.01
INE07HK07866,11.15,2026-06-11,BSE,5.0
INE07HK07866,11.478,2026-06-12,NSE,4.27
INE07HK07866,11.15,2026-06-15,BSE,1.5
INE07HK07866,11.0012,2026-06-16,NSE,1.62
INE07HK07866,11.73,2026-06-24,BSE,5.3
INE07HK07866,11.729,2026-06-25,BSE,5.3
INE07HK07866,10.8235,2026-06-29,NSE,1.25
INE07HK07866,11.895,2026-07-02,BSE,5.0
INE07HK07866,11.8867,2026-07-07,BSE,5.01
INE07HK07866,11.5071,2026-07-20,NSE,2.07
INE07HK07866,11.6409,2026-07-21,NSE,1.33
INE07HK07866,11.5823,2026-07-27,NSE,2.84
INE07HK07866,11.265,2026-07-28,NSE,1.01
INE07PX08019,8.0013,2026-07-20,NSE,25.0
INE07PX08019,9.215,2026-07-22,BSE,100.0
INE07PX08019,9.1526,2026-07-23,BSE,50.0
INE07PX08019,8.9244,2026-07-29,NSE,40.0
INE081A08330,7.62,2026-06-12,NSE,100.0
INE081A08330,7.57,2026-07-16,NSE,45.0
INE081J07010,9.25,2026-07-13,NSE,100.0
INE081J07028,9.25,2026-07-13,NSE,100.0
INE084A08169,8.25,2026-07-07,BSE,10.0
INE084A08169,8.1,2026-07-09,BSE,10.0
INE084A08169,7.7,2026-07-10,BSE,10.0
INE084A08169,8.14,2026-07-22,BSE,5.0
INE084A08169,7.6,2026-07-23,BSE,5.0
INE084A08169,8.24,2026-07-27,BSE,7.0
INE084A08169,8.24,2026-07-28,BSE,2.0
INE084A08169,8.24,2026-07-29,BSE,1.0
INE084A08185,7.7597,2026-06-12,BSE,3.0
INE084A08185,7.6544,2026-06-15,NSE,6.9
INE084A08185,7.52,2026-07-14,NSE,5.0
INE084A08185,7.5071,2026-07-15,NSE,15.0
INE084A08185,7.8653,2026-07-23,BSE,2.0
INE084A08185,7.192,2026-07-28,BSE,2.0
INE087P07451,9.07,2026-06-25,BSE,2.15
INE08E807159,11.1814,2026-06-10,BSE,1.67
INE08E807159,11.2843,2026-06-19,BSE,1.24
INE08E807159,11.0641,2026-06-24,BSE,1.03
INE08E807167,11.2186,2026-06-19,BSE,2.15
INE08E807167,11.2,2026-06-22,NSE,4.0
INE08E807167,9.9516,2026-06-23,BSE,10.1
INE08E807167,11.3491,2026-06-24,NSE,5.51
INE08E807167,11.3985,2026-06-25,BSE,10.01
INE08E807167,11.1115,2026-06-29,NSE,6.49
INE08E807167,11.743,2026-06-30,BSE,10.0
INE08E807167,10.5229,2026-07-01,NSE,2.39
INE08E807167,11.2276,2026-07-02,NSE,7.57
INE08E807167,10.5717,2026-07-06,NSE,2.82
INE08E807167,11.4361,2026-07-09,BSE,4.02
INE08E807167,10.4002,2026-07-13,NSE,1.62
INE08E807167,11.355,2026-07-20,BSE,3.39
INE08E807167,10.3981,2026-07-27,NSE,1.29
INE08E807183,10.37,2026-07-20,BSE,5.0
INE08E807183,10.37,2026-07-21,BSE,5.0
INE08E807183,10.6135,2026-07-22,NSE,1.92
INE08E807183,11.55,2026-07-23,BSE,3.0
INE08E807183,10.5781,2026-07-27,NSE,1.09
INE08E807183,10.33,2026-07-28,BSE,5.0
INE08GI08017,14.0,2026-06-18,NSE,25.0
INE08GI08017,11.3,2026-06-19,BSE,10.0
INE08GI08017,11.3,2026-06-30,BSE,5.0
INE08GI08017,11.5,2026-07-07,BSE,5.0
INE08GI08017,12.66,2026-07-09,BSE,25.0
INE08GI08017,13.0,2026-07-15,BSE,20.0
INE08GI08017,13.5,2026-07-17,BSE,1.0
INE08GI08017,14.0,2026-07-21,BSE,1.0
INE08GI08017,14.25,2026-07-23,BSE,4.9
INE08GI08017,14.25,2026-07-28,BSE,2.5
INE08KJ07100,12.8,2026-06-30,BSE,4.18
INE08KJ07118,12.8,2026-06-30,BSE,4.18
INE08KJ07183,11.3526,2026-06-15,NSE,1.07
INE08KJ07191,11.0859,2026-06-15,NSE,2.24
INE08KJ07191,11.9091,2026-06-16,BSE,3.85
INE08KJ07191,11.75,2026-06-18,BSE,8.0
INE08KJ07191,11.1481,2026-06-19,BSE,11.5
INE08KJ07191,11.0299,2026-06-22,BSE,10.0
INE08KJ07191,11.8418,2026-06-25,BSE,17.0
INE08KJ07191,11.0961,2026-06-29,NSE,4.8
INE08KJ07191,11.0877,2026-06-30,NSE,2.85
INE08KJ07191,11.833,2026-07-01,BSE,56.0
INE08KJ07191,11.1737,2026-07-02,NSE,2.0
INE08KJ07191,11.087,2026-07-03,NSE,1.06
INE08KJ07191,11.0899,2026-07-06,NSE,2.85
INE08KJ07191,11.0751,2026-07-07,NSE,2.35
INE08KJ07191,11.0821,2026-07-08,NSE,1.22
INE08KJ07191,11.0348,2026-07-09,NSE,1.3
INE08KJ07191,11.0804,2026-07-10,NSE,1.12
INE08KJ07191,10.9942,2026-07-13,BSE,12.5
INE08KJ07191,11.4939,2026-07-14,BSE,2.05
INE08KJ07191,11.75,2026-07-17,BSE,2.0
INE08KJ07191,12.0,2026-07-20,BSE,2.85
INE08KJ07191,11.0702,2026-07-22,NSE,1.98
INE08KJ07191,11.0684,2026-07-23,NSE,1.51
INE08KJ07191,11.12,2026-07-24,NSE,1.16
INE08KJ07191,11.8143,2026-07-27,BSE,3.5
INE08KJ07191,11.8,2026-07-28,BSE,5.0
INE08KJ07191,11.825,2026-07-30,BSE,4.0
INE08KJ07217,11.95,2026-07-23,BSE,15.0
INE08KJ07217,10.796,2026-07-28,BSE,1.26
INE08KJ07217,10.451,2026-07-30,BSE,5.55
INE08OI07021,15.9993,2026-07-01,BSE,14.0
INE08OI07021,15.3105,2026-07-07,BSE,14.0
INE08OI07021,15.3048,2026-07-08,BSE,14.0
INE08OI07021,15.3603,2026-07-13,BSE,10.0
INE08OI07021,15.445,2026-07-20,BSE,8.0
INE08X507525,14.2292,2026-06-25,BSE,9.12
INE08X507640,14.8601,2026-06-08,BSE,2.25
INE08X507665,14.93,2026-06-12,BSE,1.82
INE08X507665,14.93,2026-06-19,BSE,1.94
INE08X507665,11.1952,2026-07-15,BSE,1.32
INE08X507665,14.4353,2026-07-17,BSE,1.33
INE08XA07045,11.2874,2026-07-06,BSE,1.5
INE08XA07052,11.5729,2026-06-09,BSE,3.02
INE08XP07324,18.3266,2026-07-07,BSE,1.68
INE08XP07324,15.2907,2026-07-16,BSE,30.0
INE08XP07324,15.6,2026-07-30,BSE,1.97
INE08XP07423,12.8571,2026-07-08,BSE,1.4
INE08XP07464,14.85,2026-07-10,BSE,3.1
INE08XP07464,14.85,2026-07-23,BSE,2.0
INE08XP07480,13.6833,2026-06-08,BSE,3.39
INE08XP07480,13.6814,2026-06-09,BSE,1.55
INE08XP07480,13.6917,2026-06-10,BSE,2.16
INE08XP07480,13.747,2026-06-11,BSE,1.94
INE08XP07480,13.7295,2026-06-12,BSE,2.4
INE08XP07480,13.6985,2026-06-15,BSE,4.0
INE08XP07480,13.6994,2026-06-16,BSE,2.03
INE08XP07480,13.7506,2026-06-17,BSE,2.8
INE08XP07480,13.6964,2026-06-18,BSE,1.64
INE08XP07480,13.7212,2026-06-19,BSE,1.49
INE08XP07480,13.7285,2026-06-22,BSE,4.1
INE08XP07480,13.6996,2026-06-23,BSE,2.16
INE08XP07480,13.7302,2026-06-24,BSE,2.48
INE08XP07480,13.6942,2026-06-25,BSE,1.77
INE08XP07480,13.6251,2026-06-29,BSE,4.96
INE08XP07480,13.6244,2026-06-30,BSE,2.65
INE08XP07480,13.6258,2026-07-01,BSE,2.68
INE08XP07480,13.6255,2026-07-02,BSE,1.95
INE08XP07480,13.549,2026-07-03,BSE,1.26
INE08XP07480,13.5325,2026-07-06,BSE,2.42
INE08XP07480,13.4915,2026-07-08,BSE,1.04
INE08XP07480,13.6299,2026-07-10,BSE,1.08
INE08XP07480,13.6386,2026-07-13,BSE,2.73
INE08XP07480,13.6078,2026-07-15,BSE,1.2
INE08XP07480,13.6423,2026-07-16,BSE,1.5
INE08XP07480,13.6251,2026-07-17,BSE,1.05
INE08XP07480,13.2817,2026-07-20,BSE,1.21
INE08XP07480,13.2281,2026-07-27,BSE,2.31
INE08XP07480,13.2176,2026-07-28,BSE,1.27
INE08XP07480,13.2262,2026-07-29,BSE,1.12
INE08XP07480,13.2316,2026-07-30,BSE,1.95
INE08XP07498,11.3546,2026-06-08,BSE,18.35
INE08XP07498,15.1887,2026-06-09,BSE,38.56
INE08XP07498,13.1936,2026-06-10,BSE,18.26
INE08XP07498,14.8283,2026-06-11,BSE,9.56
INE08XP07498,12.3657,2026-06-12,BSE,12.1
INE08XP07498,15.4993,2026-06-15,BSE,18.23
INE08XP07498,14.5733,2026-06-16,BSE,23.75
INE08XP07498,15.8729,2026-06-17,BSE,13.91
INE08XP07498,12.4736,2026-06-18,BSE,13.43
INE08XP07498,15.1687,2026-06-19,BSE,13.37
INE08XP07498,13.1492,2026-06-22,BSE,3.74
INE08XP07498,15.3445,2026-06-23,NSE,4.09
INE08XP07498,15.1615,2026-06-24,NSE,2.92
INE08XP07498,14.8315,2026-06-25,NSE,3.38
INE08XP07498,14.8794,2026-06-29,NSE,8.03
INE08XP07498,15.6006,2026-06-30,NSE,6.48
INE08XP07498,14.4609,2026-07-01,BSE,7.69
INE08XP07498,15.222,2026-07-02,NSE,6.91
INE08XP07498,15.1394,2026-07-03,BSE,6.82
INE08XP07498,15.0462,2026-07-06,NSE,2.91
INE08XP07498,15.6795,2026-07-07,BSE,1.98
INE08XP07498,15.8628,2026-07-09,BSE,3.52
INE08XP07498,14.1597,2026-07-10,BSE,5.98
INE08XP07498,15.3014,2026-07-13,NSE,3.31
INE08XP07498,15.2094,2026-07-20,BSE,1.74
INE08XP07498,12.4241,2026-07-27,BSE,1.2
INE08XP07506,16.0,2026-06-09,BSE,3.5
INE08XP07506,15.3968,2026-06-10,BSE,28.36
INE08XP07506,15.0641,2026-06-12,BSE,3.61
INE08XP07506,14.8781,2026-06-15,BSE,3.88
INE08XP07506,14.6429,2026-06-16,BSE,3.3
INE08XP07506,13.3207,2026-06-17,BSE,1.79
INE08XP07506,12.86,2026-06-19,BSE,1.06
INE08XP07506,13.3123,2026-06-23,BSE,1.67
INE08XP07506,13.4109,2026-06-25,BSE,1.05
INE08XP07506,15.4738,2026-06-29,BSE,6.39
INE08XP07506,13.1378,2026-06-30,BSE,8.5
INE08XP07506,13.3938,2026-07-01,BSE,2.22
INE08XP07506,14.1115,2026-07-02,BSE,3.6
INE08XP07506,14.7926,2026-07-03,BSE,2.22
INE08XP07506,14.3703,2026-07-07,BSE,1.6
INE08XP07506,15.0813,2026-07-09,BSE,1.04
INE08XP07506,15.8532,2026-07-14,BSE,4.1
INE08XP07506,13.6067,2026-07-15,BSE,1.55
INE08XP07506,14.5112,2026-07-16,BSE,1.09
INE08XP07506,11.4081,2026-07-30,BSE,1.08
INE08Z607174,10.2121,2026-07-08,NSE,5.0
INE08Z607174,10.2215,2026-07-16,NSE,5.0
INE090A08TY8,7.5,2026-06-09,NSE,25.0
INE090A08TY8,7.5,2026-06-16,NSE,100.0
INE090A08UE8,7.15,2026-07-01,NSE,40.0
INE090A08UF5,7.5,2026-06-11,NSE,45.0
INE090A08UF5,7.18,2026-07-06,NSE,25.0
INE090A08UF5,7.35,2026-07-09,NSE,75.0
INE090A08UG3,7.4699,2026-06-09,NSE,240.0
INE090A08UG3,7.25,2026-06-25,NSE,50.0
INE090A08UL3,7.545,2026-07-29,NSE,50.0
INE090A08UM1,7.75,2026-07-23,NSE,25.0
INE090A08UM1,7.74,2026-07-24,NSE,25.0
INE090A08UN9,7.65,2026-06-24,BSE,9.0
INE090A08UN9,7.6481,2026-07-08,BSE,9.0
INE090A08UN9,7.5152,2026-07-10,NSE,40.0
INE090W07709,9.2086,2026-06-12,NSE,5.2
INE091A07208,7.95,2026-06-08,NSE,5.0
INE091A07208,8.0,2026-06-09,NSE,120.0
INE091A07208,7.9,2026-06-23,NSE,200.0
INE091A07208,7.8,2026-06-29,NSE,75.0
INE092T08FA3,8.0,2026-07-17,NSE,150.0
INE093J073M3,7.5,2026-07-21,NSE,1.14
INE093J074K5,7.5,2026-07-21,NSE,2.0
INE093J076J2,7.5,2026-07-14,NSE,1.0
INE093J077Q5,7.5,2026-07-13,NSE,1.8
INE093J078I0,7.5,2026-07-09,NSE,1.0
INE093J078Q3,7.5,2026-07-13,NSE,3.0
INE093J08575,9.5,2026-06-29,NSE,10.5
INE093J08575,9.5,2026-06-30,NSE,10.5
INE093J08575,9.5,2026-07-01,NSE,10.5
INE093J08575,9.5,2026-07-14,NSE,10.5
INE093J08609,9.5,2026-06-30,NSE,10.0
INE093J08609,9.5,2026-07-01,NSE,10.0
INE093J08617,9.25,2026-06-30,NSE,3.16
INE093J08617,9.25,2026-07-01,NSE,9.38
INE093J08625,9.0,2026-07-13,NSE,42.44
INE093J08641,9.0,2026-07-13,NSE,50.0
INE093J08658,9.0,2026-06-30,NSE,86.5
INE093J08658,9.0,2026-07-01,NSE,86.5
INE093JA70C9,7.5,2026-06-23,NSE,1.1
INE093JA70F2,7.5,2026-06-16,NSE,1.12
INE093JA70F2,7.5,2026-06-17,NSE,1.12
INE093JA70F2,7.5,2026-06-23,NSE,2.26
INE093JA70F2,7.5,2026-06-25,NSE,1.0
INE093JA70F2,7.5,2026-07-02,NSE,1.28
INE093JA70F2,7.5,2026-07-21,NSE,1.28
INE093JA70G0,7.5,2026-06-09,NSE,1.78
INE093JA70G0,7.5,2026-06-10,NSE,1.78
INE093JA70G0,7.5,2026-06-18,NSE,1.1
INE093JA70G0,7.5,2026-06-19,NSE,1.1
INE093JA70G0,7.5,2026-07-16,NSE,1.65
INE093JA70H8,7.5,2026-06-25,NSE,2.12
INE093JA70I6,7.5,2026-07-09,NSE,1.2
INE093JA70I6,7.5,2026-07-14,NSE,1.38
INE093JA70I6,7.5,2026-07-23,NSE,1.63
INE093JA70J4,7.5,2026-06-09,NSE,1.99
INE093JA70L0,7.5,2026-06-09,NSE,5.68
INE093JA70L0,7.5,2026-06-12,NSE,1.38
INE093JA70L0,7.5,2026-06-15,NSE,1.45
INE093JA70L0,7.5,2026-06-16,NSE,3.85
INE093JA70L0,7.5,2026-06-18,NSE,1.17
INE093JA70N6,7.5,2026-07-29,NSE,1.54
INE093JA70O4,7.5,2026-07-23,NSE,1.18
INE093JA70T3,7.5,2026-06-12,NSE,12.0
INE093JA71H6,7.5,2026-07-23,NSE,1.6
INE093JA71J2,7.5,2026-06-11,NSE,2.06
INE093JA72G6,7.5,2026-06-16,NSE,1.8
INE093JA72G6,7.5,2026-06-17,NSE,1.6
INE093JA72G6,7.5,2026-07-02,NSE,1.6
INE093JA72K8,7.5,2026-06-16,NSE,1.64
INE093JA72L6,7.5,2026-06-29,NSE,1.04
INE093JA72L6,7.5,2026-07-03,NSE,1.2
INE093JA72L6,7.5,2026-07-06,NSE,1.2
INE093JA72L6,7.5,2026-07-09,NSE,2.15
INE093JA72L6,7.5,2026-07-21,NSE,1.62
INE093JA72N2,7.5,2026-07-30,NSE,1.22
INE093JA73E9,7.5,2026-06-16,NSE,1.41
INE093JA73E9,7.5,2026-06-17,NSE,1.29
INE093JA73E9,7.5,2026-06-23,NSE,2.87
INE093JA73K6,7.5,2026-07-21,NSE,1.07
INE093JA73Q3,7.5,2026-06-11,NSE,2.4
INE093JA73U5,7.5,2026-07-28,NSE,1.12
INE093JA74A5,7.5,2026-07-21,NSE,1.07
INE093JA74L2,7.5,2026-07-07,NSE,1.76
INE093JA74N8,7.5,2026-06-16,NSE,1.6
INE093JA74R9,7.5,2026-06-09,NSE,1.6
INE093JA75D6,7.5,2026-06-16,NSE,1.6
INE093JA75E4,7.5,2026-07-09,NSE,1.0
INE093JA75F1,7.5,2026-06-09,NSE,1.73
INE093JA75F1,7.5,2026-06-10,NSE,1.73
INE093JA75F1,7.5,2026-06-11,NSE,1.2
INE093JA75F1,7.5,2026-06-12,NSE,1.2
INE093JA75L9,7.5,2026-07-02,NSE,1.12
INE093JA75L9,7.5,2026-07-13,NSE,2.94
INE093JA75L9,7.5,2026-07-14,NSE,1.16
INE093JA75L9,7.5,2026-07-16,NSE,2.17
INE093JA75L9,7.5,2026-07-21,NSE,1.25
INE093JA75U0,7.5,2026-07-28,NSE,4.0
INE093JA76A0,7.5,2026-07-02,NSE,1.01
INE093JA76F9,7.5,2026-06-09,NSE,2.88
INE093JA76F9,7.5,2026-06-10,NSE,2.88
INE093JA76K9,7.5,2026-06-29,NSE,2.0
INE093JA76R4,7.5,2026-07-30,NSE,1.7
INE093JA77C4,7.5,2026-06-09,NSE,1.32
INE093JA77C4,7.5,2026-06-10,NSE,1.13
INE093JA77E0,7.5,2026-06-16,NSE,1.25
INE093JA77E0,7.5,2026-06-23,NSE,1.01
INE093JA77E0,7.5,2026-07-03,NSE,1.6
INE093JA77E0,7.5,2026-07-06,NSE,1.6
INE093JA77E0,7.5,2026-07-16,NSE,1.74
INE093JA77I1,7.5,2026-06-11,NSE,1.73
INE093JA77I1,7.5,2026-06-12,NSE,1.84
INE093JA77I1,7.5,2026-06-15,NSE,1.56
INE093JA77I1,7.5,2026-06-16,NSE,1.4
INE093JA77J9,7.5,2026-07-23,NSE,1.19
INE093JA77K7,7.5,2026-06-17,NSE,7.76
INE093JA77K7,7.5,2026-06-19,NSE,7.76
INE093JA77M3,7.5,2026-07-14,NSE,1.2
INE093JA77W2,7.5,2026-07-10,NSE,1.6
INE093JA78B4,7.5,2026-06-18,NSE,4.0
INE093JA78B4,7.5,2026-06-19,NSE,4.0
INE093JA78I9,7.5,2026-07-16,NSE,1.52
INE093JA78I9,7.5,2026-07-21,NSE,1.21
INE093JA78I9,7.5,2026-07-23,NSE,1.54
INE093JA78O7,7.5,2026-07-15,NSE,1.2
INE093JA79I7,7.5,2026-06-23,NSE,1.75
INE093JA79I7,7.5,2026-07-13,NSE,1.84
INE093JA79J5,7.5,2026-06-11,NSE,4.73
INE093JA79R8,7.5,2026-07-20,NSE,18.4
INE093JA7BM6,7.5,2026-07-13,NSE,1.78
INE093JA7BP9,7.5,2026-07-13,NSE,1.25
INE093JA7O06,7.5,2026-06-10,NSE,1.06
INE093JA7O55,7.5,2026-06-09,NSE,1.62
INE093JA7O55,7.5,2026-06-10,NSE,1.62
INE093JA7Q79,7.5,2026-06-18,NSE,1.17
INE093JA7Q79,7.5,2026-06-19,NSE,1.17
INE093JA7Q79,7.5,2026-06-23,NSE,1.69
INE093JA7Q95,7.5,2026-06-16,NSE,1.0
INE093JA7Q95,7.5,2026-06-17,NSE,1.0
INE093JA7R86,7.5,2026-06-16,NSE,1.51
INE093JA7R86,7.5,2026-06-18,NSE,5.19
INE093JA7R86,7.5,2026-06-19,NSE,4.54
INE093JA7R94,7.5,2026-07-02,NSE,1.6
INE093JA7S51,7.5,2026-06-25,NSE,2.0
INE093JA7S85,7.5,2026-06-23,NSE,1.6
INE093JA7T68,7.5,2026-07-02,NSE,1.62
INE093JA7V49,7.5,2026-07-21,NSE,1.19
INE093JA7W63,7.5,2026-07-14,NSE,2.06
INE093JA7W71,7.5,2026-07-14,NSE,1.33
INE093JA7W71,7.5,2026-07-21,NSE,1.07
INE093JA7W89,7.5,2026-06-16,NSE,3.47
INE093JA7W89,7.5,2026-06-17,NSE,3.47
INE093JA7W89,7.5,2026-07-16,NSE,1.33
INE093JA7W89,7.5,2026-07-23,NSE,4.0
INE093JA7W89,7.5,2026-07-30,NSE,1.6
INE093JA7Y87,7.5,2026-06-29,NSE,1.28
INE093JB7053,7.5,2026-06-30,NSE,8.0
INE093JB7053,7.5,2026-07-29,NSE,8.0
INE093JB7061,7.5,2026-06-30,NSE,8.0
INE093JB7061,7.5,2026-07-29,NSE,8.0
INE093JB7087,7.5,2026-06-30,NSE,2.0
INE093JB7087,7.5,2026-07-29,NSE,2.0
INE093JB70K0,8.0,2026-07-13,NSE,4.0
INE093JB70M6,8.0,2026-06-29,NSE,1.5
INE093JB71E1,8.0,2026-06-09,NSE,1.2
INE093JB71I2,9.0,2026-07-29,NSE,1.28
INE093JB73A5,8.0,2026-07-09,NSE,1.52
INE093JB73L2,8.0,2026-07-13,NSE,1.22
INE093JB77J7,8.0,2026-07-21,NSE,1.6
INE093JB77R0,8.0,2026-06-09,NSE,1.0
INE093JB78A4,8.0,2026-06-18,NSE,7.2
INE093JB7AR6,7.5,2026-06-11,NSE,1.41
INE093JB7AR6,7.5,2026-06-12,NSE,1.41
INE093JB7C81,8.0,2026-07-13,NSE,1.43
INE093JB7CP6,7.5,2026-06-25,NSE,1.04
INE093JB7CX0,7.5,2026-07-13,NSE,1.0
INE093JB7DT6,7.5,2026-06-23,NSE,1.2
INE093JB7E14,8.0,2026-07-30,NSE,1.08
INE093JB7FH6,7.5,2026-07-21,NSE,1.0
INE093JB7IA5,7.5,2026-06-18,NSE,1.6
INE093JB7IA5,7.5,2026-07-21,NSE,1.3
INE093JB7JD7,7.5,2026-07-29,NSE,1.57
INE093JB7RK5,7.5,2026-06-18,NSE,1.32
INE093JB7SR8,7.5,2026-07-13,NSE,2.72
INE093JB7SU2,7.5,2026-07-13,NSE,1.0
INE093JB7TW6,8.0,2026-07-13,NSE,1.4
INE093JB7VO9,8.0,2026-06-09,NSE,1.2
INE093JB7XE6,8.0,2026-06-16,NSE,2.0
INE093JB7Z35,8.0,2026-07-13,NSE,1.08
INE093JB7ZC5,8.0,2026-06-29,NSE,8.5
INE093JC7EF2,8.0,2026-07-13,NSE,1.76
INE093JC7FW4,8.0,2026-06-18,NSE,12.0
INE094A08168,7.04,2026-06-18,NSE,25.0
INE094A08168,7.01,2026-06-24,NSE,25.0
INE094A08168,6.8,2026-07-06,NSE,50.0
INE094A08168,6.8,2026-07-10,NSE,200.0
INE094A08168,7.03,2026-07-27,NSE,50.0
INE094A08176,7.37,2026-06-08,NSE,75.0
INE09B308044,12.6606,2026-06-08,BSE,15.11
INE09B308044,13.4895,2026-06-09,BSE,1.06
INE09B308044,12.9315,2026-06-11,NSE,2.24
INE09B308044,13.2403,2026-06-17,BSE,20.23
INE09B308044,13.0545,2026-06-25,NSE,5.05
INE09B308044,13.05,2026-07-01,BSE,1.52
INE09B308044,12.9733,2026-07-02,NSE,5.4
INE09B308044,12.8255,2026-07-03,NSE,1.39
INE09B308044,13.097,2026-07-06,BSE,12.05
INE09B308044,13.4293,2026-07-07,BSE,1.22
INE09B308044,13.4128,2026-07-20,BSE,2.23
INE09B308044,12.7403,2026-07-27,BSE,2.26
INE0A3007073,11.8,2026-06-29,NSE,9.7
INE0A3007073,11.8,2026-06-30,NSE,3.73
INE0A3007073,11.8,2026-07-01,NSE,5.56
INE0A3007073,11.8,2026-07-02,NSE,4.11
INE0A3007073,11.8,2026-07-03,NSE,3.06
INE0A3007073,11.7997,2026-07-06,NSE,4.05
INE0AD507168,8.44,2026-06-22,NSE,50.0
INE0AD507168,8.2831,2026-06-29,NSE,260.0
INE0AD507184,8.15,2026-07-28,NSE,40.0
INE0AD508026,7.8712,2026-06-10,NSE,32.5
INE0AD508026,8.0286,2026-06-12,NSE,14.2
INE0AD508026,7.8882,2026-06-16,NSE,80.0
INE0AD508026,8.1002,2026-06-24,NSE,45.0
INE0AD508026,8.015,2026-06-29,NSE,28.4
INE0AD508026,7.8948,2026-06-30,NSE,62.6
INE0AED08029,7.986,2026-06-08,BSE,1.5
INE0AZ907016,7.9336,2026-06-19,NSE,3.36
INE0B3K07033,14.0,2026-07-07,BSE,1.25
INE0B3K07041,14.0499,2026-06-25,BSE,2.0
INE0BBH07059,14.0,2026-06-08,NSE,151.71
INE0BBH07059,14.0,2026-06-09,NSE,151.71
INE0BBH07059,14.0,2026-06-10,NSE,151.71
INE0BBH07059,14.0,2026-06-11,NSE,151.71
INE0BBH07059,14.0,2026-06-12,NSE,151.71
INE0BBH07059,14.0,2026-06-15,NSE,151.71
INE0BBH07059,14.0,2026-06-16,NSE,151.71
INE0BBH07059,14.0,2026-06-17,NSE,151.71
INE0BBH07059,14.0,2026-06-18,NSE,151.71
INE0BBH07059,14.0,2026-06-19,NSE,151.71
INE0BBH07059,14.0,2026-06-22,NSE,151.71
INE0BBH07059,14.0,2026-06-23,NSE,151.71
INE0BBH07059,14.0,2026-06-24,NSE,151.71
INE0BBH07059,14.0,2026-06-25,NSE,151.71
INE0BBH07059,14.0,2026-06-29,NSE,151.71
INE0BBH07059,14.0,2026-07-01,NSE,42.47
INE0BBH07059,14.0,2026-07-02,NSE,41.92
INE0BBH07059,14.0,2026-07-03,NSE,42.47
INE0BBH07059,14.0,2026-07-06,NSE,84.39
INE0BBH07059,14.0,2026-07-07,NSE,41.92
INE0BBH07059,14.0,2026-07-08,NSE,42.47
INE0BBH07059,14.0,2026-07-09,NSE,41.92
INE0BBH07059,14.0,2026-07-10,NSE,42.47
INE0BBH07059,14.0,2026-07-13,NSE,41.92
INE0BBH07059,14.0,2026-07-14,NSE,42.47
INE0BBH07059,14.0,2026-07-15,NSE,41.92
INE0BBH07059,14.0,2026-07-16,NSE,42.47
INE0BBH07059,14.0,2026-07-17,NSE,41.92
INE0BBH07059,14.0,2026-07-20,BSE,40.02
INE0BBH07059,14.0,2026-07-21,BSE,39.5
INE0BBH07059,14.0,2026-07-22,BSE,40.02
INE0BBH07059,14.0,2026-07-23,BSE,78.4
INE0BBH07059,14.0,2026-07-24,BSE,59.21
INE0BBH07059,14.0,2026-07-27,BSE,59.21
INE0BBH07059,14.0,2026-07-28,BSE,59.21
INE0BBH07059,14.0,2026-07-29,BSE,59.21
INE0BBH07059,14.0,2026-07-30,BSE,59.21
INE0BBH07075,8.7637,2026-07-02,NSE,50.0
INE0BBH07075,8.7312,2026-07-10,NSE,50.0
INE0BBH07075,8.7282,2026-07-13,NSE,50.0
INE0BJR08026,7.9188,2026-06-23,NSE,20.0
INE0BJR08026,8.0414,2026-06-24,NSE,39.0
INE0BJR08026,7.994,2026-07-08,NSE,94.5
INE0BUS07BS5,11.5749,2026-06-22,BSE,30.0
INE0BUS07BS5,11.4989,2026-06-23,BSE,15.0
INE0BUS07BV9,12.1923,2026-07-13,BSE,2.47
INE0BUS07BV9,11.2087,2026-07-14,BSE,2.49
INE0BUS07BW7,11.7,2026-06-12,BSE,2.0
INE0BUS07BW7,11.7,2026-06-15,BSE,2.5
INE0BUS07BX5,12.6742,2026-06-15,BSE,1.08
INE0BUS07BX5,11.8926,2026-06-16,BSE,1.08
INE0BUS07BX5,12.0548,2026-07-16,BSE,3.21
INE0BUS07CH6,11.7,2026-06-15,BSE,8.0
INE0BUS07CH6,11.915,2026-06-19,BSE,23.9
INE0BUS07CH6,11.85,2026-07-07,BSE,10.0
INE0BUS07CH6,11.8701,2026-07-13,BSE,30.0
INE0BUS07CH6,11.6899,2026-07-15,NSE,8.16
INE0BUS07CI4,12.4086,2026-06-10,BSE,4.82
INE0BUS07CI4,12.45,2026-06-16,NSE,1.23
INE0BUS07CI4,12.1321,2026-06-18,BSE,3.99
INE0BUS07CI4,12.0657,2026-06-24,BSE,1.12
INE0BUS07CI4,12.0015,2026-06-29,BSE,1.21
INE0BUS07CJ2,12.0,2026-06-11,BSE,15.0
INE0BUS07CJ2,12.0,2026-06-12,BSE,15.0
INE0BUS07CJ2,11.9167,2026-06-15,BSE,15.0
INE0BUS07CJ2,12.0028,2026-06-19,BSE,20.32
INE0BUS07CJ2,11.7482,2026-07-30,BSE,5.02
INE0BUS07CK0,11.1637,2026-06-08,BSE,8.14
INE0BUS07CK0,10.8913,2026-06-09,BSE,5.37
INE0BUS07CK0,11.7513,2026-06-11,BSE,2.66
INE0BUS07CK0,11.6961,2026-06-16,BSE,2.01
INE0BUS07CK0,11.83,2026-06-25,BSE,3.26
INE0BUS07CK0,11.7579,2026-06-30,BSE,2.06
INE0BUS07CK0,11.7981,2026-07-01,BSE,1.31
INE0BUS07CK0,10.8695,2026-07-02,BSE,2.18
INE0BUS07CK0,11.4996,2026-07-03,BSE,2.02
INE0BUS07CK0,11.5926,2026-07-08,BSE,1.17
INE0BUS07CK0,10.8457,2026-07-10,BSE,14.03
INE0BUS07CK0,11.2533,2026-07-14,BSE,1.72
INE0BUS07CK0,11.7434,2026-07-17,BSE,4.73
INE0BUS07CK0,11.5984,2026-07-20,BSE,3.05
INE0BUS07CK0,10.7837,2026-07-21,BSE,3.18
INE0BUS07CK0,11.6962,2026-07-22,BSE,2.19
INE0BUS07CK0,11.6189,2026-07-24,BSE,1.75
INE0BUS07CK0,10.4689,2026-07-27,BSE,26.5
INE0BUS07CK0,11.7406,2026-07-28,BSE,23.89
INE0BUS07CK0,10.4382,2026-07-29,BSE,1.08
INE0BUS07CL8,11.9831,2026-06-08,BSE,19.16
INE0BUS07CL8,11.8577,2026-06-09,BSE,6.35
INE0BUS07CL8,11.6197,2026-06-10,BSE,6.19
INE0BUS07CL8,11.8003,2026-06-11,BSE,15.24
INE0BUS07CL8,11.8896,2026-06-12,BSE,8.15
INE0BUS07CL8,11.6791,2026-06-15,BSE,15.93
INE0BUS07CL8,11.6012,2026-06-16,BSE,52.79
INE0BUS07CL8,12.1249,2026-06-17,NSE,2.09
INE0BUS07CL8,11.4663,2026-06-18,BSE,2.36
INE0BUS07CL8,12.0992,2026-06-22,NSE,4.5
INE0BUS07CL8,11.4559,2026-06-23,BSE,7.75
INE0BUS07CL8,11.5075,2026-06-24,BSE,18.42
INE0BUS07CL8,11.9133,2026-06-25,BSE,8.96
INE0BUS07CL8,11.3883,2026-06-29,BSE,3.46
INE0BUS07CL8,11.5604,2026-06-30,BSE,3.71
INE0BUS07CL8,11.6613,2026-07-01,BSE,3.85
INE0BUS07CL8,11.346,2026-07-02,BSE,2.54
INE0BUS07CL8,11.547,2026-07-03,BSE,8.77
INE0BUS07CL8,11.368,2026-07-06,BSE,3.71
INE0BUS07CL8,11.522,2026-07-07,BSE,2.34
INE0BUS07CL8,11.4062,2026-07-08,BSE,1.14
INE0BUS07CL8,11.5115,2026-07-16,BSE,3.35
INE0BUS07CL8,11.75,2026-07-23,BSE,1.5
INE0BUS07CL8,11.7485,2026-07-30,BSE,28.05
INE0BUS07CM6,10.9218,2026-06-08,NSE,2.83
INE0BUS07CM6,11.763,2026-06-09,BSE,5.75
INE0BUS07CM6,10.4488,2026-06-10,NSE,3.16
INE0BUS07CM6,11.7603,2026-06-11,BSE,13.6
INE0BUS07CM6,11.4617,2026-06-12,BSE,27.85
INE0BUS07CM6,11.7949,2026-06-15,BSE,11.8
INE0BUS07CM6,11.7,2026-06-18,BSE,5.0
INE0BUS07CM6,10.5126,2026-06-19,NSE,10.65
INE0BUS07CM6,11.1985,2026-06-22,NSE,1.25
INE0BUS07CM6,11.7237,2026-06-25,BSE,4.75
INE0BUS07CM6,11.4014,2026-06-29,BSE,31.15
INE0BUS07CM6,11.6495,2026-06-30,NSE,5.34
INE0BUS07CM6,11.85,2026-07-01,BSE,2.0
INE0BUS07CM6,11.6916,2026-07-03,BSE,2.1
INE0BUS07CM6,11.5441,2026-07-13,NSE,3.49
INE0BUS07CM6,11.1722,2026-07-16,BSE,6.0
INE0BUS07CM6,11.6124,2026-07-20,NSE,3.73
INE0BUS07CM6,11.6708,2026-07-21,NSE,2.81
INE0BUS07CM6,11.7346,2026-07-23,NSE,3.55
INE0BUS07CM6,11.8,2026-07-27,BSE,2.15
INE0BUS07CM6,11.85,2026-07-28,BSE,3.15
INE0BUS07CN4,10.1374,2026-06-10,BSE,10.0
INE0BUS07CN4,11.8154,2026-06-12,BSE,10.7
INE0BUS07CN4,11.2182,2026-06-16,BSE,1.65
INE0BUS07CN4,11.718,2026-06-18,BSE,4.41
INE0BUS07CN4,11.8486,2026-06-19,BSE,10.35
INE0BUS07CN4,11.3253,2026-06-22,BSE,50.0
INE0BUS07CN4,11.8412,2026-06-23,BSE,24.0
INE0BUS07CN4,11.7478,2026-06-24,BSE,41.85
INE0BUS07CN4,11.6886,2026-06-25,BSE,11.78
INE0BUS07CN4,10.8773,2026-06-29,BSE,91.15
INE0BUS07CN4,11.7522,2026-06-30,BSE,6.85
INE0BUS07CN4,11.8143,2026-07-02,BSE,10.1
INE0BUS07CN4,11.7165,2026-07-09,BSE,1.05
INE0BUS07CN4,11.5268,2026-07-10,BSE,60.63
INE0BUS07CN4,11.8045,2026-07-13,BSE,2.75
INE0BUS07CN4,11.8154,2026-07-15,BSE,4.16
INE0BUS07CN4,11.7468,2026-07-16,BSE,25.34
INE0BUS07CN4,11.8091,2026-07-17,BSE,5.16
INE0BUS07CN4,11.7628,2026-07-20,BSE,10.43
INE0BUS07CN4,11.6812,2026-07-21,BSE,1.72
INE0BUS07CN4,11.8131,2026-07-22,BSE,31.21
INE0BUS07CN4,11.6892,2026-07-23,BSE,40.99
INE0BUS07CN4,11.4228,2026-07-24,BSE,72.7
INE0BUS07CN4,11.3098,2026-07-27,BSE,44.83
INE0BUS07CN4,11.2991,2026-07-28,BSE,54.56
INE0BUS07CN4,11.2039,2026-07-29,BSE,2.7
INE0BUS07CN4,10.781,2026-07-30,BSE,1.13
INE0BUS08047,12.9524,2026-06-11,NSE,17.0
INE0BUS08047,13.1311,2026-06-12,BSE,15.64
INE0BUS08047,13.2355,2026-06-15,BSE,27.51
INE0BUS08047,13.714,2026-06-16,BSE,25.0
INE0BUS08047,13.0654,2026-06-17,BSE,27.24
INE0BUS08047,13.495,2026-06-18,BSE,10.16
INE0BUS08047,13.1138,2026-06-23,BSE,4.14
INE0BUS08047,12.9919,2026-06-24,BSE,7.25
INE0BUS08047,13.2074,2026-06-25,BSE,2.3
INE0BUS08047,13.0021,2026-06-29,BSE,19.48
INE0BUS08047,14.2786,2026-06-30,BSE,5.47
INE0BUS08047,13.4869,2026-07-01,BSE,2.14
INE0BUS08047,13.4559,2026-07-02,BSE,38.02
INE0BUS08047,12.3585,2026-07-03,BSE,46.31
INE0BUS08047,14.1745,2026-07-06,BSE,49.93
INE0BUS08047,14.3589,2026-07-07,BSE,20.32
INE0BUS08047,13.1225,2026-07-09,BSE,31.23
INE0BUS08047,13.3546,2026-07-14,BSE,9.93
INE0BUS08047,13.4824,2026-07-16,BSE,3.37
INE0BUS08047,13.2167,2026-07-17,BSE,6.61
INE0BUS08047,13.3692,2026-07-20,BSE,5.78
INE0BUS08047,13.0015,2026-07-22,BSE,1.65
INE0BUS08047,13.4027,2026-07-28,BSE,1.48
INE0BUS08047,12.9387,2026-07-29,BSE,2.41
INE0BUS08047,12.9163,2026-07-30,BSE,2.22
INE0BWS07011,7.8,2026-06-10,NSE,40.0
INE0BWS07045,7.8,2026-06-10,NSE,40.0
INE0C5208022,8.0678,2026-06-30,NSE,5.0
INE0C5208022,7.981,2026-07-08,NSE,92.0
INE0CCU07066,7.4,2026-07-03,NSE,25.0
INE0CCU07090,7.55,2026-06-19,NSE,300.0
INE0CCU07108,7.23,2026-07-03,NSE,340.0
INE0CCU07173,7.6888,2026-07-28,NSE,300.0
INE0CCU07199,7.9,2026-06-08,NSE,60.0
INE0CCU07199,7.7,2026-06-16,NSE,25.0
INE0CCU07199,7.65,2026-06-22,NSE,50.0
INE0CTD07074,13.3847,2026-06-08,BSE,25.0
INE0CTD07074,13.625,2026-06-10,BSE,50.0
INE0CTD07074,12.875,2026-06-16,BSE,40.0
INE0CTD07074,13.25,2026-06-17,BSE,10.0
INE0CTD07074,14.0467,2026-06-19,BSE,6.15
INE0CTD07074,13.25,2026-06-22,BSE,1.0
INE0CTD07074,13.25,2026-06-30,BSE,19.0
INE0CTD07074,13.5,2026-07-01,BSE,10.0
INE0CTD07074,13.25,2026-07-02,BSE,9.7
INE0CTD07074,12.8483,2026-07-22,BSE,45.0
INE0CTD07074,13.0,2026-07-23,BSE,1.0
INE0CTD07074,13.3068,2026-07-29,BSE,20.1
INE0D4Z07011,11.4,2026-07-07,BSE,3.0
INE0D7318017,5.0,2026-07-24,NSE,511.11
INE0DBJ07242,7.9818,2026-07-21,NSE,5.5
INE0DBJ07242,8.08,2026-07-28,NSE,20.0
INE0DG907362,11.5,2026-07-09,BSE,5.0
INE0DG907362,14.0,2026-07-20,BSE,4.75
INE0DG907362,11.0905,2026-07-21,BSE,1.75
INE0DG907362,11.5348,2026-07-28,BSE,27.5
INE0DG907362,11.759,2026-07-29,BSE,54.8
INE0DG907362,11.5,2026-07-30,BSE,1.25
INE0DJ207059,11.57,2026-06-08,BSE,18.38
INE0DJ207059,11.72,2026-06-09,BSE,148.75
INE0DJ207059,11.75,2026-06-12,BSE,3.06
INE0DJ207059,11.72,2026-06-15,BSE,65.62
INE0DJ207059,11.57,2026-06-30,NSE,91.88
INE0DJ207059,11.57,2026-07-21,BSE,14.53
INE0DJ207059,11.68,2026-07-23,BSE,42.35
INE0DZE08042,8.1225,2026-07-24,NSE,20.0
INE0DZE08042,8.1841,2026-07-30,NSE,16.0
INE0E2T07090,14.6834,2026-06-08,BSE,9.6
INE0E2T07090,13.6517,2026-07-29,BSE,24.0
INE0EZ108066,8.51,2026-06-29,BSE,25.0
INE0EZ108066,8.46,2026-07-29,BSE,20.0
INE0FRO07029,14.2284,2026-06-16,NSE,20.0
INE0FRO07029,14.23,2026-06-19,NSE,20.0
INE0FUJ07056,11.15,2026-07-07,BSE,9.4
INE0FUJ07072,11.8,2026-06-08,BSE,1.0
INE0FUJ07072,11.8,2026-06-12,BSE,2.0
INE0FUJ07072,11.8,2026-06-18,BSE,3.8
INE0FUJ07072,11.8,2026-06-19,BSE,3.4
INE0FUJ07072,13.0,2026-07-07,BSE,1.0
INE0FUJ07072,12.0,2026-07-08,BSE,1.0
INE0GCN07054,8.9258,2026-06-08,NSE,49.92
INE0GCN07054,8.7542,2026-06-09,BSE,12.62
INE0GCN07054,8.8998,2026-06-10,NSE,15.7
INE0GCN07054,8.6702,2026-06-15,BSE,10.06
INE0GCN07054,8.8925,2026-06-17,BSE,44.53
INE0GCN07054,8.85,2026-06-18,BSE,3.85
INE0GCN07054,8.8504,2026-06-19,BSE,6.0
INE0GCN07054,8.2892,2026-06-22,BSE,110.03
INE0GCN07054,8.5996,2026-06-23,NSE,55.86
INE0GCN07054,8.55,2026-06-24,NSE,22.22
INE0GCN07054,8.6151,2026-06-25,NSE,28.1
INE0GCN07054,8.9307,2026-06-29,NSE,320.99
INE0GCN07054,8.6906,2026-06-30,BSE,20.85
INE0GCN07054,8.8547,2026-07-01,NSE,145.38
INE0GCN07054,8.7343,2026-07-02,BSE,17.26
INE0GCN07054,8.6592,2026-07-03,BSE,60.62
INE0GCN07054,8.55,2026-07-06,NSE,100.15
INE0GCN07054,8.6197,2026-07-07,BSE,23.25
INE0GCN07054,8.6499,2026-07-08,BSE,8.0
INE0GCN07054,8.7465,2026-07-09,BSE,16.11
INE0GCN07054,8.5641,2026-07-10,NSE,3.17
INE0GCN07054,8.5833,2026-07-13,BSE,14.84
INE0GCN07054,8.7131,2026-07-14,NSE,27.85
INE0GCN07054,8.5481,2026-07-15,NSE,10.17
INE0GCN07054,8.5459,2026-07-20,BSE,35.94
INE0GCN07054,8.683,2026-07-21,BSE,10.66
INE0GCN07054,8.6573,2026-07-23,BSE,101.65
INE0GCN07054,8.6342,2026-07-24,BSE,50.87
INE0GCN07054,8.9986,2026-07-27,NSE,20.12
INE0GCN07054,8.8816,2026-07-28,BSE,1.1
INE0GCN07054,8.6135,2026-07-29,NSE,19.47
INE0GCN07054,9.1042,2026-07-30,BSE,72.05
INE0GXL07062,12.0,2026-06-09,BSE,3.0
INE0GXL07062,12.0927,2026-06-10,NSE,1.1
INE0GXL07062,12.1,2026-06-11,NSE,2.5
INE0GXL07062,12.05,2026-06-15,NSE,2.0
INE0GXL07062,12.1,2026-06-16,NSE,1.0
INE0GXL07062,12.2674,2026-06-17,BSE,3.6
INE0GXL07062,12.0262,2026-06-25,BSE,10.3
INE0GXL07062,11.6211,2026-06-29,BSE,1.2
INE0GXL07062,12.1147,2026-07-02,BSE,3.6
INE0GXL07062,11.6785,2026-07-08,BSE,1.3
INE0GXL07062,12.0372,2026-07-09,BSE,8.4
INE0GXL07062,11.9926,2026-07-10,BSE,24.1
INE0GXL07062,11.285,2026-07-13,BSE,2.0
INE0GXL07062,12.1,2026-07-14,NSE,2.5
INE0GXL07062,11.797,2026-07-15,BSE,3.3
INE0GXL07062,11.871,2026-07-16,BSE,2.4
INE0GXL07062,11.7,2026-07-28,BSE,5.0
INE0GXL07070,13.4907,2026-06-29,NSE,10.0
INE0GXL07070,13.5,2026-07-27,BSE,5.0
INE0GXL07070,13.5,2026-07-28,BSE,3.5
INE0GXL07088,13.5,2026-06-17,BSE,6.0
INE0GXL07088,14.2,2026-06-19,BSE,14.5
INE0GXL07096,15.0382,2026-07-02,BSE,69.0
INE0GXL07096,13.375,2026-07-07,BSE,20.0
INE0GXL07096,13.5,2026-07-27,BSE,16.0
INE0H0207010,13.87,2026-07-06,NSE,65.0
INE0H0207010,13.91,2026-07-24,NSE,15.0
INE0H8N07105,15.9979,2026-07-01,BSE,15.0
INE0H8N07105,15.1491,2026-07-07,BSE,15.0
INE0H8N07105,15.1424,2026-07-08,BSE,15.0
INE0H8N07105,15.4843,2026-07-20,NSE,15.0
INE0H8N07105,14.0,2026-07-30,BSE,6.0
INE0I5X07034,17.4968,2026-06-24,NSE,38.75
INE0I5X07034,16.1757,2026-06-29,NSE,2.34
INE0I5X07034,16.6277,2026-06-30,NSE,1.37
INE0I5X07034,16.0351,2026-07-06,NSE,2.87
INE0I5X07034,16.0181,2026-07-07,NSE,1.24
INE0I5X07034,16.5533,2026-07-08,NSE,1.88
INE0I5X07034,16.3219,2026-07-09,NSE,2.75
INE0I5X07034,16.0,2026-07-10,NSE,1.1
INE0I5X07034,16.9009,2026-07-13,BSE,1.21
INE0I5X07034,16.8016,2026-07-15,NSE,6.78
INE0I5X07034,16.2336,2026-07-17,NSE,1.62
INE0I5X07034,17.1143,2026-07-20,BSE,2.13
INE0I5X07034,15.9931,2026-07-21,NSE,1.1
INE0I5X07034,16.0831,2026-07-22,NSE,1.84
INE0I5X07034,16.0524,2026-07-27,NSE,1.95
INE0I5X07042,16.0636,2026-07-06,BSE,1.02
INE0I5X07042,15.6073,2026-07-08,BSE,1.05
INE0I5X07042,14.0629,2026-07-09,NSE,2.36
INE0I5X07042,14.6638,2026-07-10,NSE,6.25
INE0I5X07042,13.8302,2026-07-13,NSE,3.13
INE0I5X07042,14.0961,2026-07-15,NSE,1.03
INE0I5X07042,13.895,2026-07-16,NSE,1.09
INE0I5X07042,13.5856,2026-07-20,NSE,1.51
INE0I5X07042,14.9604,2026-07-22,NSE,3.33
INE0I5X07042,15.6782,2026-07-23,BSE,5.86
INE0I5X07042,13.8989,2026-07-24,NSE,1.1
INE0I5X07042,14.789,2026-07-27,NSE,5.45
INE0I5X07067,15.8401,2026-07-27,BSE,26.25
INE0I5X07067,17.0001,2026-07-28,NSE,7.15
INE0I5X07067,16.064,2026-07-29,NSE,1.64
INE0I5X07067,15.8809,2026-07-30,NSE,1.21
INE0IID07553,13.8994,2026-06-08,BSE,8.05
INE0IID07553,13.9,2026-06-09,BSE,2.0
INE0IX207171,12.049,2026-07-28,NSE,1.14
INE0IX207189,12.7706,2026-06-16,NSE,1.02
INE0IX207189,12.2481,2026-07-09,NSE,2.6
INE0IX207213,13.5,2026-06-30,BSE,10.3
INE0J4S07028,18.6942,2026-06-11,BSE,200.5
INE0J4S07028,16.0,2026-06-12,BSE,100.5
INE0J4S07028,21.34,2026-06-18,BSE,3.0
INE0J4S07028,19.6312,2026-06-29,BSE,63.4
INE0J4S07028,18.825,2026-07-06,BSE,12.1
INE0J4S07028,21.34,2026-07-17,BSE,1.0
INE0J4S07028,21.34,2026-07-24,BSE,1.1
INE0J4S07028,21.34,2026-07-28,BSE,3.0
INE0J4S07028,21.34,2026-07-30,BSE,3.0
INE0J6707100,14.0,2026-06-23,BSE,27.9
INE0J6707118,14.05,2026-06-22,BSE,13.9
INE0JKS07050,13.7,2026-06-18,NSE,73.0
INE0JT207028,22.38,2026-06-29,BSE,15.1
INE0JTP07123,16.9963,2026-06-10,BSE,1.0
INE0JTP07123,16.9797,2026-06-18,BSE,2.5
INE0JTP07123,17.0,2026-06-19,NSE,2.5
INE0JTP07123,12.5,2026-06-22,BSE,4.0
INE0JTP07149,14.75,2026-07-13,BSE,15.0
INE0JTP07149,15.5,2026-07-14,BSE,1.0
INE0JTP07149,14.0,2026-07-29,BSE,1.0
INE0JTP07149,14.75,2026-07-30,BSE,5.0
INE0JTP07164,14.8421,2026-06-25,BSE,5.5
INE0JTP07164,13.3544,2026-07-06,BSE,12.5
INE0JTP07164,14.5,2026-07-29,BSE,3.0
INE0JYY07026,10.317,2026-06-08,BSE,15.43
INE0JYY07026,11.2291,2026-06-09,NSE,2.91
INE0JYY07026,11.2105,2026-06-11,NSE,2.84
INE0JYY07026,11.1241,2026-06-18,BSE,5.33
INE0JYY07026,11.3786,2026-06-19,BSE,1.29
INE0JYY07026,11.1295,2026-06-23,BSE,5.15
INE0JYY07026,11.0274,2026-06-29,NSE,1.02
INE0JYY07026,11.4065,2026-07-01,BSE,1.36
INE0JYY07026,10.2624,2026-07-06,NSE,10.34
INE0JYY07026,11.1383,2026-07-08,NSE,1.23
INE0JYY07026,11.4455,2026-07-09,BSE,1.09
INE0JYY07026,11.0878,2026-07-13,NSE,10.44
INE0JYY07026,10.7427,2026-07-15,BSE,1.2
INE0JYY07026,10.6805,2026-07-16,BSE,20.34
INE0JYY07026,11.4522,2026-07-20,BSE,2.27
INE0JZO07024,13.6213,2026-06-16,NSE,43.0
INE0JZO07024,14.285,2026-06-17,NSE,58.45
INE0JZO07024,13.969,2026-06-19,NSE,4.88
INE0JZO07024,14.3602,2026-06-23,NSE,4.58
INE0JZO07024,13.96,2026-06-24,NSE,8.0
INE0JZO07024,14.35,2026-06-25,NSE,7.0
INE0JZO07024,14.3586,2026-07-01,BSE,11.0
INE0JZO07024,12.4541,2026-07-07,BSE,10.0
INE0JZO07024,12.4309,2026-07-08,BSE,10.0
INE0JZO07024,12.3839,2026-07-20,BSE,20.0
INE0JZO07032,14.3489,2026-06-10,BSE,3.0
INE0JZO07032,14.3458,2026-06-15,BSE,11.42
INE0JZO07032,14.3503,2026-06-25,BSE,1.0
INE0JZO07040,13.6422,2026-06-08,NSE,5.56
INE0JZO07040,13.7498,2026-06-10,BSE,30.66
INE0JZO07040,13.6513,2026-06-11,NSE,2.55
INE0JZO07040,13.2167,2026-06-15,BSE,1.42
INE0JZO07040,13.7434,2026-06-16,BSE,9.93
INE0JZO07040,13.5599,2026-06-17,NSE,12.57
INE0JZO07040,13.5672,2026-06-18,NSE,4.7
INE0JZO07040,13.3862,2026-06-19,NSE,2.74
INE0JZO07040,13.3795,2026-06-22,NSE,1.37
INE0JZO07040,13.4331,2026-06-25,NSE,1.8
INE0JZO07040,13.1229,2026-06-29,BSE,1.06
INE0JZO07040,13.6539,2026-06-30,NSE,8.66
INE0JZO07040,13.3667,2026-07-01,NSE,2.26
INE0JZO07040,13.5412,2026-07-02,NSE,10.25
INE0JZO07040,13.6992,2026-07-03,NSE,6.98
INE0JZO07040,13.2832,2026-07-06,NSE,9.41
INE0JZO07040,13.3594,2026-07-07,NSE,1.66
INE0JZO07040,13.94,2026-07-09,BSE,6.45
INE0JZO07040,13.7318,2026-07-10,BSE,3.43
INE0JZO07040,13.3376,2026-07-13,NSE,1.72
INE0JZO07040,13.3716,2026-07-14,BSE,1.36
INE0JZO07040,14.2204,2026-07-15,BSE,5.8
INE0JZO07040,13.5099,2026-07-16,NSE,2.81
INE0JZO07040,13.3446,2026-07-17,NSE,1.71
INE0JZO07040,12.731,2026-07-20,BSE,1.5
INE0JZO07040,13.2445,2026-07-21,BSE,1.24
INE0JZO07040,13.2761,2026-07-22,NSE,18.09
INE0JZO07040,13.7787,2026-07-24,NSE,5.73
INE0JZO07040,13.5144,2026-07-27,BSE,6.84
INE0JZO07040,13.6259,2026-07-28,NSE,3.37
INE0JZO07040,13.5812,2026-07-30,NSE,2.02
INE0JZO07057,13.8942,2026-06-08,BSE,32.0
INE0JZO07057,13.1142,2026-06-29,NSE,20.0
INE0JZO07057,13.8556,2026-06-30,BSE,50.3
INE0JZO07057,13.8882,2026-07-03,NSE,50.0
INE0JZO07057,14.0101,2026-07-27,NSE,50.0
INE0JZO07057,13.2403,2026-07-29,BSE,5.1
INE0K0207063,16.0,2026-06-11,NSE,2.4
INE0K0Y07021,0.22,2026-07-20,NSE,2.71
INE0K2Q07221,14.5,2026-06-08,BSE,4.0
INE0K2Q07221,14.01,2026-06-11,BSE,8.0
INE0K2Q07221,14.0025,2026-07-03,BSE,2.02
INE0K2Q07221,14.5,2026-07-13,BSE,1.0
INE0K2Q07239,14.0,2026-07-10,BSE,2.0
INE0K2Q07239,18.28,2026-07-21,BSE,1.0
INE0KUG08019,7.43,2026-07-20,NSE,75.0
INE0KUG08043,7.81,2026-06-10,NSE,25.0
INE0KUG08043,7.9033,2026-06-11,BSE,25.0
INE0KUG08043,7.7781,2026-06-12,NSE,30.0
INE0KUG08043,7.65,2026-06-15,NSE,5.0
INE0KUG08043,7.7781,2026-06-22,BSE,20.0
INE0KUG08043,7.7823,2026-06-25,BSE,10.0
INE0KUG08043,7.7714,2026-07-07,BSE,20.0
INE0KUG08043,7.5475,2026-07-08,NSE,20.0
INE0KUG08050,7.465,2026-07-28,NSE,36.0
INE0KUG08050,7.4545,2026-07-29,NSE,36.0
INE0KUG08068,7.48,2026-07-21,NSE,50.0
INE0KUG08076,7.49,2026-07-14,NSE,75.0
INE0KUG08084,7.55,2026-07-23,NSE,5.0
INE0KUG08084,7.55,2026-07-24,NSE,5.0
INE0KUG08092,7.43,2026-07-20,NSE,25.0
INE0KUG08100,7.395,2026-06-17,NSE,25.0
INE0KUG08100,7.5259,2026-07-01,NSE,31.0
INE0KUG08134,7.7188,2026-06-09,NSE,103.59
INE0KUG08134,7.701,2026-06-12,NSE,29.2
INE0KUG08134,7.65,2026-06-16,NSE,29.2
INE0KUG08134,7.52,2026-06-29,NSE,6.0
INE0KUG08134,7.63,2026-06-30,NSE,6.0
INE0KUG08134,7.51,2026-07-01,NSE,12.0
INE0KUG08134,7.5155,2026-07-02,BSE,3.2
INE0KUG08134,7.4572,2026-07-10,NSE,2.0
INE0KUG08142,7.3714,2026-06-18,NSE,773.46
INE0KUG08142,7.3697,2026-06-19,NSE,135.0
INE0KUG08142,7.3689,2026-06-22,NSE,200.0
INE0KUG08142,7.3,2026-06-25,NSE,50.0
INE0KUG08142,7.25,2026-06-30,NSE,200.0
INE0KUG08142,7.2527,2026-07-02,NSE,450.0
INE0KUG08142,7.28,2026-07-06,NSE,225.0
INE0KUG08142,7.2836,2026-07-07,NSE,140.0
INE0KUG08142,7.47,2026-07-14,NSE,25.0
INE0KUG08159,7.6526,2026-06-18,NSE,310.0
INE0KUG08159,7.6528,2026-06-19,BSE,100.0
INE0KUG08159,7.6527,2026-06-24,BSE,25.0
INE0KUG08159,7.6525,2026-06-25,NSE,25.0
INE0KUG08159,7.6521,2026-06-29,NSE,75.0
INE0KUG08159,7.56,2026-06-30,NSE,25.0
INE0KUG08159,7.505,2026-07-10,NSE,100.0
INE0KUG08159,7.47,2026-07-21,NSE,5.0
INE0KUG08159,7.4436,2026-07-22,NSE,5.0
INE0KUG08159,7.4717,2026-07-29,NSE,245.0
INE0KUG08159,7.46,2026-07-30,BSE,20.0
INE0L6807179,15.88,2026-07-23,BSE,2.97
INE0L6807187,15.88,2026-07-28,BSE,1.2
INE0L6807211,17.44,2026-07-16,BSE,2.1
INE0L6807211,18.11,2026-07-23,BSE,1.26
INE0L6807237,19.69,2026-06-25,BSE,1.7
INE0L6807237,19.19,2026-07-23,BSE,2.0
INE0L6807245,17.97,2026-07-02,BSE,14.89
INE0L6807245,18.47,2026-07-28,BSE,10.0
INE0L6807260,22.97,2026-07-09,BSE,2.76
INE0L6807260,20.14,2026-07-16,BSE,2.0
INE0L6807260,21.76,2026-07-23,BSE,21.08
INE0L6807328,14.68,2026-07-23,BSE,14.82
INE0L6807351,14.0,2026-07-07,BSE,16.11
INE0L6807351,14.0,2026-07-08,BSE,8.48
INE0L6807351,14.0,2026-07-23,BSE,8.48
INE0LJZ15031,20.0,2026-06-08,NSE,7.42
INE0LK015038,20.0,2026-06-08,NSE,7.42
INE0LK115036,20.0,2026-06-08,NSE,7.42
INE0LN107071,11.61,2026-07-24,BSE,2.0
INE0LN107071,11.459,2026-07-27,NSE,1.54
INE0LN107089,12.05,2026-06-22,BSE,3.0
INE0LN107089,11.5801,2026-06-23,NSE,1.33
INE0LN107089,11.6043,2026-06-29,NSE,1.52
INE0LN107089,11.845,2026-07-01,NSE,2.8
INE0LN107089,11.8634,2026-07-02,NSE,4.19
INE0LN107089,11.7794,2026-07-03,NSE,1.67
INE0LN107089,11.7452,2026-07-06,NSE,6.51
INE0LN107089,12.05,2026-07-07,BSE,3.0
INE0LN107089,11.6799,2026-07-08,NSE,3.08
INE0LN107089,11.6617,2026-07-09,NSE,1.88
INE0LR407022,14.2,2026-06-24,NSE,50.0
INE0LR407022,14.2,2026-06-25,NSE,50.0
INE0LR407022,14.18,2026-07-29,NSE,24.0
INE0LR407022,14.08,2026-07-30,NSE,24.0
INE0LR707033,14.5,2026-06-16,NSE,30.0
INE0LWH07120,15.0,2026-07-03,BSE,1.0
INE0M2307065,9.5214,2026-06-10,BSE,2.6
INE0M2307065,9.2113,2026-06-12,BSE,2.4
INE0M2307065,8.9,2026-07-21,BSE,1.5
INE0M2307065,8.8865,2026-07-30,BSE,2.6
INE0M2307081,9.25,2026-06-08,BSE,1.5
INE0M2307081,9.35,2026-07-09,BSE,1.5
INE0M2307321,9.16,2026-06-09,BSE,1.06
INE0M2307321,9.0588,2026-06-10,NSE,37.59
INE0M2307321,9.1874,2026-06-11,BSE,1.02
INE0M2307321,9.0249,2026-06-16,NSE,26.02
INE0M2307321,9.1976,2026-06-17,NSE,18.43
INE0M2307321,9.1943,2026-06-18,NSE,18.6
INE0M2307339,8.9032,2026-06-08,NSE,57.68
INE0M2307339,9.1852,2026-06-10,NSE,1.83
INE0M2307339,9.1265,2026-06-11,NSE,2.23
INE0M2307339,9.2195,2026-06-12,NSE,2.59
INE0M2307339,9.2362,2026-06-15,NSE,2.5
INE0M2307339,9.0274,2026-06-16,NSE,13.25
INE0M2307339,9.2339,2026-06-17,NSE,18.0
INE0M2307339,9.0647,2026-06-18,NSE,33.37
INE0M2307339,8.8844,2026-06-19,BSE,1.2
INE0M2307339,9.3448,2026-06-23,NSE,2.12
INE0M2307339,9.3108,2026-06-24,NSE,2.28
INE0M2307339,9.0326,2026-06-25,NSE,2.78
INE0M2307339,8.8737,2026-06-29,NSE,27.59
INE0M2307339,8.8687,2026-06-30,NSE,26.81
INE0M2307339,9.0047,2026-07-01,NSE,33.1
INE0M2307339,9.0666,2026-07-02,NSE,4.45
INE0M2307339,9.0602,2026-07-03,NSE,7.29
INE0M2307339,9.0141,2026-07-06,NSE,8.1
INE0M2307339,9.0312,2026-07-07,NSE,3.3
INE0M2307339,8.9931,2026-07-08,NSE,11.01
INE0M2307339,8.8231,2026-07-09,BSE,2.55
INE0M2307339,8.9555,2026-07-10,BSE,2.64
INE0M2307339,8.9196,2026-07-13,NSE,10.58
INE0M2307339,8.998,2026-07-14,NSE,6.18
INE0M2307339,8.8638,2026-07-15,BSE,5.42
INE0M2307339,8.855,2026-07-16,BSE,1.15
INE0M2307339,8.8352,2026-07-17,NSE,48.51
INE0M2307339,8.7166,2026-07-20,BSE,1.25
INE0M2307347,9.2866,2026-06-08,NSE,1.05
INE0M2307347,9.0392,2026-06-09,NSE,2.3
INE0M2307347,9.1097,2026-06-11,NSE,1.01
INE0M2307347,9.2104,2026-06-12,NSE,1.89
INE0M2307347,9.2,2026-06-15,NSE,3.0
INE0M2307347,9.1568,2026-06-18,NSE,50.14
INE0M2307347,9.2,2026-06-19,NSE,28.49
INE0M2307347,9.0701,2026-06-24,NSE,8.33
INE0M2307347,9.1403,2026-06-25,NSE,2.78
INE0M2307347,8.8728,2026-06-29,NSE,1.1
INE0M2307347,9.0,2026-07-01,NSE,30.0
INE0M2307347,9.0684,2026-07-02,NSE,1.9
INE0M2307347,8.8297,2026-07-03,BSE,1.4
INE0M2307347,8.9959,2026-07-14,NSE,1.2
INE0M2307347,8.8003,2026-07-16,BSE,1.15
INE0M2307347,9.1,2026-07-20,NSE,1.1
INE0M2307347,8.7738,2026-07-21,BSE,2.42
INE0M2307347,8.8,2026-07-22,BSE,5.57
INE0M2307347,8.81,2026-07-24,BSE,1.0
INE0M2307354,9.131,2026-06-17,NSE,40.25
INE0M2307354,9.1557,2026-06-18,NSE,33.8
INE0M2307354,9.0232,2026-07-07,NSE,40.55
INE0M2307354,9.0,2026-07-08,NSE,1.0
INE0M2307362,9.0,2026-06-11,BSE,3.0
INE0M2307362,8.95,2026-06-12,NSE,4.0
INE0M2307362,8.85,2026-06-16,NSE,12.0
INE0M2307362,7.9977,2026-06-17,BSE,12.0
INE0M2307362,7.532,2026-07-29,NSE,3.38
INE0M2307362,9.0,2026-07-30,NSE,3.38
INE0M2307370,9.04,2026-06-08,BSE,1.0
INE0M2307370,9.2127,2026-06-09,BSE,2.04
INE0M2307370,8.9633,2026-06-10,NSE,1.21
INE0M2307370,9.0442,2026-06-12,BSE,1.04
INE0M2307370,9.0529,2026-06-16,NSE,45.28
INE0M2307370,9.1315,2026-06-17,NSE,11.14
INE0M2307370,9.1849,2026-06-18,NSE,7.97
INE0M2307370,9.008,2026-06-29,BSE,1.27
INE0M2307370,8.8949,2026-07-01,NSE,1.2
INE0M2307370,9.05,2026-07-02,BSE,1.0
INE0M2307370,8.9711,2026-07-14,BSE,1.26
INE0M2307370,8.8286,2026-07-21,NSE,1.35
INE0M2307388,9.287,2026-06-08,NSE,1.03
INE0M2307388,9.0707,2026-06-09,NSE,9.69
INE0M2307388,9.2106,2026-06-10,NSE,3.28
INE0M2307388,9.0509,2026-06-15,NSE,7.09
INE0M2307388,9.1396,2026-06-16,NSE,4.8
INE0M2307388,9.1187,2026-06-17,NSE,5.99
INE0M2307388,9.1377,2026-06-18,NSE,37.97
INE0M2307388,9.1639,2026-06-19,NSE,10.57
INE0M2307388,8.9988,2026-06-22,BSE,1.47
INE0M2307388,9.1315,2026-06-23,NSE,3.57
INE0M2307388,9.1718,2026-06-24,NSE,3.91
INE0M2307388,9.2861,2026-06-25,NSE,3.56
INE0M2307388,8.9649,2026-06-29,NSE,141.07
INE0M2307388,9.0022,2026-07-01,NSE,124.44
INE0M2307388,9.0375,2026-07-02,NSE,2.8
INE0M2307388,8.7728,2026-07-03,BSE,1.36
INE0M2307388,8.7815,2026-07-06,BSE,2.83
INE0M2307388,9.0527,2026-07-07,NSE,2.73
INE0M2307388,8.9737,2026-07-08,BSE,1.64
INE0M2307388,8.9053,2026-07-09,BSE,1.4
INE0M2307388,9.0086,2026-07-10,BSE,2.44
INE0M2307388,8.8737,2026-07-13,BSE,1.03
INE0M2307388,9.0016,2026-07-14,NSE,2.73
INE0M2307388,8.9048,2026-07-17,NSE,120.05
INE0M2307388,8.8951,2026-07-20,NSE,10.0
INE0M2307388,8.6938,2026-07-21,NSE,10.02
INE0M2307388,8.87,2026-07-22,NSE,52.12
INE0M2307388,8.8585,2026-07-28,NSE,27.15
INE0M2307388,8.8771,2026-07-29,NSE,7.02
INE0M2307396,8.95,2026-06-08,NSE,16.95
INE0M2307396,8.9355,2026-06-29,NSE,7.85
INE0M2307396,8.9355,2026-06-30,NSE,9.1
INE0M2307396,9.0466,2026-07-02,NSE,1.25
INE0M2307396,9.0803,2026-07-03,NSE,1.36
INE0M2307396,9.0385,2026-07-06,BSE,3.24
INE0M2307396,9.0852,2026-07-07,NSE,1.72
INE0M2307396,8.9936,2026-07-14,NSE,2.7
INE0M2307396,8.8286,2026-07-15,BSE,1.03
INE0M2307396,8.9228,2026-07-21,NSE,2.25
INE0M2307404,9.0896,2026-06-09,NSE,2.0
INE0M2307404,9.2047,2026-06-12,NSE,42.15
INE0M2307404,9.1432,2026-06-15,NSE,5.0
INE0M2307404,9.0721,2026-06-16,NSE,2.0
INE0M2307404,9.2891,2026-06-17,NSE,1.2
INE0M2307404,9.171,2026-06-18,NSE,2.7
INE0M2307404,9.1684,2026-06-23,NSE,1.46
INE0M2307404,9.1016,2026-06-30,NSE,1.19
INE0M2307404,9.1302,2026-07-01,NSE,1.51
INE0M2307404,9.1849,2026-07-06,NSE,12.72
INE0M2307404,9.0898,2026-07-07,NSE,1.32
INE0M2307404,8.961,2026-07-10,NSE,1.05
INE0M2307404,9.0064,2026-07-13,BSE,1.03
INE0M2307404,9.0235,2026-07-14,NSE,1.24
INE0M2307404,9.1803,2026-07-17,NSE,10.92
INE0M2307404,9.1735,2026-07-20,NSE,11.15
INE0M2307404,9.0143,2026-07-21,NSE,5.6
INE0M2307404,8.8042,2026-07-22,NSE,5.7
INE0M2307404,8.7356,2026-07-23,BSE,1.07
INE0M2307404,9.1608,2026-07-24,NSE,4.0
INE0M2307404,8.6058,2026-07-27,BSE,1.5
INE0M2307404,9.0763,2026-07-28,NSE,4.9
INE0M2307404,8.88,2026-07-29,NSE,3.5
INE0M2307412,9.1984,2026-06-08,NSE,2.05
INE0M2307412,9.2469,2026-06-11,NSE,1.55
INE0M2307412,9.0496,2026-06-15,NSE,31.75
INE0M2307412,9.2049,2026-06-17,NSE,21.28
INE0M2307412,9.1942,2026-06-18,NSE,26.58
INE0M2307412,9.1579,2026-06-19,NSE,3.43
INE0M2307412,9.1961,2026-06-22,NSE,1.85
INE0M2307412,9.2553,2026-06-23,NSE,2.0
INE0M2307412,9.1762,2026-06-24,BSE,1.1
INE0M2307412,8.9607,2026-06-25,BSE,1.15
INE0M2307412,9.0613,2026-07-01,NSE,4.18
INE0M2307412,8.9558,2026-07-02,BSE,1.19
INE0M2307412,9.0419,2026-07-03,BSE,6.36
INE0M2307412,9.0027,2026-07-06,NSE,4.06
INE0M2307412,8.9597,2026-07-07,NSE,1.01
INE0M2307412,8.9432,2026-07-09,BSE,1.13
INE0M2307412,8.8,2026-07-22,NSE,1.0
INE0M2307412,8.1347,2026-07-27,NSE,4.75
INE0M2307412,8.8,2026-07-28,NSE,1.4
INE0M2307412,8.8,2026-07-29,NSE,2.0
INE0M7V07277,11.953,2026-06-12,BSE,1.32
INE0M7V07301,12.5,2026-06-25,BSE,18.0
INE0M8D08032,8.9906,2026-07-22,NSE,15.0
INE0M8D08032,8.9902,2026-07-23,NSE,105.0
INE0MEG07011,12.8978,2026-06-24,BSE,1.2
INE0MEG07011,12.6659,2026-06-25,BSE,1.0
INE0MEG07029,12.3987,2026-06-16,BSE,1.76
INE0MEG07029,12.6831,2026-06-19,NSE,2.01
INE0MHC07583,14.0,2026-06-11,BSE,1.0
INE0MHC07583,13.5,2026-06-12,BSE,1.0
INE0MHC07583,14.0,2026-06-17,BSE,1.0
INE0MHC07583,14.225,2026-06-18,NSE,42.0
INE0MHC07633,12.0,2026-06-16,BSE,2.0
INE0MHC07633,13.2417,2026-06-17,BSE,5.0
INE0MHC07633,13.89,2026-06-22,BSE,6.0
INE0MHC07633,13.29,2026-07-10,BSE,15.0
INE0MHC07633,13.5,2026-07-15,BSE,15.0
INE0MHC07633,11.0,2026-07-17,BSE,2.0
INE0MHC07633,13.6753,2026-07-20,BSE,30.0
INE0MHC07633,13.0,2026-07-22,BSE,34.0
INE0MHC07682,13.0,2026-06-09,BSE,10.0
INE0MHC07682,13.0,2026-06-10,BSE,1.0
INE0MHC07690,13.5,2026-06-12,BSE,2.0
INE0MHC07690,13.5833,2026-06-15,BSE,6.0
INE0MHC07690,13.0,2026-06-18,BSE,5.0
INE0MHC07690,13.6667,2026-06-19,BSE,3.0
INE0MHC07690,13.0,2026-06-25,BSE,2.0
INE0MHC07690,13.5,2026-07-07,BSE,2.0
INE0MHC07690,13.85,2026-07-20,BSE,2.0
INE0MHC07690,13.5857,2026-07-21,BSE,7.0
INE0MHC07716,14.3,2026-06-08,BSE,3.0
INE0MHC07716,14.3,2026-06-10,BSE,5.0
INE0MHC07716,14.3,2026-06-12,BSE,5.0
INE0MHC07716,14.3,2026-06-16,BSE,1.0
INE0MHC07716,14.2,2026-06-17,BSE,9.0
INE0MHC07716,13.969,2026-07-07,BSE,20.0
INE0MHC07716,13.18,2026-07-09,BSE,10.0
INE0MHC07716,13.8,2026-07-10,BSE,6.0
INE0MHC07724,14.0008,2026-06-08,BSE,29.0
INE0MHC07724,11.8438,2026-06-09,BSE,5.0
INE0MHC07724,13.2871,2026-06-10,BSE,92.0
INE0MHC07724,13.9455,2026-06-11,BSE,55.0
INE0MHC07724,12.6875,2026-06-12,BSE,12.0
INE0MHC07724,12.4302,2026-06-15,BSE,70.0
INE0MHC07724,13.9545,2026-06-16,BSE,11.0
INE0MHC07724,13.8,2026-06-17,BSE,10.0
INE0MHC07724,14.0,2026-06-18,BSE,6.0
INE0MHC07724,13.7711,2026-06-23,BSE,17.0
INE0MHC07724,13.8738,2026-06-24,BSE,20.0
INE0MHC07724,13.92,2026-06-25,BSE,5.0
INE0MHC07724,13.6304,2026-06-29,BSE,7.0
INE0MHC07724,13.5563,2026-06-30,BSE,4.0
INE0MHC07724,14.1853,2026-07-01,BSE,10.0
INE0MHC07724,14.0121,2026-07-06,BSE,10.0
INE0MHC07724,12.4,2026-07-13,BSE,50.0
INE0MHC07724,12.4,2026-07-15,BSE,25.0
INE0MHC07724,12.5283,2026-07-16,BSE,53.0
INE0MHC07724,12.0048,2026-07-17,BSE,7.0
INE0MHC07732,13.63,2026-06-29,BSE,100.0
INE0MHC07732,13.4,2026-07-06,BSE,25.0
INE0MHC07732,14.0,2026-07-20,BSE,5.0
INE0MHC07732,13.0,2026-07-27,BSE,50.0
INE0MHC07732,13.0,2026-07-29,BSE,5.0
INE0MT207023,9.1074,2026-06-23,BSE,5.03
INE0MT207023,8.2764,2026-06-24,BSE,5.0
INE0MYJ07161,11.81,2026-06-09,BSE,6.25
INE0MYJ07161,11.9832,2026-06-10,NSE,5.12
INE0MYJ07161,11.9,2026-06-11,BSE,1.5
INE0MYJ07161,11.8815,2026-06-12,NSE,1.27
INE0MYJ07161,11.7849,2026-06-15,NSE,1.24
INE0MYJ07161,11.855,2026-06-16,NSE,5.35
INE0MYJ07161,11.6733,2026-06-18,BSE,8.32
INE0MYJ07161,11.418,2026-06-19,BSE,3.67
INE0MYJ07161,11.85,2026-06-22,BSE,1.75
INE0MYJ07161,11.6336,2026-06-23,NSE,1.01
INE0MYJ07161,11.75,2026-06-24,BSE,10.0
INE0MYJ07161,11.9171,2026-06-29,BSE,17.0
INE0MYJ07161,11.3966,2026-06-30,NSE,2.92
INE0MYJ07161,11.2658,2026-07-01,NSE,1.74
INE0MYJ07161,11.8125,2026-07-02,BSE,8.0
INE0MYJ07161,12.1352,2026-07-03,NSE,5.46
INE0MYJ07161,11.7378,2026-07-07,NSE,2.65
INE0MYJ07161,11.72,2026-07-08,BSE,5.0
INE0MYJ07161,11.9944,2026-07-09,NSE,16.26
INE0MYJ07161,11.6301,2026-07-13,NSE,4.16
INE0MYJ07161,11.8985,2026-07-14,NSE,2.8
INE0MYJ07161,11.1863,2026-07-20,NSE,1.17
INE0MYJ07161,11.0188,2026-07-21,NSE,2.06
INE0MYJ07161,11.0775,2026-07-27,NSE,1.1
INE0MYJ07161,11.6,2026-07-28,BSE,2.0
INE0MYJ07161,11.8539,2026-07-30,NSE,11.89
INE0MYJ07179,11.6221,2026-06-08,NSE,4.25
INE0MYJ07179,11.5745,2026-06-09,NSE,2.78
INE0MYJ07179,11.6009,2026-06-10,NSE,1.03
INE0MYJ07179,11.396,2026-06-22,NSE,1.18
INE0MYJ07179,11.3802,2026-06-29,NSE,1.31
INE0MYJ07179,11.5827,2026-07-02,NSE,1.08
INE0MYJ07179,11.4326,2026-07-06,NSE,1.91
INE0MYJ07187,11.0786,2026-06-25,BSE,6.89
INE0MYJ07187,11.046,2026-06-29,BSE,6.67
INE0MYJ07187,11.0246,2026-07-15,BSE,24.18
INE0MYJ07187,11.9138,2026-07-27,BSE,1.59
INE0N5S07052,14.1598,2026-06-30,BSE,15.05
INE0N5S07052,13.2,2026-07-01,BSE,10.0
INE0N5S07052,13.7,2026-07-02,BSE,5.0
INE0N5S07052,13.7,2026-07-22,BSE,10.0
INE0NDH07035,7.75,2026-06-15,NSE,75.0
INE0NDH07043,7.2,2026-07-02,NSE,75.0
INE0NES07139,12.25,2026-06-25,BSE,10.87
INE0NES07139,12.25,2026-06-29,BSE,10.87
INE0NES07139,14.125,2026-07-17,BSE,2.0
INE0NES07147,14.0784,2026-06-16,NSE,1.51
INE0NES07147,14.206,2026-06-23,NSE,5.32
INE0NES07147,13.8247,2026-07-13,NSE,5.58
INE0NES07147,13.825,2026-07-14,NSE,5.04
INE0NES07147,13.9,2026-07-22,NSE,1.36
INE0NES07162,14.6,2026-07-15,BSE,1.92
INE0NES07162,14.1612,2026-07-17,BSE,1.52
INE0NES07220,13.7,2026-07-22,NSE,1.87
INE0NES07220,11.75,2026-07-28,NSE,1.34
INE0NES07238,12.9677,2026-07-02,BSE,2.46
INE0NES07253,13.5,2026-06-11,BSE,1.6
INE0NES07261,14.5442,2026-06-18,BSE,2.07
INE0NES07261,14.3933,2026-07-13,NSE,2.47
INE0NES07261,13.8356,2026-07-15,NSE,1.43
INE0NES07261,13.8742,2026-07-16,NSE,1.03
INE0NES07279,14.3625,2026-06-10,BSE,1.2
INE0NES07279,14.3599,2026-06-11,BSE,6.17
INE0NES07279,14.425,2026-06-19,BSE,5.2
INE0NES07287,13.6848,2026-06-09,NSE,2.73
INE0NES07287,13.6997,2026-06-15,NSE,1.81
INE0NES07287,13.7,2026-06-17,NSE,1.04
INE0NES07287,12.7357,2026-06-23,BSE,40.04
INE0NES07287,13.6046,2026-06-25,BSE,5.25
INE0NES07287,12.7929,2026-06-29,BSE,1.8
INE0NES07287,13.0119,2026-06-30,BSE,25.3
INE0NES07287,12.8624,2026-07-06,BSE,2.02
INE0NES07287,13.25,2026-07-15,BSE,2.0
INE0NES07287,13.9981,2026-07-17,BSE,5.02
INE0NES07287,13.1207,2026-07-20,BSE,25.02
INE0NES07287,12.9827,2026-07-27,BSE,30.05
INE0NES07287,12.0025,2026-07-29,BSE,25.05
INE0NES07303,12.6644,2026-06-15,BSE,3.02
INE0NES07303,13.1587,2026-06-22,BSE,3.5
INE0NES07303,13.2746,2026-06-23,BSE,2.54
INE0NES07303,13.1986,2026-06-24,BSE,3.39
INE0NES07303,13.0588,2026-06-25,BSE,3.1
INE0NES07303,12.8594,2026-06-29,BSE,5.28
INE0NES07303,12.7994,2026-06-30,BSE,12.4
INE0NES07303,13.9243,2026-07-01,BSE,13.52
INE0NES07303,13.5116,2026-07-02,BSE,6.08
INE0NES07303,12.951,2026-07-03,BSE,16.38
INE0NES07303,12.9272,2026-07-06,BSE,5.75
INE0NES07303,14.1692,2026-07-07,NSE,4.3
INE0NES07303,14.2838,2026-07-08,NSE,6.18
INE0NES07303,13.5019,2026-07-09,BSE,7.74
INE0NES07303,13.1935,2026-07-10,BSE,6.03
INE0NES07303,13.5519,2026-07-13,BSE,6.22
INE0NES07303,14.3828,2026-07-14,NSE,10.24
INE0NES07303,14.0847,2026-07-15,BSE,14.34
INE0NES07303,13.9043,2026-07-16,BSE,16.56
INE0NES07303,13.5682,2026-07-17,BSE,8.83
INE0NES07303,13.607,2026-07-20,BSE,36.1
INE0NES07303,13.826,2026-07-21,BSE,8.29
INE0NES07303,13.6893,2026-07-22,BSE,7.02
INE0NES07303,13.6678,2026-07-23,BSE,10.23
INE0NES07303,14.3956,2026-07-24,NSE,22.59
INE0NES07303,13.5199,2026-07-27,BSE,22.49
INE0NES07303,14.0601,2026-07-28,NSE,5.12
INE0NES07303,13.8823,2026-07-29,BSE,22.37
INE0NES07303,13.5683,2026-07-30,BSE,19.12
INE0NES07311,13.8925,2026-06-10,BSE,1.12
INE0NES07329,13.3154,2026-06-08,BSE,10.88
INE0NES07329,12.8774,2026-06-09,BSE,11.56
INE0NES07329,13.2229,2026-06-10,BSE,7.79
INE0NES07329,13.6317,2026-06-11,BSE,4.68
INE0NES07329,13.1541,2026-06-12,BSE,60.32
INE0NES07329,13.0365,2026-06-15,BSE,7.17
INE0NES07329,13.4118,2026-06-16,BSE,5.22
INE0NES07329,13.0151,2026-06-17,BSE,13.4
INE0NES07329,14.0569,2026-06-18,NSE,4.84
INE0NES07329,13.8936,2026-06-19,BSE,12.16
INE0NES07329,13.4337,2026-06-22,BSE,11.16
INE0NES07329,12.3996,2026-06-23,BSE,12.75
INE0NES07329,13.6938,2026-06-24,BSE,7.63
INE0NES07329,13.6845,2026-06-25,BSE,24.11
INE0NES07329,13.1315,2026-06-29,BSE,30.96
INE0NES07329,13.5685,2026-06-30,BSE,39.15
INE0NES07329,14.086,2026-07-01,NSE,6.5
INE0NES07329,13.8047,2026-07-02,NSE,6.9
INE0NES07329,13.6308,2026-07-03,NSE,4.62
INE0NES07329,12.9147,2026-07-06,BSE,8.82
INE0NES07329,14.1154,2026-07-07,NSE,6.78
INE0NES07329,13.9213,2026-07-08,NSE,7.16
INE0NES07329,14.1626,2026-07-09,NSE,2.65
INE0NES07329,13.7539,2026-07-10,NSE,1.85
INE0NES07329,13.0931,2026-07-16,BSE,2.56
INE0NES07329,14.2221,2026-07-17,BSE,2.39
INE0NES07345,10.8368,2026-06-08,BSE,2.0
INE0NES07345,12.6716,2026-06-09,BSE,9.69
INE0NES07345,12.5238,2026-06-10,BSE,2.0
INE0NES07345,12.2797,2026-06-12,BSE,17.4
INE0NES07345,13.1128,2026-06-17,BSE,3.97
INE0NES07345,13.458,2026-06-18,BSE,1.1
INE0NES07345,12.6856,2026-06-19,BSE,5.19
INE0NES07345,12.6651,2026-06-23,BSE,5.8
INE0NES07345,13.8248,2026-06-24,BSE,16.98
INE0NES07345,13.8377,2026-06-29,BSE,3.02
INE0NES07345,13.1206,2026-06-30,BSE,1.23
INE0NES07345,14.3286,2026-07-01,BSE,2.07
INE0NES07345,12.8747,2026-07-02,BSE,2.11
INE0NES07345,12.8452,2026-07-03,BSE,5.91
INE0NES07345,12.7416,2026-07-07,BSE,5.31
INE0NES07345,13.4953,2026-07-08,BSE,1.21
INE0NES07345,13.6268,2026-07-10,BSE,1.04
INE0NES07345,13.9339,2026-07-13,BSE,2.35
INE0NES07345,12.7799,2026-07-15,BSE,1.74
INE0NES07345,13.9652,2026-07-17,BSE,1.69
INE0NES07345,13.1045,2026-07-20,BSE,3.98
INE0NES07345,13.5486,2026-07-21,BSE,1.78
INE0NES07345,13.0574,2026-07-23,BSE,4.78
INE0NES07345,13.8652,2026-07-24,BSE,1.8
INE0NES07345,13.4059,2026-07-27,BSE,4.97
INE0NES07345,13.7473,2026-07-29,BSE,15.22
INE0NES07345,13.0273,2026-07-30,BSE,3.31
INE0NRM07043,14.42,2026-06-08,NSE,30.0
INE0NRM07050,14.55,2026-06-08,NSE,30.0
INE0O6B08012,14.0,2026-07-16,BSE,10.0
INE0O6B08012,14.01,2026-07-22,BSE,10.0
INE0O7U07046,11.5718,2026-06-08,BSE,8.0
INE0O7U07046,11.572,2026-06-12,BSE,5.07
INE0O7U07046,11.2904,2026-06-16,NSE,1.12
INE0O7U07046,11.3139,2026-06-17,NSE,1.02
INE0OAD07020,12.75,2026-06-24,BSE,90.0
INE0OAD07020,11.5652,2026-06-25,BSE,75.0
INE0OAD07020,12.7356,2026-06-29,BSE,60.0
INE0OAD07020,12.4053,2026-06-30,BSE,60.0
INE0OAD07020,13.2083,2026-07-01,BSE,15.0
INE0OAD07020,12.1054,2026-07-02,BSE,96.5
INE0OAD07020,12.6897,2026-07-03,BSE,72.5
INE0OAD07020,13.5,2026-07-06,BSE,32.0
INE0OAD07020,11.4299,2026-07-07,BSE,20.0
INE0OAD07020,14.2105,2026-07-10,BSE,20.25
INE0OAD07020,13.05,2026-07-16,BSE,10.0
INE0OAD07020,12.5,2026-07-24,BSE,20.5
INE0OAD07020,12.7308,2026-07-27,BSE,6.5
INE0OAD07020,13.6667,2026-07-30,BSE,16.5
INE0OJ007027,14.61,2026-06-16,BSE,5.0
INE0OJ007027,16.0352,2026-07-16,BSE,2.0
INE0OJ007027,13.7677,2026-07-22,BSE,1.52
INE0OJ007027,13.787,2026-07-23,BSE,2.0
INE0ONG08024,7.2645,2026-07-13,NSE,125.0
INE0ONG08024,7.2634,2026-07-14,NSE,200.0
INE0ONG08024,7.2634,2026-07-15,NSE,25.0
INE0ONG08024,7.3064,2026-07-21,NSE,50.0
INE0ONG08024,7.247,2026-07-28,BSE,25.0
INE0OOQ07601,15.5,2026-06-25,BSE,7.0
INE0OOQ07601,15.5,2026-06-29,BSE,7.0
INE0OOQ07676,16.0,2026-07-02,BSE,3.1
INE0OOQ07676,11.0,2026-07-03,BSE,3.1
INE0OOQ07791,16.9,2026-07-16,BSE,1.07
INE0OOQ07825,11.8974,2026-06-09,BSE,51.0
INE0OOQ07825,11.4236,2026-06-10,BSE,14.5
INE0OOQ07825,13.648,2026-06-11,BSE,45.93
INE0OOQ07825,13.6434,2026-06-12,BSE,24.0
INE0OOQ07825,13.8822,2026-06-15,BSE,21.88
INE0OOQ07825,13.6425,2026-06-16,BSE,6.7
INE0OOQ07825,14.6478,2026-06-17,BSE,4.6
INE0OOQ07825,14.2629,2026-06-18,BSE,31.2
INE0OOQ07825,13.8158,2026-06-19,BSE,12.2
INE0OOQ07825,13.997,2026-06-22,BSE,8.35
INE0OOQ07825,14.1943,2026-06-24,BSE,33.75
INE0OOQ07825,13.3979,2026-06-25,BSE,26.95
INE0OOQ07825,13.9424,2026-06-29,BSE,18.5
INE0OOQ07825,13.1155,2026-06-30,BSE,7.35
INE0OOQ07825,14.9,2026-07-02,BSE,3.8
INE0OOQ07825,12.5,2026-07-03,BSE,1.0
INE0OOQ07825,14.1719,2026-07-06,BSE,6.4
INE0OOQ07825,14.5333,2026-07-07,BSE,3.0
INE0OOQ07825,15.0,2026-07-08,BSE,1.0
INE0OOQ07825,14.9,2026-07-13,BSE,1.2
INE0OOQ07825,12.4808,2026-07-16,BSE,2.1
INE0OOQ07825,14.0,2026-07-21,BSE,5.0
INE0OOQ07825,14.5,2026-07-29,BSE,10.0
INE0OOQ07825,13.3535,2026-07-30,BSE,40.05
INE0OWY07087,15.1692,2026-07-15,BSE,1.9
INE0OWY07087,15.5607,2026-07-22,BSE,1.0
INE0OWY07087,16.2018,2026-07-23,BSE,2.0
INE0P1407018,10.6,2026-07-15,BSE,25.0
INE0P1407018,10.3652,2026-07-23,BSE,4.22
INE0P1407026,10.45,2026-07-06,BSE,15.0
INE0P1407026,10.4,2026-07-07,NSE,5.0
INE0P1407026,10.384,2026-07-14,NSE,5.59
INE0P1407026,10.4,2026-07-15,BSE,3.0
INE0P1407026,10.1035,2026-07-22,NSE,1.29
INE0P1407026,10.3915,2026-07-24,BSE,2.05
INE0P1407026,10.0909,2026-07-27,NSE,2.59
INE0P3M07025,16.0109,2026-06-09,BSE,1.5
INE0P3M07025,15.5274,2026-06-17,BSE,1.5
INE0P3M07025,12.0,2026-06-25,BSE,5.0
INE0P3M07025,13.5,2026-06-29,BSE,2.0
INE0P3M07025,13.5406,2026-07-07,BSE,1.0
INE0P3M07025,14.7,2026-07-10,BSE,1.0
INE0P3M07025,13.5746,2026-07-28,BSE,3.0
INE0P3M07025,12.6429,2026-07-29,BSE,17.5
INE0P3M07033,12.947,2026-06-29,BSE,25.0
INE0P3M07033,13.0,2026-07-09,BSE,10.0
INE0P3M07033,15.0,2026-07-29,BSE,25.0
INE0P3M07041,12.5,2026-06-23,BSE,1.0
INE0P3M07041,15.0099,2026-07-09,BSE,4.0
INE0P3M07041,15.0,2026-07-10,BSE,5.0
INE0P3M07041,12.5,2026-07-14,BSE,1.5
INE0P3M07041,15.0682,2026-07-15,BSE,11.0
INE0P3M07041,13.5,2026-07-16,BSE,10.0
INE0P3M07041,13.5,2026-07-17,BSE,5.0
INE0P3M07041,15.5,2026-07-24,BSE,5.0
INE0P3M07041,12.5,2026-07-29,BSE,10.0
INE0P3M07041,14.7593,2026-07-30,BSE,13.5
INE0PB707037,12.0,2026-06-18,BSE,15.99
INE0PM707190,15.05,2026-06-12,BSE,20.0
INE0PM707190,14.0,2026-06-25,BSE,10.0
INE0PM707190,12.9385,2026-07-27,BSE,26.0
INE0PM707331,14.8,2026-07-01,NSE,1.3
INE0PM707406,14.8,2026-07-01,NSE,1.6
INE0PM707406,14.8,2026-07-02,NSE,1.6
INE0PM707414,12.2,2026-06-09,BSE,1.0
INE0PM707448,14.6,2026-07-20,BSE,13.5
INE0PM707448,14.65,2026-07-21,BSE,13.5
INE0PM707448,14.0,2026-07-22,BSE,6.0
INE0PM707448,12.0,2026-07-23,BSE,6.0
INE0PM707513,12.6193,2026-06-23,BSE,1.0
INE0PM707513,13.5,2026-06-25,BSE,1.0
INE0PM707521,13.7608,2026-06-12,BSE,52.0
INE0PM707521,15.25,2026-06-16,BSE,5.5
INE0PM707521,15.23,2026-06-17,BSE,5.5
INE0PM707539,12.3214,2026-06-09,BSE,1.75
INE0PM707539,15.5,2026-06-11,BSE,1.0
INE0PM707539,13.571,2026-06-23,BSE,2.0
INE0PM707539,14.3707,2026-06-24,BSE,3.75
INE0PM707539,14.2672,2026-06-30,BSE,14.5
INE0PM707539,14.25,2026-07-01,BSE,13.5
INE0PM707539,14.25,2026-07-03,BSE,26.0
INE0PM707539,14.25,2026-07-20,BSE,15.0
INE0PM707539,12.25,2026-07-27,BSE,1.0
INE0PM707547,15.281,2026-06-10,BSE,10.0
INE0PM707554,15.0,2026-06-10,BSE,2.5
INE0PM707554,15.3,2026-06-11,BSE,1.5
INE0PM707554,14.0,2026-06-12,BSE,4.0
INE0PM707554,15.2824,2026-06-15,BSE,4.25
INE0PM707554,15.0,2026-06-16,BSE,3.75
INE0PM707554,15.5,2026-06-17,BSE,3.75
INE0PM707554,15.0,2026-06-18,BSE,1.5
INE0PM707554,13.5,2026-06-19,BSE,2.25
INE0PM707554,10.0,2026-06-24,BSE,3.0
INE0PM707554,15.0,2026-06-25,BSE,5.75
INE0PM707562,14.7333,2026-06-09,BSE,6.0
INE0PM707562,14.0055,2026-06-10,BSE,17.5
INE0PM707562,14.258,2026-06-15,BSE,12.0
INE0PM707562,13.8754,2026-06-16,BSE,3.5
INE0PM707562,13.6937,2026-06-17,BSE,4.25
INE0PM707562,12.8992,2026-06-18,BSE,7.0
INE0PM707562,12.5186,2026-06-22,BSE,5.75
INE0PM707562,14.0688,2026-06-23,BSE,20.5
INE0PM707562,13.5,2026-06-25,BSE,2.0
INE0PM707562,15.1944,2026-07-02,BSE,11.25
INE0PM707562,12.5,2026-07-10,BSE,1.75
INE0PM707562,13.8,2026-07-15,BSE,2.5
INE0PM707562,13.7857,2026-07-16,BSE,7.0
INE0PM707562,14.0,2026-07-17,BSE,2.0
INE0PM707570,13.7688,2026-06-09,BSE,3.5
INE0PM707570,13.2639,2026-06-10,BSE,9.75
INE0PM707570,15.15,2026-06-11,BSE,2.25
INE0PM707570,14.1271,2026-06-12,BSE,5.25
INE0PM707570,13.7148,2026-06-15,BSE,3.25
INE0PM707570,13.9095,2026-06-16,BSE,1.5
INE0PM707570,14.2319,2026-06-17,BSE,4.75
INE0PM707570,14.0815,2026-06-25,BSE,1.0
INE0PM707596,9.1667,2026-06-16,BSE,12.0
INE0PM707596,14.5357,2026-06-17,BSE,112.0
INE0PM707596,14.4276,2026-06-18,BSE,19.0
INE0PM707596,14.2242,2026-06-19,BSE,15.5
INE0PM707596,14.2662,2026-06-23,BSE,17.5
INE0PM707596,12.9824,2026-06-24,BSE,26.0
INE0PM707596,14.3133,2026-06-25,BSE,22.5
INE0PM707596,14.9828,2026-06-29,BSE,14.5
INE0PM707596,14.1284,2026-06-30,BSE,9.0
INE0PM707596,15.3732,2026-07-02,BSE,8.0
INE0PM707596,14.8571,2026-07-06,BSE,1.75
INE0PM707596,12.6185,2026-07-07,BSE,20.0
INE0PM707596,13.687,2026-07-08,BSE,10.75
INE0PM707596,13.8765,2026-07-10,BSE,8.5
INE0PM707596,14.7712,2026-07-14,BSE,14.25
INE0PM707596,14.3492,2026-07-16,BSE,25.75
INE0PM707596,14.6879,2026-07-17,BSE,15.25
INE0PM707596,15.0,2026-07-21,BSE,5.0
INE0PM707596,14.2073,2026-07-23,BSE,27.5
INE0PM707596,13.2791,2026-07-24,BSE,73.0
INE0PM707596,14.2789,2026-07-27,BSE,11.0
INE0PM707596,15.0,2026-07-28,BSE,1.5
INE0PM707596,14.25,2026-07-30,BSE,1.0
INE0PM707604,14.5381,2026-07-22,BSE,10.5
INE0PM707604,14.4611,2026-07-23,BSE,27.0
INE0PM707604,14.4677,2026-07-24,BSE,15.5
INE0PM707604,13.95,2026-07-27,BSE,9.5
INE0PM707604,14.4904,2026-07-28,BSE,26.0
INE0PM707604,13.075,2026-07-29,BSE,4.0
INE0PM707604,13.325,2026-07-30,BSE,3.0
INE0PV118017,20.0,2026-06-10,NSE,66.91
INE0QGP07190,11.75,2026-07-28,BSE,10.0
INE0QGP07216,11.5,2026-07-30,BSE,1.5
INE0QGP07240,11.5,2026-07-30,BSE,6.0
INE0QOA07022,14.0,2026-06-10,NSE,3.0
INE0QOA07022,15.0,2026-07-03,NSE,28.0
INE0QPN07055,16.0735,2026-06-18,BSE,1.7
INE0QPN07055,13.7958,2026-06-22,BSE,1.7
INE0QPN07055,16.725,2026-06-29,BSE,1.2
INE0RU307262,11.74,2026-07-07,BSE,10.0
INE0RU307262,11.73,2026-07-08,BSE,5.0
INE0RU307262,11.73,2026-07-09,BSE,15.0
INE0RU307262,11.6817,2026-07-10,NSE,4.39
INE0RU307262,11.6806,2026-07-13,NSE,8.45
INE0RU307262,11.6759,2026-07-14,NSE,3.84
INE0RU307262,12.75,2026-07-15,BSE,5.0
INE0RU307262,12.75,2026-07-22,BSE,5.0
INE0RU307262,11.6666,2026-07-27,NSE,5.47
INE0S3L07099,12.5,2026-07-16,NSE,1.35
INE0S8E07028,14.25,2026-07-08,BSE,1.9
INE0TLC07044,9.4975,2026-06-09,NSE,1.7
INE0TLC07044,9.01,2026-06-11,BSE,10.0
INE0TLC07044,8.7576,2026-06-16,BSE,2.05
INE0TLC07044,8.7098,2026-06-17,NSE,2.05
INE0TLC07044,8.62,2026-06-23,NSE,1.0
INE0TLC07044,8.64,2026-06-25,NSE,1.0
INE0TLC07044,8.61,2026-06-30,NSE,1.0
INE0TLC07044,8.61,2026-07-01,NSE,1.0
INE0TLC07044,8.6,2026-07-02,NSE,1.0
INE0TLC07044,8.4,2026-07-07,BSE,1.0
INE0TLC07044,8.3872,2026-07-15,BSE,1.06
INE0TLC07069,8.7331,2026-06-08,NSE,1.33
INE0TLC07069,9.1157,2026-06-09,NSE,2.01
INE0TLC07069,8.7356,2026-06-10,NSE,1.04
INE0TLC07069,9.2662,2026-06-11,NSE,2.29
INE0TLC07069,8.8498,2026-06-16,NSE,11.34
INE0TLC07069,8.9294,2026-06-17,NSE,2.87
INE0TLC07069,8.7216,2026-06-18,BSE,1.62
INE0TLC07069,8.8039,2026-06-23,NSE,2.5
INE0TLC07069,8.9992,2026-06-24,NSE,26.55
INE0TLC07069,8.6669,2026-06-29,NSE,40.08
INE0TLC07069,8.6288,2026-06-30,NSE,1.07
INE0TLC07069,8.5921,2026-07-03,NSE,1.52
INE0TLC07069,8.5233,2026-07-06,BSE,3.3
INE0TLC07069,8.7357,2026-07-07,NSE,1.28
INE0TLC07069,8.5978,2026-07-20,NSE,14.77
INE0TLC07069,8.5341,2026-07-21,BSE,4.05
INE0TLC07077,8.6689,2026-06-10,BSE,1.9
INE0TLC07077,8.8,2026-06-18,NSE,1.23
INE0TLC07077,8.8,2026-06-19,NSE,1.23
INE0TLC07077,9.1021,2026-07-17,NSE,2.4
INE0TLC07077,9.1012,2026-07-20,NSE,2.4
INE0TLC07085,9.2,2026-06-09,NSE,15.0
INE0TLC07085,8.4696,2026-06-10,BSE,1.5
INE0TLC07085,8.8982,2026-06-12,BSE,4.09
INE0TLC07085,8.852,2026-06-15,BSE,2.55
INE0TLC07085,8.8065,2026-06-16,NSE,2.48
INE0TLC07085,8.8172,2026-06-18,BSE,2.03
INE0TLC07085,7.1608,2026-07-27,NSE,1.49
INE0TLC07085,8.8526,2026-07-30,NSE,131.25
INE0TLC07093,8.721,2026-06-08,NSE,5.4
INE0TLC07093,9.237,2026-06-24,NSE,34.0
INE0TLC07093,8.8996,2026-06-30,NSE,20.05
INE0TLC07093,8.7129,2026-07-17,NSE,2.2
INE0TLC07093,8.7035,2026-07-20,NSE,2.25
INE0TLC07093,8.1767,2026-07-27,NSE,6.47
INE0TLC07093,8.7292,2026-07-29,NSE,13.76
INE0TLC07093,6.7466,2026-07-30,BSE,30.0
INE0TLC07101,8.857,2026-06-08,NSE,2.29
INE0TQI07024,9.0,2026-06-29,BSE,1.0
INE0TQI07024,9.0,2026-07-01,BSE,15.0
INE0TQI07024,9.0,2026-07-10,BSE,25.0
INE0TQI07024,9.0,2026-07-24,BSE,1.0
INE0U0U07035,14.0,2026-06-17,NSE,85.66
INE0U9A07012,19.8352,2026-06-16,BSE,82.0
INE0U9A07012,19.75,2026-07-06,NSE,867.0
INE0U9A07012,20.0,2026-07-28,NSE,90.0
INE0U9A07012,19.75,2026-07-30,NSE,20.0
INE0WEL07044,15.265,2026-06-11,BSE,4.04
INE0WEL07051,15.26,2026-06-11,BSE,6.1
INE0WEL07051,15.17,2026-07-03,BSE,2.05
INE0WEL07051,15.2143,2026-07-10,BSE,2.1
INE0WEL07051,16.0,2026-07-13,BSE,1.0
INE0WEL07051,17.3455,2026-07-21,BSE,1.1
INE0XK707143,18.9894,2026-06-10,BSE,10.0
INE0XK707143,19.05,2026-06-11,BSE,5.0
INE0XK707143,16.9874,2026-06-12,BSE,4.75
INE0XK707143,16.6741,2026-06-17,BSE,3.2
INE0XK707143,18.6882,2026-06-19,BSE,5.28
INE0XK707143,17.0769,2026-06-29,BSE,1.04
INE0XK707143,17.0183,2026-06-30,BSE,3.68
INE0XK707143,16.858,2026-07-03,BSE,1.25
INE0XK707143,16.999,2026-07-06,BSE,2.08
INE0XK707143,16.162,2026-07-09,BSE,2.16
INE0XK707143,16.3214,2026-07-10,BSE,1.89
INE0XK707143,16.9892,2026-07-13,BSE,2.32
INE0XK707200,16.0,2026-07-01,NSE,1.35
INE0XK707200,16.0,2026-07-02,NSE,1.49
INE0XK707200,16.0,2026-07-13,NSE,1.18
INE0XK707267,17.0,2026-07-14,BSE,30.0
INE0XK707267,16.9,2026-07-17,BSE,20.0
INE0XK707267,16.9,2026-07-21,BSE,5.0
INE0XK707267,16.0,2026-07-23,BSE,25.0
INE0XK707267,16.0,2026-07-24,BSE,15.0
INE0XK707267,16.0,2026-07-28,BSE,4.0
INE0XK707267,16.5,2026-07-30,BSE,5.0
INE0XK707291,16.0,2026-07-20,NSE,1.83
INE0YRB07019,8.2,2026-06-12,BSE,20.0
INE0YRB07019,8.1282,2026-07-16,NSE,40.0
INE0YRB07019,8.12,2026-07-21,NSE,20.0
INE0YRB07019,8.1119,2026-07-23,NSE,40.0
INE0YRB07019,8.1037,2026-07-27,NSE,20.0
INE0YRB07019,8.1038,2026-07-29,NSE,20.0
INE0YRB07035,8.1299,2026-06-22,BSE,10.0
INE0YRB07035,8.1291,2026-06-23,BSE,20.0
INE0YRB07035,8.15,2026-06-24,BSE,20.0
INE0YRB07035,8.1049,2026-06-25,NSE,4.5
INE0YRB07035,8.1048,2026-06-29,NSE,4.5
INE0YRB07035,8.1552,2026-07-16,NSE,4.5
INE0YRB07035,8.1541,2026-07-21,NSE,4.5
INE0YRB07035,8.1541,2026-07-23,NSE,9.0
INE0YRB07035,8.121,2026-07-30,BSE,5.0
INE0YRB07043,7.9456,2026-06-15,NSE,20.0
INE0YRB07043,7.6468,2026-06-23,NSE,6.0
INE0YRB07043,7.6468,2026-06-25,NSE,12.0
INE0YRB07043,7.6454,2026-06-29,NSE,6.0
INE0YTY07017,12.0,2026-06-18,BSE,13.78
INE0YTY07017,14.0,2026-07-02,BSE,7.36
INE0YTY07017,11.85,2026-07-03,BSE,7.36
INE0YTY07033,14.5,2026-06-18,BSE,6.0
INE0YTY07033,14.0,2026-07-24,BSE,2.0
INE0YTY07041,13.9419,2026-06-18,BSE,30.11
INE0YTY07041,14.6493,2026-07-06,BSE,2.0
INE0YTY07041,14.0,2026-07-07,BSE,2.0
INE0YTY07041,13.7258,2026-07-27,BSE,20.13
INE0Z4807015,13.5032,2026-06-08,BSE,7.84
INE0Z4807015,14.1282,2026-06-10,BSE,9.35
INE0Z4807015,13.5,2026-06-11,BSE,4.4
INE0Z4807015,13.5,2026-06-12,BSE,1.17
INE0Z4807015,14.9712,2026-06-15,BSE,5.03
INE0Z4807015,14.5,2026-06-23,BSE,1.4
INE0Z4807015,14.3188,2026-06-24,BSE,6.4
INE0Z4807015,14.3585,2026-06-30,BSE,2.05
INE0Z4807015,14.0,2026-07-03,BSE,2.0
INE0Z4807015,13.5018,2026-07-06,BSE,16.78
INE0Z4807015,13.5,2026-07-07,BSE,1.56
INE0Z4807015,15.04,2026-07-09,BSE,3.0
INE0Z4807015,14.4684,2026-07-14,BSE,20.0
INE0Z4807015,13.0031,2026-07-16,BSE,1.61
INE0Z4807015,14.5,2026-07-22,BSE,5.0
INE0Z4807015,13.0266,2026-07-23,BSE,2.37
INE0ZAM07019,10.0,2026-07-03,BSE,11.8
INE101Q07AZ8,10.38,2026-07-13,BSE,5.01
INE101Q07AZ8,9.9938,2026-07-16,NSE,10.05
INE101Q07BH4,11.55,2026-07-02,BSE,1.0
INE101Q07BR3,10.2209,2026-07-30,BSE,1.09
INE101Q07BU7,11.2,2026-06-17,BSE,10.05
INE101Q07BU7,11.1222,2026-06-18,BSE,6.0
INE101Q07BU7,11.45,2026-06-19,BSE,10.0
INE101Q07BU7,10.9281,2026-07-01,NSE,1.17
INE101Q07BU7,10.8889,2026-07-02,NSE,1.62
INE101Q07BU7,11.1227,2026-07-07,NSE,1.31
INE101Q07BU7,10.75,2026-07-10,BSE,1.0
INE101Q07BU7,11.45,2026-07-13,BSE,5.0
INE101Q07BU7,11.1289,2026-07-14,NSE,5.45
INE101Q07BU7,11.1844,2026-07-20,BSE,5.89
INE101Q07BU7,9.0,2026-07-22,BSE,2.8
INE101Q07BW3,11.0493,2026-06-15,BSE,1.01
INE101Q07BW3,11.3476,2026-07-17,BSE,25.06
INE101Q07BW3,10.6235,2026-07-28,BSE,1.35
INE101Q07BW3,10.751,2026-07-29,BSE,3.04
INE101Q07BW3,10.5827,2026-07-30,BSE,1.41
INE101Q07BX1,11.4066,2026-06-08,BSE,1.26
INE101Q07BX1,11.3008,2026-06-11,BSE,1.29
INE101Q07BX1,11.4591,2026-06-12,BSE,12.55
INE101Q07BX1,10.6718,2026-06-15,BSE,4.15
INE101Q07BX1,11.4207,2026-06-16,BSE,11.74
INE101Q07BX1,10.5442,2026-06-17,BSE,4.08
INE101Q07BX1,11.0753,2026-06-18,BSE,7.05
INE101Q07BX1,10.8859,2026-06-22,BSE,2.48
INE101Q07BX1,10.6037,2026-06-23,BSE,55.21
INE101Q07BX1,11.3924,2026-06-24,BSE,14.1
INE101Q07BX1,11.4003,2026-06-25,NSE,2.97
INE101Q07BX1,11.4695,2026-06-29,BSE,11.96
INE101Q07BX1,11.0045,2026-06-30,BSE,5.31
INE101Q07BX1,11.3566,2026-07-01,NSE,20.04
INE101Q07BX1,11.3043,2026-07-02,BSE,19.98
INE101Q07BX1,11.1393,2026-07-03,BSE,4.46
INE101Q07BX1,11.2403,2026-07-06,BSE,15.66
INE101Q07BX1,11.2135,2026-07-07,BSE,3.57
INE101Q07BX1,11.3877,2026-07-08,BSE,7.04
INE101Q07BX1,11.0227,2026-07-09,BSE,1.42
INE101Q07BX1,10.8377,2026-07-10,BSE,1.79
INE101Q07BX1,11.2366,2026-07-13,BSE,5.09
INE101Q07BX1,11.4349,2026-07-14,NSE,6.01
INE101Q07BX1,10.6125,2026-07-20,BSE,13.56
INE101Q07BX1,11.4692,2026-07-22,NSE,2.08
INE101Q07BX1,11.2039,2026-07-27,NSE,2.79
INE101Q07BX1,11.2864,2026-07-28,BSE,3.27
INE101Q07BX1,11.3916,2026-07-29,NSE,1.46
INE101Q07BX1,13.1957,2026-07-30,BSE,2.45
INE101Q07BY9,10.9687,2026-06-08,BSE,5.53
INE101Q07BY9,11.307,2026-06-09,BSE,4.24
INE101Q07BY9,11.2909,2026-06-10,BSE,2.2
INE101Q07BY9,11.1972,2026-06-11,BSE,1.8
INE101Q07BY9,11.0614,2026-06-15,NSE,1.17
INE101Q07BY9,11.1556,2026-06-17,NSE,1.02
INE101Q07BY9,11.2246,2026-06-18,BSE,4.02
INE101Q07BY9,11.5328,2026-06-19,BSE,11.01
INE101Q07BY9,10.9624,2026-06-22,NSE,1.57
INE101Q07BY9,11.1222,2026-06-23,NSE,1.21
INE101Q07BY9,11.35,2026-06-25,BSE,1.0
INE101Q07BY9,11.4524,2026-06-29,NSE,6.41
INE101Q07BY9,11.0508,2026-06-30,NSE,1.12
INE101Q07BY9,11.4388,2026-07-02,BSE,10.51
INE101Q07BY9,11.075,2026-07-27,NSE,5.23
INE101Q07BZ6,10.7902,2026-06-08,BSE,6.07
INE101Q07BZ6,10.4511,2026-06-09,BSE,1.83
INE101Q07BZ6,10.4981,2026-06-10,BSE,2.91
INE101Q07BZ6,10.6783,2026-06-11,BSE,6.43
INE101Q07BZ6,10.592,2026-06-12,BSE,3.29
INE101Q07BZ6,10.6811,2026-06-15,BSE,18.72
INE101Q07BZ6,10.6854,2026-06-16,BSE,3.72
INE101Q07BZ6,10.77,2026-06-17,BSE,15.59
INE101Q07BZ6,10.4944,2026-06-18,BSE,3.64
INE101Q07BZ6,10.4913,2026-06-19,BSE,2.7
INE101Q07BZ6,10.3943,2026-06-22,BSE,6.02
INE101Q07BZ6,10.2678,2026-06-23,BSE,2.98
INE101Q07BZ6,10.405,2026-06-24,BSE,1.53
INE101Q07BZ6,10.7212,2026-06-25,BSE,6.55
INE101Q07BZ6,10.5423,2026-06-29,BSE,4.34
INE101Q07BZ6,10.5418,2026-06-30,BSE,2.57
INE101Q07BZ6,10.5859,2026-07-01,BSE,2.92
INE101Q07BZ6,10.3645,2026-07-02,BSE,2.06
INE101Q07BZ6,10.4652,2026-07-03,BSE,1.95
INE101Q07BZ6,10.4622,2026-07-06,BSE,4.4
INE101Q07BZ6,10.5027,2026-07-07,BSE,4.18
INE101Q07BZ6,10.7722,2026-07-08,BSE,3.2
INE101Q07BZ6,10.5007,2026-07-09,BSE,2.6
INE101Q07BZ6,10.7329,2026-07-10,BSE,2.3
INE101Q07BZ6,10.8889,2026-07-13,BSE,3.08
INE101Q07BZ6,10.8936,2026-07-14,BSE,1.89
INE101Q07BZ6,10.5079,2026-07-15,BSE,2.22
INE101Q07BZ6,11.3444,2026-07-16,NSE,2.53
INE101Q07BZ6,10.5178,2026-07-17,BSE,2.29
INE101Q07BZ6,10.7055,2026-07-20,BSE,2.96
INE101Q07BZ6,10.9417,2026-07-21,BSE,2.09
INE101Q07BZ6,10.7371,2026-07-22,BSE,2.03
INE101Q07BZ6,10.8255,2026-07-23,BSE,1.4
INE101Q07BZ6,10.9259,2026-07-24,BSE,2.38
INE101Q07BZ6,10.917,2026-07-27,BSE,5.16
INE101Q07CA7,11.2156,2026-06-08,BSE,5.51
INE101Q07CA7,10.5804,2026-06-09,BSE,15.43
INE101Q07CA7,11.0057,2026-06-10,BSE,5.73
INE101Q07CA7,10.4735,2026-06-11,BSE,9.37
INE101Q07CA7,10.6251,2026-06-12,BSE,13.45
INE101Q07CA7,11.2269,2026-06-15,BSE,16.5
INE101Q07CA7,11.2303,2026-06-16,BSE,16.39
INE101Q07CA7,11.1294,2026-06-17,NSE,6.09
INE101Q07CA7,10.8946,2026-06-18,BSE,4.12
INE101Q07CA7,11.2599,2026-06-19,BSE,10.02
INE101Q07CA7,11.0494,2026-06-22,BSE,5.88
INE101Q07CA7,11.2924,2026-06-23,NSE,6.69
INE101Q07CA7,11.1643,2026-06-24,BSE,7.52
INE101Q07CA7,11.5532,2026-06-25,NSE,14.37
INE101Q07CA7,10.3879,2026-06-29,BSE,19.17
INE101Q07CA7,11.199,2026-06-30,BSE,5.31
INE101Q07CA7,11.093,2026-07-01,BSE,4.63
INE101Q07CA7,10.9687,2026-07-02,NSE,2.87
INE101Q07CA7,11.1478,2026-07-03,NSE,4.47
INE101Q07CA7,11.0547,2026-07-06,NSE,7.16
INE101Q07CA7,10.9619,2026-07-07,NSE,3.23
INE101Q07CA7,11.2402,2026-07-08,NSE,6.32
INE101Q07CA7,11.2151,2026-07-09,BSE,5.44
INE101Q07CA7,11.2435,2026-07-10,NSE,6.58
INE101Q07CA7,9.8493,2026-07-13,BSE,6.57
INE101Q07CA7,11.222,2026-07-14,BSE,7.0
INE101Q07CA7,10.4566,2026-07-15,BSE,4.24
INE101Q07CA7,9.763,2026-07-16,BSE,12.95
INE101Q07CA7,10.9789,2026-07-17,BSE,8.07
INE101Q07CA7,10.9185,2026-07-20,NSE,5.63
INE101Q07CA7,10.2305,2026-07-21,BSE,7.92
INE101Q07CA7,9.859,2026-07-22,BSE,4.29
INE101Q07CA7,10.8359,2026-07-23,NSE,1.12
INE101Q07CA7,10.8732,2026-07-24,NSE,1.31
INE101Q07CA7,10.8686,2026-07-27,NSE,2.97
INE101Q07CA7,9.544,2026-07-28,BSE,5.04
INE101Q07CA7,10.8953,2026-07-29,NSE,1.31
INE103C07173,10.02,2026-06-10,BSE,1.49
INE103C07173,10.0038,2026-06-15,BSE,1.58
INE103C07173,10.0,2026-06-16,BSE,1.48
INE103C07173,10.0897,2026-07-06,BSE,1.33
INE103C07181,9.8401,2026-06-09,NSE,1.09
INE104W07229,13.4339,2026-06-17,BSE,2.64
INE104W07229,12.9743,2026-06-30,BSE,1.63
INE104W07245,13.6,2026-06-12,BSE,12.1
INE104W07245,13.6,2026-06-15,BSE,12.1
INE104W07245,13.3748,2026-07-15,NSE,5.05
INE104W07245,13.2938,2026-07-17,NSE,7.04
INE104W07245,12.2514,2026-07-20,NSE,1.34
INE104W07245,12.2544,2026-07-27,NSE,1.09
INE104W07245,12.1006,2026-07-30,NSE,3.71
INE104W07252,13.2,2026-07-06,BSE,24.88
INE104W07252,13.2053,2026-07-16,BSE,6.88
INE104W07252,13.25,2026-07-17,NSE,2.0
INE104W07252,13.2075,2026-07-20,BSE,18.0
INE104W07252,13.3676,2026-07-21,NSE,5.06
INE104W07252,13.2918,2026-07-22,NSE,10.17
INE104W07252,13.0466,2026-07-24,NSE,1.19
INE104W07252,12.7379,2026-07-29,NSE,1.15
INE104W07260,13.2267,2026-06-08,NSE,5.61
INE104W07260,12.0569,2026-06-09,NSE,3.47
INE104W07260,12.7339,2026-06-10,NSE,9.38
INE104W07260,12.0084,2026-06-11,NSE,2.01
INE104W07260,12.8741,2026-06-12,NSE,1.17
INE104W07260,12.1667,2026-06-15,NSE,1.28
INE104W07260,13.0637,2026-06-30,NSE,2.2
INE109C07139,11.6629,2026-06-09,NSE,1.74
INE109C07139,11.7896,2026-06-16,BSE,1.03
INE109C07139,12.9395,2026-07-03,NSE,1.68
INE109C07139,11.6868,2026-07-06,NSE,1.16
INE109C07139,12.2922,2026-07-07,NSE,1.37
INE109C07139,11.8441,2026-07-13,NSE,1.77
INE109C07139,11.8991,2026-07-15,NSE,1.6
INE109C07139,11.8745,2026-07-16,NSE,1.3
INE109C07147,11.3162,2026-06-08,NSE,2.19
INE109C07147,11.8143,2026-06-09,NSE,18.42
INE109C07147,11.523,2026-06-10,BSE,8.08
INE109C07147,11.4029,2026-06-11,BSE,1.2
INE109C07147,11.7458,2026-06-12,BSE,1.11
INE109C07147,11.7598,2026-06-15,BSE,1.47
INE109C07147,11.8205,2026-06-16,NSE,15.56
INE109C07147,11.8086,2026-06-17,NSE,15.19
INE109C07147,11.5699,2026-06-23,NSE,20.2
INE109C07147,12.4008,2026-06-30,NSE,10.15
INE109C07147,11.7498,2026-07-01,BSE,10.81
INE109C07147,11.7194,2026-07-03,NSE,1.12
INE109C07147,11.3485,2026-07-07,BSE,20.59
INE109C07147,11.3937,2026-07-08,BSE,2.35
INE109C07147,10.6661,2026-07-17,BSE,4.42
INE109C07147,11.6872,2026-07-20,BSE,1.16
INE109C07147,11.6374,2026-07-21,NSE,9.1
INE109C07147,11.7421,2026-07-22,NSE,6.06
INE109C07147,11.7499,2026-07-24,BSE,10.32
INE109C07147,11.7361,2026-07-27,BSE,4.17
INE109C07147,11.7095,2026-07-28,BSE,1.01
INE109C07147,11.6432,2026-07-29,NSE,4.39
INE10A707144,14.2464,2026-06-22,BSE,7.03
INE10A707144,13.525,2026-06-23,NSE,10.0
INE10A707144,13.53,2026-07-03,NSE,2.0
INE10A707144,14.1981,2026-07-13,BSE,2.13
INE10A707144,13.535,2026-07-14,NSE,3.0
INE10A707144,14.25,2026-07-21,BSE,1.0
INE10R407050,18.8187,2026-06-09,BSE,3.0
INE115A07KE6,7.18,2026-06-11,NSE,5.0
INE115A07KM9,7.05,2026-06-18,NSE,25.0
INE115A07KM9,6.87,2026-07-15,NSE,125.0
INE115A07KM9,6.9,2026-07-23,NSE,25.0
INE115A07LO3,7.36,2026-07-16,NSE,25.0
INE115A07MQ6,7.57,2026-06-17,NSE,75.0
INE115A07MQ6,7.4,2026-06-30,NSE,75.0
INE115A07MQ6,7.59,2026-07-15,NSE,75.0
INE115A07MQ6,7.55,2026-07-17,NSE,25.0
INE115A07MQ6,7.6,2026-07-22,NSE,50.0
INE115A07MQ6,7.5,2026-07-28,NSE,25.0
INE115A07MW4,7.57,2026-06-18,NSE,100.0
INE115A07MW4,7.59,2026-06-23,NSE,50.0
INE115A07NP6,7.59,2026-06-17,NSE,75.0
INE115A07NP6,7.635,2026-07-22,NSE,30.0
INE115A07NU6,7.55,2026-07-27,NSE,100.0
INE115A07OB4,7.58,2026-06-11,NSE,25.0
INE115A07OB4,7.59,2026-06-23,NSE,75.0
INE115A07OB4,7.586,2026-07-30,NSE,125.0
INE115A07OF5,7.302,2026-07-13,NSE,2.0
INE115A07OF5,7.97,2026-07-29,BSE,2.0
INE115A07PI6,7.05,2026-06-09,NSE,50.0
INE115A07PI6,7.15,2026-06-11,NSE,25.0
INE115A07PI6,6.98,2026-06-23,NSE,5.0
INE115A07PI6,7.1,2026-06-29,NSE,100.0
INE115A07PI6,6.5,2026-07-01,NSE,25.0
INE115A07PI6,6.7,2026-07-13,NSE,5.0
INE115A07PI6,6.8,2026-07-20,NSE,75.0
INE115A07PL0,7.59,2026-06-23,NSE,25.0
INE115A07PL0,7.57,2026-06-24,NSE,25.0
INE115A07PN6,7.5478,2026-06-08,NSE,225.0
INE115A07PN6,7.28,2026-06-09,BSE,50.0
INE115A07PN6,7.5,2026-06-11,NSE,75.0
INE115A07PN6,7.45,2026-06-16,NSE,25.0
INE115A07PN6,7.2875,2026-06-17,BSE,50.0
INE115A07PN6,7.35,2026-06-23,NSE,50.0
INE115A07PN6,7.25,2026-06-25,NSE,50.0
INE115A07PN6,7.2,2026-06-29,NSE,25.0
INE115A07PN6,7.1273,2026-06-30,NSE,55.0
INE115A07PN6,7.15,2026-07-01,NSE,5.0
INE115A07PN6,6.785,2026-07-03,NSE,50.0
INE115A07PN6,6.8,2026-07-06,NSE,50.0
INE115A07PN6,7.28,2026-07-16,NSE,10.0
INE115A07PN6,7.2,2026-07-17,BSE,10.0
INE115A07PP1,7.7432,2026-06-23,BSE,10.3
INE115A07PP1,7.7,2026-06-24,NSE,10.0
INE115A07PR7,7.45,2026-06-09,NSE,50.0
INE115A07PR7,7.3,2026-07-22,NSE,50.0
INE115A07PV9,7.52,2026-06-15,NSE,75.0
INE115A07PV9,7.42,2026-07-08,NSE,25.0
INE115A07PV9,7.43,2026-07-10,NSE,50.0
INE115A07PV9,7.54,2026-07-15,NSE,25.0
INE115A07PV9,7.55,2026-07-16,NSE,70.0
INE115A07PV9,7.55,2026-07-21,NSE,25.0
INE115A07PV9,7.57,2026-07-22,NSE,110.0
INE115A07PV9,7.55,2026-07-23,NSE,25.0
INE115A07PV9,7.5,2026-07-24,NSE,25.0
INE115A07QA1,7.45,2026-06-30,NSE,25.0
INE115A07QC7,7.8,2026-06-08,NSE,25.0
INE115A07QC7,7.57,2026-06-17,NSE,200.0
INE115A07QC7,7.585,2026-06-19,NSE,25.0
INE115A07QC7,7.57,2026-06-23,NSE,25.0
INE115A07QC7,7.4,2026-06-30,NSE,400.0
INE115A07QC7,7.4,2026-07-07,NSE,75.0
INE115A07QC7,7.59,2026-07-15,NSE,25.0
INE115A07QC7,7.55,2026-07-16,NSE,25.0
INE115A07QC7,7.56,2026-07-17,NSE,20.0
INE115A07QC7,7.5438,2026-07-21,NSE,200.0
INE115A07QC7,7.6,2026-07-22,NSE,100.0
INE115A07QC7,7.55,2026-07-29,NSE,85.0
INE115A07QI4,7.57,2026-06-25,NSE,25.0
INE115A07QI4,7.485,2026-07-01,NSE,50.0
INE115A07QI4,7.635,2026-07-21,NSE,50.0
INE115A07QI4,7.58,2026-07-22,NSE,25.0
INE115A07QI4,7.62,2026-07-28,NSE,100.0
INE115A07QJ2,7.65,2026-06-18,NSE,5.0
INE115A07QJ2,7.56,2026-07-09,NSE,25.0
INE115A07QJ2,7.7,2026-07-10,BSE,100.0
INE115A07QL8,7.5482,2026-06-29,NSE,10.0
INE115A07QL8,7.54,2026-06-30,BSE,5.0
INE115A07QN4,7.57,2026-06-25,NSE,25.0
INE115A07QO2,7.7,2026-06-09,NSE,5.0
INE115A07QO2,7.532,2026-06-15,NSE,125.0
INE115A07QO2,7.57,2026-06-17,NSE,125.0
INE115A07QO2,7.7978,2026-06-23,NSE,7.0
INE115A07QO2,7.35,2026-07-01,NSE,25.0
INE115A07QO2,7.25,2026-07-02,NSE,25.0
INE115A07QO2,7.55,2026-07-08,NSE,25.0
INE115A07QO2,7.43,2026-07-13,NSE,45.0
INE115A07QO2,7.5625,2026-07-15,NSE,20.0
INE115A07QO2,7.6,2026-07-21,NSE,7.0
INE115A07QO2,7.58,2026-07-22,NSE,100.0
INE115A07QO2,7.5,2026-07-23,NSE,75.0
INE115A07QO2,7.46,2026-07-24,BSE,25.0
INE115A07QO2,7.465,2026-07-29,NSE,25.0
INE115A07QQ7,7.505,2026-07-28,NSE,25.0
INE115A07QS3,7.53,2026-06-24,NSE,50.0
INE115A07QS3,7.35,2026-06-30,NSE,50.0
INE115A07QS3,7.565,2026-07-15,NSE,100.0
INE115A07QS3,7.53,2026-07-16,NSE,55.0
INE115A07QS3,7.54,2026-07-17,NSE,25.0
INE115A07QS3,7.56,2026-07-23,NSE,30.0
INE115A07QS3,7.63,2026-07-30,NSE,5.0
INE115A07QT1,7.3043,2026-06-08,NSE,245.0
INE115A07QT1,7.07,2026-06-10,NSE,75.0
INE115A07QT1,7.18,2026-06-11,NSE,5.0
INE115A07QT1,6.807,2026-06-16,NSE,105.38
INE115A07QT1,6.86,2026-06-18,NSE,5.0
INE115A07QT1,7.1,2026-06-24,NSE,60.0
INE115A07QT1,7.05,2026-06-30,NSE,2.05
INE115A07QT1,6.75,2026-07-10,NSE,25.0
INE115A07QT1,6.85,2026-07-16,NSE,25.0
INE115A07QT1,6.7,2026-07-20,NSE,255.0
INE115A07QU9,7.62,2026-06-11,NSE,25.0
INE115A07QU9,7.59,2026-06-17,NSE,50.0
INE115A07QU9,7.57,2026-06-18,NSE,25.0
INE115A07QU9,7.6697,2026-06-23,NSE,3.0
INE115A07QU9,7.58,2026-07-16,NSE,25.0
INE115A07QU9,7.52,2026-07-28,NSE,50.0
INE115A07QV7,7.45,2026-06-24,NSE,10.0
INE115A07QV7,7.4525,2026-07-02,NSE,20.0
INE115A07QW5,7.5,2026-06-10,NSE,190.0
INE115A07QW5,7.53,2026-07-09,NSE,100.0
INE115A07QW5,7.5756,2026-07-14,NSE,115.0
INE115A07QW5,7.59,2026-07-15,NSE,50.0
INE115A07QW5,7.55,2026-07-16,NSE,65.0
INE115A07QW5,7.42,2026-07-27,NSE,50.0
INE115A07QW5,7.49,2026-07-28,NSE,50.0
INE115A07QX3,7.455,2026-07-02,NSE,20.0
INE115A07QZ8,7.5,2026-06-09,NSE,75.0
INE115A07QZ8,7.51,2026-06-10,NSE,15.0
INE115A07QZ8,7.415,2026-06-11,BSE,30.0
INE115A07QZ8,7.55,2026-06-15,NSE,150.0
INE115A07QZ8,7.57,2026-06-17,NSE,50.0
INE115A07QZ8,7.4,2026-06-30,NSE,125.0
INE115A07QZ8,7.3,2026-07-03,NSE,50.0
INE115A07QZ8,7.47,2026-07-10,NSE,25.0
INE115A07QZ8,7.54,2026-07-21,NSE,50.0
INE115A07QZ8,7.5,2026-07-28,NSE,10.0
INE115A07RA9,7.55,2026-06-08,NSE,25.0
INE115A07RA9,7.4647,2026-06-16,NSE,95.0
INE115A07RA9,7.3988,2026-06-17,NSE,200.0
INE115A07RA9,7.27,2026-06-24,NSE,25.0
INE115A07RA9,6.8,2026-07-06,NSE,50.0
INE115A07RA9,7.17,2026-07-24,NSE,5.0
INE115A07RA9,7.17,2026-07-30,NSE,50.0
INE115A07RC5,7.56,2026-07-17,NSE,5.0
INE115A07RC5,7.54,2026-07-20,BSE,5.0
INE115A07RC5,7.57,2026-07-29,NSE,25.0
INE115A07RE1,7.49,2026-06-15,NSE,50.0
INE115A07RE1,7.4,2026-06-24,NSE,50.0
INE115A07RE1,7.22,2026-06-29,NSE,50.0
INE115A07RE1,6.95,2026-07-03,NSE,50.0
INE115A07RG6,7.63,2026-06-11,NSE,50.0
INE115A07RG6,7.48,2026-06-18,NSE,10.0
INE115A07RG6,7.3,2026-07-02,NSE,5.0
INE115A07RH4,7.8,2026-06-08,NSE,85.0
INE115A07RH4,7.54,2026-06-10,NSE,100.0
INE115A07RH4,7.57,2026-06-17,NSE,135.0
INE115A07RH4,7.65,2026-06-18,NSE,5.0
INE115A07RH4,7.55,2026-06-25,NSE,100.0
INE115A07RH4,7.3867,2026-06-30,NSE,150.0
INE115A07RH4,7.7,2026-07-10,BSE,10.0
INE115A07RH4,7.48,2026-07-13,NSE,75.0
INE115A07RH4,7.58,2026-07-15,NSE,75.0
INE115A07RH4,7.5643,2026-07-16,NSE,35.0
INE115A07RH4,7.6,2026-07-22,NSE,5.0
INE115A07RI2,7.5881,2026-06-18,NSE,250.0
INE115A07RI2,7.5843,2026-06-22,NSE,100.0
INE115A07RI2,7.5841,2026-06-24,NSE,10.0
INE115A07RI2,7.5832,2026-06-29,NSE,50.0
INE115A07RI2,7.4,2026-07-02,NSE,50.0
INE115A07RI2,7.4029,2026-07-03,NSE,100.0
INE115A07RI2,7.59,2026-07-14,NSE,50.0
INE115A07RI2,7.6,2026-07-17,NSE,100.0
INE115A07RI2,7.53,2026-07-28,NSE,15.0
INE115A07RJ0,7.5408,2026-06-30,NSE,2452.19
INE115A07RJ0,7.5785,2026-07-01,NSE,768.86
INE115A07RJ0,7.5842,2026-07-02,NSE,5.0
INE115A07RJ0,7.52,2026-07-13,NSE,150.0
INE115A07RJ0,7.6085,2026-07-22,NSE,175.0
INE115A07RJ0,7.6,2026-07-30,NSE,100.0
INE115A08377,7.96,2026-07-22,NSE,1.3
INE115A08377,7.75,2026-07-27,BSE,1.3
INE118D08078,8.1,2026-06-09,NSE,35.0
INE118D08078,8.1,2026-06-11,NSE,65.0
INE118D08078,8.1,2026-06-12,NSE,115.0
INE118D08078,8.1,2026-06-15,NSE,200.0
INE118D08078,8.1,2026-06-16,NSE,95.0
INE118D08078,8.1,2026-06-17,NSE,45.0
INE118D08078,8.25,2026-06-30,NSE,5.0
INE118D08078,8.0,2026-07-01,NSE,5.0
INE118D08078,8.25,2026-07-02,NSE,5.0
INE11BM07016,13.85,2026-06-30,BSE,90.0
INE11BM07016,13.85,2026-07-01,BSE,75.0
INE11BM07016,13.85,2026-07-02,BSE,5.0
INE11BM07016,13.8486,2026-07-08,BSE,30.0
INE11BM07016,13.18,2026-07-15,BSE,10.0
INE11BM07016,13.18,2026-07-16,BSE,40.0
INE11BM07016,13.2991,2026-07-17,BSE,22.0
INE11BM07016,13.84,2026-07-22,BSE,5.5
INE11BM07016,13.8414,2026-07-27,BSE,2.5
INE11BM07016,13.18,2026-07-30,BSE,15.0
INE11BM07024,15.0,2026-07-15,BSE,50.2
INE11BM07024,15.0,2026-07-16,BSE,5.0
INE11BM07024,15.0,2026-07-17,BSE,16.5
INE11BM07024,15.0,2026-07-22,BSE,5.0
INE11BM07024,14.8238,2026-07-23,BSE,6.8
INE11G507117,12.41,2026-06-25,BSE,2.0
INE11G507117,12.42,2026-07-10,BSE,2.0
INE11G507133,12.42,2026-06-22,BSE,19.6
INE11G507141,12.42,2026-06-23,BSE,5.0
INE11G507141,12.42,2026-07-16,BSE,1.9
INE11RT07173,15.835,2026-06-08,BSE,4.0
INE11RT07173,15.0234,2026-06-09,BSE,9.0
INE11RT07173,12.8526,2026-06-11,BSE,1.05
INE11RT07199,15.4797,2026-06-10,BSE,25.0
INE11RT07249,15.4505,2026-06-23,BSE,20.0
INE11RT07249,13.8,2026-06-24,BSE,5.05
INE11RT07249,13.8998,2026-06-29,BSE,2.19
INE11RT07249,13.7975,2026-07-03,BSE,10.62
INE11RT07249,14.3154,2026-07-07,BSE,15.0
INE11RT07249,14.4032,2026-07-10,BSE,1.27
INE11RT07249,16.4064,2026-07-13,BSE,8.44
INE11RT07249,16.7503,2026-07-14,BSE,2.4
INE11RT07249,15.5734,2026-07-16,BSE,2.68
INE11RT07249,16.2471,2026-07-20,BSE,2.24
INE11RT07249,14.2175,2026-07-21,BSE,1.15
INE11RT07249,16.9085,2026-07-22,BSE,2.95
INE11RT07249,15.9288,2026-07-23,BSE,2.8
INE11RT07249,13.9262,2026-07-24,BSE,2.44
INE11RT07249,15.1527,2026-07-27,BSE,6.37
INE11RT07249,15.7858,2026-07-28,BSE,7.62
INE11RT07249,13.6605,2026-07-29,BSE,1.73
INE11RT07249,15.2604,2026-07-30,BSE,6.2
INE11RT07256,15.9423,2026-07-02,BSE,36.64
INE11RT07256,14.837,2026-07-03,BSE,4.76
INE11RT07256,16.8318,2026-07-06,BSE,5.85
INE11RT07264,15.2413,2026-07-08,BSE,1.0
INE11RT07264,17.25,2026-07-13,BSE,1.0
INE11RT07264,17.0,2026-07-28,BSE,5.0
INE11ZU08016,14.75,2026-06-12,BSE,1.3
INE121A07QM4,7.5853,2026-07-14,NSE,20.0
INE121A07QM4,7.55,2026-07-27,NSE,10.0
INE121A07QY9,8.06,2026-06-17,BSE,18.16
INE121A07QY9,7.91,2026-06-18,BSE,18.16
INE121A07RD1,8.3493,2026-07-27,BSE,10.0
INE121A07RM2,8.15,2026-07-15,NSE,20.0
INE121A07RM2,7.95,2026-07-16,BSE,10.0
INE121A07RM2,7.9,2026-07-27,BSE,20.0
INE121A07RV3,8.2,2026-06-12,NSE,25.0
INE121A07RX9,8.08,2026-07-21,NSE,10.0
INE121A07RX9,8.02,2026-07-22,BSE,10.0
INE121A07RX9,8.06,2026-07-23,BSE,5.0
INE121A07RY7,8.12,2026-07-24,NSE,5.0
INE121A07RY7,8.11,2026-07-30,BSE,5.0
INE121A07SB3,8.0,2026-06-29,NSE,50.0
INE121A07SB3,7.85,2026-06-30,BSE,50.0
INE121A07SB3,7.95,2026-07-22,NSE,25.0
INE121A07SB3,7.85,2026-07-23,BSE,15.0
INE121A07SG2,7.88,2026-07-09,NSE,25.0
INE121A07SG2,7.82,2026-07-10,NSE,25.0
INE121A07SH0,8.05,2026-06-08,NSE,25.0
INE121A07SH0,7.9,2026-06-10,NSE,10.0
INE121A07SH0,7.85,2026-06-11,BSE,10.0
INE121A07SH0,8.0,2026-06-25,BSE,10.0
INE121A07SH0,7.75,2026-07-02,NSE,140.0
INE121A07SH0,7.9,2026-07-08,NSE,25.0
INE121A07SH0,7.85,2026-07-13,NSE,45.0
INE121A07SH0,8.01,2026-07-27,NSE,50.0
INE121A07SJ6,9.0,2026-06-08,BSE,1.0
INE121A07SJ6,9.1,2026-07-09,BSE,1.0
INE121A07SJ6,8.55,2026-07-17,NSE,1.0
INE121A07SL2,8.15,2026-06-08,NSE,5.0
INE121A07SL2,7.925,2026-06-12,BSE,10.0
INE121A07SL2,8.2,2026-06-16,NSE,2.5
INE121A07SL2,8.1,2026-06-17,NSE,5.0
INE121A07SL2,8.0,2026-06-29,NSE,40.0
INE121A07SL2,7.95,2026-07-14,BSE,25.0
INE121A07SN8,7.99,2026-06-15,NSE,25.0
INE121A07SN8,7.87,2026-06-16,BSE,25.0
INE121A07SN8,7.95,2026-06-23,BSE,10.0
INE121A07SN8,8.0,2026-06-29,NSE,25.0
INE121A07SN8,7.85,2026-06-30,BSE,25.0
INE121A07SN8,7.77,2026-07-01,NSE,10.0
INE121A07SN8,7.5,2026-07-02,BSE,10.0
INE121A07SN8,7.73,2026-07-03,NSE,50.0
INE121A07SN8,7.5401,2026-07-09,BSE,5.0
INE121A07SN8,7.82,2026-07-10,NSE,40.0
INE121A07SN8,7.85,2026-07-15,NSE,5.0
INE121A07SN8,7.7,2026-07-16,BSE,5.0
INE121A07SN8,7.93,2026-07-22,NSE,10.0
INE121A07SN8,7.91,2026-07-23,BSE,10.0
INE121A07SN8,7.9,2026-07-27,NSE,50.0
INE121A07SR9,8.0,2026-06-29,NSE,40.0
INE121A07SS7,7.87,2026-07-01,BSE,10.0
INE121A07SS7,7.9055,2026-07-03,NSE,25.0
INE121A07SS7,7.9,2026-07-20,NSE,40.0
INE121A07ST5,8.1485,2026-06-23,NSE,25.0
INE121A07ST5,8.15,2026-06-30,NSE,75.0
INE121A07SU3,8.1059,2026-06-09,NSE,100.0
INE121A08OU0,9.2,2026-06-12,NSE,1.0
INE121A08OW6,9.32,2026-06-09,BSE,1.4
INE121A08PB7,9.29,2026-07-30,BSE,1.0
INE121A08PF8,8.97,2026-07-30,NSE,1.0
INE121A08PH4,9.5992,2026-07-16,BSE,8.0
INE121A08PH4,9.47,2026-07-17,BSE,10.0
INE121A08PP7,8.81,2026-06-18,NSE,20.0
INE121A08PP7,8.8575,2026-07-29,NSE,10.0
INE121A08PQ5,9.61,2026-06-12,BSE,5.0
INE121A08PQ5,9.6,2026-07-13,BSE,5.0
INE121A08PR3,8.8345,2026-06-19,NSE,20.0
INE121A08PR3,8.81,2026-07-06,NSE,2.0
INE121A08PR3,8.8133,2026-07-16,NSE,11.0
INE121A08PR3,8.31,2026-07-17,BSE,8.0
INE121A08PR3,8.8159,2026-07-28,NSE,3.0
INE121A08PX1,8.6861,2026-06-09,NSE,2.21
INE121A08PX1,8.6994,2026-06-16,NSE,2.52
INE121A08PX1,8.66,2026-06-19,BSE,3.7
INE121A08PX1,8.7448,2026-06-29,NSE,6.01
INE121A08PX1,8.79,2026-07-08,NSE,45.01
INE121A08PX1,8.7549,2026-07-09,NSE,10.01
INE121A08PX1,8.7599,2026-07-13,NSE,10.01
INE121A08PX1,8.7304,2026-07-14,BSE,5.0
INE121A08PX1,8.7849,2026-07-28,NSE,10.01
INE121A08PX1,8.6,2026-07-29,BSE,5.0
INE121A08PY9,8.825,2026-07-10,NSE,14.0
INE121A08PY9,8.86,2026-07-15,NSE,15.0
INE121A08PY9,8.84,2026-07-20,NSE,2.5
INE121A08PY9,8.78,2026-07-21,NSE,2.5
INE121A08PY9,8.84,2026-07-28,NSE,1.0
INE121A08PY9,8.79,2026-07-29,NSE,1.0
INE121A08PZ6,8.8908,2026-07-01,NSE,670.0
INE121A08PZ6,8.8912,2026-07-02,NSE,205.0
INE121A08PZ6,8.89,2026-07-07,NSE,35.03
INE121A08PZ6,8.89,2026-07-08,NSE,25.0
INE121A08PZ6,8.8896,2026-07-09,NSE,125.0
INE121A08PZ6,9.0384,2026-07-13,NSE,35.1
INE121A08PZ6,8.8488,2026-07-15,NSE,75.0
INE121A08PZ6,8.8472,2026-07-16,NSE,27.0
INE121A08PZ6,8.8116,2026-07-17,NSE,2.15
INE121A08PZ6,8.8875,2026-07-21,NSE,225.2
INE121A08PZ6,8.8118,2026-07-27,NSE,8.5
INE121A08PZ6,8.9,2026-07-28,NSE,125.01
INE124N07721,8.25,2026-06-10,NSE,10.0
INE124N07721,8.0,2026-06-11,BSE,10.0
INE124N07747,9.85,2026-06-24,BSE,15.75
INE124N07747,9.6315,2026-06-25,NSE,31.5
INE124N07747,9.125,2026-07-23,BSE,4.58
INE124N07762,9.59,2026-06-23,NSE,25.0
INE124N07762,9.17,2026-07-20,NSE,10.0
INE124N07762,9.045,2026-07-23,BSE,1.0
INE124N07796,9.5,2026-07-15,NSE,125.0
INE124N07796,9.4866,2026-07-17,NSE,125.0
INE124N07812,9.4003,2026-07-21,NSE,50.0
INE125T07311,12.0052,2026-07-28,NSE,2.0
INE128M08086,8.0,2026-06-12,NSE,100.0
INE128M08086,8.0,2026-07-16,NSE,100.0
INE128M08094,8.03,2026-06-30,NSE,5.0
INE128M08094,8.03,2026-07-02,NSE,5.0
INE128M08094,7.54,2026-07-06,NSE,20.0
INE128M08094,7.7,2026-07-21,NSE,50.0
INE128M08094,7.7,2026-07-22,NSE,85.0
INE128M08094,7.7,2026-07-23,NSE,35.0
INE12FD07014,11.5,2026-07-09,BSE,14.63
INE12VA07579,11.0,2026-06-25,BSE,1.0
INE12VA07579,14.25,2026-07-14,BSE,20.0
INE12VA07751,16.0436,2026-06-08,BSE,13.0
INE12VA07751,15.6814,2026-06-09,BSE,9.7
INE12VA07751,15.1202,2026-06-10,BSE,2.2
INE12VA07751,15.5442,2026-06-11,BSE,12.0
INE12VA07751,15.239,2026-06-12,BSE,4.1
INE12VA07751,16.0,2026-06-17,BSE,7.5
INE12VA07751,15.9277,2026-06-18,BSE,8.3
INE12VA07751,16.2381,2026-06-22,BSE,8.0
INE12VA07751,15.0148,2026-06-23,BSE,7.1
INE12VA07751,10.5716,2026-06-24,BSE,7.7
INE12VA07751,15.9901,2026-06-25,BSE,7.1
INE12VA07751,14.5398,2026-06-29,BSE,23.1
INE12VA07751,16.25,2026-07-01,BSE,5.0
INE12VA07751,16.25,2026-07-02,BSE,5.0
INE12VA07751,16.0,2026-07-07,BSE,6.0
INE12VA07751,16.0,2026-07-08,BSE,4.0
INE12VA07751,16.0,2026-07-09,BSE,8.0
INE12VA07751,16.0,2026-07-10,BSE,10.0
INE12VA07751,16.0,2026-07-23,BSE,10.1
INE12VA07751,16.0,2026-07-28,BSE,10.0
INE12VA07751,16.0,2026-07-29,BSE,8.0
INE12VA07751,15.5,2026-07-30,BSE,2.0
INE12VA07793,15.5,2026-06-23,BSE,1.4
INE12VA07918,13.81,2026-06-10,BSE,1.0
INE12VA07918,15.625,2026-06-23,BSE,1.2
INE12VA07926,15.5435,2026-06-25,BSE,2.3
INE12VA07934,16.4947,2026-06-17,BSE,30.65
INE12VA07934,15.7585,2026-06-19,BSE,30.15
INE12VA07975,14.0853,2026-06-08,BSE,3.4
INE12VA07975,15.0,2026-06-10,BSE,5.0
INE12VA07975,14.5,2026-06-17,BSE,1.0
INE12VA07975,15.75,2026-06-24,BSE,4.2
INE12VA07983,16.15,2026-06-16,BSE,1.0
INE12VA07983,15.4607,2026-06-18,BSE,14.0
INE12VA07983,15.6764,2026-06-25,BSE,10.29
INE12VA07983,13.7155,2026-07-06,BSE,9.05
INE12VA07983,11.0294,2026-07-07,BSE,1.02
INE12VA07983,11.0149,2026-07-10,BSE,2.02
INE12VA07983,11.0246,2026-07-14,BSE,3.05
INE12VA07983,15.0242,2026-07-21,BSE,5.44
INE12VA07983,13.9331,2026-07-27,BSE,2.69
INE12VA07AB5,12.6358,2026-06-11,BSE,10.0
INE12VA07AB5,14.25,2026-06-17,BSE,5.0
INE12VA07AB5,14.25,2026-06-18,BSE,5.0
INE12VA07AB5,13.7738,2026-06-29,BSE,2.1
INE12VA07AB5,14.775,2026-07-02,BSE,4.0
INE12VA07AB5,13.125,2026-07-03,BSE,4.0
INE12VA07AB5,13.7981,2026-07-09,BSE,2.6
INE12VA07AB5,13.25,2026-07-10,BSE,2.5
INE12VA07AB5,14.713,2026-07-15,BSE,2.7
INE12VA07AB5,14.8714,2026-07-16,BSE,1.4
INE12VA07AC3,14.0,2026-06-17,BSE,1.0
INE12VA07AF6,15.6,2026-07-14,BSE,20.0
INE12VA07AF6,15.1,2026-07-17,BSE,1.0
INE12VA07AF6,13.8846,2026-07-22,BSE,1.3
INE12VA07AF6,14.1,2026-07-23,BSE,1.25
INE12VA07AH2,15.25,2026-06-29,BSE,4.4
INE12VA07AH2,15.8,2026-06-30,BSE,5.0
INE12VA07AH2,16.25,2026-07-02,BSE,1.17
INE12VA07AH2,14.4572,2026-07-06,BSE,2.16
INE12VA07AH2,13.7785,2026-07-08,BSE,4.65
INE12VA07AH2,14.0842,2026-07-09,BSE,1.71
INE12VA07AH2,14.2,2026-07-14,BSE,1.65
INE12VA07AH2,14.7923,2026-07-21,BSE,1.3
INE12VA07AH2,13.9493,2026-07-28,BSE,2.07
INE12VA07AH2,14.1765,2026-07-30,BSE,1.7
INE12VA07AI0,16.4068,2026-06-30,BSE,20.7
INE12VA07AI0,14.8623,2026-07-02,BSE,10.6
INE12VA07AI0,16.1,2026-07-03,BSE,30.0
INE12VA07AI0,15.8787,2026-07-06,BSE,3.0
INE12VA07AI0,16.6,2026-07-09,BSE,1.4
INE12VA07AI0,15.3637,2026-07-10,BSE,12.4
INE12VA07AI0,15.9,2026-07-16,BSE,5.0
INE12VA07AK6,15.1176,2026-07-02,BSE,25.5
INE12VA07AK6,14.625,2026-07-08,BSE,2.4
INE12VA07AL4,17.25,2026-07-23,BSE,1.0
INE12VA07AM2,15.5,2026-07-07,BSE,3.5
INE12VA07AM2,16.0,2026-07-08,BSE,2.6
INE12VA07AM2,16.0,2026-07-09,BSE,3.7
INE12VA07AM2,16.3477,2026-07-10,BSE,2.15
INE12VA07AM2,16.0,2026-07-23,BSE,3.64
INE134E07380,5.45,2026-06-29,NSE,25.0
INE134E07430,5.4849,2026-06-08,NSE,2.4
INE134E07430,5.2277,2026-06-09,BSE,1.2
INE134E07430,5.275,2026-06-24,BSE,5.0
INE134E07430,5.25,2026-07-02,BSE,1.5
INE134E07430,5.3458,2026-07-24,BSE,9.5
INE134E07430,5.2636,2026-07-27,BSE,5.5
INE134E07430,5.2831,2026-07-29,BSE,1.6
INE134E07430,5.25,2026-07-30,BSE,1.05
INE134E07455,5.45,2026-06-29,NSE,56.44
INE134E07455,5.185,2026-07-29,BSE,5.3
INE134E07AN1,7.4356,2026-07-10,NSE,1.56
INE134E07AT8,7.82,2026-06-12,BSE,2.0
INE134E07AT8,7.3773,2026-06-17,NSE,5.0
INE134E07AT8,7.3733,2026-06-23,NSE,5.0
INE134E07AT8,7.3746,2026-06-25,BSE,8.0
INE134E07AT8,7.3691,2026-06-29,BSE,16.0
INE134E07AT8,7.4,2026-07-16,NSE,1.0
INE134E07AT8,7.3884,2026-07-17,NSE,6.0
INE134E07AT8,7.3703,2026-07-20,BSE,7.05
INE134E07AT8,7.35,2026-07-28,NSE,2.0
INE134E07AT8,7.2303,2026-07-29,NSE,2.0
INE134E08FL2,7.4,2026-07-24,NSE,25.0
INE134E08FQ1,7.39,2026-07-24,NSE,25.0
INE134E08GH8,7.6,2026-07-22,NSE,1.3
INE134E08II2,7.05,2026-06-09,NSE,60.0
INE134E08II2,6.8702,2026-06-23,NSE,5.0
INE134E08II2,6.6,2026-07-01,NSE,25.0
INE134E08II2,6.5,2026-07-07,NSE,25.0
INE134E08II2,6.5402,2026-07-13,NSE,5.0
INE134E08II2,6.552,2026-07-22,BSE,75.0
INE134E08IK8,6.8,2026-06-17,NSE,35.0
INE134E08IK8,6.7,2026-07-15,NSE,10.0
INE134E08IK8,6.6,2026-07-16,NSE,25.0
INE134E08IO0,7.35,2026-06-22,NSE,25.0
INE134E08IO0,7.07,2026-07-10,NSE,25.0
INE134E08IO0,7.2,2026-07-16,NSE,50.0
INE134E08IP7,7.3,2026-06-10,NSE,60.0
INE134E08IR3,7.3,2026-06-10,NSE,50.0
INE134E08IR3,7.4,2026-06-19,NSE,5.0
INE134E08IR3,7.35,2026-06-22,NSE,25.0
INE134E08IR3,7.63,2026-06-24,BSE,25.0
INE134E08IR3,7.2991,2026-07-03,BSE,25.0
INE134E08IT9,7.305,2026-06-10,NSE,100.0
INE134E08IT9,7.48,2026-06-11,NSE,25.0
INE134E08IT9,7.4,2026-06-19,NSE,5.0
INE134E08IT9,7.39,2026-06-22,NSE,50.0
INE134E08IT9,7.3,2026-07-14,NSE,10.0
INE134E08IX1,7.3,2026-06-10,NSE,25.0
INE134E08IX1,7.48,2026-06-11,NSE,50.0
INE134E08JC3,7.13,2026-07-01,NSE,25.0
INE134E08JC3,7.35,2026-07-23,NSE,25.0
INE134E08JE9,7.25,2026-06-25,NSE,25.0
INE134E08JI0,7.285,2026-06-11,NSE,25.0
INE134E08JP5,7.2,2026-07-07,NSE,5.0
INE134E08JP5,7.43,2026-07-23,NSE,125.0
INE134E08JP5,7.37,2026-07-27,NSE,100.0
INE134E08JQ3,7.32,2026-07-21,NSE,5.0
INE134E08JR1,7.425,2026-07-27,NSE,10.0
INE134E08JZ4,7.88,2026-07-29,BSE,5.0
INE134E08JZ4,7.5,2026-07-30,NSE,5.0
INE134E08KI8,7.235,2026-06-19,NSE,100.0
INE134E08KI8,7.25,2026-07-01,NSE,10.0
INE134E08KI8,7.15,2026-07-02,NSE,10.0
INE134E08KL2,7.21,2026-06-10,NSE,125.0
INE134E08KL2,7.21,2026-06-18,NSE,50.0
INE134E08KQ1,7.32,2026-07-22,NSE,5.0
INE134E08KR9,7.3971,2026-06-23,BSE,5.0
INE134E08KV1,7.3,2026-06-11,NSE,50.0
INE134E08KV1,7.35,2026-07-24,NSE,30.0
INE134E08LA3,7.5,2026-06-10,NSE,20.0
INE134E08LA3,7.4,2026-06-12,NSE,20.0
INE134E08LK2,7.25,2026-06-08,NSE,50.0
INE134E08LK2,7.125,2026-06-09,NSE,80.0
INE134E08LK2,7.0929,2026-06-10,NSE,85.0
INE134E08LK2,7.1028,2026-06-12,NSE,265.0
INE134E08LK2,6.78,2026-06-16,NSE,25.0
INE134E08LK2,5.7159,2026-06-24,BSE,68.2
INE134E08LK2,6.45,2026-07-01,NSE,25.0
INE134E08LK2,6.4,2026-07-02,NSE,75.0
INE134E08LK2,6.35,2026-07-03,NSE,5.0
INE134E08LK2,6.55,2026-07-06,NSE,5.0
INE134E08LK2,6.6,2026-07-15,NSE,40.0
INE134E08LK2,6.65,2026-07-16,NSE,25.0
INE134E08LP1,7.1,2026-06-11,NSE,10.0
INE134E08LP1,6.98,2026-06-18,NSE,50.0
INE134E08LP1,6.9,2026-06-19,NSE,80.0
INE134E08LP1,6.95,2026-06-23,NSE,5.0
INE134E08LP1,6.9,2026-06-25,NSE,50.0
INE134E08LP1,6.8,2026-06-29,NSE,25.0
INE134E08LT3,7.35,2026-07-15,NSE,1.0
INE134E08LX5,7.33,2026-06-09,NSE,30.0
INE134E08LX5,7.21,2026-06-29,NSE,25.0
INE134E08LX5,7.33,2026-07-14,NSE,145.0
INE134E08MA1,7.48,2026-06-10,NSE,50.0
INE134E08MA1,7.45,2026-06-18,NSE,125.0
INE134E08MA1,7.3,2026-06-30,NSE,50.0
INE134E08MA1,7.25,2026-07-02,NSE,50.0
INE134E08MC7,7.3,2026-06-08,NSE,25.0
INE134E08MC7,6.9,2026-06-19,NSE,25.0
INE134E08MD5,7.29,2026-06-30,NSE,100.0
INE134E08ME3,7.33,2026-07-22,NSE,100.0
INE134E08MJ2,7.34,2026-06-18,NSE,50.0
INE134E08MK0,7.35,2026-06-11,NSE,375.0
INE134E08MK0,6.7315,2026-06-16,NSE,675.0
INE134E08MK0,6.4,2026-07-03,NSE,50.0
INE134E08MK0,6.5002,2026-07-08,NSE,200.0
INE134E08MK0,6.48,2026-07-14,NSE,70.0
INE134E08MK0,6.5,2026-07-22,NSE,95.0
INE134E08ML8,6.98,2026-06-18,NSE,25.0
INE134E08ML8,7.0,2026-06-22,NSE,25.0
INE134E08MM6,7.27,2026-07-02,NSE,50.0
INE134E08MS3,7.1,2026-06-09,NSE,50.0
INE134E08MS3,6.85,2026-06-22,NSE,50.0
INE134E08MT1,7.25,2026-06-08,NSE,248.7
INE134E08MT1,7.0926,2026-06-09,NSE,170.0
INE134E08MT1,7.1,2026-06-10,NSE,75.0
INE134E08MT1,7.1,2026-06-12,NSE,5.0
INE134E08MT1,6.75,2026-06-16,NSE,15.0
INE134E08MT1,6.85,2026-06-18,NSE,45.0
INE134E08MT1,6.88,2026-06-25,NSE,25.0
INE134E08MT1,6.5,2026-07-01,NSE,25.0
INE134E08MT1,6.35,2026-07-03,NSE,1.0
INE134E08MT1,6.6,2026-07-15,NSE,50.0
INE134E08MT1,6.65,2026-07-16,NSE,50.0
INE134E08MT1,6.6,2026-07-23,NSE,25.0
INE134E08MX3,7.2785,2026-07-13,NSE,325.0
INE134E08MX3,7.26,2026-07-29,NSE,50.0
INE134E08MZ8,7.39,2026-06-24,NSE,45.0
INE134E08MZ8,7.25,2026-07-27,NSE,150.0
INE134E08MZ8,7.16,2026-07-28,NSE,150.0
INE134E08NC5,7.5,2026-06-10,NSE,25.0
INE134E08NC5,7.42,2026-06-11,NSE,25.0
INE134E08NE1,7.6467,2026-06-10,NSE,75.0
INE134E08NJ0,7.585,2026-06-11,NSE,40.0
INE134E08NL6,7.37,2026-06-11,NSE,50.0
INE134E08NL6,7.312,2026-06-24,NSE,125.0
INE134E08NL6,7.14,2026-06-30,NSE,25.0
INE134E08NL6,7.13,2026-07-03,NSE,100.0
INE134E08NL6,7.2,2026-07-07,NSE,135.0
INE134E08NM4,7.46,2026-06-18,NSE,5.0
INE134E08NN2,7.5623,2026-06-10,NSE,75.0
INE134E08NN2,7.5168,2026-06-11,BSE,25.0
INE134E08NN2,7.495,2026-07-03,BSE,20.0
INE134E08NN2,7.0779,2026-07-06,BSE,60.0
INE134E08NN2,6.82,2026-07-08,NSE,20.0
INE134E08NN2,7.4952,2026-07-14,BSE,5.0
INE134E08NN2,7.4,2026-07-15,NSE,5.0
INE134E08NO0,7.41,2026-06-08,NSE,50.0
INE134E08NO0,7.25,2026-06-15,NSE,75.0
INE134E08NO0,7.29,2026-07-16,NSE,25.0
INE134E08NO0,7.2675,2026-07-27,NSE,50.0
INE134E08NP7,7.45,2026-06-08,NSE,400.0
INE134E08NP7,7.35,2026-06-09,NSE,25.0
INE134E08NP7,7.3,2026-06-11,NSE,50.0
INE134E08NP7,7.28,2026-06-12,NSE,50.0
INE134E08NP7,7.2567,2026-06-15,NSE,150.0
INE134E08NP7,7.3,2026-06-22,NSE,50.0
INE134E08NP7,7.29,2026-06-24,NSE,5.0
INE134E08NP7,7.24,2026-06-25,NSE,25.0
INE134E08NP7,7.15,2026-07-01,NSE,25.0
INE134E08NP7,7.1038,2026-07-02,NSE,200.0
INE134E08NP7,7.32,2026-07-09,NSE,50.0
INE134E08NP7,7.25,2026-07-13,NSE,25.0
INE134E08NP7,7.36,2026-07-14,NSE,25.0
INE134E08NP7,7.3562,2026-07-20,NSE,200.0
INE134E08NP7,7.38,2026-07-22,NSE,50.0
INE134E08NP7,7.3,2026-07-27,NSE,50.0
INE134E08NR3,7.37,2026-06-09,NSE,100.0
INE134E08NR3,7.33,2026-06-10,NSE,50.0
INE134E08NR3,7.355,2026-07-24,NSE,25.0
INE134E08NS1,7.43,2026-06-11,NSE,25.0
INE134E08NS1,7.33,2026-06-18,NSE,50.0
INE134E08NS1,7.18,2026-07-07,NSE,125.0
INE134E08NT9,7.5,2026-06-12,NSE,100.0
INE134E08NT9,7.45,2026-06-18,NSE,50.0
INE134E08NT9,7.39,2026-06-24,NSE,75.0
INE134E08NV5,7.5969,2026-06-25,NSE,25.0
INE134E08NV5,7.5953,2026-06-29,NSE,25.0
INE134E08NV5,7.5928,2026-06-30,NSE,25.0
INE134E08NV5,7.7,2026-07-23,NSE,4.0
INE134E08NV5,7.7,2026-07-24,NSE,4.0
INE134E08NZ6,7.32,2026-06-22,NSE,50.0
INE134E08OA7,7.1,2026-06-29,NSE,25.0
INE134E08OA7,7.08,2026-07-01,NSE,25.0
INE134E08OA7,7.1,2026-07-07,NSE,50.0
INE134E08OA7,7.28,2026-07-29,NSE,100.0
INE134E08OB5,7.45,2026-07-22,NSE,5.0
INE134E08OC3,7.25,2026-06-09,NSE,25.0
INE134E08OC3,7.214,2026-06-10,NSE,125.0
INE134E08OC3,7.226,2026-06-11,NSE,125.0
INE134E08OC3,7.245,2026-06-15,NSE,25.0
INE134E08OC3,7.23,2026-06-22,NSE,95.0
INE134E08OC3,7.2033,2026-06-24,NSE,150.0
INE134E08OC3,7.1355,2026-06-25,NSE,145.0
INE134E08OC3,7.07,2026-07-03,NSE,100.0
INE134E08OC3,7.1,2026-07-07,NSE,100.0
INE134E08OC3,7.25,2026-07-15,NSE,25.0
INE134E08OC3,7.2575,2026-07-16,NSE,100.0
INE134E08OC3,7.31,2026-07-24,NSE,25.0
INE13L407012,13.8333,2026-06-09,BSE,3.0
INE13L407012,14.0439,2026-06-10,BSE,2.0
INE13L407012,13.3,2026-06-12,BSE,3.75
INE13L407012,13.9155,2026-06-19,BSE,17.0
INE13L407012,12.9798,2026-06-22,BSE,1.5
INE13L407012,13.5,2026-06-23,BSE,2.0
INE13L407012,13.87,2026-06-24,BSE,6.25
INE13L407012,13.5913,2026-06-25,BSE,5.0
INE140A07831,9.25,2026-06-10,BSE,5.0
INE140R08072,10.2559,2026-06-16,NSE,1.72
INE140R08072,10.2293,2026-07-08,NSE,1.72
INE140R08080,8.7,2026-06-19,NSE,25.28
INE140R08080,8.2,2026-07-01,BSE,4.0
INE140R08080,8.2616,2026-07-06,NSE,12.31
INE140R08080,7.0858,2026-07-13,NSE,1.56
INE140R08080,7.1097,2026-07-20,NSE,1.36
INE140R08080,7.0738,2026-07-27,NSE,2.82
INE146O07508,8.5,2026-06-19,NSE,5.0
INE146O07565,7.93,2026-07-08,NSE,5.0
INE146O07565,7.7,2026-07-09,BSE,10.0
INE146O08266,9.1045,2026-06-16,NSE,1.1
INE146O08266,9.3591,2026-07-15,NSE,1.15
INE146O08266,9.12,2026-07-17,BSE,1.0
INE146O08308,9.3,2026-07-16,BSE,5.0
INE146O08308,9.38,2026-07-17,BSE,5.0
INE146O08308,9.3545,2026-07-20,BSE,5.0
INE146O08340,8.8749,2026-07-09,BSE,60.0
INE146O08381,9.5639,2026-06-10,BSE,10.0
INE146O08399,8.8653,2026-06-08,BSE,3.62
INE146O08399,9.5712,2026-06-17,NSE,19.67
INE146O08399,9.4973,2026-06-18,NSE,38.8
INE146O08399,9.2396,2026-06-25,BSE,9.4
INE146O08399,9.2394,2026-06-29,BSE,9.74
INE146O08399,9.2362,2026-06-30,BSE,9.54
INE146O08399,9.1447,2026-07-02,BSE,1.41
INE146O08399,9.4644,2026-07-15,BSE,3.51
INE146O08399,9.2331,2026-07-16,BSE,3.72
INE146O08399,9.4994,2026-07-20,NSE,13.03
INE146O08399,9.1021,2026-07-21,NSE,13.2
INE146O08399,9.2698,2026-07-22,BSE,13.61
INE146O08399,9.3731,2026-07-23,NSE,6.08
INE146O08399,9.3985,2026-07-24,BSE,13.47
INE146O08399,9.4181,2026-07-29,NSE,10.01
INE146O08399,9.4,2026-07-30,NSE,10.0
INE146O08415,9.4265,2026-06-11,NSE,1.02
INE146O08415,9.6262,2026-06-12,NSE,10.03
INE146O08415,9.3009,2026-06-22,NSE,11.41
INE146O08415,9.3769,2026-06-24,NSE,40.51
INE146O08415,8.5377,2026-06-25,NSE,2.12
INE146O08415,9.405,2026-06-29,NSE,15.27
INE146O08415,9.349,2026-07-03,NSE,3.51
INE146O08415,9.4964,2026-07-07,BSE,15.6
INE146O08415,9.4958,2026-07-08,BSE,10.2
INE146O08415,9.465,2026-07-09,BSE,2.0
INE146O08415,9.2383,2026-07-10,BSE,4.5
INE146O08415,9.323,2026-07-15,BSE,5.0
INE146O08415,9.5027,2026-07-16,BSE,5.84
INE146O08415,9.4925,2026-07-20,BSE,16.54
INE146O08415,9.0542,2026-07-21,BSE,2.5
INE146O08415,8.9963,2026-07-22,BSE,1.06
INE146O08415,9.3309,2026-07-28,BSE,1.1
INE146O08415,9.2479,2026-07-29,BSE,7.2
INE146O08415,9.52,2026-07-30,BSE,5.0
INE148I07GK5,8.6,2026-06-10,BSE,5.0
INE148I07GK5,8.0,2026-06-24,BSE,10.0
INE148I07GK5,8.8837,2026-06-25,BSE,10.11
INE148I07GK5,9.5,2026-06-30,BSE,10.0
INE148I07HX6,9.25,2026-07-14,NSE,15.0
INE148I07HX6,9.2,2026-07-16,NSE,6.0
INE148I07HX6,8.9,2026-07-17,BSE,3.0
INE148I07HX6,9.45,2026-07-29,NSE,200.0
INE148I07IQ8,9.2604,2026-07-09,NSE,50.0
INE148I07IQ8,9.25,2026-07-10,NSE,5.0
INE148I07IQ8,9.17,2026-07-14,BSE,5.0
INE148I07IQ8,9.2569,2026-07-15,NSE,51.0
INE148I07IQ8,9.0,2026-07-16,BSE,1.0
INE148I07IQ8,9.25,2026-07-20,NSE,2.0
INE148I07IQ8,9.2288,2026-07-21,BSE,1.0
INE148I07IQ8,9.45,2026-07-29,NSE,68.0
INE148I07RO4,9.1,2026-06-19,NSE,2.11
INE148I07SY1,9.1,2026-06-08,NSE,10.0
INE148I07SY1,8.9,2026-06-10,BSE,10.0
INE148I07SY1,8.5552,2026-07-09,BSE,20.0
INE148I07SY1,8.5,2026-07-10,BSE,5.0
INE148I07SY1,8.5,2026-07-14,BSE,5.0
INE148I07SY1,9.048,2026-07-22,NSE,6.9
INE148I07SY1,9.0461,2026-07-23,NSE,1.6
INE148I07SY1,8.8371,2026-07-29,NSE,1.5
INE148I07TY9,9.0911,2026-06-15,BSE,40.5
INE148I07TY9,9.2498,2026-06-16,NSE,3.5
INE148I07TY9,9.2099,2026-06-17,NSE,28.0
INE148I07TY9,9.3608,2026-06-24,BSE,5.8
INE148I07TY9,9.402,2026-06-25,NSE,4.0
INE148I07TY9,9.05,2026-06-29,BSE,20.0
INE148I07TY9,9.21,2026-07-06,NSE,2.98
INE148I07TY9,9.21,2026-07-08,NSE,2.02
INE148I07TY9,9.75,2026-07-15,BSE,4.0
INE148I07TY9,9.35,2026-07-17,BSE,25.0
INE148I07TY9,9.095,2026-07-22,NSE,75.41
INE148I07TY9,9.47,2026-07-29,NSE,129.52
INE148I07TY9,9.1853,2026-07-30,NSE,46.16
INE148I07UE9,8.5887,2026-06-09,BSE,15.14
INE148I07UE9,9.2512,2026-06-10,NSE,16.9
INE148I07UE9,9.0942,2026-07-02,NSE,2.03
INE148I07UE9,9.0365,2026-07-06,NSE,3.24
INE148I07UE9,9.2562,2026-07-07,NSE,3.1
INE148I07UE9,9.0935,2026-07-08,NSE,3.61
INE148I07UE9,9.1651,2026-07-09,NSE,2.52
INE148I07UE9,9.0988,2026-07-13,NSE,1.73
INE148I07UK6,9.6064,2026-06-15,BSE,10.0
INE148I07UK6,9.7,2026-06-16,NSE,10.0
INE148I07UK6,9.7071,2026-06-29,BSE,12.0
INE148I07UK6,9.1,2026-07-29,BSE,19.0
INE148I07UX9,9.9002,2026-06-18,BSE,4.0
INE148I07UX9,9.05,2026-06-19,BSE,4.0
INE148I07UY7,9.4,2026-06-12,BSE,5.0
INE148I07UY7,9.5,2026-06-30,BSE,5.0
INE148I07VV1,9.3945,2026-06-17,NSE,29.0
INE148I07VV1,9.8045,2026-06-24,BSE,10.0
INE148I07VV1,9.399,2026-06-25,NSE,10.0
INE148I07WZ0,9.4226,2026-06-10,BSE,1.55
INE148I07XA1,9.1088,2026-07-17,BSE,1.0
INE148I07XK0,9.522,2026-06-10,BSE,1.0
INE148I07XK0,9.0456,2026-06-19,BSE,2.7
INE148I07XM6,10.75,2026-07-16,BSE,1.0
INE148I07YC5,9.1082,2026-06-10,BSE,2.0
INE148I07YC5,9.5126,2026-06-16,BSE,1.0
INE148I07YC5,9.1042,2026-06-23,BSE,4.58
INE148I07YC5,9.51,2026-07-10,BSE,1.8
INE148I07YC5,9.52,2026-07-29,BSE,1.38
INE148I07YD3,9.5,2026-06-10,BSE,1.0
INE148I07YF8,8.8,2026-06-16,NSE,5.0
INE148I07YF8,8.7981,2026-06-18,NSE,1.0
INE148I07YF8,8.8,2026-06-23,NSE,45.0
INE148I07YF8,9.0,2026-07-10,BSE,2.0
INE148I07YF8,8.543,2026-07-15,BSE,1.0
INE148I07YF8,9.1214,2026-07-16,BSE,4.5
INE148I07YF8,9.9498,2026-07-22,BSE,25.0
INE148I07YI2,8.983,2026-06-15,BSE,8.09
INE148I07YJ0,9.9842,2026-06-11,BSE,10.3
INE148I07YJ0,8.991,2026-06-15,BSE,5.0
INE148I07YK8,9.1161,2026-06-23,NSE,5.0
INE148I07YK8,9.1075,2026-06-25,BSE,30.0
INE148I07YK8,9.3972,2026-06-30,NSE,5.0
INE148I07YK8,9.0962,2026-07-07,BSE,10.0
INE148I07YK8,9.1385,2026-07-28,BSE,25.0
INE148I07YK8,8.5205,2026-07-29,BSE,20.02
INE148I08298,9.5,2026-06-17,BSE,4.0
INE148I08298,9.5,2026-07-16,BSE,3.85
INE14H407074,11.623,2026-06-15,NSE,1.01
INE14H407116,12.1433,2026-06-11,BSE,3.59
INE14H407116,11.9893,2026-06-16,BSE,2.61
INE14H407116,12.0888,2026-06-17,BSE,1.21
INE14H407116,12.056,2026-06-19,NSE,5.42
INE14H407116,11.63,2026-06-22,NSE,1.69
INE14H407116,11.9479,2026-06-24,NSE,2.17
INE14H407116,12.2079,2026-06-25,BSE,5.72
INE14H407116,12.0157,2026-06-29,BSE,45.24
INE14H407116,11.7483,2026-06-30,BSE,7.49
INE14H407116,12.1785,2026-07-01,NSE,7.3
INE14H407116,12.1013,2026-07-02,NSE,2.42
INE14H407116,11.7656,2026-07-06,NSE,3.02
INE14H407116,12.0994,2026-07-07,BSE,3.01
INE14H407116,12.0059,2026-07-10,BSE,20.02
INE14H407116,11.5321,2026-07-13,NSE,2.2
INE14H407116,12.012,2026-07-15,BSE,7.5
INE14H407116,11.9109,2026-07-17,NSE,1.49
INE14H407116,11.5571,2026-07-20,NSE,1.25
INE14H407116,11.5292,2026-07-22,NSE,1.2
INE14H407116,12.0628,2026-07-27,BSE,3.66
INE14H407116,12.0056,2026-07-28,BSE,1.04
INE14H407116,11.9111,2026-07-29,NSE,3.57
INE14H407124,11.9756,2026-06-29,BSE,11.03
INE14H407124,11.9869,2026-07-14,BSE,10.03
INE14H407124,11.5592,2026-07-15,BSE,5.0
INE14H407132,11.6698,2026-07-15,BSE,7.53
INE14H407140,12.6886,2026-06-25,BSE,15.0
INE14JI07110,15.7065,2026-07-02,BSE,1.0
INE14JI07128,16.08,2026-06-12,BSE,1.72
INE14JI07128,16.08,2026-06-16,BSE,10.36
INE14JI07128,16.08,2026-06-18,BSE,1.44
INE14JI07128,16.08,2026-06-19,BSE,2.33
INE151A08349,7.1308,2026-06-09,NSE,650.0
INE151A08349,7.1,2026-06-15,NSE,200.0
INE151A08349,6.41,2026-07-07,NSE,80.0
INE151A08349,6.5,2026-07-14,NSE,100.0
INE151A08349,6.95,2026-07-30,NSE,75.0
INE153A08089,8.4171,2026-06-08,NSE,2.0
INE153A08089,8.25,2026-06-30,BSE,8.7
INE153A08089,8.4,2026-07-10,NSE,5.0
INE153A08089,7.82,2026-07-30,BSE,33.0
INE153A08097,8.25,2026-06-18,BSE,2.0
INE153A08097,7.7516,2026-06-24,NSE,26.0
INE153A08097,8.172,2026-06-30,NSE,1.0
INE153A08097,8.16,2026-07-07,NSE,1.0
INE153A08097,9.2723,2026-07-09,BSE,30.0
INE153A08097,9.2682,2026-07-10,BSE,10.0
INE153A08097,7.8957,2026-07-15,BSE,40.0
INE153A08097,7.82,2026-07-30,BSE,50.0
INE153A08105,9.65,2026-06-09,NSE,1.4
INE153A08105,8.3667,2026-06-10,BSE,1.5
INE153A08105,8.35,2026-07-10,NSE,11.0
INE153A08105,7.82,2026-07-30,BSE,10.0
INE153A08113,8.35,2026-07-10,NSE,5.0
INE153A08113,7.82,2026-07-30,BSE,5.0
INE153A08162,8.0,2026-06-23,BSE,11.5
INE153A08162,8.17,2026-06-24,BSE,1.5
INE157D07EJ4,8.755,2026-06-09,BSE,6.04
INE157D07EJ4,10.3,2026-06-11,NSE,1.42
INE157D07EJ4,10.3,2026-06-12,NSE,1.01
INE157D07EJ4,8.595,2026-06-15,BSE,1.8
INE157D07EJ4,8.558,2026-06-16,BSE,1.2
INE157D07EJ4,8.625,2026-06-18,BSE,1.12
INE157D07EJ4,8.975,2026-06-24,BSE,2.78
INE157D07EJ4,8.5939,2026-06-25,BSE,2.02
INE157D07EJ4,8.405,2026-06-29,BSE,13.64
INE157D07EJ4,9.665,2026-07-02,BSE,4.94
INE157D07EJ4,8.975,2026-07-08,BSE,18.92
INE157D07EJ4,8.3445,2026-07-14,BSE,3.6
INE157D07EJ4,10.05,2026-07-16,NSE,2.61
INE157D07EJ4,10.05,2026-07-17,NSE,1.75
INE157D07EJ4,9.89,2026-07-23,BSE,1.8
INE157D07EJ4,8.4743,2026-07-24,BSE,2.12
INE157D07EJ4,8.14,2026-07-27,BSE,2.22
INE157D07EM8,8.925,2026-06-08,BSE,2.78
INE157D07EM8,8.735,2026-06-10,BSE,4.64
INE157D07EM8,8.785,2026-06-11,BSE,5.14
INE157D07EM8,8.83,2026-06-16,BSE,2.12
INE157D07EM8,8.64,2026-06-18,BSE,1.46
INE157D07EM8,8.56,2026-06-29,BSE,1.12
INE157D07EM8,8.68,2026-07-01,BSE,6.48
INE157D07EM8,8.6584,2026-07-06,BSE,2.59
INE157D07EM8,8.78,2026-07-15,BSE,6.32
INE157D07EM8,8.98,2026-07-16,BSE,3.42
INE157D07EM8,8.74,2026-07-20,BSE,2.06
INE157D07EM8,8.8282,2026-07-23,BSE,13.04
INE157D07EM8,8.57,2026-07-27,BSE,1.06
INE157D07EN6,8.985,2026-06-19,BSE,1.52
INE157D07EN6,10.3,2026-06-23,NSE,1.29
INE157D07EN6,9.985,2026-06-25,BSE,5.0
INE157D07EN6,8.6584,2026-06-29,BSE,2.6
INE157D07EN6,8.835,2026-07-03,BSE,1.14
INE157D07EN6,8.985,2026-07-17,BSE,1.22
INE157D07EN6,8.985,2026-07-22,BSE,6.52
INE157D07EN6,8.8122,2026-07-23,BSE,11.56
INE157D07EN6,10.2692,2026-07-27,BSE,8.1
INE157D07EN6,8.73,2026-07-28,BSE,5.38
INE157D07EN6,10.3,2026-07-29,NSE,3.45
INE157D07EP1,10.538,2026-06-16,NSE,1.7
INE157D07EP1,10.4875,2026-07-08,NSE,1.7
INE15PI07023,15.16,2026-06-12,BSE,5.0
INE15PI07023,15.16,2026-07-16,BSE,18.0
INE15PI07023,15.16,2026-07-28,BSE,12.0
INE160A08209,7.755,2026-06-10,BSE,4.0
INE160A08225,8.25,2026-07-07,BSE,30.0
INE160A08225,8.05,2026-07-09,BSE,30.0
INE160A08225,7.98,2026-07-10,BSE,30.0
INE160A08282,8.0283,2026-06-08,BSE,6.0
INE160A08282,8.1,2026-06-18,NSE,2.0
INE160A08282,8.1,2026-06-19,NSE,10.0
INE160A08282,7.95,2026-06-22,BSE,5.0
INE160A08282,8.075,2026-07-03,NSE,2.0
INE160A08282,8.075,2026-07-06,NSE,6.0
INE160A08282,8.075,2026-07-17,NSE,2.0
INE160A08282,8.2,2026-07-28,BSE,5.0
INE160A08282,8.05,2026-07-30,BSE,5.0
INE160A08290,8.1633,2026-06-09,NSE,75.0
INE160A08290,8.1463,2026-06-10,NSE,27.0
INE160A08290,8.0613,2026-06-11,NSE,47.0
INE160A08290,8.139,2026-06-12,NSE,1.0
INE160A08290,7.82,2026-06-15,BSE,1.0
INE160A08290,7.92,2026-06-17,BSE,1.0
INE160A08290,8.0315,2026-06-18,NSE,2.0
INE160A08290,8.1,2026-06-22,NSE,40.0
INE160A08290,8.0,2026-06-23,NSE,20.0
INE160A08290,8.0597,2026-06-24,NSE,5.0
INE160A08290,7.97,2026-06-25,BSE,1.0
INE160A08290,8.0,2026-07-14,NSE,1.0
INE160A08290,7.8,2026-07-15,BSE,1.0
INE160A08290,8.0,2026-07-16,NSE,1.0
INE160A08290,7.82,2026-07-17,BSE,1.0
INE160A08290,8.15,2026-07-20,NSE,5.0
INE160A08290,7.9704,2026-07-21,NSE,6.0
INE160A08290,7.885,2026-07-22,BSE,2.0
INE160A08290,7.85,2026-07-23,BSE,1.0
INE160A08290,8.15,2026-07-27,NSE,4.0
INE160A08290,8.01,2026-07-28,BSE,4.0
INE160A08308,8.075,2026-07-01,NSE,8.0
INE160A08308,7.97,2026-07-02,BSE,3.0
INE163N08289,7.4,2026-06-30,NSE,50.0
INE163N08289,7.3,2026-07-07,NSE,75.0
INE165U08016,7.9,2026-06-09,NSE,2.02
INE165U08016,7.7174,2026-07-03,NSE,10.0
INE165U08016,7.7016,2026-07-14,BSE,2.0
INE165U08016,7.6625,2026-07-15,NSE,7.9
INE165U08016,7.6995,2026-07-16,NSE,6.0
INE168M07035,20.0,2026-07-17,NSE,5.0
INE16DD08059,11.0,2026-07-17,NSE,59.0
INE16J715035,8.1172,2026-06-30,NSE,271.68
INE179P07597,11.8412,2026-06-22,NSE,1.35
INE179P07613,13.5,2026-06-10,BSE,5.9
INE179P07613,15.0,2026-06-18,BSE,1.38
INE179P07613,12.02,2026-07-06,NSE,1.0
INE179P07613,13.97,2026-07-13,NSE,1.0
INE179P07613,15.4344,2026-07-20,BSE,8.0
INE179P07613,16.0,2026-07-21,NSE,3.0
INE179P07613,15.9987,2026-07-22,NSE,1.0
INE179P07613,11.36,2026-07-30,BSE,1.21
INE179P07621,10.8404,2026-06-08,BSE,5.12
INE179P07621,11.5788,2026-07-02,BSE,5.04
INE179P07621,11.5809,2026-07-28,BSE,8.1
INE180C07171,9.356,2026-07-06,NSE,3.06
INE180C07171,9.2036,2026-07-23,NSE,2.48
INE180C07189,7.4975,2026-07-01,NSE,5.95
INE180C07221,9.1,2026-06-09,BSE,1.0
INE180C07221,8.93,2026-07-16,BSE,2.76
INE180C07254,8.78,2026-07-10,NSE,1.2
INE180C07288,8.78,2026-06-30,BSE,20.0
INE180C07288,9.0041,2026-07-22,BSE,20.0
INE180C07288,8.985,2026-07-29,NSE,10.0
INE180C07288,8.595,2026-07-30,NSE,10.0
INE180C07304,9.4908,2026-06-10,NSE,14.2
INE180C07304,9.25,2026-06-11,BSE,4.0
INE180C07304,9.6939,2026-06-30,NSE,10.14
INE180C07304,11.5,2026-07-01,BSE,4.0
INE180C07304,9.6805,2026-07-02,NSE,10.29
INE180C07304,9.5091,2026-07-06,BSE,7.16
INE180C07304,9.6831,2026-07-07,BSE,10.0
INE180C07304,11.5,2026-07-10,BSE,1.0
INE180C07304,11.5,2026-07-16,BSE,2.0
INE180C07304,9.6616,2026-07-20,BSE,2.0
INE180C07304,9.3218,2026-07-21,BSE,1.42
INE180C07312,9.6994,2026-06-10,NSE,4.66
INE180C07312,9.6994,2026-06-11,NSE,10.0
INE180C07312,9.6706,2026-06-12,BSE,10.24
INE180C07312,9.6619,2026-06-17,NSE,10.24
INE180C07312,9.5482,2026-06-19,NSE,10.0
INE180C07312,9.661,2026-06-23,BSE,15.0
INE180C07312,9.5142,2026-07-02,NSE,10.0
INE180C07312,9.4098,2026-07-17,NSE,34.9
INE180C07312,9.4766,2026-07-24,NSE,8.0
INE180C07312,9.4903,2026-07-27,NSE,14.0
INE180C07312,8.6,2026-07-28,NSE,2.0
INE180C07312,9.4734,2026-07-29,NSE,2.55
INE180C07338,9.3333,2026-06-11,BSE,6.0
INE186K07122,7.8,2026-06-16,NSE,25.0
INE18UV07012,7.3812,2026-06-17,NSE,5.0
INE18UV07012,7.1153,2026-07-09,BSE,5.46
INE18UV07012,7.3273,2026-07-16,NSE,15.4
INE192U07368,10.05,2026-06-16,NSE,1.48
INE192U07368,10.05,2026-06-17,NSE,1.48
INE192U07368,9.9393,2026-06-29,BSE,12.8
INE192U07368,10.05,2026-07-01,NSE,2.65
INE192U07368,10.05,2026-07-03,NSE,2.07
INE192U07368,10.05,2026-07-06,NSE,1.69
INE1BC007010,14.0,2026-06-08,BSE,9.99
INE1BC007010,15.5381,2026-06-09,BSE,12.99
INE1BC007010,16.0,2026-06-15,BSE,6.12
INE1BC007010,13.4915,2026-06-18,BSE,37.97
INE1BC007010,16.0,2026-06-24,BSE,6.12
INE1BC007010,13.8291,2026-06-25,BSE,25.32
INE1BC007010,13.1382,2026-06-30,BSE,5.54
INE1BC007010,15.1516,2026-07-01,BSE,1.13
INE1BC007010,14.0354,2026-07-03,BSE,5.3
INE1BC007010,14.2639,2026-07-10,BSE,13.5
INE1BC007010,13.875,2026-07-15,BSE,3.0
INE1BC007010,10.8924,2026-07-17,BSE,1.16
INE1BC007010,12.0,2026-07-24,BSE,1.0
INE1BC007010,13.2023,2026-07-30,BSE,3.1
INE1BC007028,15.5,2026-07-16,BSE,3.67
INE1BC007028,16.0473,2026-07-21,BSE,1.3
INE1BC007028,16.0,2026-07-30,BSE,1.0
INE1BC007036,14.5285,2026-07-15,BSE,6.52
INE1BC007036,11.5698,2026-07-16,BSE,3.1
INE1BC007036,11.5052,2026-07-17,BSE,3.0
INE1BC007036,15.1237,2026-07-21,BSE,8.7
INE1BC007036,14.7594,2026-07-28,BSE,3.2
INE1BC007036,14.5679,2026-07-30,BSE,9.2
INE1BC007044,16.0471,2026-07-21,BSE,1.25
INE1BEC07011,11.5007,2026-07-28,NSE,2.0
INE1C3207016,8.9573,2026-06-09,NSE,5.0
INE1C3207016,8.92,2026-06-10,BSE,5.0
INE1C3207016,9.0935,2026-07-22,BSE,1.13
INE1C3207040,8.7511,2026-06-08,BSE,1.13
INE1C3207040,8.5147,2026-06-09,BSE,1.14
INE1C3207040,9.0045,2026-07-13,NSE,106.0
INE1C3207057,8.898,2026-06-18,NSE,73.5
INE1C3207057,8.65,2026-06-19,BSE,10.0
INE1C3207057,9.0,2026-06-23,NSE,11.4
INE1C3207057,9.0,2026-06-24,NSE,3.8
INE1C3207057,8.48,2026-07-23,BSE,10.0
INE1C3207057,8.6,2026-07-24,NSE,4.8
INE1C3207057,8.5973,2026-07-27,NSE,5.26
INE1C3207065,9.0119,2026-06-08,NSE,50.3
INE1C3207065,9.2806,2026-06-24,NSE,21.5
INE1C3207065,8.6799,2026-07-07,NSE,2.2
INE1C3207065,8.525,2026-07-08,BSE,1.3
INE1C3207065,8.8766,2026-07-30,BSE,20.0
INE1C3207073,8.7588,2026-06-08,NSE,50.12
INE1C3207073,8.8935,2026-06-22,NSE,3.38
INE1C3207073,9.0695,2026-06-23,NSE,2.78
INE1C3207073,9.2289,2026-06-24,NSE,1.64
INE1C3207073,9.4055,2026-07-01,NSE,1.28
INE1C3207081,8.7834,2026-06-08,NSE,10.08
INE1C3207081,8.6904,2026-06-09,NSE,5.0
INE1C3207081,8.8,2026-06-12,NSE,10.0
INE1C3207081,8.7838,2026-06-23,NSE,10.0
INE1C3207081,9.2825,2026-06-24,NSE,13.7
INE1C3207081,8.8311,2026-07-07,NSE,10.02
INE1C3207081,8.6318,2026-07-09,NSE,1.2
INE1C3207081,8.8274,2026-07-10,NSE,15.17
INE1C3207081,8.9674,2026-07-15,BSE,50.3
INE1C3207081,8.7984,2026-07-30,NSE,57.87
INE1CBK15037,8.1172,2026-06-30,NSE,216.93
INE1CRA07015,13.2098,2026-06-08,BSE,2.05
INE1CRA07015,12.9969,2026-07-08,BSE,3.2
INE1D4O08012,8.5899,2026-06-15,NSE,50.0
INE1D4O08012,8.575,2026-06-25,NSE,150.0
INE1D4P08019,8.6876,2026-06-15,NSE,50.0
INE1D4P08019,8.75,2026-06-18,NSE,150.0
INE1D4P08019,8.85,2026-07-16,NSE,10.0
INE1FPT07012,19.0,2026-06-29,NSE,63.84
INE1FPT07012,18.95,2026-07-08,NSE,92.71
INE1FPT07020,19.0,2026-06-29,NSE,11.79
INE1FPT07020,19.09,2026-07-08,NSE,17.12
INE1FPT07038,21.0,2026-06-29,NSE,24.55
INE1FPT07038,21.45,2026-07-08,NSE,35.66
INE1GAI07015,12.0,2026-06-15,NSE,1.5
INE1GAI07023,12.0,2026-06-10,NSE,2.0
INE1GAI07023,12.0,2026-06-16,BSE,1.5
INE1GAI07031,12.0,2026-07-28,NSE,1.5
INE1JAR07010,7.5,2026-06-30,NSE,25.0
INE1JAR07028,7.9,2026-06-08,NSE,5.0
INE1JJ007122,14.35,2026-07-03,BSE,1.0
INE1JJ007163,14.25,2026-06-17,BSE,20.0
INE1JJ007163,13.6774,2026-06-18,BSE,61.6
INE1JJ007163,14.0245,2026-06-30,BSE,2.45
INE1JJ007163,13.8,2026-07-01,NSE,10.0
INE1JJ007163,12.9314,2026-07-02,BSE,1.6
INE1JJ007163,13.7132,2026-07-03,BSE,6.8
INE1JJ007163,14.0,2026-07-06,BSE,2.2
INE1JJ007163,13.2394,2026-07-07,BSE,3.55
INE1JJ007163,13.5,2026-07-08,BSE,1.0
INE1JJ007163,13.25,2026-07-10,BSE,1.5
INE1JJ007189,12.0615,2026-07-16,BSE,40.0
INE1JJ007189,12.4413,2026-07-30,BSE,10.0
INE1JJ007205,11.5453,2026-06-10,BSE,5.0
INE1JJ007205,11.5344,2026-06-23,NSE,5.0
INE1JJ007205,13.2856,2026-06-30,NSE,5.0
INE1JJ007205,11.5743,2026-07-09,BSE,5.0
INE1JJ007213,12.25,2026-06-19,BSE,19.0
INE1JJ007213,12.25,2026-06-22,BSE,19.0
INE1JJ007213,13.3397,2026-06-24,BSE,4.0
INE1JJ007213,12.709,2026-06-29,BSE,2.35
INE1JJ007213,13.7026,2026-07-07,BSE,19.0
INE1JJ007213,13.8215,2026-07-08,BSE,17.65
INE1JJ007213,13.25,2026-07-09,BSE,7.0
INE1JJ007213,13.275,2026-07-22,BSE,28.0
INE1JJ007221,11.1191,2026-07-06,NSE,10.0
INE1JJ007221,12.9694,2026-07-13,NSE,5.0
INE1JJ007221,11.5742,2026-07-17,BSE,5.0
INE1JJ007239,12.75,2026-07-09,BSE,4.0
INE1JJ007247,13.5881,2026-06-25,BSE,13.92
INE1JJ007247,13.9,2026-06-30,BSE,2.1
INE1JJ007247,13.0095,2026-07-07,BSE,27.01
INE1JJ007247,12.5839,2026-07-08,BSE,19.29
INE1JJ007247,13.0943,2026-07-09,BSE,13.75
INE1JJ007247,12.25,2026-07-27,BSE,10.0
INE1JJ007254,13.5,2026-07-20,BSE,5.1
INE1JJ007254,13.0,2026-07-29,BSE,15.0
INE1JJ007254,13.75,2026-07-30,BSE,1.3
INE1JJ007262,13.8801,2026-07-10,BSE,20.15
INE1JJ007262,13.4489,2026-07-13,BSE,20.15
INE1JJ007262,13.2781,2026-07-22,BSE,20.1
INE1JJ007262,12.7647,2026-07-27,BSE,10.32
INE1JJ007270,14.05,2026-07-08,BSE,5.0
INE1JJ007270,14.0,2026-07-09,BSE,5.0
INE1JJ007270,13.5073,2026-07-10,BSE,4.1
INE1JJ007270,14.1,2026-07-13,BSE,5.0
INE1JJ007270,12.12,2026-07-14,BSE,10.0
INE1JJ007270,12.2463,2026-07-15,BSE,1.14
INE1JJ007270,13.2,2026-07-16,BSE,20.0
INE1JJ007270,12.75,2026-07-17,BSE,20.0
INE1JJ007270,13.4988,2026-07-20,BSE,5.13
INE1JJ007270,13.4855,2026-07-21,BSE,10.43
INE1JJ007270,12.7506,2026-07-22,BSE,44.1
INE1JJ007270,13.3575,2026-07-23,BSE,17.55
INE1JJ007270,12.7718,2026-07-29,BSE,41.07
INE1JJ007270,12.3625,2026-07-30,BSE,2.17
INE1L8I07017,14.0,2026-06-10,NSE,4.25
INE1L8I07017,14.0,2026-06-12,NSE,6.6
INE1L8I07017,14.0,2026-06-16,NSE,1.0
INE1L8I07017,14.0,2026-06-25,NSE,6.4
INE1L8I07017,14.0,2026-06-30,NSE,8.0
INE1Q3L07033,24.0,2026-06-30,NSE,40.0
INE1Q3L07041,24.0,2026-06-30,NSE,20.0
INE1QWF07063,12.2341,2026-06-08,BSE,5.04
INE1QWF07063,11.0524,2026-06-09,NSE,1.0
INE1QWF07063,11.0834,2026-06-15,NSE,5.61
INE1QWF07063,12.25,2026-06-16,BSE,5.0
INE1QWF07063,11.1803,2026-06-17,NSE,1.75
INE1QWF07063,11.078,2026-06-22,NSE,2.62
INE1QWF07063,11.0732,2026-06-24,NSE,1.03
INE1QWF07063,10.8632,2026-06-29,NSE,1.71
INE1QWF07063,12.0,2026-06-30,BSE,1.0
INE1QWF07063,11.02,2026-07-02,BSE,2.0
INE1QWF07063,10.9342,2026-07-06,NSE,1.04
INE1QWF07089,11.0055,2026-07-03,NSE,2.15
INE1QWF07089,10.9356,2026-07-06,BSE,1.87
INE1QWF07089,10.8338,2026-07-07,BSE,1.49
INE1QWF07089,10.917,2026-07-08,BSE,1.53
INE1QWF07089,11.005,2026-07-10,BSE,1.01
INE1VM207010,17.25,2026-07-03,BSE,20.0
INE1VM207010,17.25,2026-07-06,BSE,20.0
INE1VM207010,11.75,2026-07-09,BSE,4.5
INE1VM207010,17.0,2026-07-14,BSE,2.0
INE1VM207010,17.0303,2026-07-22,BSE,3.3
INE1VM207010,17.2328,2026-07-23,BSE,5.8
INE1VM207010,16.6784,2026-07-24,BSE,2.5
INE1VXE07015,11.5675,2026-07-01,BSE,1.2
INE1VXE07015,12.9085,2026-07-30,BSE,1.5
INE1VXE07023,12.4183,2026-06-08,BSE,6.0
INE1VXE07023,12.3823,2026-06-09,BSE,2.68
INE1VXE07023,12.1386,2026-06-11,NSE,3.17
INE1VXE07023,12.0972,2026-06-15,NSE,5.29
INE1VXE07023,12.418,2026-06-16,BSE,5.0
INE1VXE07023,12.1282,2026-06-17,NSE,3.24
INE1VXE07023,12.4253,2026-06-18,BSE,33.09
INE1VXE07023,12.1246,2026-06-19,NSE,7.57
INE1VXE07023,12.1473,2026-06-23,NSE,3.7
INE1VXE07023,12.0465,2026-06-29,NSE,1.17
INE1VXE07023,11.2207,2026-07-01,BSE,4.6
INE1VXE07023,11.998,2026-07-02,NSE,1.25
INE1VXE07023,12.0239,2026-07-03,NSE,1.15
INE1VXE07023,11.9,2026-07-09,BSE,3.5
INE1VXE07023,11.15,2026-07-13,BSE,6.0
INE1VXE07023,12.6016,2026-07-24,NSE,1.29
INE1XL518019,21.0,2026-07-16,NSE,16.87
INE1YOE07018,11.191,2026-07-03,NSE,152.0
INE1YOE07026,11.191,2026-07-03,NSE,152.0
INE1YOE07034,11.191,2026-07-03,NSE,156.0
INE1Z4L07014,14.0,2026-06-10,NSE,4.0
INE1Z4L07014,15.0,2026-07-21,NSE,24.79
INE1Z9Q07012,13.0,2026-06-18,NSE,90.0
INE1Z9Q07012,13.0441,2026-07-03,NSE,75.0
INE202B07JR4,8.43,2026-07-17,NSE,35.0
INE202B07JR4,8.43,2026-07-20,NSE,5.0
INE202B07JT0,8.85,2026-06-16,NSE,11.61
INE202B07JT0,8.8159,2026-06-17,BSE,28.32
INE202B07JT0,8.65,2026-07-08,NSE,1.0
INE202B07JU8,8.45,2026-07-02,BSE,2.0
INE202B07JV6,8.91,2026-06-30,BSE,10.0
INE202B07JV6,8.85,2026-07-01,BSE,5.0
INE202B07JV6,8.9679,2026-07-06,NSE,20.0
INE202B07JV6,8.4625,2026-07-29,NSE,4.0
INE202B07JW4,8.9,2026-06-18,NSE,15.0
INE202B07JW4,8.9,2026-06-19,NSE,35.0
INE202B07JW4,8.8,2026-06-24,NSE,45.0
INE202B07JW4,8.7554,2026-06-25,NSE,16.0
INE202B07JW4,8.76,2026-06-30,NSE,1.0
INE202B07JW4,8.7,2026-07-01,NSE,5.0
INE202B07JW4,8.85,2026-07-02,BSE,10.0
INE202B07JW4,8.585,2026-07-08,NSE,40.0
INE202B07JW4,8.63,2026-07-09,NSE,45.0
INE202B07JW4,8.56,2026-07-10,NSE,25.0
INE202B07JW4,8.25,2026-07-13,BSE,25.0
INE202B07JW4,8.535,2026-07-14,NSE,30.0
INE202B07JW4,8.55,2026-07-16,NSE,85.0
INE202B07JW4,8.25,2026-07-17,BSE,5.0
INE202B07JW4,8.51,2026-07-21,NSE,15.0
INE202B07JW4,8.51,2026-07-22,NSE,10.0
INE202B07JW4,8.35,2026-07-23,BSE,10.0
INE202B07JW4,8.36,2026-07-24,BSE,25.0
INE202B07JW4,8.33,2026-07-27,BSE,25.0
INE202E07195,5.2437,2026-07-08,NSE,5.45
INE202E07252,7.3,2026-07-14,NSE,25.0
INE202E08185,7.35,2026-06-22,NSE,25.0
INE202E08185,7.39,2026-07-20,NSE,25.0
INE202E08185,7.3761,2026-07-21,BSE,15.0
INE202E08227,7.67,2026-06-24,NSE,50.0
INE202E08235,7.525,2026-07-23,NSE,50.0
INE202E08284,7.8507,2026-06-17,BSE,30.0
INE202E08284,7.82,2026-06-18,NSE,30.0
INE202E08284,7.8516,2026-06-25,BSE,7.0
INE202E08284,7.84,2026-06-29,BSE,10.0
INE202E08284,7.7873,2026-06-30,BSE,10.0
INE202E08284,7.841,2026-07-01,BSE,16.0
INE202E08284,7.8408,2026-07-02,BSE,10.0
INE202E08284,7.8115,2026-07-08,BSE,13.0
INE202E08284,7.7738,2026-07-09,NSE,31.0
INE202E08292,7.89,2026-06-24,BSE,2.4
INE202E08292,7.45,2026-07-01,NSE,4.8
INE202E08292,7.62,2026-07-30,NSE,24.0
INE202E08326,7.3352,2026-06-29,NSE,400.0
INE202E08326,7.3296,2026-06-30,NSE,80.0
INE205A08038,8.49,2026-07-21,NSE,5.0
INE205A08046,8.7,2026-06-15,NSE,5.0
INE205A08095,9.15,2026-06-08,NSE,5.0
INE205A08095,8.7625,2026-06-12,NSE,500.0
INE205A08095,8.77,2026-07-17,NSE,85.0
INE205A08095,8.85,2026-07-20,NSE,220.0
INE205A08095,8.85,2026-07-21,NSE,45.0
INE205A08095,8.6735,2026-07-29,NSE,50.0
INE205A08095,8.63,2026-07-30,NSE,25.0
INE206D08279,7.1,2026-06-29,NSE,25.0
INE206D08287,7.22,2026-06-15,NSE,35.0
INE206D08501,7.3,2026-06-12,NSE,489.0
INE206D08501,7.4566,2026-06-18,NSE,75.0
INE213W07277,7.55,2026-07-14,NSE,50.0
INE219X07306,7.05,2026-06-16,NSE,195.0
INE219X07306,7.05,2026-06-17,NSE,70.0
INE219X07306,7.0,2026-06-18,NSE,50.0
INE219X07306,7.0,2026-06-22,NSE,100.0
INE219X07306,6.98,2026-07-16,NSE,50.0
INE219X07454,7.7,2026-06-16,NSE,160.0
INE219X07454,7.7,2026-06-18,NSE,25.0
INE219X07512,7.67,2026-07-21,NSE,50.0
INE229U07178,11.7269,2026-06-12,BSE,5.34
INE229U07178,11.6348,2026-06-16,NSE,1.62
INE229U07178,11.4588,2026-06-25,BSE,5.38
INE229U07178,11.4409,2026-06-29,BSE,11.51
INE229U07178,11.7229,2026-06-30,BSE,5.29
INE229U07178,11.4954,2026-07-01,NSE,1.12
INE229U07178,11.672,2026-07-02,BSE,2.22
INE229U07178,11.3714,2026-07-06,NSE,1.45
INE229U07178,11.6211,2026-07-08,NSE,1.2
INE229U07178,11.4243,2026-07-13,NSE,1.21
INE229U07178,11.4069,2026-07-20,NSE,1.22
INE229U07178,11.5147,2026-07-21,BSE,1.7
INE229U07178,11.4393,2026-07-27,NSE,1.59
INE229U07178,11.7769,2026-07-30,BSE,16.27
INE229U07186,11.3382,2026-06-08,NSE,2.11
INE229U07186,11.31,2026-06-09,BSE,3.0
INE229U07186,11.3509,2026-06-15,NSE,2.04
INE229U07186,11.7484,2026-06-16,BSE,5.01
INE229U07186,11.3812,2026-06-19,BSE,11.48
INE229U07186,11.4117,2026-06-22,BSE,20.07
INE229U07186,11.4901,2026-06-25,NSE,15.48
INE229U07186,11.7117,2026-06-29,NSE,11.64
INE229U07186,11.8974,2026-07-01,BSE,4.06
INE229U07186,11.3844,2026-07-02,NSE,2.04
INE229U07186,11.2766,2026-07-03,NSE,10.57
INE229U07186,11.0244,2026-07-06,NSE,18.88
INE229U07186,11.6948,2026-07-09,BSE,1.51
INE229U07186,11.3273,2026-07-10,BSE,6.41
INE229U07186,12.2813,2026-07-13,NSE,9.4
INE229U07186,11.2985,2026-07-14,NSE,5.5
INE229U07186,11.3005,2026-07-15,NSE,5.35
INE229U07186,11.4334,2026-07-16,BSE,15.52
INE229U07186,11.3298,2026-07-20,NSE,1.81
INE229U07186,11.0878,2026-07-21,NSE,2.98
INE229U07186,11.2891,2026-07-27,BSE,4.05
INE229U07186,11.2485,2026-07-29,BSE,1.21
INE229U07186,12.3578,2026-07-30,BSE,4.06
INE22JP15012,12.75,2026-06-29,NSE,2.47
INE233A08121,7.5,2026-06-12,NSE,75.0
INE233A08121,7.3,2026-06-16,NSE,50.0
INE233A08121,7.36,2026-06-30,NSE,5.0
INE233A08121,7.1,2026-07-20,NSE,45.0
INE233A08154,7.85,2026-07-01,NSE,50.0
INE233A08170,8.03,2026-06-24,NSE,100.0
INE238A08450,7.4,2026-06-24,NSE,35.0
INE238A08450,7.25,2026-06-25,NSE,50.0
INE238A08468,7.65,2026-06-12,NSE,50.0
INE238A08468,7.58,2026-06-17,NSE,25.0
INE238A08518,7.61,2026-06-18,NSE,100.0
INE238A08518,7.45,2026-06-30,NSE,50.0
INE241O08208,10.3441,2026-06-17,BSE,2.0
INE242A08437,7.07,2026-06-12,NSE,10.0
INE242A08437,7.04,2026-06-18,NSE,25.0
INE242A08437,7.01,2026-06-24,NSE,25.0
INE242A08437,6.8,2026-07-06,NSE,50.0
INE242A08437,7.03,2026-07-28,NSE,25.0
INE242A08502,7.2499,2026-06-23,NSE,10.0
INE242A08502,6.87,2026-06-30,NSE,100.0
INE242A08551,7.18,2026-06-10,NSE,25.0
INE242A08551,7.03,2026-07-28,NSE,150.0
INE242A08551,7.035,2026-07-30,NSE,123.38
INE242A08569,6.82,2026-07-10,NSE,200.0
INE244B07243,10.7538,2026-06-10,BSE,1.1
INE244B07243,10.7702,2026-06-19,BSE,10.57
INE244B07243,10.8259,2026-06-23,BSE,13.25
INE244B07243,10.7078,2026-06-24,BSE,1.37
INE244B07243,10.8404,2026-06-25,BSE,1.5
INE244B07243,10.7375,2026-06-30,BSE,1.01
INE244B07243,10.797,2026-07-01,BSE,22.08
INE244B07243,11.0912,2026-07-08,BSE,1.36
INE244B07243,10.7849,2026-07-10,BSE,1.08
INE244B07243,10.7692,2026-07-14,BSE,5.19
INE244L07598,9.75,2026-06-15,BSE,30.0
INE244L07598,9.7388,2026-06-16,NSE,30.0
INE244L07598,9.05,2026-07-09,BSE,1.85
INE244L08034,8.3914,2026-06-09,NSE,8.2
INE244L08034,9.9,2026-06-10,NSE,8.2
INE244L08034,9.1311,2026-07-09,BSE,3.0
INE244L08034,9.0989,2026-07-10,BSE,6.0
INE245A08281,7.59,2026-07-17,NSE,50.0
INE245A08281,7.63,2026-07-20,NSE,50.0
INE245A08307,7.5245,2026-07-17,NSE,238.0
INE245A08307,7.5186,2026-07-22,NSE,244.8
INE245W07030,17.2024,2026-07-08,NSE,25.0
INE245W07030,17.0248,2026-07-09,BSE,13.7
INE245W07030,17.1976,2026-07-10,BSE,11.2
INE245W07030,17.2103,2026-07-13,BSE,4.0
INE245W07030,16.7058,2026-07-14,BSE,3.3
INE245W07030,17.4385,2026-07-15,BSE,10.4
INE245W07030,17.2015,2026-07-16,BSE,1.6
INE245W07030,17.2014,2026-07-17,BSE,2.1
INE245W07030,17.1735,2026-07-20,BSE,10.1
INE245W07030,17.1196,2026-07-21,BSE,6.2
INE245W07030,17.1536,2026-07-22,BSE,2.9
INE246R07731,7.7,2026-06-16,BSE,10.0
INE246R07731,7.8601,2026-06-18,NSE,8.0
INE246R07731,7.82,2026-07-03,NSE,4.0
INE246R07855,7.84,2026-07-23,NSE,1.0
INE246R07905,7.8849,2026-06-19,NSE,6.35
INE246R07905,7.8839,2026-06-22,NSE,15.0
INE246R07905,7.8839,2026-06-23,NSE,24.85
INE246R07905,7.8834,2026-06-24,NSE,5.0
INE246R07905,7.85,2026-06-30,NSE,10.0
INE246R07905,7.83,2026-07-02,NSE,13.0
INE246R07913,7.8055,2026-07-07,NSE,261.0
INE246R07913,7.8044,2026-07-13,NSE,5.0
INE246R07921,7.946,2026-07-07,NSE,49.61
INE246R07921,7.9459,2026-07-08,NSE,30.0
INE246R07921,7.9444,2026-07-09,NSE,75.0
INE248U07EW8,8.445,2026-06-29,BSE,2.13
INE248U07EW8,8.055,2026-07-02,BSE,1.03
INE248U07EW8,8.463,2026-07-06,BSE,1.26
INE248U07EW8,8.5,2026-07-16,NSE,10.0
INE248U07GA9,8.9,2026-06-19,NSE,25.0
INE248U07GA9,8.65,2026-07-09,NSE,6.0
INE248U07GA9,8.64,2026-07-10,BSE,6.0
INE248U07GC5,8.8,2026-06-19,NSE,200.0
INE248U07GC5,8.8127,2026-07-01,NSE,175.0
INE248U07GC5,8.7889,2026-07-02,NSE,50.0
INE248U07GC5,8.89,2026-07-16,NSE,50.0
INE248U07GC5,8.85,2026-07-22,NSE,25.0
INE248U07GC5,8.88,2026-07-30,NSE,25.0
INE248U07GI2,9.0,2026-06-10,BSE,18.7
INE248U07GI2,9.0,2026-06-23,BSE,1.0
INE248U07GI2,8.95,2026-07-10,BSE,10.0
INE248U07GI2,8.95,2026-07-17,BSE,9.3
INE248U07GK8,9.05,2026-07-28,NSE,4.0
INE248U07GK8,9.15,2026-07-29,NSE,25.0
INE248U08010,10.0,2026-06-08,BSE,1.0
INE248U08010,9.0,2026-06-23,BSE,1.0
INE261F07032,5.2677,2026-07-08,NSE,14.8
INE261F07032,5.13,2026-07-16,BSE,3.8
INE261F07032,5.21,2026-07-21,NSE,7.2
INE261F07032,5.15,2026-07-23,BSE,3.6
INE261F08AD8,7.43,2026-06-18,NSE,20.0
INE261F08AD8,7.4,2026-07-27,NSE,120.0
INE261F08AE6,7.48,2026-07-16,NSE,10.0
INE261F08AE6,7.43,2026-07-17,NSE,10.0
INE261F08AE6,7.4,2026-07-27,NSE,25.0
INE261F08AJ5,7.55,2026-07-15,BSE,5.0
INE261F08AV0,7.41,2026-06-17,NSE,30.0
INE261F08AV0,7.45,2026-06-22,NSE,50.0
INE261F08AW8,7.52,2026-06-18,NSE,55.0
INE261F08AW8,7.54,2026-06-19,NSE,25.0
INE261F08AX6,7.36,2026-07-10,NSE,50.0
INE261F08BF1,7.32,2026-07-10,NSE,40.0
INE261F08BX4,7.43,2026-07-29,NSE,25.0
INE261F08BX4,7.455,2026-07-30,NSE,40.0
INE261F08CF9,7.26,2026-07-08,NSE,10.0
INE261F08CF9,7.2,2026-07-09,BSE,10.0
INE261F08CJ1,6.81,2026-06-09,NSE,50.0
INE261F08CJ1,7.0665,2026-06-11,BSE,47.0
INE261F08CJ1,7.2436,2026-06-15,NSE,94.0
INE261F08CJ1,7.36,2026-07-01,NSE,47.0
INE261F08CJ1,7.4034,2026-07-17,NSE,94.0
INE261F08CJ1,7.4125,2026-07-22,NSE,25.0
INE261F08CJ1,7.44,2026-07-23,NSE,25.0
INE261F08CJ1,7.43,2026-07-27,NSE,22.0
INE261F08CM5,7.55,2026-06-08,NSE,50.0
INE261F08CM5,7.4167,2026-06-12,NSE,75.0
INE261F08CM5,7.4,2026-06-24,NSE,25.0
INE261F08CM5,7.3,2026-06-29,NSE,25.0
INE261F08CM5,7.24,2026-06-30,NSE,20.0
INE261F08CM5,7.4,2026-07-21,NSE,75.0
INE261F08CN3,6.9,2026-06-09,NSE,50.0
INE261F08CN3,6.8902,2026-06-10,NSE,50.0
INE261F08CN3,7.1738,2026-06-12,NSE,50.0
INE261F08CN3,7.2981,2026-06-23,NSE,78.0
INE261F08CN3,7.255,2026-06-25,NSE,22.0
INE261F08CN3,7.13,2026-07-01,NSE,11.0
INE261F08CN3,6.4034,2026-07-02,NSE,11.0
INE261F08CN3,7.3825,2026-07-09,BSE,35.0
INE261F08CP8,7.6587,2026-07-14,NSE,2.0
INE261F08CP8,7.65,2026-07-15,NSE,2.0
INE261F08CP8,7.45,2026-07-16,BSE,1.7
INE261F08CQ6,7.45,2026-07-14,NSE,40.0
INE261F08CR4,7.455,2026-07-20,NSE,5.0
INE261F08CR4,7.44,2026-07-21,NSE,5.0
INE261F08DV4,7.42,2026-06-11,NSE,5.0
INE261F08DV4,7.3849,2026-06-12,NSE,195.0
INE261F08DV4,7.32,2026-06-15,NSE,20.0
INE261F08DV4,7.4,2026-06-16,NSE,5.0
INE261F08DV4,7.38,2026-06-17,NSE,25.0
INE261F08DV4,7.42,2026-06-18,NSE,40.0
INE261F08DV4,7.44,2026-06-24,NSE,45.0
INE261F08DV4,7.27,2026-06-25,NSE,100.0
INE261F08DV4,7.25,2026-06-29,NSE,200.0
INE261F08DV4,7.14,2026-06-30,NSE,125.0
INE261F08DV4,7.1713,2026-07-01,NSE,100.0
INE261F08DV4,7.13,2026-07-02,NSE,230.0
INE261F08DV4,7.4613,2026-07-23,NSE,40.0
INE261F08DV4,7.48,2026-07-24,NSE,25.0
INE261F08DV4,7.38,2026-07-28,NSE,75.0
INE261F08DX0,7.184,2026-06-09,NSE,811.0
INE261F08DX0,7.2,2026-06-11,NSE,200.0
INE261F08DX0,7.2,2026-06-12,NSE,25.0
INE261F08DX0,6.9,2026-06-17,NSE,670.0
INE261F08DX0,6.915,2026-06-18,NSE,200.0
INE261F08DX0,7.0,2026-06-19,NSE,70.0
INE261F08DX0,6.75,2026-06-22,BSE,70.0
INE261F08DX0,7.0,2026-06-24,NSE,5.0
INE261F08DX0,6.9022,2026-06-25,NSE,225.0
INE261F08DX0,6.95,2026-06-30,NSE,50.0
INE261F08DX0,6.5258,2026-07-01,NSE,870.0
INE261F08DX0,6.2743,2026-07-02,NSE,880.0
INE261F08DX0,6.17,2026-07-03,NSE,995.0
INE261F08DX0,6.17,2026-07-06,NSE,10.0
INE261F08DX0,6.51,2026-07-07,NSE,125.0
INE261F08DX0,6.5,2026-07-08,NSE,50.0
INE261F08DX0,6.4,2026-07-10,NSE,205.0
INE261F08DX0,6.5,2026-07-13,NSE,150.0
INE261F08DX0,6.52,2026-07-14,NSE,425.0
INE261F08DZ5,7.422,2026-06-29,NSE,2.1
INE261F08DZ5,7.44,2026-07-23,NSE,1.2
INE261F08EA6,7.2773,2026-06-08,NSE,55.0
INE261F08EA6,7.1816,2026-06-09,NSE,230.0
INE261F08EA6,7.0865,2026-06-10,NSE,130.0
INE261F08EA6,7.15,2026-06-11,NSE,585.0
INE261F08EA6,7.116,2026-06-12,NSE,125.0
INE261F08EA6,7.05,2026-06-15,NSE,50.0
INE261F08EA6,6.85,2026-06-16,NSE,180.0
INE261F08EA6,6.8667,2026-06-17,NSE,60.0
INE261F08EA6,6.8833,2026-06-18,NSE,15.0
INE261F08EA6,6.75,2026-06-19,NSE,10.0
INE261F08EA6,6.85,2026-06-22,NSE,50.0
INE261F08EA6,6.45,2026-07-10,NSE,235.0
INE261F08EA6,6.55,2026-07-17,NSE,5.0
INE261F08EA6,6.6583,2026-07-20,NSE,450.0
INE261F08EA6,6.7,2026-07-23,NSE,25.0
INE261F08EA6,6.75,2026-07-24,NSE,100.0
INE261F08EA6,6.7,2026-07-27,NSE,5.0
INE261F08EA6,6.7,2026-07-28,NSE,25.0
INE261F08EA6,6.68,2026-07-30,NSE,50.0
INE261F08EB4,7.61,2026-06-08,NSE,212.1
INE261F08EB4,7.49,2026-06-10,NSE,25.0
INE261F08EB4,7.37,2026-06-15,NSE,112.1
INE261F08EB4,7.02,2026-06-30,NSE,25.0
INE261F08EB4,6.75,2026-07-02,NSE,100.0
INE261F08EB4,6.63,2026-07-03,NSE,100.0
INE261F08EB4,6.915,2026-07-15,NSE,500.0
INE261F08EB4,7.0,2026-07-21,NSE,105.0
INE261F08ED0,7.4455,2026-06-10,NSE,55.0
INE261F08ED0,7.4,2026-06-15,NSE,3.0
INE261F08ED0,7.28,2026-06-19,NSE,5.0
INE261F08ED0,7.29,2026-06-23,NSE,5.0
INE261F08ED0,7.25,2026-06-24,NSE,25.0
INE261F08ED0,6.9,2026-07-07,NSE,10.0
INE261F08ED0,7.1,2026-07-28,NSE,20.0
INE261F08ED0,7.12,2026-07-29,NSE,50.0
INE261F08EF5,7.65,2026-06-08,NSE,75.0
INE261F08EF5,7.45,2026-06-09,NSE,200.0
INE261F08EF5,7.37,2026-06-10,BSE,100.0
INE261F08EF5,7.5138,2026-06-11,NSE,410.0
INE261F08EF5,7.65,2026-06-12,NSE,25.0
INE261F08EF5,7.55,2026-06-15,NSE,35.0
INE261F08EF5,7.5,2026-06-16,NSE,85.0
INE261F08EF5,7.47,2026-06-17,NSE,25.0
INE261F08EF5,7.4389,2026-06-18,NSE,225.0
INE261F08EF5,7.43,2026-06-19,NSE,50.0
INE261F08EF5,7.43,2026-06-22,NSE,50.0
INE261F08EF5,7.43,2026-06-23,NSE,210.0
INE261F08EF5,7.39,2026-06-24,NSE,155.0
INE261F08EF5,7.25,2026-06-25,NSE,100.0
INE261F08EF5,7.09,2026-06-30,NSE,50.0
INE261F08EF5,7.004,2026-07-01,NSE,450.0
INE261F08EF5,7.0,2026-07-06,NSE,30.0
INE261F08EF5,7.08,2026-07-07,NSE,150.0
INE261F08EF5,7.2225,2026-07-08,NSE,100.0
INE261F08EF5,7.22,2026-07-09,NSE,25.0
INE261F08EF5,7.18,2026-07-10,NSE,75.0
INE261F08EF5,7.3,2026-07-14,NSE,150.0
INE261F08EF5,7.36,2026-07-15,NSE,50.0
INE261F08EF5,7.18,2026-07-17,NSE,135.0
INE261F08EF5,7.3,2026-07-20,NSE,100.0
INE261F08EF5,7.23,2026-07-23,NSE,225.0
INE261F08EF5,7.23,2026-07-24,NSE,75.0
INE261F08EF5,7.15,2026-07-28,NSE,75.0
INE261F08EF5,7.27,2026-07-30,NSE,225.0
INE261F08EG3,7.45,2026-06-08,NSE,100.0
INE261F08EG3,7.415,2026-06-11,NSE,100.0
INE261F08EG3,7.3467,2026-06-12,NSE,75.0
INE261F08EG3,7.36,2026-06-16,NSE,25.0
INE261F08EG3,7.37,2026-06-23,NSE,75.0
INE261F08EG3,7.25,2026-06-25,NSE,50.0
INE261F08EG3,7.184,2026-06-30,NSE,125.0
INE261F08EG3,7.1758,2026-07-01,NSE,275.0
INE261F08EG3,7.23,2026-07-06,NSE,50.0
INE261F08EG3,7.3,2026-07-10,NSE,25.0
INE261F08EG3,7.43,2026-07-21,NSE,25.0
INE261F08EG3,7.43,2026-07-23,NSE,75.0
INE261F08EG3,7.38,2026-07-27,NSE,100.0
INE261F08EG3,7.38,2026-07-28,NSE,45.0
INE261F08EG3,7.435,2026-07-29,NSE,25.0
INE261F08EG3,7.46,2026-07-30,NSE,50.0
INE261F08EH1,7.36,2026-06-10,NSE,25.0
INE261F08EH1,7.45,2026-06-11,NSE,50.0
INE261F08EH1,7.3561,2026-06-18,NSE,50.0
INE261F08EH1,7.37,2026-06-19,NSE,25.0
INE261F08EH1,7.16,2026-06-30,NSE,50.0
INE261F08EH1,7.2,2026-07-01,NSE,25.0
INE261F08EH1,7.18,2026-07-03,NSE,25.0
INE261F08EH1,7.23,2026-07-06,NSE,125.0
INE261F08EH1,7.3259,2026-07-10,NSE,300.0
INE261F08EH1,7.33,2026-07-13,NSE,25.0
INE261F08EH1,7.41,2026-07-14,NSE,50.0
INE261F08EH1,7.4,2026-07-16,NSE,25.0
INE261F08EH1,7.35,2026-07-20,NSE,75.0
INE261F08EH1,7.48,2026-07-24,NSE,125.0
INE261F08EH1,7.3733,2026-07-27,NSE,75.0
INE261F08EI9,7.5377,2026-06-08,NSE,50.0
INE261F08EI9,7.4,2026-06-12,NSE,25.0
INE261F08EI9,7.53,2026-06-17,NSE,75.0
INE261F08EI9,7.5086,2026-06-18,NSE,35.0
INE261F08EI9,7.53,2026-06-22,NSE,25.0
INE261F08EI9,7.53,2026-06-23,NSE,25.0
INE261F08EI9,7.46,2026-06-24,NSE,60.0
INE261F08EI9,7.31,2026-06-25,NSE,130.0
INE261F08EI9,7.309,2026-06-29,NSE,125.0
INE261F08EI9,7.22,2026-07-01,NSE,25.0
INE261F08EI9,7.175,2026-07-02,NSE,80.0
INE261F08EI9,7.2,2026-07-06,NSE,25.0
INE261F08EI9,7.25,2026-07-07,NSE,50.0
INE261F08EI9,7.2968,2026-07-08,NSE,140.0
INE261F08EI9,7.3634,2026-07-09,NSE,80.0
INE261F08EI9,7.34,2026-07-13,NSE,480.0
INE261F08EI9,7.43,2026-07-16,NSE,50.0
INE261F08EI9,7.4,2026-07-17,NSE,25.0
INE261F08EI9,7.4229,2026-07-21,NSE,350.0
INE261F08EI9,7.45,2026-07-22,NSE,415.0
INE261F08EI9,7.38,2026-07-29,NSE,15.0
INE261F08EJ7,7.48,2026-06-08,NSE,50.0
INE261F08EJ7,7.42,2026-06-09,NSE,100.0
INE261F08EJ7,7.4,2026-06-10,NSE,50.0
INE261F08EJ7,7.453,2026-06-16,NSE,50.0
INE261F08EJ7,7.385,2026-06-17,NSE,25.0
INE261F08EJ7,7.3863,2026-06-19,NSE,100.0
INE261F08EJ7,7.33,2026-06-24,NSE,5.0
INE261F08EJ7,7.2,2026-06-30,NSE,200.0
INE261F08EJ7,7.21,2026-07-02,NSE,50.0
INE261F08EJ7,7.194,2026-07-03,NSE,125.0
INE261F08EJ7,7.23,2026-07-06,NSE,100.0
INE261F08EJ7,7.36,2026-07-13,NSE,25.0
INE261F08EJ7,7.4274,2026-07-14,NSE,125.0
INE261F08EJ7,7.41,2026-07-20,NSE,125.0
INE261F08EJ7,7.43,2026-07-21,NSE,25.0
INE261F08EJ7,7.46,2026-07-23,NSE,75.0
INE261F08EJ7,7.385,2026-07-27,NSE,50.0
INE261F08EK5,7.48,2026-06-08,NSE,150.0
INE261F08EK5,7.37,2026-06-09,NSE,50.0
INE261F08EK5,7.35,2026-06-10,NSE,25.0
INE261F08EK5,7.37,2026-06-12,NSE,40.0
INE261F08EK5,7.3,2026-06-15,NSE,75.0
INE261F08EK5,7.3732,2026-06-18,NSE,425.0
INE261F08EK5,7.41,2026-06-22,NSE,25.0
INE261F08EK5,7.27,2026-06-25,NSE,75.0
INE261F08EK5,7.2465,2026-06-29,NSE,515.0
INE261F08EK5,7.16,2026-06-30,NSE,50.0
INE261F08EK5,7.17,2026-07-01,NSE,525.0
INE261F08EK5,7.13,2026-07-02,NSE,650.0
INE261F08EK5,7.13,2026-07-03,NSE,75.0
INE261F08EK5,7.3957,2026-07-08,NSE,175.0
INE261F08EK5,7.2967,2026-07-10,NSE,90.0
INE261F08EK5,7.3374,2026-07-13,NSE,135.0
INE261F08EK5,7.4481,2026-07-14,NSE,200.0
INE261F08EK5,7.455,2026-07-15,NSE,50.0
INE261F08EK5,7.415,2026-07-16,NSE,50.0
INE261F08EK5,7.41,2026-07-17,NSE,50.0
INE261F08EK5,7.435,2026-07-20,NSE,50.0
INE261F08EK5,7.42,2026-07-21,NSE,100.0
INE261F08EK5,7.49,2026-07-22,NSE,10.0
INE261F08EK5,7.46,2026-07-23,NSE,25.0
INE261F08EK5,7.38,2026-07-27,NSE,75.0
INE261F08EK5,7.37,2026-07-28,NSE,50.0
INE261F08EK5,7.38,2026-07-29,NSE,130.0
INE261F08EL3,7.5,2026-06-08,NSE,75.0
INE261F08EL3,7.37,2026-06-09,NSE,50.0
INE261F08EM1,7.48,2026-06-08,NSE,25.0
INE261F08EM1,7.357,2026-06-09,NSE,385.0
INE261F08EM1,7.46,2026-06-11,NSE,25.0
INE261F08EM1,7.4033,2026-06-12,NSE,300.0
INE261F08EM1,7.37,2026-06-15,NSE,50.0
INE261F08EM1,7.35,2026-06-16,NSE,25.0
INE261F08EM1,7.3913,2026-06-17,NSE,200.0
INE261F08EM1,7.3694,2026-06-18,NSE,200.0
INE261F08EM1,7.35,2026-06-24,NSE,25.0
INE261F08EM1,7.2471,2026-06-29,NSE,175.0
INE261F08EM1,7.1871,2026-07-01,NSE,175.0
INE261F08EM1,7.12,2026-07-03,NSE,200.0
INE261F08EM1,7.3937,2026-07-08,NSE,200.0
INE261F08EM1,7.4,2026-07-09,NSE,25.0
INE261F08EM1,7.5,2026-07-10,BSE,25.0
INE261F08EM1,7.3283,2026-07-13,NSE,300.0
INE261F08EM1,7.455,2026-07-14,NSE,25.0
INE261F08EM1,7.4564,2026-07-15,NSE,140.0
INE261F08EM1,7.39,2026-07-17,NSE,100.0
INE261F08EM1,7.4475,2026-07-20,NSE,50.0
INE261F08EM1,7.43,2026-07-21,NSE,50.0
INE261F08EM1,7.45,2026-07-22,NSE,100.0
INE261F08EM1,7.38,2026-07-28,NSE,200.0
INE261F08EM1,7.43,2026-07-30,NSE,50.0
INE261F08EN9,7.35,2026-07-03,NSE,50.0
INE261F08EO7,7.4736,2026-06-08,NSE,1045.0
INE261F08EO7,7.35,2026-06-09,NSE,50.0
INE261F08EO7,7.3967,2026-06-10,NSE,225.0
INE261F08EO7,7.4375,2026-06-11,NSE,140.0
INE261F08EO7,7.3857,2026-06-12,NSE,175.0
INE261F08EO7,7.3383,2026-06-15,NSE,150.0
INE261F08EO7,7.4417,2026-06-17,NSE,60.0
INE261F08EO7,7.38,2026-06-18,NSE,50.0
INE261F08EO7,7.3964,2026-06-19,NSE,175.0
INE261F08EO7,7.41,2026-06-22,NSE,25.0
INE261F08EO7,7.395,2026-06-23,NSE,225.0
INE261F08EO7,7.3467,2026-06-24,NSE,225.0
INE261F08EO7,7.2857,2026-06-25,NSE,175.0
INE261F08EO7,7.245,2026-06-29,NSE,200.0
INE261F08EO7,7.1889,2026-06-30,NSE,810.0
INE261F08EO7,7.15,2026-07-02,NSE,25.0
INE261F08EO7,7.18,2026-07-06,NSE,25.0
INE261F08EO7,7.384,2026-07-08,NSE,125.0
INE261F08EO7,7.3526,2026-07-09,NSE,475.0
INE261F08EO7,7.48,2026-07-14,NSE,75.0
INE261F08EO7,7.45,2026-07-15,NSE,100.0
INE261F08EO7,13.2733,2026-07-17,NSE,75.0
INE261F08EO7,7.4895,2026-07-20,NSE,95.0
INE261F08EO7,7.45,2026-07-21,NSE,50.0
INE261F08EO7,7.4859,2026-07-22,NSE,80.0
INE261F08EO7,7.4864,2026-07-23,NSE,350.0
INE261F08EO7,7.4721,2026-07-24,NSE,300.0
INE261F08EO7,7.382,2026-07-27,NSE,125.0
INE261F08EO7,7.405,2026-07-29,NSE,50.0
INE261F08EO7,7.4699,2026-07-30,NSE,260.0
INE261F08EP4,7.4956,2026-06-08,NSE,90.0
INE261F08EP4,7.39,2026-06-12,NSE,75.0
INE261F08EP4,7.345,2026-06-17,NSE,20.0
INE261F08EP4,7.41,2026-06-19,NSE,150.0
INE261F08EP4,7.39,2026-06-23,NSE,25.0
INE261F08EP4,7.2858,2026-06-25,NSE,130.0
INE261F08EP4,7.15,2026-07-02,NSE,5.0
INE261F08EP4,7.28,2026-07-08,NSE,50.0
INE261F08EP4,7.3557,2026-07-09,NSE,175.0
INE261F08EP4,7.3167,2026-07-10,NSE,75.0
INE261F08EP4,7.34,2026-07-13,NSE,25.0
INE261F08EP4,7.42,2026-07-16,NSE,5.0
INE261F08EP4,7.49,2026-07-20,NSE,50.0
INE261F08EP4,7.44,2026-07-21,NSE,200.0
INE261F08EP4,7.47,2026-07-24,NSE,5.0
INE261F08EP4,7.395,2026-07-28,NSE,50.0
INE261F08EQ2,7.4967,2026-06-08,NSE,75.0
INE261F08EQ2,7.36,2026-06-12,NSE,375.0
INE261F08EQ2,7.3,2026-06-24,NSE,75.0
INE261F08EQ2,7.16,2026-06-30,NSE,25.0
INE261F08EQ2,7.18,2026-07-02,NSE,450.0
INE261F08EQ2,7.3422,2026-07-09,NSE,2.0
INE261F08EQ2,7.37,2026-07-16,NSE,5.0
INE261F08EQ2,7.4367,2026-07-23,NSE,75.0
INE261F08EQ2,7.435,2026-07-30,NSE,25.0
INE261F08ER0,7.44,2026-07-23,NSE,50.0
INE261F08ES8,7.47,2026-06-09,NSE,300.0
INE261F08ES8,7.3367,2026-06-12,NSE,150.0
INE261F08ES8,7.3,2026-06-24,NSE,50.0
INE261F08ES8,7.2,2026-07-01,NSE,50.0
INE261F08ES8,7.322,2026-07-09,NSE,125.0
INE261F08ES8,7.44,2026-07-23,NSE,25.0
INE261F08ET6,7.428,2026-06-11,NSE,125.0
INE261F08ET6,7.335,2026-06-12,NSE,100.0
INE261F08EU4,7.52,2026-06-08,NSE,225.0
INE261F08EU4,7.3813,2026-06-09,NSE,1055.0
INE261F08EU4,7.3584,2026-06-10,NSE,1400.0
INE261F08EU4,7.4303,2026-06-11,NSE,585.0
INE261F08EU4,7.34,2026-06-12,NSE,375.0
INE261F08EU4,7.3396,2026-06-15,NSE,825.0
INE261F08EU4,7.3429,2026-06-16,NSE,230.0
INE261F08EU4,7.3456,2026-06-17,NSE,150.0
INE261F08EU4,7.3251,2026-06-18,NSE,925.0
INE261F08EU4,7.3445,2026-06-19,NSE,250.0
INE261F08EU4,7.37,2026-06-22,NSE,55.0
INE261F08EU4,7.3583,2026-06-23,NSE,150.0
INE261F08EU4,7.3265,2026-06-24,NSE,125.0
INE261F08EU4,7.3047,2026-06-25,NSE,850.0
INE261F08EU4,7.22,2026-06-29,NSE,100.0
INE261F08EU4,7.2189,2026-06-30,NSE,857.5
INE261F08EU4,7.2466,2026-07-01,NSE,540.0
INE261F08EU4,7.178,2026-07-02,NSE,408.5
INE261F08EU4,7.1767,2026-07-03,NSE,150.0
INE261F08EU4,7.23,2026-07-06,NSE,175.0
INE261F08EU4,7.2303,2026-07-07,NSE,425.0
INE261F08EU4,7.3263,2026-07-08,NSE,375.0
INE261F08EU4,7.37,2026-07-09,NSE,275.0
INE261F08EU4,7.31,2026-07-10,NSE,50.0
INE261F08EU4,7.32,2026-07-13,NSE,125.0
INE261F08EU4,7.4167,2026-07-14,NSE,150.0
INE261F08EU4,7.3988,2026-07-17,NSE,20.0
INE261F08EU4,7.42,2026-07-21,NSE,125.0
INE261F08EU4,7.44,2026-07-23,NSE,175.0
INE261F08EU4,7.46,2026-07-24,NSE,110.0
INE261F08EU4,7.379,2026-07-27,NSE,125.0
INE261F08EU4,7.38,2026-07-28,NSE,25.0
INE261F08EU4,7.4,2026-07-29,NSE,75.0
INE261F08EU4,7.4493,2026-07-30,NSE,200.0
INE261F08EV2,7.1739,2026-07-08,NSE,2151.03
INE261F08EV2,7.1731,2026-07-09,NSE,720.74
INE261F08EV2,7.1703,2026-07-10,NSE,233.79
INE261F08EV2,7.173,2026-07-13,NSE,270.0
INE261F08EV2,7.1723,2026-07-14,NSE,250.0
INE261F08EV2,7.52,2026-07-20,NSE,237.57
INE261F08EV2,7.3088,2026-07-21,NSE,43.0
INE261F08EV2,7.2963,2026-07-22,NSE,43.0
INE261F08EV2,7.4879,2026-07-23,NSE,18.0
INE261F08EV2,7.465,2026-07-24,NSE,50.0
INE261F08EV2,7.38,2026-07-28,NSE,50.0
INE261F08EV2,7.41,2026-07-30,NSE,698.16
INE277707027,17.2104,2026-06-19,BSE,4.0
INE277907015,18.92,2026-06-29,BSE,9.62
INE281B07013,8.4621,2026-06-08,BSE,12.64
INE281B07013,8.595,2026-06-10,BSE,10.62
INE281B07013,8.64,2026-06-16,BSE,12.42
INE281B07013,8.995,2026-06-19,BSE,2.16
INE281B07013,8.845,2026-06-22,BSE,4.62
INE281B07013,8.795,2026-06-24,BSE,2.8
INE281B07013,8.8738,2026-06-29,BSE,6.43
INE281B07013,8.535,2026-07-01,BSE,7.54
INE281B07013,8.695,2026-07-03,BSE,1.02
INE281B07013,8.745,2026-07-08,BSE,12.9
INE281B07013,8.845,2026-07-10,BSE,1.24
INE281B07013,8.715,2026-07-14,BSE,1.2
INE281B07013,8.995,2026-07-16,BSE,2.42
INE281B07013,8.995,2026-07-17,BSE,4.6
INE281B07013,8.5011,2026-07-20,BSE,10.2
INE281B07013,8.995,2026-07-21,BSE,2.78
INE281B07013,8.745,2026-07-22,BSE,6.86
INE281B07013,8.6723,2026-07-23,BSE,10.16
INE281B07013,8.745,2026-07-24,BSE,2.86
INE281B07013,8.2747,2026-07-28,BSE,35.24
INE282H07018,7.75,2026-07-01,NSE,10.0
INE282H07018,7.72,2026-07-13,NSE,25.0
INE282H07059,8.1291,2026-06-09,NSE,120.0
INE282H07059,8.15,2026-06-15,NSE,25.0
INE282H07059,8.1367,2026-06-16,NSE,30.0
INE282H07059,8.0767,2026-06-29,NSE,40.0
INE282H07059,8.05,2026-07-23,NSE,20.0
INE282H07059,8.06,2026-07-29,NSE,10.0
INE282H07059,8.08,2026-07-30,NSE,25.0
INE282H07067,8.1343,2026-06-19,NSE,18.0
INE282H07067,8.0405,2026-06-22,NSE,141.66
INE282H07067,8.0,2026-06-24,NSE,10.0
INE282H07067,7.9923,2026-06-25,NSE,10.0
INE282H07067,7.85,2026-06-30,NSE,10.0
INE282H07067,8.06,2026-07-22,NSE,300.0
INE282H07067,8.0,2026-07-27,NSE,10.0
INE282H07067,7.9978,2026-07-28,NSE,7.2
INE282H07067,8.05,2026-07-30,NSE,300.0
INE282H07075,7.7717,2026-07-10,NSE,50.0
INE282H07075,7.7699,2026-07-15,NSE,200.0
INE282H07075,7.7648,2026-07-16,NSE,200.0
INE289B07099,7.3,2026-06-17,NSE,100.0
INE289B07099,7.25,2026-06-29,NSE,25.0
INE289B07123,8.05,2026-07-17,NSE,15.0
INE289B07123,7.9,2026-07-20,BSE,15.0
INE295J08022,7.59,2026-07-16,NSE,150.0
INE295J08022,7.605,2026-07-21,NSE,25.0
INE296A07RD1,7.775,2026-06-25,NSE,20.0
INE296A07RD1,7.88,2026-07-09,NSE,10.0
INE296A07RW1,7.83,2026-07-08,NSE,5.0
INE296A07RW1,7.851,2026-07-10,NSE,5.0
INE296A07RZ4,7.81,2026-06-11,NSE,10.0
INE296A07RZ4,7.75,2026-06-12,NSE,50.0
INE296A07RZ4,7.6,2026-06-30,NSE,25.0
INE296A07RZ4,7.57,2026-07-01,NSE,25.0
INE296A07SC1,7.75,2026-06-16,NSE,5.0
INE296A07SG2,7.82,2026-06-19,NSE,25.0
INE296A07SI8,7.85,2026-06-09,NSE,50.0
INE296A07SI8,7.8,2026-06-11,BSE,25.0
INE296A07SI8,7.78,2026-07-17,NSE,25.0
INE296A07SO6,7.55,2026-07-03,NSE,100.0
INE296A07SQ1,7.73,2026-06-25,NSE,25.0
INE296A07SQ1,7.69,2026-06-29,NSE,5.0
INE296A07SQ1,7.6,2026-06-30,NSE,25.0
INE296A07SQ1,7.55,2026-07-01,BSE,25.0
INE296A07SR9,7.37,2026-07-07,NSE,25.0
INE296A07SR9,7.35,2026-07-14,BSE,10.0
INE296A07SV1,7.8064,2026-06-22,NSE,200.0
INE296A07SV1,7.815,2026-06-23,NSE,50.0
INE296A07SV1,7.78,2026-07-02,NSE,125.0
INE296A07SV1,7.8021,2026-07-08,NSE,390.0
INE296A07SV1,7.7966,2026-07-13,NSE,125.0
INE296A07SV1,7.8366,2026-07-24,NSE,150.0
INE296A07SV1,7.43,2026-07-30,BSE,5.0
INE296A07SX7,7.77,2026-06-10,NSE,25.0
INE296A07SX7,7.77,2026-06-11,NSE,5.0
INE296A07SX7,7.75,2026-07-23,NSE,75.0
INE296A07SX7,7.45,2026-07-28,BSE,5.0
INE296A07SY5,7.965,2026-06-24,BSE,2.4
INE296A07SY5,7.8468,2026-07-28,NSE,70.0
INE296A07SY5,7.877,2026-07-29,NSE,1.0
INE296A07SY5,7.8241,2026-07-30,NSE,1.0
INE296A07SZ2,7.78,2026-06-17,NSE,50.0
INE296A07SZ2,7.75,2026-06-19,NSE,225.0
INE296A07SZ2,7.75,2026-06-24,NSE,100.0
INE296A07SZ2,7.85,2026-07-08,NSE,100.0
INE296A07SZ2,7.78,2026-07-09,NSE,25.0
INE296A07SZ2,7.75,2026-07-10,NSE,100.0
INE296A07TC9,7.8643,2026-06-10,BSE,53.0
INE296A07TC9,7.85,2026-06-11,NSE,5.0
INE296A07TC9,7.65,2026-06-12,BSE,5.0
INE296A07TC9,7.75,2026-06-16,NSE,75.0
INE296A07TC9,7.84,2026-06-18,NSE,75.0
INE296A07TC9,7.82,2026-06-19,BSE,25.0
INE296A07TC9,7.75,2026-06-24,NSE,10.0
INE296A07TC9,7.6015,2026-06-25,BSE,10.14
INE296A07TC9,7.555,2026-06-29,BSE,5.0
INE296A07TC9,7.47,2026-07-03,NSE,105.0
INE296A07TC9,7.6188,2026-07-07,NSE,9.0
INE296A07TC9,7.5833,2026-07-09,BSE,15.0
INE296A07TC9,7.71,2026-07-14,NSE,50.0
INE296A07TC9,7.7,2026-07-15,NSE,5.0
INE296A07TC9,7.7,2026-07-17,NSE,15.0
INE296A07TC9,7.55,2026-07-29,BSE,5.0
INE296A07TC9,7.485,2026-07-30,BSE,37.64
INE296A07TD7,7.9445,2026-06-10,NSE,10.0
INE296A07TD7,7.8,2026-06-16,NSE,50.0
INE296A07TD7,7.79,2026-06-17,NSE,50.0
INE296A07TD7,7.78,2026-07-10,NSE,50.0
INE296A07TF2,7.8,2026-06-09,NSE,55.0
INE296A07TF2,7.76,2026-07-23,NSE,50.0
INE296A07TF2,7.73,2026-07-24,BSE,25.0
INE296A07TG0,7.6,2026-06-24,NSE,65.0
INE296A07TG0,7.35,2026-06-29,NSE,65.0
INE296A07TG0,7.52,2026-07-28,NSE,15.0
INE296A07TH8,7.9382,2026-06-17,NSE,37.1
INE296A07TH8,7.8121,2026-06-24,NSE,18.5
INE296A07TH8,7.7525,2026-07-02,NSE,12.0
INE296A07TI6,7.85,2026-06-17,NSE,5.0
INE296A07TI6,7.86,2026-06-19,NSE,10.0
INE296A07TI6,7.86,2026-06-23,NSE,50.0
INE296A07TJ4,7.95,2026-06-08,NSE,260.0
INE296A07TJ4,7.8591,2026-06-09,NSE,275.0
INE296A07TJ4,7.8275,2026-06-10,NSE,100.0
INE296A07TJ4,7.787,2026-06-12,NSE,360.0
INE296A07TJ4,7.7915,2026-06-15,NSE,165.0
INE296A07TJ4,7.715,2026-06-18,NSE,10.0
INE296A07TJ4,7.7,2026-06-25,NSE,50.0
INE296A07TJ4,7.6019,2026-06-30,NSE,135.0
INE296A07TJ4,7.5289,2026-07-02,NSE,225.0
INE296A07TJ4,7.76,2026-07-08,NSE,50.0
INE296A07TJ4,7.74,2026-07-09,NSE,25.0
INE296A07TJ4,7.8,2026-07-16,NSE,25.0
INE296A07TJ4,7.7,2026-07-30,NSE,10.0
INE296A07TK2,7.77,2026-06-10,NSE,25.0
INE296A07TK2,7.78,2026-06-12,NSE,25.0
INE296A07TK2,7.75,2026-06-16,NSE,5.0
INE296A07TK2,7.51,2026-07-01,NSE,25.0
INE296A07TK2,7.3,2026-07-02,NSE,50.0
INE296A07TK2,7.4,2026-07-10,BSE,5.0
INE296A07TK2,7.775,2026-07-14,NSE,50.0
INE296A07TK2,7.7,2026-07-15,BSE,25.0
INE296A07TK2,7.58,2026-07-21,NSE,90.0
INE296A07TK2,7.5,2026-07-22,BSE,90.0
INE296A07TL0,7.93,2026-06-09,NSE,50.0
INE296A07TL0,7.84,2026-06-12,NSE,25.0
INE296A07TL0,7.86,2026-06-16,NSE,10.0
INE296A07TL0,7.77,2026-06-29,NSE,10.0
INE296A07TL0,7.85,2026-07-16,NSE,100.0
INE296A07TL0,7.88,2026-07-20,NSE,30.0
INE296A07TM8,7.85,2026-06-09,NSE,25.0
INE296A07TM8,7.8,2026-06-15,NSE,75.0
INE296A07TM8,7.8,2026-06-17,NSE,90.0
INE296A07TM8,7.7676,2026-06-24,NSE,200.0
INE296A07TM8,7.58,2026-07-07,NSE,25.0
INE296A07TN6,7.85,2026-06-09,NSE,150.0
INE296A07TN6,7.8,2026-06-15,NSE,75.0
INE296A07TN6,7.8,2026-06-16,NSE,225.0
INE296A07TN6,7.8013,2026-06-22,NSE,215.0
INE296A07TN6,7.8018,2026-06-23,NSE,225.0
INE296A07TN6,7.7759,2026-06-24,NSE,175.0
INE296A07TN6,7.6032,2026-07-02,NSE,125.0
INE296A07TN6,7.55,2026-07-03,NSE,100.0
INE296A07TN6,7.8375,2026-07-14,NSE,100.0
INE296A07TN6,7.814,2026-07-15,NSE,125.0
INE296A07TN6,7.8,2026-07-16,NSE,25.0
INE296A07TN6,7.7867,2026-07-17,NSE,75.0
INE296A07TN6,7.85,2026-07-20,NSE,25.0
INE296A07TN6,7.78,2026-07-27,NSE,50.0
INE296A07TN6,7.76,2026-07-29,NSE,10.0
INE296A07TP1,7.8,2026-06-16,NSE,50.0
INE296A07TP1,7.78,2026-06-24,NSE,75.0
INE296A07TT3,7.64,2026-06-29,BSE,50.0
INE296A07TT3,7.5,2026-07-03,NSE,100.0
INE296A07TV9,7.95,2026-06-11,NSE,125.0
INE296A07TV9,7.8,2026-06-16,NSE,5.0
INE296A07TV9,7.77,2026-06-18,BSE,5.0
INE296A07TV9,7.81,2026-06-19,NSE,15.0
INE296A07TV9,7.62,2026-07-01,NSE,25.0
INE296A07TV9,7.85,2026-07-08,NSE,25.0
INE296A07TV9,7.68,2026-07-09,NSE,5.0
INE296A07TV9,7.6,2026-07-10,BSE,10.0
INE296A07TV9,7.6775,2026-07-13,NSE,20.0
INE296A07TV9,7.8,2026-07-24,NSE,100.0
INE296A07TV9,7.83,2026-07-30,NSE,155.0
INE296A07TW7,7.85,2026-06-15,NSE,275.0
INE296A07TW7,7.78,2026-06-17,NSE,50.0
INE296A07TW7,7.75,2026-06-19,NSE,225.0
INE296A07TW7,7.86,2026-07-28,NSE,25.0
INE296A07TX5,7.92,2026-06-08,BSE,2.0
INE296A07TX5,7.9492,2026-06-10,NSE,50.6
INE296A07TX5,8.0792,2026-06-17,NSE,369.96
INE296A07TX5,7.9961,2026-06-18,NSE,246.0
INE296A07TX5,8.0018,2026-06-19,NSE,215.0
INE296A07TX5,8.0233,2026-06-22,NSE,20.14
INE296A07TX5,7.895,2026-06-23,NSE,30.0
INE296A07TX5,7.87,2026-06-24,NSE,150.0
INE296A07TX5,7.8994,2026-06-25,NSE,100.34
INE296A07TX5,7.75,2026-06-29,NSE,100.0
INE296A07TX5,7.7235,2026-06-30,NSE,145.0
INE296A07TX5,7.8198,2026-07-01,NSE,30.02
INE296A07TX5,7.8466,2026-07-08,NSE,75.01
INE296A07TX5,7.67,2026-07-13,NSE,2.0
INE296A07TX5,7.8963,2026-07-14,NSE,115.0
INE296A07TY3,8.0711,2026-06-08,NSE,5.0
INE296A07TZ0,7.8487,2026-06-17,NSE,241.92
INE296A07TZ0,7.9101,2026-06-18,NSE,195.0
INE296A07TZ0,7.9187,2026-06-23,NSE,100.0
INE296A07TZ0,7.75,2026-06-24,NSE,80.0
INE296A07TZ0,7.7,2026-06-29,BSE,3.0
INE296A07TZ0,7.64,2026-06-30,BSE,3.0
INE296A07TZ0,7.7521,2026-07-10,NSE,101.61
INE296A07TZ0,7.8484,2026-07-28,NSE,55.0
INE296A07UA1,7.8728,2026-06-30,NSE,229.39
INE296A07UA1,7.8955,2026-07-01,NSE,560.0
INE296A07UA1,7.7,2026-07-03,NSE,60.81
INE296A07UA1,7.75,2026-07-07,NSE,10.52
INE296A07UA1,7.8,2026-07-08,NSE,50.0
INE296A07UA1,7.895,2026-07-14,NSE,25.0
INE296A07UA1,7.8465,2026-07-16,NSE,130.0
INE296A07UA1,7.85,2026-07-17,NSE,75.0
INE296A07UA1,7.88,2026-07-20,NSE,55.0
INE296A07UA1,7.91,2026-07-22,NSE,50.0
INE296A07UA1,7.9,2026-07-23,NSE,5.0
INE296A07UA1,7.89,2026-07-24,BSE,5.0
INE296A07UA1,7.9,2026-07-30,NSE,50.0
INE296A07UB9,7.6678,2026-07-09,NSE,223.47
INE296A07UB9,7.78,2026-07-10,NSE,50.0
INE296A07UB9,7.83,2026-07-13,NSE,75.0
INE296A07UB9,7.87,2026-07-14,NSE,25.0
INE296A07UB9,7.7845,2026-07-17,BSE,20.0
INE296A07UB9,7.9,2026-07-20,NSE,50.0
INE296A07UB9,7.88,2026-07-21,NSE,25.0
INE296A07UB9,7.9,2026-07-22,NSE,50.0
INE296A07UB9,7.8,2026-07-27,NSE,25.0
INE296A07UB9,7.84,2026-07-28,NSE,25.0
INE296A07UB9,7.85,2026-07-30,NSE,155.0
INE296A07UC7,7.7842,2026-07-09,NSE,350.0
INE296A07UC7,7.784,2026-07-10,BSE,30.0
INE296A07UC7,7.7829,2026-07-13,BSE,25.0
INE296A07UC7,7.8678,2026-07-23,NSE,1.0
INE296A07UC7,7.8575,2026-07-30,NSE,30.3
INE296A08789,7.65,2026-06-18,NSE,100.0
INE296A08789,7.65,2026-06-19,NSE,50.0
INE296G07218,11.5733,2026-07-01,NSE,1.03
INE296G07275,10.2735,2026-06-09,BSE,4.46
INE296G07275,10.15,2026-06-10,BSE,5.0
INE296G07275,10.1851,2026-06-12,BSE,6.45
INE296G07275,12.5909,2026-06-17,BSE,3.85
INE296G07275,10.3637,2026-06-18,BSE,2.67
INE296G07275,10.4,2026-06-24,BSE,1.5
INE296G07275,10.0,2026-06-25,BSE,2.0
INE296G07275,9.9692,2026-06-29,BSE,2.21
INE296G07275,13.2357,2026-07-03,BSE,3.08
INE296G07283,9.8,2026-07-14,BSE,1.22
INE296G07283,10.5,2026-07-15,BSE,5.21
INE296G07283,9.6206,2026-07-16,BSE,5.6
INE296G07291,10.5452,2026-06-18,NSE,2.1
INE296G07291,9.475,2026-06-24,BSE,1.09
INE296G07309,10.06,2026-06-12,BSE,14.96
INE296G07325,9.564,2026-07-03,NSE,75.0
INE296G07325,10.2435,2026-07-06,NSE,26.0
INE296G07325,10.24,2026-07-07,BSE,50.0
INE296G07325,10.25,2026-07-08,BSE,15.0
INE296G07325,10.075,2026-07-09,BSE,20.0
INE296G07325,9.9461,2026-07-10,BSE,16.7
INE296G07325,10.0274,2026-07-14,NSE,10.22
INE296G07325,9.866,2026-07-16,BSE,3.0
INE296G07325,10.1766,2026-07-17,BSE,14.25
INE296G07325,9.7756,2026-07-21,BSE,10.4
INE296G07325,10.0705,2026-07-22,BSE,2.07
INE296G07325,9.9188,2026-07-23,BSE,21.18
INE296G07325,9.819,2026-07-28,BSE,8.17
INE296G07325,9.897,2026-07-30,BSE,12.82
INE296H08024,10.8871,2026-06-09,BSE,3.1
INE296Q07076,13.1618,2026-06-15,NSE,7.29
INE296Q07076,13.1244,2026-06-16,NSE,3.08
INE296Q07076,12.0577,2026-06-18,NSE,9.4
INE296Q07076,12.4087,2026-06-22,NSE,1.38
INE296Q07076,12.6,2026-06-23,NSE,4.1
INE296Q07076,13.7137,2026-07-01,NSE,9.79
INE296Q07076,12.1523,2026-07-21,NSE,1.74
INE296Q07076,14.6103,2026-07-27,NSE,3.31
INE296Q07076,14.7641,2026-07-30,NSE,2.82
INE296Q07167,10.68,2026-06-08,BSE,9.1
INE296Q07167,10.579,2026-06-30,BSE,20.0
INE296Q07167,12.15,2026-07-06,BSE,20.0
INE296Q07167,12.65,2026-07-10,BSE,9.0
INE296Q07167,12.6498,2026-07-20,BSE,7.0
INE296Q07167,11.0002,2026-07-21,BSE,7.05
INE296Q07167,12.325,2026-07-28,BSE,7.0
INE296Q07167,12.3239,2026-07-30,BSE,2.01
INE296Q07175,13.0,2026-07-28,BSE,2.0
INE2BA907020,12.1,2026-06-10,BSE,7.0
INE2BA907020,12.0,2026-07-09,BSE,23.5
INE2BA907020,12.0,2026-07-13,BSE,18.8
INE2BA907020,12.0,2026-07-15,BSE,3.3
INE2BA907020,12.0,2026-07-16,BSE,19.0
INE2BA907020,12.0,2026-07-17,BSE,9.5
INE2BA907020,12.0,2026-07-23,BSE,23.5
INE2BA907020,12.0,2026-07-27,BSE,26.2
INE2BA907020,12.0,2026-07-28,BSE,46.8
INE2BA907038,12.0,2026-06-11,BSE,5.8
INE2BA907038,12.0,2026-06-18,BSE,2.9
INE2BA907038,12.0,2026-06-23,BSE,1.4
INE2BA907038,12.0,2026-06-25,BSE,13.3
INE2BA907038,12.0,2026-07-16,BSE,5.8
INE2BFH07023,16.0,2026-07-24,BSE,4.55
INE2DDQ07017,18.03,2026-06-29,BSE,17.5
INE2FAX15017,14.49,2026-06-10,BSE,8.0
INE2GLH07020,15.4525,2026-07-10,BSE,39.5
INE2H9D07011,16.0,2026-07-28,BSE,1.25
INE2I4608019,10.9224,2026-06-10,NSE,100.0
INE2I4608019,10.9102,2026-06-30,NSE,60.0
INE2I7F15012,7.55,2026-06-30,NSE,48.96
INE2I7H15018,7.45,2026-06-30,NSE,48.7
INE2I7H15018,7.56,2026-07-01,NSE,24.35
INE2I7H15018,7.77,2026-07-22,NSE,24.35
INE2M2107016,9.74,2026-06-10,BSE,1.0
INE2M2107016,9.74,2026-06-11,BSE,3.0
INE2M2107016,9.74,2026-07-09,BSE,1.0
INE2M2107016,9.74,2026-07-17,BSE,2.0
INE2OTQ07085,14.25,2026-06-10,BSE,2.0
INE2OTQ07242,16.0833,2026-06-19,BSE,6.0
INE2PHA07016,15.0,2026-07-09,BSE,3.0
INE2Q0007011,14.3571,2026-06-08,BSE,14.0
INE2Q0007011,13.5,2026-06-11,BSE,4.35
INE2Q0007011,13.5,2026-06-15,BSE,1.95
INE2QI808033,8.6902,2026-07-13,NSE,330.0
INE2QI808033,8.7,2026-07-17,NSE,35.0
INE2QMV07010,14.0389,2026-06-16,BSE,17.5
INE2QMV07010,14.75,2026-06-17,BSE,10.0
INE2QMV07010,14.5,2026-06-19,BSE,10.0
INE2QMV07010,14.0,2026-06-22,BSE,5.0
INE2QMV07010,15.0,2026-06-24,BSE,5.0
INE2QMV07010,14.0,2026-06-25,BSE,5.0
INE2QMV07010,13.8,2026-06-29,BSE,10.0
INE2QMV07010,13.5501,2026-07-02,BSE,10.0
INE2QMV07010,14.0667,2026-07-03,BSE,15.0
INE2QMV07010,15.0136,2026-07-10,BSE,30.0
INE2QMV07010,14.95,2026-07-13,BSE,10.0
INE2QMV07010,14.8,2026-07-30,BSE,10.0
INE2QMV07028,15.25,2026-06-29,BSE,35.0
INE2QMV07028,14.875,2026-07-02,BSE,10.0
INE2QMV07028,15.125,2026-07-16,BSE,10.0
INE2QMV07028,16.2729,2026-07-21,BSE,12.5
INE2QMV07028,14.9444,2026-07-22,BSE,22.5
INE2QMV07028,14.9,2026-07-28,BSE,2.5
INE2QMV07028,15.0,2026-07-29,BSE,5.0
INE2QMV07036,15.2856,2026-07-22,BSE,22.5
INE2QMV07044,15.0,2026-07-07,BSE,20.0
INE2QMV07044,11.4983,2026-07-10,BSE,25.0
INE2QMV07051,14.3472,2026-07-09,BSE,10.0
INE2RN015201,11.0,2026-07-20,BSE,1.0
INE2SC707015,18.72,2026-06-08,BSE,1.2
INE2SC707015,15.1591,2026-06-10,BSE,2.2
INE2SFF07013,19.0146,2026-07-22,NSE,895.0
INE2SFF07013,18.9212,2026-07-23,NSE,2240.0
INE2SFF07013,18.5,2026-07-24,BSE,10.0
INE2SFF07013,18.85,2026-07-27,BSE,30.0
INE2SFF07013,19.0112,2026-07-29,BSE,10.0
INE2SFF07013,17.5,2026-07-30,BSE,10.0
INE2T2Q07014,8.8041,2026-06-08,NSE,3.0
INE2T2Q07014,8.92,2026-06-09,BSE,3.37
INE2T2Q07014,8.9202,2026-06-15,BSE,3.37
INE2T2Q07014,8.7501,2026-06-17,BSE,20.02
INE2T2Q07014,8.8817,2026-06-18,BSE,4.13
INE2T2Q07014,8.9053,2026-06-19,BSE,3.3
INE2T2Q07014,8.7269,2026-06-24,BSE,1.18
INE2T2Q07014,8.9194,2026-07-01,BSE,3.23
INE2T2Q07014,8.9193,2026-07-02,BSE,3.23
INE2T2Q07014,8.9192,2026-07-07,BSE,2.31
INE2T2Q07014,8.9191,2026-07-09,BSE,1.88
INE2T2Q07014,8.92,2026-07-10,BSE,2.96
INE2T2Q07014,8.6578,2026-07-17,BSE,1.89
INE2T2Q07022,8.8031,2026-06-08,NSE,3.0
INE2T2Q07022,8.85,2026-07-07,BSE,2.0
INE2T2Q07022,8.974,2026-07-16,NSE,2.0
INE2T2Q07022,8.59,2026-07-17,BSE,1.5
INE2T2Q07022,8.6,2026-07-20,NSE,1.0
INE2T2Q07022,8.6,2026-07-21,NSE,2.0
INE2T2Q07030,8.8029,2026-06-08,NSE,3.0
INE2T2Q07030,8.98,2026-07-03,NSE,3.3
INE2T2Q07030,8.85,2026-07-07,BSE,2.0
INE2T2Q07048,8.8033,2026-06-08,NSE,3.0
INE2T2Q07055,8.7796,2026-06-10,BSE,1.5
INE2T2Q07055,8.85,2026-06-11,BSE,1.5
INE2T2Q07055,8.5445,2026-06-12,BSE,1.32
INE2T2Q07055,8.7749,2026-06-24,BSE,2.8
INE2T2Q07055,8.8348,2026-06-29,NSE,1.63
INE2T2Q07055,8.8637,2026-06-30,NSE,1.43
INE2T2Q07055,8.98,2026-07-03,NSE,3.38
INE2T2Q07055,8.98,2026-07-14,NSE,4.62
INE2T2Q07063,8.8035,2026-06-08,NSE,3.0
INE2T2Q07063,8.75,2026-06-18,BSE,1.0
INE2T2Q07063,8.7455,2026-06-29,BSE,1.76
INE2T2Q07063,8.98,2026-07-03,NSE,7.4
INE2T2Q07071,8.8028,2026-06-08,NSE,3.0
INE2T2Q07071,8.85,2026-06-22,BSE,2.0
INE2T2Q07071,8.98,2026-07-03,NSE,11.6
INE2T2Q07071,8.6,2026-07-24,BSE,5.0
INE2T2Q07071,8.17,2026-07-27,NSE,5.0
INE2T2Q07089,8.8073,2026-06-08,NSE,3.0
INE2T2Q07089,8.75,2026-06-29,BSE,1.27
INE2T2Q07089,8.6,2026-06-30,NSE,4.7
INE2T2Q07089,8.59,2026-07-01,BSE,4.7
INE2T2Q07089,8.98,2026-07-03,NSE,1.6
INE2T2Q07089,8.4229,2026-07-27,BSE,1.8
INE2T2Q07097,8.8062,2026-06-08,NSE,3.0
INE2T2Q07097,8.98,2026-07-03,NSE,5.4
INE2T2Q07097,8.6,2026-07-20,BSE,1.5
INE2T2Q07097,8.6,2026-07-28,NSE,1.0
INE2T2Q07105,8.8037,2026-06-08,NSE,3.0
INE2T2Q07113,8.8054,2026-06-08,NSE,3.0
INE2T2Q07113,8.8132,2026-06-09,NSE,7.22
INE2T2Q07113,8.75,2026-06-23,BSE,1.0
INE2T2Q07113,8.7975,2026-06-24,BSE,2.0
INE2T2Q07113,8.75,2026-06-25,BSE,10.27
INE2T2Q07113,8.98,2026-07-03,NSE,5.38
INE2T2Q07121,8.98,2026-07-03,NSE,1.8
INE2T2Q07139,8.7746,2026-06-08,BSE,2.84
INE2T2Q07139,8.8339,2026-06-09,BSE,2.21
INE2T2Q07139,8.798,2026-06-11,BSE,3.2
INE2T2Q07139,8.7554,2026-06-17,BSE,2.1
INE2T2Q07139,8.8317,2026-06-22,BSE,2.13
INE2T2Q07139,8.6808,2026-06-24,BSE,1.72
INE2T2Q07139,8.63,2026-07-15,BSE,8.0
INE2T2Q07139,8.3577,2026-07-16,BSE,12.0
INE2T2Q07139,8.6,2026-07-22,BSE,1.0
INE2T2Q07139,8.6631,2026-07-28,BSE,1.81
INE2T2Q07147,8.8029,2026-06-08,NSE,3.0
INE2T2Q07147,8.98,2026-07-03,NSE,7.3
INE2T2Q07147,8.85,2026-07-07,BSE,2.0
INE2T2Q07154,8.803,2026-06-08,NSE,3.0
INE2T2Q07154,8.98,2026-07-03,NSE,2.94
INE2T2Q07154,8.85,2026-07-08,BSE,1.0
INE2T2Q07154,8.85,2026-07-10,BSE,1.0
INE2T2Q07154,8.7572,2026-07-13,BSE,1.0
INE2T2Q07154,8.6,2026-07-20,NSE,2.0
INE2T2Q07154,8.5671,2026-07-21,NSE,4.0
INE2T2Q07154,8.55,2026-07-27,BSE,1.0
INE2T2Q07162,8.8032,2026-06-08,NSE,3.0
INE2T2Q07162,8.7997,2026-06-22,BSE,4.02
INE2T2Q07162,8.6,2026-06-25,BSE,4.0
INE2T2Q07162,8.98,2026-07-03,NSE,2.4
INE2T2Q07162,8.5953,2026-07-21,NSE,3.0
INE2T2Q07170,8.8045,2026-06-08,NSE,3.0
INE2T2Q07170,8.75,2026-06-29,BSE,3.52
INE2T2Q07170,8.62,2026-07-06,NSE,2.0
INE2T2Q07188,8.7653,2026-06-08,BSE,44.5
INE2T2Q07188,8.7608,2026-06-10,BSE,1.55
INE2T2Q07188,8.7548,2026-06-17,NSE,1.2
INE2T2Q07188,8.7118,2026-06-19,NSE,6.03
INE2T2Q07188,8.5857,2026-06-23,NSE,24.85
INE2T2Q07188,8.7508,2026-06-25,BSE,1.9
INE2T2Q07188,8.3376,2026-07-02,NSE,2.79
INE2T2Q07188,8.6039,2026-07-03,NSE,2.34
INE2T2Q07188,8.6372,2026-07-09,NSE,12.15
INE2T2Q07188,8.6191,2026-07-13,BSE,1.17
INE2T2Q07188,8.5847,2026-07-14,NSE,1.57
INE2T2Q07188,8.5842,2026-07-15,NSE,1.99
INE2T2Q07188,8.7255,2026-07-16,NSE,5.97
INE2T2Q07188,8.5479,2026-07-17,NSE,1.41
INE2T2Q07188,8.5727,2026-07-20,NSE,1.58
INE2T2Q07188,8.595,2026-07-21,NSE,3.6
INE2T2Q07188,8.3571,2026-07-22,BSE,1.34
INE2T2Q07188,8.6275,2026-07-23,NSE,3.61
INE2T2Q07188,8.4122,2026-07-29,NSE,14.87
INE2T2Q07188,8.6385,2026-07-30,NSE,23.89
INE2T2Q07196,8.7699,2026-06-08,NSE,5.0
INE2T2Q07196,8.6524,2026-06-12,NSE,14.7
INE2T2Q07196,8.5611,2026-06-15,NSE,148.52
INE2T2Q07196,8.5004,2026-06-16,NSE,18.66
INE2T2Q07196,8.762,2026-06-17,NSE,1.2
INE2T2Q07196,8.7597,2026-06-18,NSE,11.2
INE2T2Q07196,8.7472,2026-06-19,NSE,7.08
INE2T2Q07196,8.61,2026-07-23,BSE,5.0
INE2T2Q07204,8.7683,2026-06-08,NSE,5.0
INE2T2Q07204,8.5333,2026-06-12,BSE,3.0
INE2T2Q07204,8.5615,2026-06-15,NSE,164.27
INE2T2Q07204,8.5004,2026-06-16,NSE,19.91
INE2T2Q07204,8.7615,2026-06-17,NSE,1.2
INE2T2Q07204,8.7598,2026-06-18,NSE,11.45
INE2T2Q07204,8.7341,2026-06-19,NSE,6.28
INE2T2Q07204,8.51,2026-07-07,BSE,1.0
INE2T2Q07204,8.6,2026-07-13,NSE,1.0
INE2T2Q07204,8.65,2026-07-14,NSE,1.0
INE2T2Q07204,8.5733,2026-07-15,BSE,6.0
INE2T2Q07204,8.0507,2026-07-16,BSE,5.0
INE2T2Q07204,8.65,2026-07-21,NSE,1.0
INE2T2Q07212,8.7577,2026-06-18,NSE,1.2
INE2T2Q07212,8.7518,2026-06-19,NSE,7.08
INE2T2Q07212,8.756,2026-06-23,NSE,17.64
INE2T2Q07212,8.65,2026-07-01,NSE,11.04
INE2T2Q07212,8.65,2026-07-08,NSE,3.0
INE2T2Q07212,8.755,2026-07-09,NSE,3.0
INE2T2Q07212,8.6014,2026-07-10,NSE,21.0
INE2T2Q07212,8.605,2026-07-13,NSE,1.0
INE2T2Q07212,8.63,2026-07-15,NSE,1.0
INE2T2Q07212,8.6017,2026-07-16,NSE,3.0
INE2T2Q07212,8.6214,2026-07-17,NSE,3.5
INE2T2Q07212,8.625,2026-07-22,NSE,40.0
INE2T2Q07212,8.637,2026-07-28,NSE,61.5
INE2T2Q07212,8.5774,2026-07-29,NSE,18.86
INE2T2Q07220,8.7573,2026-06-18,NSE,1.2
INE2T2Q07220,8.744,2026-06-19,NSE,7.49
INE2T2Q07220,8.7556,2026-06-23,NSE,17.64
INE2T2Q07220,8.65,2026-07-01,NSE,11.04
INE2T2Q07220,8.65,2026-07-02,NSE,25.0
INE2T2Q07220,8.6,2026-07-10,NSE,20.0
INE2T2Q07220,8.63,2026-07-14,NSE,2.0
INE2T2Q07220,8.605,2026-07-15,NSE,2.0
INE2T2Q07220,8.65,2026-07-21,NSE,2.5
INE2T2Q07220,8.6353,2026-07-28,NSE,50.0
INE2T2Q07220,8.6107,2026-07-29,NSE,29.86
INE2T2Q07238,8.425,2026-06-11,BSE,3.0
INE2T2Q07238,8.7655,2026-06-17,BSE,1.75
INE2T2Q07238,8.7553,2026-06-18,NSE,1.2
INE2T2Q07238,8.7474,2026-06-19,NSE,7.08
INE2T2Q07238,8.7323,2026-06-29,NSE,17.64
INE2T2Q07238,8.65,2026-07-01,NSE,9.54
INE2T2Q07238,8.67,2026-07-02,BSE,16.0
INE2T2Q07238,8.67,2026-07-03,BSE,5.0
INE2T2Q07238,8.6545,2026-07-09,BSE,2.0
INE2T2Q07238,8.65,2026-07-10,NSE,20.0
INE2T2Q07238,8.66,2026-07-20,BSE,2.6
INE2T2Q07238,8.65,2026-07-21,NSE,3.0
INE2T2Q07238,8.6504,2026-07-29,NSE,44.1
INE2T2Q07238,8.65,2026-07-30,NSE,5.64
INE2T2Q07246,8.5182,2026-06-11,NSE,5.6
INE2T2Q07246,8.7562,2026-06-18,NSE,1.2
INE2T2Q07246,8.7476,2026-06-19,NSE,7.08
INE2T2Q07246,8.7343,2026-06-29,NSE,17.64
INE2T2Q07246,8.65,2026-07-01,NSE,8.84
INE2T2Q07246,8.65,2026-07-10,NSE,20.0
INE2T2Q07246,8.625,2026-07-17,NSE,40.0
INE2T2Q07246,8.65,2026-07-21,NSE,4.5
INE2T2Q07246,8.6563,2026-07-29,NSE,44.1
INE2T2Q07246,8.6118,2026-07-30,NSE,26.14
INE2T2Q07253,8.7673,2026-06-09,NSE,1.48
INE2T2Q07253,8.7385,2026-06-19,NSE,5.88
INE2T2Q07253,8.7251,2026-06-29,NSE,17.64
INE2T2Q07253,8.6496,2026-07-01,NSE,11.14
INE2T2Q07253,8.6,2026-07-09,BSE,10.0
INE2T2Q07253,8.65,2026-07-10,NSE,10.0
INE2T2Q07253,8.4489,2026-07-16,NSE,9.0
INE2T2Q07253,8.6008,2026-07-17,NSE,45.0
INE2T2Q07253,8.61,2026-07-20,BSE,4.0
INE2T2Q07253,8.5908,2026-07-29,NSE,29.4
INE2T2Q07253,8.5995,2026-07-30,NSE,30.44
INE2T2Q07261,8.7567,2026-06-18,NSE,1.2
INE2T2Q07261,8.7516,2026-06-19,NSE,7.08
INE2T2Q07261,8.7549,2026-06-23,NSE,17.64
INE2T2Q07261,8.65,2026-07-01,NSE,11.04
INE2T2Q07261,8.65,2026-07-10,NSE,10.0
INE2T2Q07261,8.75,2026-07-16,NSE,10.58
INE2T2Q07261,8.625,2026-07-17,NSE,40.0
INE2T2Q07261,8.65,2026-07-21,NSE,5.0
INE2T2Q07261,8.625,2026-07-22,NSE,40.0
INE2T2Q07261,8.6315,2026-07-28,NSE,55.28
INE2T2Q07261,8.6118,2026-07-29,NSE,25.54
INE2T2Q07279,8.7577,2026-06-18,NSE,1.2
INE2T2Q07279,8.7516,2026-06-19,NSE,7.08
INE2T2Q07279,8.7561,2026-06-23,NSE,17.64
INE2T2Q07279,8.21,2026-06-25,BSE,1.4
INE2T2Q07279,8.65,2026-07-01,NSE,11.04
INE2T2Q07279,8.65,2026-07-02,NSE,25.0
INE2T2Q07279,8.6371,2026-07-08,BSE,12.5
INE2T2Q07279,8.305,2026-07-09,BSE,24.0
INE2T2Q07279,7.91,2026-07-10,BSE,36.0
INE2T2Q07279,8.6285,2026-07-28,NSE,50.0
INE2T2Q07279,8.6263,2026-07-30,NSE,29.66
INE2T2Q07287,8.7528,2026-06-08,BSE,3.05
INE2T2Q07287,8.75,2026-06-10,NSE,1.1
INE2T2Q07287,8.75,2026-06-11,NSE,1.0
INE2T2Q07287,8.7409,2026-06-12,BSE,11.0
INE2T2Q07287,8.7383,2026-06-19,NSE,5.88
INE2T2Q07287,8.745,2026-06-29,NSE,17.64
INE2T2Q07287,8.65,2026-07-01,NSE,7.29
INE2T2Q07287,8.6242,2026-07-06,NSE,1.31
INE2T2Q07287,8.6,2026-07-09,BSE,20.0
INE2T2Q07287,8.6871,2026-07-16,BSE,15.0
INE2T2Q07287,8.65,2026-07-17,NSE,5.0
INE2T2Q07287,8.574,2026-07-28,NSE,29.4
INE2T2Q07287,8.65,2026-07-29,NSE,20.6
INE2T2Q07287,8.6,2026-07-30,NSE,20.0
INE2T2Q07295,8.75,2026-06-17,BSE,10.0
INE2T2Q07295,8.7433,2026-06-18,NSE,20.02
INE2T2Q07295,8.7484,2026-06-19,NSE,5.88
INE2T2Q07295,8.6457,2026-07-01,NSE,1.16
INE2T2Q07295,8.6685,2026-07-08,BSE,8.0
INE2T2Q07295,8.65,2026-07-09,NSE,8.0
INE2T2Q07295,8.65,2026-07-10,NSE,15.0
INE2T2Q07295,8.75,2026-07-16,NSE,4.48
INE2T2Q07295,8.6689,2026-07-20,BSE,4.5
INE2T2Q07295,8.6447,2026-07-21,NSE,9.5
INE2T2Q07295,8.625,2026-07-22,NSE,2.0
INE2T2Q07295,8.6529,2026-07-24,BSE,1.64
INE2T2Q07295,8.65,2026-07-27,NSE,1.0
INE2T2Q07295,8.6482,2026-07-29,NSE,35.28
INE2T2Q07295,8.65,2026-07-30,NSE,14.72
INE2T2Q07303,8.7579,2026-06-18,NSE,1.2
INE2T2Q07303,8.7517,2026-06-19,NSE,7.08
INE2T2Q07303,8.7565,2026-06-23,NSE,17.64
INE2T2Q07303,8.65,2026-07-01,NSE,11.04
INE2T2Q07303,8.65,2026-07-08,NSE,4.7
INE2T2Q07303,8.7554,2026-07-09,NSE,4.7
INE2T2Q07303,8.6,2026-07-10,NSE,20.0
INE2T2Q07303,8.6,2026-07-16,NSE,3.0
INE2T2Q07303,8.59,2026-07-17,BSE,1.5
INE2T2Q07303,8.65,2026-07-22,NSE,80.0
INE2T2Q07303,8.6252,2026-07-28,NSE,50.0
INE2T2Q07303,8.6497,2026-07-29,NSE,30.0
INE2T2Q07311,8.7623,2026-06-08,BSE,2.15
INE2T2Q07311,8.7583,2026-06-18,NSE,1.2
INE2T2Q07311,8.7518,2026-06-19,NSE,7.08
INE2T2Q07311,8.7568,2026-06-23,NSE,17.64
INE2T2Q07311,8.65,2026-07-01,NSE,10.79
INE2T2Q07311,8.6,2026-07-10,NSE,20.0
INE2T2Q07311,8.6487,2026-07-21,NSE,3.08
INE2T2Q07311,8.6498,2026-07-22,NSE,21.7
INE2T2Q07311,8.65,2026-07-23,NSE,1.0
INE2T2Q07311,8.6534,2026-07-28,NSE,50.0
INE2T2Q07311,8.6015,2026-07-29,NSE,29.36
INE2T2Q07329,8.77,2026-06-08,BSE,50.17
INE2T2Q07329,8.7643,2026-06-10,BSE,1.25
INE2T2Q07329,8.5318,2026-06-15,NSE,71.9
INE2T2Q07329,8.5041,2026-06-16,NSE,19.91
INE2T2Q07329,8.7582,2026-06-17,NSE,1.2
INE2T2Q07329,8.7233,2026-06-19,NSE,5.88
INE2T2Q07329,8.7433,2026-06-23,NSE,21.37
INE2T2Q07329,8.623,2026-07-17,BSE,3.05
INE2T2Q07329,8.5882,2026-07-20,BSE,3.4
INE2T2Q07337,8.7686,2026-06-08,BSE,50.3
INE2T2Q07337,8.7658,2026-06-12,BSE,3.0
INE2T2Q07337,8.7328,2026-06-19,NSE,5.88
INE2T2Q07337,8.6,2026-06-22,NSE,1.0
INE2T2Q07337,8.6,2026-06-23,NSE,1.0
INE2T2Q07337,8.65,2026-07-01,NSE,2.36
INE2T2Q07337,8.6192,2026-07-03,NSE,1.72
INE2T2Q07337,8.6,2026-07-09,BSE,20.0
INE2T2Q07337,8.6078,2026-07-10,NSE,29.7
INE2T2Q07337,8.6373,2026-07-16,BSE,2.73
INE2T2Q07337,8.6,2026-07-20,BSE,2.68
INE2T2Q07337,8.6385,2026-07-22,NSE,1.3
INE2T2Q07337,8.6266,2026-07-28,NSE,3.64
INE2T2Q07337,8.6,2026-07-30,NSE,20.0
INE2T2Q07345,8.7596,2026-06-08,BSE,52.25
INE2T2Q07345,8.75,2026-06-10,NSE,1.0
INE2T2Q07345,8.7594,2026-06-11,BSE,2.0
INE2T2Q07345,8.5347,2026-06-15,NSE,70.7
INE2T2Q07345,8.5006,2026-06-16,NSE,20.31
INE2T2Q07345,8.7458,2026-06-17,NSE,1.3
INE2T2Q07345,8.7233,2026-06-19,NSE,6.08
INE2T2Q07345,8.605,2026-06-24,BSE,3.08
INE2T2Q07345,8.6005,2026-07-07,NSE,1.05
INE2T2Q07345,8.6363,2026-07-08,BSE,1.3
INE2T2Q07345,8.6007,2026-07-15,NSE,2.94
INE2T2Q07345,8.6109,2026-07-16,NSE,1.1
INE2T2Q07345,8.6185,2026-07-27,NSE,8.0
INE2T2Q07345,8.7497,2026-07-28,NSE,8.0
INE2T4715019,14.0,2026-06-22,BSE,30.0
INE2TAC08017,9.3551,2026-07-07,BSE,100.0
INE2TQ907022,14.0,2026-06-17,BSE,10.0
INE2TSS15010,5.558,2026-06-18,BSE,4.0
INE2TSS15010,9.15,2026-06-30,BSE,13.7
INE2TSS15028,10.2358,2026-06-18,BSE,6.0
INE2UKC07016,18.27,2026-06-15,BSE,10.0
INE2UKC07016,19.5538,2026-06-16,BSE,5.0
INE2UKC07016,19.7743,2026-06-17,BSE,20.0
INE2UKC07024,18.9313,2026-07-24,BSE,8.0
INE2UKC07024,20.754,2026-07-27,BSE,7.0
INE2UKC07024,16.2857,2026-07-28,BSE,1.75
INE2UKC07024,18.1053,2026-07-29,BSE,4.75
INE2UKC07040,20.5952,2026-07-27,BSE,3.0
INE2UKC07040,18.0,2026-07-30,BSE,1.5
INE2UU815010,8.8,2026-06-10,BSE,5.0
INE2UU815010,8.8,2026-06-17,BSE,25.0
INE2UU815010,8.8,2026-06-18,BSE,1.0
INE2UU815010,8.8,2026-07-02,BSE,4.0
INE2UU815010,8.8,2026-07-03,BSE,4.0
INE2UU815010,8.8,2026-07-13,BSE,10.0
INE2UU815010,8.5,2026-07-14,BSE,10.0
INE2UUJ07010,14.6707,2026-06-09,BSE,22.0
INE2UUJ07010,14.1154,2026-06-10,BSE,1.3
INE2UUJ07036,16.1726,2026-06-25,BSE,5.6
INE2UUJ07036,14.261,2026-06-30,BSE,3.4
INE2UUJ07069,15.8063,2026-07-30,BSE,25.0
INE2UX615011,12.0,2026-06-10,BSE,1.97
INE2UX615011,12.0,2026-06-11,BSE,3.0
INE2V4Q15019,7.7581,2026-06-11,BSE,8.0
INE2V4Q15019,7.7634,2026-06-19,BSE,15.25
INE2V4Q15019,7.7634,2026-06-22,BSE,1.25
INE2V4Q15019,7.7623,2026-06-23,BSE,1.2
INE2V4Q15019,7.762,2026-06-24,BSE,7.23
INE2V4Q15019,10.85,2026-07-02,BSE,4.82
INE2V4Q15019,13.2837,2026-07-06,NSE,2.92
INE2V4Q15019,14.1937,2026-07-07,NSE,3.21
INE2V4Q15019,9.1227,2026-07-09,NSE,4.17
INE2V4Q15019,19.93,2026-07-10,BSE,2.5
INE2V4Q15019,7.76,2026-07-15,BSE,3.43
INE2V4Q15019,6.9099,2026-07-16,NSE,3.81
INE2V4Q15019,9.1046,2026-07-17,NSE,1.07
INE2V4Q15019,7.8447,2026-07-21,NSE,1.88
INE2V4Q15019,7.76,2026-07-24,BSE,2.05
INE2V4Q15019,8.5227,2026-07-27,NSE,1.44
INE2V4Q15019,8.0331,2026-07-29,NSE,2.63
INE2V4Q15019,7.76,2026-07-30,BSE,1.5
INE2V4Q15027,8.0291,2026-06-10,BSE,3.0
INE2V4Q15027,8.7035,2026-06-12,NSE,2.08
INE2V4Q15027,7.7859,2026-06-17,BSE,1.5
INE2V4Q15027,8.9449,2026-06-18,BSE,7.31
INE2V4Q15027,10.8739,2026-06-22,BSE,8.06
INE2V4Q15027,8.9345,2026-06-25,NSE,1.3
INE2V4Q15027,7.0473,2026-06-29,NSE,3.59
INE2V4Q15027,11.0914,2026-06-30,NSE,2.18
INE2V4Q15027,8.3496,2026-07-03,NSE,2.42
INE2V4Q15027,6.8177,2026-07-24,NSE,1.57
INE2VGA07016,15.0,2026-07-01,BSE,11.0
INE2VGA07016,11.75,2026-07-09,BSE,1.75
INE2VGA07016,17.0,2026-07-22,BSE,5.0
INE2VGA07016,14.5,2026-07-23,BSE,5.0
INE2VGA07016,15.75,2026-07-29,BSE,10.0
INE2VT515224,11.0,2026-07-14,BSE,1.0
INE2VT515323,40.875,2026-06-29,BSE,1.0
INE2VT515349,11.0,2026-07-14,BSE,1.0
INE2VT515380,11.0,2026-07-14,BSE,1.0
INE2VT515406,11.0,2026-06-29,BSE,1.0
INE2VV107010,18.786,2026-06-11,BSE,1.0
INE2VV107010,17.3923,2026-06-12,BSE,3.1
INE2VV107010,17.6321,2026-06-15,BSE,3.5
INE2VV107010,17.0877,2026-06-16,BSE,3.3
INE2VV107010,17.6073,2026-06-17,BSE,3.3
INE2VY607016,15.0524,2026-06-16,BSE,5.0
INE2VY607016,13.0,2026-06-19,BSE,5.0
INE2VY607016,14.6345,2026-06-25,BSE,18.0
INE2VY607016,14.7324,2026-07-02,BSE,11.1
INE2VY607016,14.6,2026-07-06,BSE,2.0
INE2VY607016,15.1847,2026-07-07,BSE,37.55
INE2VY607016,16.125,2026-07-10,BSE,30.0
INE2VY607016,15.8258,2026-07-13,BSE,2.5
INE2VY607016,13.5,2026-07-14,BSE,1.0
INE2VY607016,16.25,2026-07-16,BSE,3.5
INE2VY607016,14.0412,2026-07-20,BSE,5.75
INE2VY607016,16.25,2026-07-22,BSE,2.0
INE2VY607016,15.4436,2026-07-23,BSE,6.65
INE2VY607016,16.08,2026-07-27,BSE,7.92
INE2VY607016,15.5,2026-07-28,BSE,1.1
INE2VY607016,15.1095,2026-07-29,BSE,40.28
INE2VY607016,14.9951,2026-07-30,BSE,10.25
INE2VYE15014,12.6411,2026-06-09,NSE,7.14
INE2VYE15014,12.6842,2026-06-10,BSE,24.4
INE2VYE15014,12.8883,2026-06-11,NSE,8.91
INE2VYE15014,12.8015,2026-06-12,NSE,2.36
INE2VYE15014,11.4507,2026-06-22,NSE,3.08
INE2VYE15014,14.1,2026-06-24,NSE,1.12
INE2VYE15014,12.55,2026-06-25,BSE,2.0
INE2VYE15014,12.8741,2026-07-01,BSE,12.27
INE2VYE15014,14.0,2026-07-02,BSE,1.4
INE2VYE15014,13.7946,2026-07-03,BSE,4.2
INE2W9A15011,11.6236,2026-06-15,NSE,1.26
INE2W9A15011,11.7187,2026-06-16,NSE,1.54
INE2W9A15011,12.6,2026-06-18,BSE,5.0
INE2W9A15011,11.4649,2026-06-22,BSE,17.0
INE2W9A15011,12.5,2026-06-25,BSE,5.0
INE2W9A15011,11.4453,2026-06-29,BSE,11.0
INE2W9A15011,12.8,2026-07-02,BSE,10.0
INE2W9A15011,12.4083,2026-07-06,BSE,6.0
INE2W9A15011,12.425,2026-07-07,BSE,4.0
INE2W9A15011,12.5,2026-07-08,BSE,2.0
INE2W9A15011,12.6,2026-07-10,BSE,1.0
INE2W9A15011,11.8529,2026-07-13,NSE,2.36
INE2W9A15011,11.8063,2026-07-15,BSE,8.0
INE2W9A15011,11.9773,2026-07-17,NSE,1.3
INE2W9A15011,11.371,2026-07-20,BSE,10.0
INE2W9A15011,12.75,2026-07-21,BSE,3.0
INE2W9A15011,12.5,2026-07-23,BSE,3.0
INE2W9A15011,11.864,2026-07-24,NSE,1.0
INE2W9A15011,11.8648,2026-07-27,NSE,4.05
INE2W9A15011,11.343,2026-07-28,BSE,3.0
INE2W9A15011,11.8505,2026-07-29,NSE,1.77
INE2W9A15011,11.34,2026-07-30,BSE,3.0
INE2W9A15029,12.5,2026-06-16,BSE,5.0
INE2W9A15029,12.5,2026-07-03,BSE,5.0
INE2WSJ07010,16.6103,2026-07-06,BSE,12.6
INE2WSJ07010,34.6789,2026-07-09,BSE,26.9
INE2WSJ07010,15.931,2026-07-10,BSE,7.18
INE2WSJ07010,17.0494,2026-07-15,BSE,2.0
INE2WSJ07010,16.4945,2026-07-24,NSE,3.8
INE2WSJ07010,17.1076,2026-07-28,BSE,3.95
INE2XFR15029,10.0,2026-07-08,BSE,27.0
INE2XFR15029,10.0,2026-07-09,BSE,11.0
INE2XFR15029,9.8,2026-07-24,BSE,1.0
INE2XU715019,11.5583,2026-07-20,NSE,8.0
INE2XU715027,12.581,2026-07-20,NSE,1.8
INE303K07016,11.69,2026-07-16,NSE,50.0
INE306N07MN1,7.91,2026-06-30,BSE,5.0
INE306N07MN1,7.74,2026-07-03,NSE,5.0
INE306N07MX0,7.8,2026-06-12,NSE,50.0
INE306N07MX0,7.81,2026-06-17,NSE,15.0
INE306N07MX0,7.82,2026-06-18,NSE,50.0
INE306N07MX0,7.78,2026-06-19,NSE,50.0
INE306N07MX0,7.8,2026-06-24,NSE,10.0
INE306N07MX0,7.7,2026-06-25,BSE,10.0
INE306N07MX0,7.65,2026-06-29,BSE,10.0
INE306N07MX0,7.6,2026-06-30,NSE,50.0
INE306N07NA6,7.9,2026-06-11,NSE,25.0
INE306N07NA6,7.78,2026-06-24,NSE,25.0
INE306N07NA6,7.6,2026-07-01,NSE,25.0
INE306N07ND0,7.8,2026-06-10,NSE,30.0
INE306N07ND0,7.725,2026-06-11,BSE,10.0
INE306N07ND0,7.65,2026-06-12,BSE,10.0
INE306N07ND0,7.7933,2026-06-22,BSE,75.0
INE306N07ND0,7.7,2026-06-23,BSE,10.0
INE306N07ND0,7.7875,2026-06-24,NSE,28.0
INE306N07ND0,7.7042,2026-06-25,NSE,60.0
INE306N07ND0,7.7,2026-06-29,BSE,45.0
INE306N07ND0,7.59,2026-06-30,NSE,5.0
INE306N07ND0,7.6,2026-07-01,NSE,25.0
INE306N07ND0,7.6,2026-07-07,NSE,100.0
INE306N07ND0,7.65,2026-07-20,NSE,5.0
INE306N07ND0,7.5,2026-07-21,BSE,5.0
INE306N07NM1,7.5,2026-06-24,NSE,5.0
INE306N07NM1,7.4,2026-07-16,BSE,10.0
INE306N07NN9,7.8625,2026-06-09,NSE,10.0
INE306N07NN9,7.62,2026-06-10,NSE,1.0
INE306N07NN9,7.83,2026-06-25,BSE,4.0
INE306N07NO7,7.68,2026-06-09,NSE,75.0
INE306N07NO7,7.75,2026-06-11,NSE,100.0
INE306N07NO7,7.6,2026-06-12,NSE,100.0
INE306N07NO7,7.63,2026-06-15,NSE,25.0
INE306N07NO7,7.62,2026-06-16,BSE,25.0
INE306N07NO7,8.1,2026-07-28,BSE,5.0
INE306N07NO7,7.6,2026-07-29,BSE,5.0
INE306N07NP4,7.825,2026-06-17,NSE,25.0
INE306N07NP4,7.8115,2026-06-24,NSE,52.0
INE306N07NP4,7.77,2026-06-25,BSE,2.0
INE306N07NS8,7.45,2026-07-01,BSE,15.0
INE306N07NS8,7.2,2026-07-03,NSE,25.0
INE306N07NT6,7.85,2026-07-15,BSE,10.0
INE306N08268,8.4993,2026-06-12,BSE,2.0
INE306N08268,8.3943,2026-06-15,BSE,2.5
INE306N08268,8.4349,2026-06-17,NSE,3.4
INE306N08268,8.12,2026-06-29,NSE,1.5
INE306N08268,7.9,2026-06-30,BSE,1.5
INE306N08359,8.0,2026-07-17,NSE,1.2
INE306N08359,7.9889,2026-07-21,BSE,1.2
INE306N08516,8.13,2026-06-17,BSE,1.0
INE306N08516,8.1,2026-06-18,NSE,1.0
INE306N08516,8.33,2026-07-01,BSE,4.0
INE306N08516,8.1401,2026-07-03,BSE,4.0
INE306N08516,8.0775,2026-07-09,BSE,6.0
INE306N08516,7.95,2026-07-29,NSE,1.0
INE312X08026,9.633,2026-07-07,BSE,1.5
INE312X08026,9.857,2026-07-23,BSE,1.25
INE312X08034,9.6069,2026-06-30,NSE,5.0
INE312X08034,9.6069,2026-07-02,NSE,5.0
INE312X08034,9.6045,2026-07-08,NSE,25.0
INE312X08034,9.6004,2026-07-09,NSE,60.0
INE316W07138,11.0,2026-06-08,BSE,5.0
INE316W07138,11.0,2026-06-09,BSE,2.5
INE316W07138,11.0,2026-06-10,BSE,2.5
INE316W07138,11.0,2026-06-11,BSE,10.0
INE316W07138,10.5,2026-06-17,BSE,5.0
INE316W07138,10.44,2026-06-23,BSE,1.25
INE316W07138,10.25,2026-06-30,BSE,3.75
INE316W07146,10.55,2026-07-01,BSE,1.0
INE316W07146,10.7647,2026-07-03,BSE,25.5
INE316W07146,10.9041,2026-07-06,BSE,24.5
INE316W07146,10.818,2026-07-07,BSE,15.25
INE316W07146,10.95,2026-07-08,BSE,7.5
INE316W07146,10.9821,2026-07-09,BSE,7.0
INE316W07146,10.8452,2026-07-10,BSE,15.5
INE316W07146,11.0,2026-07-13,BSE,4.0
INE316W07146,10.8861,2026-07-14,BSE,24.25
INE316W07146,10.9,2026-07-15,BSE,1.0
INE316W07146,10.3112,2026-07-16,BSE,1.0
INE316W07146,10.6354,2026-07-17,BSE,6.25
INE316W07146,10.7183,2026-07-20,BSE,7.5
INE316W07146,10.9782,2026-07-21,BSE,13.75
INE316W07146,10.9054,2026-07-22,BSE,12.5
INE316W07146,10.6973,2026-07-23,BSE,3.25
INE316W07146,10.9641,2026-07-24,BSE,13.25
INE316W07146,11.0,2026-07-27,BSE,24.5
INE316W07146,10.737,2026-07-28,BSE,13.5
INE316W07146,10.7777,2026-07-29,BSE,25.25
INE316W07146,10.8303,2026-07-30,BSE,16.5
INE316Z08014,8.21,2026-06-12,NSE,5.0
INE316Z08014,8.22,2026-06-19,NSE,50.0
INE316Z08022,8.21,2026-06-12,NSE,20.0
INE316Z08048,8.21,2026-06-12,NSE,5.0
INE316Z08055,8.18,2026-06-19,NSE,50.0
INE316Z08063,8.29,2026-06-12,NSE,30.0
INE321N07368,8.5,2026-07-06,NSE,5.78
INE321N07434,8.605,2026-06-08,BSE,4.1
INE321N07434,8.475,2026-06-09,BSE,1.34
INE321N07434,8.67,2026-06-11,BSE,2.94
INE321N07434,8.125,2026-06-25,BSE,1.22
INE321N07434,7.815,2026-07-23,BSE,1.4
INE321N07434,8.305,2026-07-24,BSE,2.26
INE321N07483,8.6,2026-06-09,BSE,2.46
INE321N07483,8.715,2026-06-10,BSE,1.4
INE321N07483,9.45,2026-06-11,NSE,1.91
INE321N07483,8.615,2026-06-16,BSE,3.0
INE321N07483,8.2667,2026-06-29,BSE,5.85
INE321N07483,9.8326,2026-07-06,BSE,1.94
INE321N07483,9.0,2026-07-07,NSE,1.67
INE321N07483,8.96,2026-07-08,BSE,4.26
INE321N07483,9.0,2026-07-10,NSE,1.1
INE321N07483,9.71,2026-07-16,BSE,6.04
INE321N07483,9.46,2026-07-22,BSE,1.3
INE321N07483,8.71,2026-07-23,BSE,1.1
INE321N07509,8.985,2026-07-23,BSE,3.0
INE321N07525,8.985,2026-06-19,BSE,1.14
INE321N07525,8.885,2026-06-24,BSE,2.36
INE321N07525,8.415,2026-06-29,BSE,3.14
INE321N07525,8.425,2026-07-01,BSE,4.42
INE321N07525,8.415,2026-07-15,BSE,2.08
INE321N07525,9.235,2026-07-17,BSE,4.16
INE321N07525,9.735,2026-07-22,BSE,2.52
INE321N07525,8.735,2026-07-28,BSE,2.2
INE321N07533,10.025,2026-07-09,BSE,10.0
INE321N07533,9.5,2026-07-14,NSE,5.0
INE321N07533,8.43,2026-07-21,BSE,4.32
INE321N07533,9.73,2026-07-22,BSE,3.54
INE321N07533,9.16,2026-07-23,BSE,1.38
INE321N07574,25.9292,2026-07-10,BSE,8.73
INE321N07590,8.8606,2026-06-08,BSE,3.01
INE321N07590,9.7,2026-06-10,NSE,6.0
INE321N07590,9.7,2026-06-16,NSE,2.0
INE321N07590,9.4462,2026-06-18,BSE,2.03
INE321N07590,9.55,2026-06-19,NSE,3.0
INE321N07590,9.865,2026-07-08,BSE,4.0
INE321N07590,9.437,2026-07-13,BSE,3.0
INE321N07590,8.25,2026-07-17,BSE,1.0
INE321N07590,9.6025,2026-07-23,NSE,3.94
INE321N07590,9.75,2026-07-24,NSE,25.0
INE321N07590,9.527,2026-07-28,NSE,1.02
INE321N07590,9.7485,2026-07-29,NSE,25.82
INE321N07608,13.4219,2026-07-10,BSE,5.18
INE321N07624,9.1847,2026-06-08,NSE,1.02
INE321N07624,9.6033,2026-06-16,NSE,2.0
INE321N07624,9.7033,2026-06-24,NSE,1.02
INE321N07624,9.7052,2026-06-29,NSE,3.07
INE321N07624,9.618,2026-07-09,NSE,3.5
INE321N07624,9.1939,2026-07-23,NSE,1.56
INE321N07624,9.58,2026-07-24,NSE,3.0
INE321N07624,9.5751,2026-07-27,NSE,3.0
INE321N07632,8.9646,2026-06-12,BSE,2.9
INE321N07632,9.2087,2026-06-16,BSE,20.0
INE321N07632,8.8706,2026-06-23,BSE,2.0
INE321N07632,8.7521,2026-06-25,BSE,19.15
INE321N07632,8.7459,2026-06-29,BSE,21.0
INE321N07632,8.9619,2026-07-02,BSE,6.04
INE321N07632,9.3476,2026-07-06,BSE,20.0
INE321N07632,9.6088,2026-07-10,BSE,1.7
INE321N07632,9.405,2026-07-13,BSE,1.0
INE321N07632,8.88,2026-07-29,BSE,5.0
INE321N07657,15.0,2026-06-12,BSE,5.44
INE321N07657,15.37,2026-06-29,BSE,1.0
INE321N07673,25.95,2026-06-09,BSE,1.0
INE321N07673,11.47,2026-06-30,BSE,2.0
INE321N07681,9.95,2026-06-09,BSE,35.0
INE321N07699,9.0505,2026-06-23,BSE,20.0
INE321N07699,9.357,2026-06-24,BSE,2.0
INE321N07699,9.0601,2026-06-29,BSE,14.0
INE321N07699,9.6025,2026-07-10,BSE,26.1
INE321N07699,9.3337,2026-07-14,BSE,7.5
INE321N07699,9.8,2026-07-15,NSE,5.5
INE321N07699,9.083,2026-07-23,BSE,25.02
INE321N07699,9.0775,2026-07-28,BSE,5.0
INE321N07699,9.0861,2026-07-29,BSE,7.09
INE321N07707,10.05,2026-07-23,NSE,100.0
INE338I07107,8.5,2026-06-17,BSE,6.0
INE338I07164,8.4999,2026-06-17,BSE,4.0
INE338I07180,8.25,2026-07-29,NSE,10.0
INE338I07180,8.17,2026-07-30,BSE,15.0
INE340A07084,7.25,2026-07-01,NSE,5.0
INE340A07084,7.25,2026-07-02,NSE,2.0
INE342T07429,10.9232,2026-07-22,BSE,13.96
INE342T07429,10.0856,2026-07-23,BSE,1.49
INE342T07429,10.0997,2026-07-24,BSE,1.53
INE342T07445,11.075,2026-07-10,BSE,1.8
INE342T07494,8.9304,2026-06-24,NSE,3.12
INE342T07494,8.9865,2026-06-25,NSE,3.16
INE342T07494,10.9397,2026-06-29,NSE,2.23
INE342T07494,10.976,2026-06-30,BSE,2.0
INE342T07494,10.964,2026-07-03,NSE,8.17
INE342T07494,10.9406,2026-07-07,BSE,8.11
INE342T07494,10.7684,2026-07-08,BSE,12.27
INE342T07494,10.9961,2026-07-09,BSE,1.53
INE342T07494,10.9396,2026-07-15,BSE,19.4
INE342T07494,10.7081,2026-07-16,NSE,2.52
INE342T07494,8.9837,2026-07-22,BSE,1.53
INE342T07494,10.6941,2026-07-28,BSE,2.65
INE342T07494,10.8489,2026-07-29,NSE,17.65
INE342T07494,10.5021,2026-07-30,BSE,5.35
INE342T07536,11.3374,2026-07-07,BSE,10.21
INE342T07536,11.2805,2026-07-16,BSE,2.03
INE342T07536,10.9,2026-07-29,BSE,2.0
INE342T07544,11.0972,2026-06-08,BSE,19.49
INE342T07544,11.1941,2026-06-09,NSE,18.87
INE342T07544,10.8913,2026-06-10,NSE,6.71
INE342T07544,11.1367,2026-06-11,BSE,14.66
INE342T07544,10.9373,2026-06-12,NSE,5.65
INE342T07544,11.2055,2026-06-15,BSE,11.15
INE342T07544,10.9886,2026-06-16,BSE,11.62
INE342T07544,10.9236,2026-06-17,BSE,11.88
INE342T07544,11.0683,2026-06-18,NSE,6.25
INE342T07544,11.1543,2026-06-19,NSE,11.19
INE342T07544,10.8656,2026-06-22,NSE,6.97
INE342T07544,11.1119,2026-06-23,NSE,16.17
INE342T07544,11.05,2026-06-24,NSE,12.8
INE342T07544,11.0592,2026-06-25,NSE,32.92
INE342T07544,11.1091,2026-06-29,NSE,18.96
INE342T07544,11.1779,2026-06-30,BSE,7.59
INE342T07544,10.8092,2026-07-01,BSE,15.27
INE342T07544,10.9763,2026-07-02,NSE,7.94
INE342T07544,10.9728,2026-07-03,NSE,12.39
INE342T07544,10.8349,2026-07-06,NSE,4.94
INE342T07544,10.886,2026-07-07,NSE,9.21
INE342T07544,10.8222,2026-07-08,NSE,3.75
INE342T07544,11.291,2026-07-09,BSE,5.31
INE342T07544,11.2566,2026-07-10,BSE,22.83
INE342T07544,11.2708,2026-07-13,BSE,12.45
INE342T07544,10.8439,2026-07-14,NSE,1.06
INE342T07544,10.844,2026-07-15,NSE,1.6
INE342T07544,10.8655,2026-07-16,NSE,1.48
INE342T07544,11.2944,2026-07-17,BSE,2.15
INE342T07544,10.8288,2026-07-20,NSE,3.4
INE342T07544,10.8,2026-07-21,NSE,1.61
INE342T07544,10.817,2026-07-22,NSE,1.22
INE342T07544,11.101,2026-07-27,NSE,2.26
INE342T07544,11.5985,2026-07-28,BSE,13.34
INE342T07544,11.3468,2026-07-29,BSE,10.05
INE342T07544,10.9876,2026-07-30,NSE,1.26
INE342T07569,11.5225,2026-06-25,NSE,1.13
INE342T07569,11.7292,2026-06-29,NSE,1.02
INE342T07569,11.2608,2026-07-06,NSE,1.43
INE342T07569,11.2771,2026-07-13,NSE,1.02
INE342T07577,12.0,2026-06-10,BSE,1.24
INE342T07601,11.3587,2026-06-25,NSE,1.12
INE342T07601,11.2258,2026-06-29,NSE,2.15
INE342T07601,11.2729,2026-07-01,NSE,1.34
INE342T07601,11.0544,2026-07-27,NSE,1.61
INE342T07619,10.9842,2026-06-10,BSE,11.48
INE342T07619,10.5668,2026-06-15,NSE,1.46
INE342T07619,10.8631,2026-06-16,BSE,2.7
INE342T07619,10.6027,2026-06-17,BSE,1.35
INE342T07619,10.7024,2026-06-18,BSE,10.53
INE342T07619,10.6122,2026-06-19,BSE,1.43
INE342T07619,10.9413,2026-06-22,NSE,3.1
INE342T07619,10.2823,2026-06-23,NSE,4.85
INE342T07619,10.8336,2026-06-24,BSE,1.56
INE342T07619,11.1818,2026-06-25,BSE,1.79
INE342T07619,10.7846,2026-06-29,BSE,28.0
INE342T07619,10.2538,2026-07-01,BSE,6.28
INE342T07619,10.5097,2026-07-03,BSE,1.68
INE342T07619,10.3335,2026-07-07,BSE,5.36
INE342T07619,10.3767,2026-07-08,BSE,11.58
INE342T07619,10.6148,2026-07-09,BSE,4.06
INE342T07619,10.1199,2026-07-13,BSE,1.79
INE342T07619,10.7781,2026-07-14,BSE,1.57
INE342T07619,10.8937,2026-07-17,BSE,12.09
INE342T07619,10.8655,2026-07-22,BSE,5.52
INE342T07619,10.4787,2026-07-24,NSE,1.39
INE342T07619,10.5304,2026-07-27,BSE,15.62
INE342T07619,10.5355,2026-07-28,BSE,6.08
INE342T07619,10.476,2026-07-29,NSE,2.42
INE342T07627,11.0,2026-07-28,NSE,1.23
INE342T07635,11.2508,2026-06-08,NSE,1.89
INE342T07635,11.1716,2026-06-09,NSE,1.11
INE342T07635,11.1236,2026-06-10,NSE,1.18
INE342T07635,11.1466,2026-06-11,NSE,1.43
INE342T07635,11.1978,2026-06-12,NSE,4.2
INE342T07635,11.4279,2026-06-15,NSE,2.31
INE342T07635,11.2827,2026-06-22,NSE,1.45
INE342T07635,11.15,2026-06-23,BSE,15.2
INE342T07635,11.1812,2026-06-25,NSE,20.38
INE342T07635,11.1079,2026-06-29,NSE,6.49
INE342T07635,11.2926,2026-07-08,NSE,1.67
INE342T07635,11.35,2026-07-09,BSE,5.0
INE342T07635,11.0443,2026-07-13,NSE,4.55
INE342T07635,11.0961,2026-07-14,BSE,2.08
INE342T07635,11.0918,2026-07-16,BSE,3.57
INE342T07635,11.0769,2026-07-17,BSE,6.94
INE342T07635,11.1519,2026-07-20,NSE,5.8
INE342T07635,11.0276,2026-07-21,BSE,6.15
INE342T07635,11.0322,2026-07-22,BSE,4.81
INE342T07635,11.2246,2026-07-23,BSE,10.1
INE342T07635,10.889,2026-07-24,NSE,3.75
INE342T07635,10.7942,2026-07-27,NSE,2.76
INE342T07635,10.782,2026-07-28,NSE,1.85
INE342T07635,10.9328,2026-07-29,BSE,5.59
INE342T07650,11.25,2026-06-10,BSE,4.0
INE342T07668,11.2939,2026-06-08,NSE,18.88
INE342T07668,11.0189,2026-06-09,BSE,8.32
INE342T07668,11.0701,2026-06-10,BSE,13.17
INE342T07668,11.2545,2026-06-11,NSE,6.05
INE342T07668,11.1621,2026-06-12,BSE,8.28
INE342T07668,11.062,2026-06-15,BSE,11.23
INE342T07668,11.0749,2026-06-16,BSE,11.43
INE342T07668,10.8255,2026-06-17,BSE,3.64
INE342T07668,11.1521,2026-06-18,BSE,12.89
INE342T07668,10.7577,2026-06-19,BSE,12.16
INE342T07668,11.2041,2026-06-22,BSE,9.08
INE342T07668,10.9658,2026-06-23,BSE,3.98
INE342T07668,11.3017,2026-06-24,NSE,15.2
INE342T07668,11.2563,2026-06-25,NSE,8.07
INE342T07668,10.5999,2026-06-30,BSE,1.37
INE342T07668,10.2115,2026-07-02,BSE,1.04
INE342T07668,11.2429,2026-07-09,NSE,1.72
INE342T07668,11.088,2026-07-13,BSE,2.64
INE342T07668,11.2058,2026-07-14,NSE,1.16
INE342T07668,11.221,2026-07-22,NSE,1.36
INE342T07668,11.2776,2026-07-28,NSE,1.27
INE342T07684,11.0983,2026-06-08,NSE,9.54
INE342T07684,10.782,2026-06-09,BSE,5.06
INE342T07684,10.7775,2026-06-10,BSE,15.0
INE342T07684,10.7784,2026-06-11,BSE,15.0
INE342T07684,10.77,2026-06-12,BSE,10.0
INE342T07684,11.0873,2026-06-15,NSE,11.25
INE342T07684,11.2069,2026-06-16,NSE,5.2
INE342T07684,11.1998,2026-06-17,NSE,3.57
INE342T07684,11.1065,2026-06-18,NSE,2.39
INE342T07684,11.0881,2026-06-19,NSE,1.92
INE342T07684,11.0784,2026-06-22,NSE,8.44
INE342T07684,11.0925,2026-06-23,NSE,3.4
INE342T07684,10.79,2026-06-24,BSE,5.0
INE342T07684,10.79,2026-06-25,BSE,5.0
INE342T07684,11.0887,2026-06-29,NSE,11.12
INE342T07684,10.7857,2026-06-30,BSE,5.44
INE342T07684,10.9914,2026-07-01,BSE,17.3
INE342T07684,10.7937,2026-07-02,BSE,6.65
INE342T07684,10.8518,2026-07-03,BSE,13.07
INE342T07684,10.9072,2026-07-06,BSE,26.86
INE342T07684,11.2182,2026-07-07,NSE,7.98
INE342T07684,10.7676,2026-07-08,BSE,5.31
INE342T07684,11.0994,2026-07-09,NSE,4.51
INE342T07684,11.0787,2026-07-10,NSE,2.53
INE342T07684,11.076,2026-07-13,NSE,8.34
INE342T07684,11.1151,2026-07-14,NSE,2.82
INE342T07684,11.0835,2026-07-15,NSE,3.51
INE342T07684,10.7436,2026-07-16,BSE,5.38
INE342T07684,11.0297,2026-07-17,BSE,4.62
INE342T07684,10.767,2026-07-20,BSE,13.15
INE342T07684,11.1069,2026-07-21,NSE,4.78
INE342T07684,10.8873,2026-07-22,NSE,14.89
INE342T07684,10.7294,2026-07-23,BSE,6.42
INE342T07684,10.7045,2026-07-24,BSE,5.63
INE342T07684,10.7518,2026-07-27,BSE,10.93
INE342T07684,11.037,2026-07-28,NSE,11.9
INE342T07684,11.0849,2026-07-29,NSE,28.01
INE342T07684,11.0395,2026-07-30,NSE,5.74
INE342T07718,11.2587,2026-06-17,BSE,29.52
INE342T07718,11.3559,2026-06-18,BSE,28.52
INE342T07718,10.9629,2026-06-19,BSE,9.16
INE342T07718,11.0007,2026-06-22,NSE,3.2
INE342T07718,11.1346,2026-06-23,BSE,10.36
INE342T07718,10.8166,2026-06-24,BSE,1.42
INE342T07718,11.1464,2026-06-25,BSE,5.62
INE342T07718,11.567,2026-06-29,BSE,18.22
INE342T07718,11.1313,2026-06-30,NSE,5.09
INE342T07718,11.1175,2026-07-01,NSE,5.72
INE342T07718,11.1162,2026-07-02,NSE,5.57
INE342T07718,11.0076,2026-07-03,BSE,12.36
INE342T07718,10.9903,2026-07-06,BSE,23.26
INE342T07718,11.1394,2026-07-07,NSE,6.75
INE342T07718,10.9392,2026-07-08,NSE,2.44
INE342T07718,11.2537,2026-07-09,BSE,6.97
INE342T07718,11.0,2026-07-10,NSE,3.19
INE342T07718,11.188,2026-07-13,BSE,7.07
INE342T07718,11.1142,2026-07-14,NSE,8.87
INE342T07718,11.1627,2026-07-15,BSE,6.49
INE342T07718,11.1839,2026-07-16,BSE,11.19
INE342T07718,11.1703,2026-07-17,BSE,17.48
INE342T07718,11.0486,2026-07-20,BSE,12.03
INE342T07718,11.1364,2026-07-21,BSE,5.97
INE342T07718,10.9772,2026-07-22,NSE,2.29
INE342T07718,11.2074,2026-07-23,NSE,14.01
INE342T07718,11.1612,2026-07-24,NSE,17.43
INE342T07718,10.7331,2026-07-27,BSE,67.57
INE342T07718,10.9505,2026-07-28,BSE,31.71
INE342T07718,11.0647,2026-07-29,BSE,29.16
INE342T07718,11.054,2026-07-30,BSE,9.11
INE342T07726,11.45,2026-06-17,BSE,15.0
INE342T07726,11.225,2026-06-25,BSE,8.47
INE342T07726,11.0042,2026-06-29,BSE,8.59
INE342T07726,11.3871,2026-06-30,BSE,22.33
INE342T07726,11.0987,2026-07-01,BSE,6.82
INE342T07726,11.1983,2026-07-02,BSE,9.95
INE342T07726,11.0543,2026-07-03,BSE,8.54
INE342T07726,11.0658,2026-07-06,BSE,13.09
INE342T07726,11.0965,2026-07-07,BSE,12.66
INE342T07726,10.9774,2026-07-08,BSE,8.44
INE342T07726,11.2394,2026-07-09,BSE,7.97
INE342T07726,10.895,2026-07-10,BSE,7.72
INE342T07726,11.117,2026-07-13,BSE,6.22
INE342T07726,11.1136,2026-07-14,BSE,3.37
INE342T07726,11.2711,2026-07-15,BSE,7.65
INE342T07726,11.208,2026-07-16,BSE,5.45
INE342T07726,11.2965,2026-07-17,BSE,8.71
INE342T07726,11.0136,2026-07-20,BSE,7.34
INE342T07726,11.0551,2026-07-21,BSE,7.28
INE342T07726,11.1377,2026-07-22,BSE,20.59
INE342T07726,10.951,2026-07-23,BSE,8.85
INE342T07726,11.269,2026-07-24,NSE,11.46
INE342T07726,11.1451,2026-07-27,BSE,21.55
INE342T07726,11.1487,2026-07-28,BSE,11.19
INE342T07726,10.9688,2026-07-29,BSE,8.59
INE342T07726,11.0425,2026-07-30,BSE,11.24
INE342T08096,11.7178,2026-06-08,BSE,19.93
INE342T08096,11.8795,2026-06-09,BSE,17.61
INE342T08096,11.5388,2026-06-10,BSE,7.07
INE342T08096,11.8742,2026-06-11,BSE,12.9
INE342T08096,11.7685,2026-06-12,BSE,20.54
INE342T08096,11.7511,2026-06-15,BSE,9.18
INE342T08096,11.7248,2026-06-16,BSE,4.49
INE342T08096,11.5037,2026-06-17,BSE,2.09
INE342T08096,11.7245,2026-06-18,BSE,2.93
INE342T08096,11.7453,2026-06-19,BSE,3.72
INE342T08096,11.31,2026-06-22,BSE,1.28
INE342T08096,12.1376,2026-06-24,BSE,7.33
INE342T08096,12.119,2026-06-29,NSE,6.0
INE342T08096,12.1317,2026-06-30,NSE,6.5
INE342T08096,11.8595,2026-07-01,BSE,9.3
INE342T08096,11.9832,2026-07-02,BSE,10.48
INE342T08096,11.8364,2026-07-09,BSE,30.4
INE342T08096,11.7608,2026-07-10,BSE,10.8
INE342T08096,11.7239,2026-07-13,BSE,15.06
INE342T08096,11.7455,2026-07-14,BSE,7.35
INE342T08096,11.6533,2026-07-15,BSE,4.64
INE342T08096,12.0724,2026-07-16,BSE,33.29
INE342T08096,12.1196,2026-07-17,NSE,5.63
INE342T08096,11.7602,2026-07-20,BSE,5.58
INE342T08096,11.3188,2026-07-21,BSE,1.36
INE342T08096,12.2113,2026-07-24,BSE,5.03
INE342T08096,12.1188,2026-07-30,BSE,4.0
INE348L07274,8.525,2026-06-11,BSE,8.41
INE348L07274,8.445,2026-06-23,BSE,3.64
INE348L07274,8.725,2026-06-24,BSE,2.29
INE348L07290,8.3,2026-07-09,BSE,1.0
INE348L07308,8.98,2026-06-11,BSE,5.0
INE348L07308,8.5,2026-06-12,BSE,5.0
INE348L07316,8.68,2026-06-08,BSE,1.0
INE348L07316,8.7,2026-06-09,BSE,4.02
INE348L07316,8.53,2026-06-10,BSE,2.74
INE348L07316,8.6883,2026-06-16,BSE,1.32
INE348L07316,8.4,2026-06-18,BSE,1.98
INE348L07316,8.4348,2026-06-25,BSE,2.3
INE348L07316,8.32,2026-06-29,BSE,13.36
INE348L07316,8.33,2026-07-01,BSE,4.2
INE348L07316,8.53,2026-07-03,BSE,1.14
INE348L07316,8.411,2026-07-06,BSE,2.12
INE348L07316,8.19,2026-07-14,BSE,3.94
INE348L07316,8.3103,2026-07-15,BSE,5.06
INE348L07316,8.58,2026-07-16,BSE,2.08
INE348L07316,8.4027,2026-07-21,BSE,3.46
INE348L07316,8.525,2026-07-22,BSE,12.66
INE348L07316,8.7295,2026-07-24,BSE,3.02
INE348L07316,8.475,2026-07-27,BSE,1.52
INE348L07316,8.6293,2026-07-28,BSE,1.36
INE348L07332,9.9933,2026-06-11,BSE,15.5
INE348L07332,9.5999,2026-06-17,BSE,15.01
INE348L07332,8.5,2026-06-24,NSE,2.98
INE348L07332,8.5,2026-06-25,NSE,2.98
INE348L07381,9.55,2026-06-29,BSE,10.0
INE348L07381,9.2769,2026-06-30,BSE,45.0
INE348L07381,9.25,2026-07-01,BSE,1.0
INE348L07381,9.2428,2026-07-02,BSE,23.3
INE348L07381,9.4083,2026-07-06,BSE,1.5
INE348L07381,9.5182,2026-07-07,BSE,5.5
INE348L07381,9.52,2026-07-08,BSE,1.0
INE348L07381,8.9738,2026-07-10,BSE,7.62
INE348L07381,9.4944,2026-07-14,BSE,4.5
INE348L07381,9.235,2026-07-15,BSE,1.1
INE348L07381,9.4219,2026-07-16,BSE,3.01
INE348L07381,9.1284,2026-07-20,BSE,30.03
INE348L07381,9.3944,2026-07-22,BSE,100.05
INE348L07381,9.45,2026-07-24,NSE,2.4
INE348L07381,9.5174,2026-07-27,BSE,6.75
INE348L07381,8.9404,2026-07-30,BSE,7.3
INE348L07415,9.3505,2026-07-29,BSE,14.94
INE348L07415,9.5414,2026-07-30,BSE,4.74
INE357L07457,7.54,2026-07-02,NSE,10.0
INE357L07457,7.45,2026-07-03,BSE,10.0
INE367Y07160,13.675,2026-07-06,BSE,1.08
INE375R08017,6.13,2026-06-16,NSE,12.0
INE375R08017,6.12,2026-06-18,NSE,12.0
INE375R08017,6.12,2026-06-19,NSE,12.0
INE375R08025,6.33,2026-06-16,NSE,36.0
INE375R08025,6.32,2026-06-19,NSE,36.0
INE375R08033,6.48,2026-06-16,NSE,36.0
INE375R08033,6.48,2026-06-19,NSE,36.0
INE375R08041,6.6,2026-06-16,NSE,36.0
INE375R08041,6.6,2026-06-19,NSE,36.0
INE375R08058,6.8,2026-06-16,NSE,42.0
INE375R08058,6.8,2026-06-19,NSE,42.0
INE375R08066,6.92,2026-06-16,NSE,10.5
INE375R08066,6.92,2026-06-19,NSE,10.5
INE375R08074,6.48,2026-06-16,NSE,43.2
INE375R08074,6.48,2026-06-19,NSE,43.2
INE375R08082,6.48,2026-06-16,NSE,43.2
INE375R08082,6.48,2026-06-19,NSE,43.2
INE377Y07300,7.87,2026-06-08,NSE,25.0
INE377Y07300,7.7,2026-06-09,NSE,1.5
INE377Y07383,7.52,2026-06-25,NSE,45.0
INE377Y07417,7.49,2026-06-29,NSE,25.0
INE377Y07433,7.65,2026-07-14,NSE,60.0
INE377Y07433,7.59,2026-07-30,NSE,10.0
INE377Y07441,7.5,2026-06-19,NSE,50.0
INE377Y07482,7.65,2026-06-12,NSE,75.0
INE377Y07482,7.47,2026-06-25,NSE,25.0
INE377Y07482,7.435,2026-06-30,NSE,50.0
INE377Y07482,7.5,2026-07-13,NSE,5.0
INE377Y07482,7.53,2026-07-15,NSE,5.0
INE377Y07482,7.56,2026-07-21,NSE,10.0
INE377Y07482,7.65,2026-07-22,NSE,25.0
INE377Y07482,7.53,2026-07-27,NSE,150.0
INE377Y07482,7.544,2026-07-28,NSE,125.0
INE377Y07482,7.56,2026-07-30,NSE,50.0
INE377Y07490,7.15,2026-06-09,NSE,25.0
INE377Y07490,7.0593,2026-06-10,NSE,290.0
INE377Y07490,7.0809,2026-06-11,NSE,605.0
INE377Y07490,7.0,2026-06-15,NSE,40.0
INE377Y07490,6.94,2026-06-17,NSE,5.0
INE377Y07490,6.9,2026-06-18,NSE,5.0
INE377Y07490,6.875,2026-06-22,NSE,10.0
INE377Y07490,6.9998,2026-06-24,NSE,25.0
INE377Y07490,6.85,2026-07-21,NSE,25.0
INE377Y07508,7.65,2026-06-29,BSE,5.0
INE377Y07508,7.64,2026-07-02,NSE,50.0
INE377Y07532,7.8,2026-06-08,NSE,50.0
INE377Y07532,7.53,2026-06-19,NSE,575.0
INE377Y07532,7.5067,2026-06-25,NSE,75.0
INE377Y07532,7.4913,2026-06-29,NSE,400.0
INE377Y07532,7.42,2026-07-01,NSE,50.0
INE377Y07532,7.365,2026-07-02,NSE,100.0
INE377Y07532,7.39,2026-07-07,NSE,25.0
INE377Y07532,7.63,2026-07-20,NSE,5.0
INE377Y07532,7.6,2026-07-21,NSE,100.0
INE377Y07532,7.51,2026-07-27,NSE,100.0
INE377Y07557,7.5,2026-06-19,NSE,25.0
INE377Y07557,7.15,2026-07-06,NSE,50.0
INE377Y07557,7.35,2026-07-21,NSE,25.0
INE377Y07565,7.7,2026-06-09,NSE,50.0
INE377Y07565,7.54,2026-06-19,NSE,275.0
INE377Y07565,7.5,2026-06-29,NSE,350.0
INE377Y07565,7.44,2026-07-01,NSE,25.0
INE377Y07573,7.62,2026-06-29,NSE,25.0
INE377Y07607,7.68,2026-06-09,NSE,25.0
INE377Y07607,7.5933,2026-06-16,NSE,75.0
INE377Y07607,7.55,2026-06-19,NSE,300.0
INE377Y07607,7.64,2026-06-23,NSE,175.0
INE377Y07607,7.52,2026-06-29,NSE,25.0
INE377Y07607,7.46,2026-07-01,NSE,50.0
INE377Y07607,7.68,2026-07-14,NSE,25.0
INE377Y07607,7.61,2026-07-16,NSE,25.0
INE377Y07607,7.61,2026-07-17,NSE,50.0
INE377Y07607,7.59,2026-07-30,NSE,5.0
INE377Y07615,7.57,2026-06-09,NSE,25.0
INE377Y07615,7.6,2026-06-15,NSE,25.0
INE377Y07615,7.48,2026-06-29,NSE,25.0
INE377Y07623,7.45,2026-07-03,NSE,10.0
INE377Y07631,7.753,2026-06-19,BSE,10.0
INE377Y07631,7.77,2026-06-23,NSE,65.0
INE377Y07631,7.685,2026-06-25,NSE,25.0
INE377Y07631,7.71,2026-07-02,NSE,25.0
INE377Y07649,7.9973,2026-06-08,NSE,275.0
INE377Y07649,7.7,2026-06-09,NSE,50.0
INE377Y07649,8.13,2026-06-10,NSE,100.0
INE377Y07649,7.8662,2026-06-11,NSE,400.0
INE377Y07649,7.65,2026-06-12,NSE,68.83
INE377Y07649,8.1254,2026-06-15,NSE,155.0
INE377Y07649,7.6,2026-06-16,NSE,50.0
INE377Y07649,7.65,2026-06-30,NSE,40.0
INE377Y07649,7.5143,2026-07-01,NSE,350.0
INE377Y07649,7.45,2026-07-03,NSE,25.0
INE377Y07649,7.49,2026-07-07,NSE,25.0
INE377Y07649,7.6925,2026-07-14,NSE,50.0
INE377Y07649,7.65,2026-07-16,NSE,20.0
INE377Y07649,7.619,2026-07-17,NSE,70.0
INE377Y07649,7.6807,2026-07-20,NSE,70.0
INE377Y07649,7.78,2026-07-23,NSE,2.29
INE377Y07649,7.61,2026-07-28,NSE,25.0
INE377Y07656,7.92,2026-06-08,NSE,10.0
INE377Y07656,8.25,2026-06-09,NSE,8.26
INE377Y07656,7.7583,2026-06-15,NSE,15.0
INE377Y07656,7.9087,2026-06-16,NSE,67.33
INE377Y07656,7.8446,2026-06-17,NSE,112.53
INE377Y07656,7.8392,2026-06-18,NSE,300.0
INE377Y07656,7.7583,2026-06-19,NSE,6.06
INE377Y07656,7.76,2026-06-22,NSE,25.0
INE377Y07656,7.7958,2026-06-23,NSE,225.0
INE377Y07656,7.759,2026-06-25,NSE,230.0
INE377Y07656,7.8154,2026-06-29,NSE,150.0
INE377Y07656,7.63,2026-06-30,NSE,375.0
INE377Y07656,7.58,2026-07-06,NSE,25.0
INE377Y07656,7.6399,2026-07-07,NSE,50.0
INE377Y07656,7.4995,2026-07-08,BSE,10.5
INE377Y07656,7.4937,2026-07-09,BSE,47.0
INE377Y07656,7.7,2026-07-16,NSE,100.0
INE377Y07656,7.72,2026-07-17,NSE,35.0
INE377Y07656,7.725,2026-07-21,NSE,100.0
INE377Y07656,7.76,2026-07-22,NSE,75.0
INE377Y07656,7.755,2026-07-29,NSE,20.0
INE377Y07656,7.78,2026-07-30,NSE,25.0
INE377Y07664,7.6248,2026-07-06,NSE,325.0
INE377Y07664,7.5613,2026-07-14,NSE,200.0
INE377Y07664,7.6154,2026-07-20,NSE,350.0
INE377Y07664,7.6295,2026-07-22,NSE,142.79
INE377Y07664,7.67,2026-07-29,NSE,50.0
INE377Y07672,7.5,2026-07-13,NSE,25.0
INE377Y07672,7.63,2026-07-17,NSE,50.0
INE377Y07672,7.5059,2026-07-21,NSE,50.0
INE377Y07672,7.63,2026-07-28,NSE,25.0
INE377Y07672,7.63,2026-07-30,NSE,25.0
INE385W07059,11.3829,2026-06-17,BSE,3.61
INE385W07059,11.9351,2026-06-23,BSE,30.25
INE385W07059,9.9668,2026-06-29,BSE,13.75
INE385W07059,11.8538,2026-06-30,BSE,43.63
INE385W07059,11.9,2026-07-06,BSE,2.08
INE385W07059,12.6297,2026-07-09,BSE,27.5
INE385W07059,12.75,2026-07-10,BSE,12.5
INE385W07059,12.7345,2026-07-29,BSE,16.67
INE385W07067,10.3143,2026-06-30,BSE,5.01
INE385W07067,11.9,2026-07-01,BSE,5.0
INE385W07067,11.8861,2026-07-09,BSE,1.01
INE385W07067,12.5719,2026-07-10,BSE,9.23
INE385W07067,10.3802,2026-07-14,BSE,2.2
INE385W07067,12.6522,2026-07-28,BSE,9.06
INE389Z07054,9.91,2026-06-08,BSE,2.08
INE389Z07054,9.88,2026-06-18,BSE,1.48
INE389Z07054,9.805,2026-07-01,BSE,1.98
INE389Z07054,10.3433,2026-07-15,BSE,1.96
INE389Z07062,9.915,2026-06-08,BSE,32.3
INE389Z07062,10.6845,2026-06-09,NSE,17.03
INE389Z07062,9.9,2026-06-10,BSE,24.74
INE389Z07062,10.035,2026-06-11,BSE,12.34
INE389Z07062,10.5,2026-06-15,BSE,5.0
INE389Z07062,9.985,2026-06-16,BSE,4.6
INE389Z07070,10.65,2026-06-16,BSE,1.0
INE389Z07070,10.3212,2026-06-23,NSE,1.42
INE389Z07070,10.385,2026-06-29,NSE,1.44
INE389Z07070,10.2999,2026-07-06,NSE,3.01
INE389Z07070,10.2315,2026-07-07,NSE,1.06
INE389Z07070,10.2953,2026-07-13,NSE,1.18
INE389Z07070,10.8167,2026-07-29,BSE,5.5
INE389Z07070,10.35,2026-07-30,BSE,2.0
INE389Z07088,10.5789,2026-06-08,NSE,1.48
INE389Z07088,10.9,2026-06-09,BSE,5.0
INE389Z07096,9.2711,2026-06-24,BSE,2.0
INE389Z07096,9.0396,2026-06-25,BSE,13.95
INE389Z07096,10.1868,2026-06-29,BSE,27.05
INE389Z07096,10.85,2026-06-30,BSE,22.0
INE389Z07096,8.9608,2026-07-08,BSE,13.95
INE389Z07096,8.9088,2026-07-23,BSE,4.55
INE389Z07104,10.1509,2026-06-17,BSE,16.4
INE389Z07104,10.3971,2026-07-06,BSE,4.6
INE389Z07104,10.717,2026-07-08,BSE,12.5
INE389Z07104,10.4,2026-07-13,BSE,1.0
INE389Z07104,10.7303,2026-07-14,BSE,2.5
INE389Z07104,12.1494,2026-07-27,BSE,5.48
INE389Z07104,9.3906,2026-07-29,BSE,7.57
INE389Z07104,9.3807,2026-07-30,BSE,10.0
INE389Z07112,10.2081,2026-06-08,NSE,1.43
INE389Z07112,10.5203,2026-06-12,NSE,2.53
INE389Z07112,10.5208,2026-06-16,NSE,5.94
INE389Z07112,10.2008,2026-06-22,NSE,1.44
INE389Z07112,10.6452,2026-07-03,NSE,14.09
INE389Z07112,10.6463,2026-07-08,NSE,16.02
INE389Z07112,10.2021,2026-07-20,NSE,3.0
INE389Z07112,10.6434,2026-07-29,NSE,2.0
INE389Z07112,10.2002,2026-07-30,NSE,1.4
INE389Z07120,10.65,2026-07-15,BSE,7.0
INE389Z07120,10.5,2026-07-16,BSE,5.0
INE389Z07120,10.2436,2026-07-21,BSE,34.84
INE389Z07120,10.235,2026-07-22,BSE,10.86
INE389Z07120,9.8478,2026-07-23,BSE,10.6
INE389Z07120,10.1303,2026-07-24,BSE,36.66
INE389Z07120,9.9967,2026-07-28,BSE,38.5
INE389Z07120,10.5625,2026-07-29,BSE,8.0
INE389Z07120,9.75,2026-07-30,BSE,51.0
INE393T07026,14.82,2026-07-24,BSE,24.99
INE393T07125,14.82,2026-07-22,BSE,3.25
INE393T07125,14.88,2026-07-23,BSE,2.0
INE403D08199,8.1,2026-06-12,NSE,50.0
INE403D08199,7.85,2026-07-16,BSE,10.0
INE403D08199,7.9,2026-07-30,BSE,5.0
INE403D08207,7.9,2026-06-11,NSE,100.0
INE403D08207,7.77,2026-06-12,BSE,100.0
INE403D08207,7.7,2026-06-16,NSE,50.0
INE403D08207,7.6,2026-06-18,NSE,10.0
INE403D08207,7.45,2026-06-22,BSE,10.0
INE403D08207,7.6,2026-06-29,NSE,50.0
INE403D08207,7.558,2026-06-30,NSE,240.0
INE403D08207,7.5,2026-07-01,NSE,80.0
INE403D08207,7.65,2026-07-09,NSE,50.0
INE403D08207,7.65,2026-07-16,NSE,25.0
INE403D08207,7.5,2026-07-17,BSE,25.0
INE403D08215,8.2919,2026-06-11,NSE,20.0
INE403D08215,8.2085,2026-07-16,BSE,10.0
INE403D08231,8.05,2026-06-18,NSE,50.0
INE403D08231,8.11,2026-06-22,NSE,25.0
INE403D08231,8.03,2026-06-24,NSE,10.0
INE403D08231,7.92,2026-06-30,NSE,150.0
INE403D08231,7.8,2026-07-02,NSE,25.0
INE403D08231,7.756,2026-07-03,BSE,25.0
INE403D08231,7.97,2026-07-09,NSE,50.0
INE403D08231,8.05,2026-07-22,NSE,125.0
INE403D08231,8.055,2026-07-29,NSE,50.0
INE403D08231,8.03,2026-07-30,NSE,10.0
INE403D08256,7.7609,2026-07-08,BSE,10.0
INE403D08264,8.14,2026-06-08,NSE,10.0
INE403D08264,8.399,2026-06-11,NSE,30.0
INE403D08264,7.89,2026-06-30,NSE,75.0
INE403D08264,8.0894,2026-07-16,BSE,8.87
INE403D08272,8.05,2026-06-23,NSE,25.0
INE403D08272,7.95,2026-06-25,NSE,50.0
INE403D08272,7.81,2026-06-30,NSE,70.0
INE403D08272,7.8,2026-07-08,NSE,5.0
INE403D08272,8.0,2026-07-15,NSE,20.0
INE403D08272,7.9,2026-07-16,BSE,15.0
INE403D08272,7.97,2026-07-17,NSE,10.0
INE403D08272,7.8,2026-07-20,BSE,10.0
INE403D08272,8.0,2026-07-24,NSE,125.0
INE403D08272,8.0,2026-07-28,NSE,50.0
INE403D08272,8.05,2026-07-29,NSE,50.0
INE403D08272,8.0167,2026-07-30,NSE,75.0
INE403D08280,7.89,2026-07-07,NSE,25.0
INE403D08280,8.0,2026-07-10,NSE,10.0
INE403D08280,8.1,2026-07-24,NSE,45.0
INE403D08280,8.0821,2026-07-27,NSE,70.0
INE403D08280,8.05,2026-07-28,NSE,50.0
INE403D08298,8.0,2026-06-10,NSE,50.0
INE403D08298,8.1345,2026-06-11,NSE,240.0
INE403D08298,8.2,2026-06-30,NSE,5.0
INE403D08298,8.2,2026-07-02,NSE,5.0
INE403D08298,7.85,2026-07-06,NSE,100.0
INE403D08298,7.965,2026-07-08,NSE,60.0
INE403D08298,8.0,2026-07-09,NSE,25.0
INE403D08298,8.13,2026-07-22,NSE,105.0
INE403D08298,8.13,2026-07-30,NSE,25.0
INE403D08306,8.0,2026-06-11,NSE,25.0
INE403D08306,8.0449,2026-06-23,NSE,45.0
INE403D08306,7.97,2026-06-24,BSE,10.0
INE403D08306,7.81,2026-06-30,NSE,70.0
INE403D08306,7.85,2026-07-01,NSE,25.0
INE403D08306,7.8,2026-07-02,NSE,50.0
INE403D08306,7.79,2026-07-03,NSE,75.0
INE403D08306,7.95,2026-07-21,NSE,25.0
INE403D08306,8.01,2026-07-30,NSE,75.0
INE403D08314,8.12,2026-06-19,NSE,50.0
INE403D08314,7.84,2026-07-03,NSE,25.0
INE403D08314,7.995,2026-07-08,NSE,75.0
INE403D08314,8.0,2026-07-09,NSE,50.0
INE403D08314,8.02,2026-07-23,NSE,10.0
INE403D08314,7.8,2026-07-24,BSE,10.0
INE403D08314,8.0,2026-07-28,NSE,50.0
INE403D08322,7.88,2026-07-02,NSE,50.0
INE403D08322,7.88,2026-07-03,NSE,100.0
INE403D08322,7.995,2026-07-09,NSE,25.0
INE403Q07FE2,10.1102,2026-06-08,NSE,1.0
INE403Q07FE2,8.5294,2026-06-09,BSE,1.07
INE403Q07FE2,10.0377,2026-06-16,NSE,2.05
INE403Q07FE2,8.5714,2026-06-17,BSE,2.1
INE403Q07FE2,10.0443,2026-07-02,NSE,7.01
INE403Q07FE2,9.531,2026-07-03,BSE,12.39
INE403Q07FE2,9.7855,2026-07-06,NSE,6.15
INE403Q07FN3,10.0711,2026-07-09,BSE,10.1
INE403Q07FN3,10.0047,2026-07-10,BSE,7.07
INE403Q07FN3,8.1737,2026-07-15,BSE,2.15
INE403Q07FN3,9.9417,2026-07-17,NSE,5.14
INE403Q07GD2,10.6458,2026-06-08,NSE,1.3
INE403Q07GD2,10.6888,2026-06-12,NSE,1.4
INE403Q07GD2,10.5373,2026-06-19,NSE,1.1
INE403Q07GD2,10.5967,2026-06-23,NSE,1.2
INE403Q07GD2,11.2436,2026-06-24,NSE,1.32
INE403Q07GD2,10.6451,2026-07-06,NSE,1.3
INE403Q07GD2,10.5944,2026-07-15,NSE,1.2
INE403Q07GF7,11.295,2026-06-08,BSE,1.28
INE403Q07GF7,11.1446,2026-06-23,BSE,24.02
INE403Q07GF7,11.135,2026-06-24,BSE,7.46
INE403Q07GF7,10.9892,2026-06-25,BSE,5.2
INE403Q07GF7,10.9897,2026-06-29,BSE,1.41
INE403Q07GF7,10.9467,2026-07-01,BSE,2.84
INE403Q07GF7,10.985,2026-07-03,BSE,6.38
INE403Q07GF7,10.985,2026-07-08,BSE,11.08
INE403Q07GF7,10.9618,2026-07-14,BSE,1.45
INE403Q07GF7,11.235,2026-07-22,BSE,6.16
INE403Q07GF7,11.235,2026-07-24,BSE,4.6
INE403Q07GF7,10.5191,2026-07-28,BSE,25.34
INE403Q07GF7,10.735,2026-07-30,BSE,20.0
INE403Q07GU6,10.7387,2026-07-06,NSE,1.05
INE403Q07GU6,10.7257,2026-07-13,NSE,1.1
INE403Q07GU6,10.7313,2026-07-17,NSE,1.08
INE403Q07GU6,10.6787,2026-07-23,NSE,1.36
INE403Q07GU6,10.6971,2026-07-29,NSE,1.23
INE403Q07GX0,11.244,2026-06-12,BSE,20.16
INE403Q07GX0,10.598,2026-06-22,BSE,1.02
INE403Q07GX0,10.5542,2026-06-29,NSE,1.57
INE403Q07GX0,10.3362,2026-07-03,BSE,1.72
INE403Q07HB4,10.7992,2026-06-08,BSE,4.8
INE403Q07HB4,9.6649,2026-06-09,NSE,5.15
INE403Q07HB4,10.3775,2026-06-10,BSE,2.29
INE403Q07HB4,10.8988,2026-06-12,BSE,3.75
INE403Q07HB4,10.646,2026-06-15,BSE,7.6
INE403Q07HB4,10.3689,2026-06-16,BSE,4.07
INE403Q07HB4,10.9627,2026-06-17,BSE,3.1
INE403Q07HB4,10.5541,2026-06-18,BSE,1.36
INE403Q07HB4,10.8119,2026-06-19,BSE,11.76
INE403Q07HB4,9.914,2026-06-22,BSE,8.8
INE403Q07HB4,11.238,2026-06-24,BSE,11.04
INE403Q07HB4,10.782,2026-06-25,BSE,10.95
INE403Q07HB4,10.3141,2026-06-29,BSE,6.23
INE403Q07HB4,11.0916,2026-06-30,NSE,3.09
INE403Q07HB4,11.2453,2026-07-01,BSE,21.64
INE403Q07HB4,11.043,2026-07-02,BSE,5.52
INE403Q07HB4,10.7406,2026-07-03,BSE,1.64
INE403Q07HB4,10.3128,2026-07-06,BSE,3.22
INE403Q07HB4,10.6825,2026-07-07,BSE,23.62
INE403Q07HB4,11.1421,2026-07-08,BSE,6.7
INE403Q07HB4,10.6533,2026-07-09,BSE,1.12
INE403Q07HB4,10.909,2026-07-10,BSE,3.64
INE403Q07HB4,10.9843,2026-07-13,BSE,13.15
INE403Q07HB4,10.823,2026-07-14,BSE,2.28
INE403Q07HB4,11.2005,2026-07-15,BSE,11.13
INE403Q07HB4,10.9043,2026-07-16,NSE,1.05
INE403Q07HB4,10.9834,2026-07-17,NSE,5.96
INE403Q07HB4,10.8451,2026-07-20,NSE,2.24
INE403Q07HB4,11.1383,2026-07-21,BSE,11.42
INE403Q07HB4,10.8983,2026-07-24,BSE,5.16
INE403Q07HB4,10.4756,2026-07-27,BSE,1.99
INE403Q07HB4,10.4395,2026-07-28,BSE,2.84
INE403Q07HB4,10.8297,2026-07-29,BSE,3.91
INE403Q07HB4,10.6659,2026-07-30,BSE,1.31
INE403Q08340,11.8732,2026-06-10,BSE,1.65
INE403Q08340,11.6653,2026-07-01,BSE,10.0
INE403Q08340,12.0818,2026-07-02,BSE,4.0
INE403Q08340,11.6663,2026-07-09,BSE,10.15
INE403Q08340,11.8444,2026-07-17,BSE,2.7
INE403Q08340,11.623,2026-07-21,BSE,1.85
INE403Q08340,11.6668,2026-07-30,BSE,6.65
INE403Q08357,12.2765,2026-06-08,NSE,1.32
INE403Q08357,11.5512,2026-06-11,BSE,10.26
INE403Q08357,11.5697,2026-06-12,BSE,5.1
INE403Q08357,11.5688,2026-06-15,BSE,25.29
INE403Q08357,11.9118,2026-06-16,NSE,5.13
INE403Q08357,11.9441,2026-06-18,NSE,3.65
INE403Q08357,11.302,2026-06-24,BSE,9.89
INE403Q08357,11.3964,2026-06-25,BSE,5.48
INE403Q08357,11.4924,2026-06-29,BSE,39.05
INE403Q08357,11.2389,2026-06-30,BSE,5.19
INE403Q08357,11.4638,2026-07-01,BSE,10.54
INE403Q08357,11.991,2026-07-02,NSE,14.23
INE403Q08357,12.0036,2026-07-03,NSE,10.52
INE403Q08357,11.9659,2026-07-06,NSE,11.55
INE403Q08357,11.9593,2026-07-09,NSE,23.18
INE403Q08357,11.5646,2026-07-14,NSE,2.0
INE403Q08357,12.4092,2026-07-15,NSE,2.17
INE403Q08357,12.039,2026-07-16,NSE,50.73
INE403Q08357,11.5655,2026-07-17,BSE,7.1
INE403Q08357,11.6453,2026-07-24,BSE,15.0
INE403Q08357,11.3028,2026-07-27,BSE,13.49
INE403Q08357,11.3233,2026-07-28,BSE,6.15
INE403Q08357,11.4376,2026-07-29,BSE,7.12
INE403Q08357,11.1254,2026-07-30,BSE,1.23
INE413U07210,10.0687,2026-06-25,BSE,2.1
INE413U07400,10.7058,2026-06-09,NSE,1.52
INE413U07400,10.9871,2026-06-12,NSE,10.29
INE413U07400,10.7,2026-06-15,NSE,1.06
INE413U07418,11.027,2026-06-08,BSE,4.18
INE413U07418,10.9468,2026-06-10,BSE,4.07
INE413U07418,10.9481,2026-06-15,BSE,2.65
INE413U07418,10.9886,2026-06-17,BSE,2.9
INE413U07418,10.0173,2026-06-19,BSE,1.3
INE413U07426,10.3803,2026-06-08,NSE,1.83
INE413U07426,10.5102,2026-06-10,NSE,1.3
INE413U07426,10.2994,2026-06-15,NSE,2.38
INE413U07426,11.1379,2026-06-16,BSE,2.03
INE413U07426,10.7524,2026-06-18,NSE,1.11
INE413U07426,10.7345,2026-06-22,NSE,2.67
INE413U07426,10.7724,2026-06-24,NSE,1.03
INE413U07426,11.1305,2026-06-29,BSE,3.05
INE413U07426,11.1475,2026-06-30,BSE,15.03
INE413U07426,10.5786,2026-07-01,NSE,1.9
INE413U07426,10.6463,2026-07-02,NSE,2.73
INE413U07426,10.7716,2026-07-03,NSE,7.58
INE413U07426,11.0244,2026-07-06,NSE,2.82
INE413U07426,10.173,2026-07-07,NSE,4.06
INE413U07426,10.4998,2026-07-08,NSE,1.86
INE413U07426,10.5019,2026-07-09,NSE,1.86
INE413U07426,10.2645,2026-07-10,NSE,2.37
INE413U07426,10.4723,2026-07-13,NSE,4.14
INE413U07426,10.8069,2026-07-14,NSE,4.31
INE413U07426,10.3163,2026-07-15,NSE,1.43
INE413U07426,10.7407,2026-07-20,NSE,1.37
INE413U07426,10.2845,2026-07-27,NSE,2.03
INE413U07426,10.3486,2026-07-29,NSE,1.04
INE413U07434,10.7562,2026-06-08,BSE,6.52
INE413U07434,10.9724,2026-06-10,BSE,18.89
INE413U07434,10.7982,2026-06-11,BSE,2.85
INE413U07434,10.7383,2026-06-12,BSE,2.18
INE413U07434,10.5584,2026-06-15,BSE,2.96
INE413U07434,11.0094,2026-06-16,BSE,24.07
INE413U07434,10.7178,2026-06-17,BSE,13.38
INE413U07434,10.3634,2026-06-18,BSE,2.62
INE413U07434,10.9952,2026-06-22,BSE,10.89
INE413U07434,10.8141,2026-06-23,BSE,15.34
INE413U07434,10.7392,2026-06-24,BSE,22.34
INE413U07434,10.1942,2026-06-29,BSE,1.58
INE413U07434,10.8328,2026-06-30,BSE,3.32
INE413U07434,10.2947,2026-07-01,BSE,1.06
INE413U07434,10.2323,2026-07-06,BSE,2.04
INE413U07434,10.825,2026-07-07,BSE,7.89
INE413U07434,10.5456,2026-07-10,BSE,1.23
INE413U07434,10.5206,2026-07-13,BSE,1.02
INE413U07434,10.5423,2026-07-14,BSE,1.05
INE413U07434,10.5051,2026-07-16,BSE,1.13
INE413U07434,10.855,2026-07-17,BSE,4.54
INE413U07434,10.4312,2026-07-20,BSE,2.19
INE413U07434,10.3074,2026-07-22,BSE,1.06
INE413U07434,10.3839,2026-07-27,BSE,1.38
INE413U07442,10.5179,2026-06-16,BSE,5.9
INE413U07442,10.5313,2026-06-18,BSE,21.13
INE413U07442,10.8096,2026-06-24,NSE,1.0
INE413U07442,10.7478,2026-06-30,BSE,1.43
INE413U07442,10.7547,2026-07-01,BSE,2.46
INE413U07442,10.6863,2026-07-03,BSE,10.3
INE413U07442,10.8395,2026-07-06,BSE,5.01
INE413U07442,10.801,2026-07-08,NSE,2.61
INE413U07442,10.3828,2026-07-10,BSE,1.69
INE413U07442,10.8299,2026-07-22,BSE,3.0
INE413U07442,10.83,2026-07-28,BSE,2.0
INE413U07459,10.5673,2026-06-08,NSE,1.95
INE413U07459,10.8484,2026-06-09,NSE,3.62
INE413U07459,10.8,2026-06-10,BSE,6.0
INE413U07459,10.95,2026-06-11,BSE,13.0
INE413U07459,10.95,2026-06-15,BSE,13.0
INE413U07459,10.95,2026-06-16,BSE,13.0
INE413U07459,10.9,2026-06-17,BSE,5.0
INE413U07459,10.6724,2026-06-18,BSE,15.0
INE413U07459,10.5244,2026-06-22,NSE,1.81
INE413U07459,10.825,2026-06-23,BSE,10.0
INE413U07459,10.95,2026-06-24,BSE,8.0
INE413U07459,10.494,2026-06-29,NSE,2.9
INE413U07459,10.7167,2026-06-30,BSE,6.0
INE413U07459,10.671,2026-07-01,NSE,1.29
INE413U07459,10.6529,2026-07-02,NSE,1.36
INE413U07459,10.6085,2026-07-06,NSE,2.16
INE413U07459,10.5249,2026-07-07,NSE,1.04
INE413U07459,10.3744,2026-07-13,NSE,1.58
INE413U07459,10.6618,2026-07-14,NSE,2.52
INE413U07459,10.85,2026-07-16,BSE,2.0
INE413U07459,10.3086,2026-07-20,NSE,1.83
INE413U07459,10.85,2026-07-23,BSE,8.0
INE413U07459,10.3155,2026-07-27,NSE,3.11
INE413U07459,10.352,2026-07-28,NSE,1.92
INE413U07467,11.0571,2026-06-08,BSE,4.13
INE413U07467,11.078,2026-06-10,BSE,1.12
INE413U07467,10.8325,2026-06-11,BSE,5.32
INE413U07467,11.1827,2026-06-18,BSE,33.0
INE413U07467,11.1786,2026-06-23,BSE,38.21
INE413U07467,10.786,2026-06-25,NSE,2.5
INE413U07467,11.1201,2026-06-30,BSE,25.6
INE413U07467,10.8151,2026-07-01,NSE,2.15
INE413U07467,10.6682,2026-07-03,BSE,2.45
INE413U07467,10.6492,2026-07-06,BSE,2.6
INE413U07467,10.6968,2026-07-07,BSE,2.79
INE413U07467,11.1242,2026-07-10,BSE,30.25
INE413U07467,10.271,2026-07-13,BSE,1.36
INE413U07467,10.5833,2026-07-14,BSE,2.09
INE413U07467,11.1915,2026-07-17,BSE,46.52
INE413U07467,11.0117,2026-07-24,BSE,5.74
INE413U07467,10.9173,2026-07-27,BSE,36.66
INE413U07467,10.4054,2026-07-28,BSE,1.54
INE413U07467,10.3586,2026-07-29,BSE,1.72
INE413U07467,10.4007,2026-07-30,BSE,1.52
INE413U07475,10.9229,2026-07-10,NSE,2.25
INE413U07475,10.84,2026-07-14,BSE,1.0
INE413U07475,10.902,2026-07-15,NSE,1.26
INE413U07475,10.8601,2026-07-17,NSE,1.27
INE413U07475,10.721,2026-07-20,NSE,1.05
INE413U07475,10.7,2026-07-27,NSE,1.46
INE413U07475,10.9,2026-07-28,BSE,25.0
INE413U08093,11.8678,2026-06-09,BSE,20.2
INE413U08093,11.8355,2026-06-10,BSE,3.02
INE413U08093,11.2656,2026-06-11,BSE,78.48
INE413U08093,11.015,2026-06-18,BSE,77.92
INE413U08093,11.2477,2026-06-19,NSE,25.21
INE413U08093,11.1404,2026-06-22,BSE,10.23
INE413U08093,11.2088,2026-06-23,BSE,5.7
INE413U08093,11.8012,2026-06-24,BSE,14.8
INE413U08093,11.5018,2026-06-25,NSE,8.65
INE413U08093,11.059,2026-06-30,BSE,4.6
INE413U08093,11.1993,2026-07-01,NSE,1.38
INE413U08093,11.1069,2026-07-02,NSE,2.81
INE413U08093,11.6318,2026-07-03,BSE,1.7
INE413U08093,11.2102,2026-07-09,BSE,1.23
INE413U08093,10.968,2026-07-10,NSE,1.88
INE413U08093,11.8448,2026-07-14,BSE,10.78
INE413U08093,11.2234,2026-07-15,NSE,3.2
INE413U08093,11.1996,2026-07-28,BSE,1.93
INE414G07II5,8.34,2026-06-17,NSE,50.0
INE414G07II5,8.39,2026-06-24,NSE,3.09
INE414G07II5,8.37,2026-06-25,NSE,3.09
INE414G07II5,8.3865,2026-07-27,NSE,3.82
INE414G07IQ8,7.914,2026-07-10,NSE,125.0
INE414G07IQ8,7.9409,2026-07-14,NSE,110.0
INE414G07IQ8,7.85,2026-07-15,NSE,55.0
INE414G07IQ8,7.8,2026-07-16,BSE,45.0
INE414G07IQ8,7.7,2026-07-17,BSE,15.0
INE414G07IR6,8.1,2026-07-03,NSE,85.0
INE414G07IR6,8.09,2026-07-07,NSE,85.0
INE414G07IR6,8.03,2026-07-15,NSE,65.0
INE414G07IR6,7.9751,2026-07-16,BSE,66.08
INE414G07IR6,8.49,2026-07-28,NSE,50.0
INE414G07IS4,8.26,2026-06-10,NSE,10.0
INE414G07IS4,8.15,2026-06-11,BSE,10.0
INE414G07IS4,8.45,2026-06-25,BSE,5.0
INE414G07IS4,8.3,2026-07-08,NSE,10.0
INE414G07IS4,8.2256,2026-07-09,BSE,10.0
INE414G07IV8,8.25,2026-07-20,BSE,1.5
INE414G07IV8,8.0,2026-07-23,BSE,1.5
INE414G07JB8,7.8438,2026-07-08,BSE,10.0
INE414G07JB8,8.125,2026-07-24,NSE,10.0
INE414G07JD4,8.35,2026-06-24,NSE,5.0
INE414G07JD4,8.125,2026-07-22,NSE,10.0
INE414G07JD4,8.0,2026-07-23,BSE,5.0
INE414G07JD4,8.0,2026-07-24,BSE,5.0
INE414G07JF9,8.35,2026-06-12,NSE,25.0
INE414G07JF9,8.3,2026-06-19,NSE,10.0
INE414G07JF9,8.3,2026-06-23,NSE,5.0
INE414G07JF9,8.18,2026-07-03,NSE,75.0
INE414G07JF9,8.155,2026-07-07,NSE,150.0
INE414G07JF9,8.25,2026-07-09,NSE,5.0
INE414G07JF9,8.23,2026-07-10,BSE,5.0
INE414G07JF9,8.15,2026-07-23,NSE,25.0
INE414G07JF9,8.14,2026-07-30,NSE,10.0
INE414G07JH5,7.55,2026-07-15,BSE,15.0
INE414G07JH5,7.5,2026-07-20,BSE,5.0
INE414G07JJ1,8.3966,2026-07-20,NSE,180.0
INE414G07JJ1,8.4,2026-07-21,NSE,172.0
INE414G07JJ1,8.3994,2026-07-22,NSE,25.0
INE414G07JJ1,8.3989,2026-07-30,NSE,50.0
INE414G07JK9,8.35,2026-07-06,BSE,10.0
INE414G07JL7,8.5,2026-07-27,NSE,145.0
INE414G07JL7,8.55,2026-07-30,NSE,50.0
INE414G07JM5,8.5,2026-07-27,NSE,35.0
INE414G07JM5,8.55,2026-07-30,NSE,25.0
INE414G07JN3,8.41,2026-06-09,BSE,2.4
INE414G07JN3,8.3,2026-06-16,NSE,95.0
INE414G07JN3,8.35,2026-06-22,NSE,75.0
INE414G07JN3,8.34,2026-06-23,BSE,15.0
INE414G07JN3,8.4,2026-06-24,NSE,25.0
INE414G07JN3,8.3,2026-07-13,BSE,5.0
INE414G07JN3,8.34,2026-07-14,BSE,1.28
INE414G07JN3,8.37,2026-07-15,NSE,10.0
INE414G07JN3,8.3704,2026-07-16,NSE,20.0
INE414G07JN3,8.35,2026-07-21,NSE,75.0
INE414G07JO1,8.5,2026-06-09,NSE,20.0
INE414G07JO1,8.05,2026-06-10,BSE,10.0
INE414G07JO1,8.303,2026-06-16,NSE,180.0
INE414G07JO1,8.31,2026-06-17,NSE,50.0
INE414G07JO1,8.305,2026-06-18,NSE,10.0
INE414G07JO1,8.24,2026-06-19,BSE,5.0
INE414G07JO1,8.375,2026-06-22,NSE,150.0
INE414G07JO1,8.21,2026-06-29,BSE,2.46
INE414G07JO1,8.39,2026-07-03,BSE,1.18
INE414G07JO1,8.2825,2026-07-07,NSE,50.0
INE414G07JO1,8.27,2026-07-08,NSE,50.0
INE414G07JO1,8.3,2026-07-10,NSE,75.0
INE414G07JO1,8.37,2026-07-21,NSE,75.0
INE414G07JP8,8.57,2026-07-09,NSE,2.0
INE414G07JP8,8.5273,2026-07-10,BSE,2.0
INE414G07JQ6,8.35,2026-06-11,NSE,25.0
INE414G07JQ6,8.16,2026-06-18,BSE,15.0
INE414G07JQ6,8.33,2026-06-23,NSE,25.0
INE414G07JQ6,8.16,2026-06-29,NSE,100.0
INE414G07JQ6,8.15,2026-07-03,NSE,100.0
INE414G07JQ6,8.19,2026-07-07,NSE,85.0
INE414G07JQ6,8.2624,2026-07-09,NSE,20.0
INE414G07JQ6,8.16,2026-07-10,BSE,10.0
INE414G07JQ6,8.5,2026-07-27,NSE,25.0
INE414G07JQ6,8.5,2026-07-28,NSE,130.0
INE414G07JR4,8.5961,2026-06-08,BSE,2.0
INE414G07JR4,8.45,2026-06-10,NSE,5.0
INE414G07JR4,8.2217,2026-06-11,BSE,5.0
INE414G07JR4,8.5884,2026-06-12,BSE,1.0
INE414G07JR4,8.5773,2026-06-16,BSE,1.0
INE414G07JS2,8.42,2026-06-08,NSE,5.0
INE414G07JS2,8.3818,2026-06-16,NSE,27.5
INE414G07JS2,8.37,2026-06-17,NSE,5.0
INE414G07JS2,8.15,2026-06-18,BSE,5.0
INE414G07JS2,8.4,2026-06-22,NSE,5.0
INE414G07JS2,8.38,2026-06-23,BSE,5.0
INE414G07JS2,8.3925,2026-06-24,NSE,40.0
INE414G07JS2,8.2819,2026-06-25,NSE,20.0
INE414G07JS2,8.28,2026-07-02,NSE,95.0
INE414G07JS2,8.28,2026-07-06,NSE,5.0
INE414G07JS2,8.5,2026-07-24,NSE,150.0
INE414G07JS2,8.5,2026-07-27,NSE,5.0
INE414G07JU8,8.492,2026-07-01,NSE,300.0
INE414G07JU8,8.47,2026-07-02,NSE,200.0
INE414G07JU8,8.4,2026-07-10,NSE,100.0
INE414G07JV6,7.95,2026-06-23,NSE,25.0
INE414G07JW4,8.13,2026-07-03,NSE,100.0
INE414G07JX2,8.4929,2026-06-18,NSE,175.0
INE414G07JX2,8.55,2026-06-19,NSE,125.0
INE414G07JX2,8.8671,2026-06-25,NSE,1.0
INE414G07JX2,8.23,2026-06-30,BSE,6.0
INE414G07JX2,8.22,2026-07-13,BSE,5.0
INE414G07JX2,8.42,2026-07-17,NSE,100.0
INE414G07JX2,8.445,2026-07-24,BSE,25.0
INE414G07JX2,8.8127,2026-07-27,NSE,1.0
INE414G07JY0,8.6528,2026-06-08,NSE,3.0
INE414G07JY0,8.65,2026-06-10,NSE,5.0
INE414G07JY0,8.645,2026-06-11,NSE,5.0
INE414G07JY0,8.5138,2026-06-12,NSE,1.0
INE414G07JY0,8.6327,2026-06-16,NSE,1.5
INE414G07JY0,8.5477,2026-06-17,NSE,16.0
INE414G07JY0,8.58,2026-06-18,NSE,10.0
INE414G07JY0,8.6272,2026-06-19,NSE,5.0
INE414G07JY0,8.5304,2026-06-23,NSE,1.05
INE414G07JY0,8.5868,2026-06-24,BSE,11.2
INE414G07JY0,8.4465,2026-06-29,NSE,2.2
INE414G07JY0,8.5899,2026-06-30,NSE,6.2
INE414G07JY0,8.4997,2026-07-07,BSE,1.0
INE414G07JY0,8.56,2026-07-10,BSE,10.0
INE414G07JY0,8.5014,2026-07-13,NSE,210.3
INE414G07JY0,8.5975,2026-07-17,BSE,25.5
INE414G07JY0,8.65,2026-07-20,NSE,194.66
INE414G07JY0,8.6515,2026-07-21,NSE,84.7
INE414G07JY0,8.5835,2026-07-23,BSE,10.04
INE414G07JY0,8.6187,2026-07-27,NSE,10.95
INE414G07JY0,8.6089,2026-07-28,BSE,14.65
INE414G07JY0,8.6107,2026-07-29,BSE,10.1
INE414G07JZ7,8.5818,2026-06-08,NSE,50.0
INE414G07JZ7,8.18,2026-06-16,NSE,25.0
INE414G07JZ7,8.2008,2026-06-17,NSE,10.0
INE414G07JZ7,8.48,2026-07-22,NSE,125.0
INE414G07KB6,8.6569,2026-06-16,NSE,77.0
INE414G07KB6,8.6433,2026-06-17,NSE,260.0
INE414G07KB6,8.6417,2026-06-18,NSE,85.0
INE414G07KB6,8.6415,2026-06-19,NSE,20.2
INE414G07KB6,8.64,2026-06-22,BSE,5.0
INE414G07KB6,8.642,2026-06-23,NSE,10.0
INE414G07KB6,8.57,2026-06-24,NSE,10.0
INE414G07KB6,8.5609,2026-06-25,NSE,22.5
INE414G07KB6,8.55,2026-06-29,NSE,2.4
INE414G07KB6,8.6401,2026-06-30,NSE,70.1
INE414G07KB6,8.55,2026-07-01,NSE,1.1
INE414G07KB6,8.5653,2026-07-02,NSE,5.2
INE414G07KB6,8.47,2026-07-07,NSE,4.0
INE414G07KB6,8.6435,2026-07-15,NSE,20.0
INE414G07KB6,8.6222,2026-07-16,NSE,29.0
INE414G07KB6,8.6149,2026-07-17,NSE,15.0
INE414G07KB6,8.5,2026-07-24,BSE,10.0
INE414G08355,9.03,2026-06-08,NSE,20.0
INE414G08355,8.95,2026-06-09,NSE,5.6
INE414G08355,8.8381,2026-06-12,NSE,7.0
INE414G08355,8.8443,2026-06-16,NSE,9.0
INE414G08355,8.81,2026-06-18,NSE,5.0
INE414G08355,8.95,2026-06-24,NSE,1.0
INE414G08355,8.8856,2026-06-25,NSE,78.4
INE414G08355,9.0,2026-06-30,BSE,3.0
INE414G08355,8.7596,2026-07-01,NSE,14.5
INE414G08355,8.7596,2026-07-02,NSE,10.0
INE414G08355,8.81,2026-07-06,NSE,2.0
INE414G08355,8.8202,2026-07-07,BSE,35.0
INE414G08355,9.0579,2026-07-08,BSE,2.1
INE414G08355,9.0546,2026-07-09,NSE,2.1
INE414G08355,9.05,2026-07-13,BSE,15.0
INE414G08355,8.7645,2026-07-21,NSE,10.0
INE414G08355,8.7593,2026-07-23,NSE,25.0
INE414G08355,8.0525,2026-07-27,NSE,4.0
INE420C07049,10.4333,2026-06-24,BSE,45.0
INE420C07163,8.7574,2026-07-15,BSE,1.0
INE420C07189,10.6155,2026-06-09,BSE,7.68
INE420C07189,9.909,2026-06-15,BSE,1.37
INE420C07189,10.3811,2026-06-23,BSE,18.31
INE420C07189,10.6127,2026-07-02,BSE,10.28
INE420C07189,9.7637,2026-07-03,BSE,1.15
INE420C07189,10.694,2026-07-06,NSE,3.56
INE420C07189,10.6943,2026-07-08,BSE,1.2
INE423A07484,8.7,2026-06-24,BSE,2.0
INE423A07484,8.565,2026-06-30,NSE,5.23
INE423A07484,12.9306,2026-07-30,BSE,1.25
INE423A07492,8.85,2026-07-14,BSE,1.5
INE423A07492,8.74,2026-07-16,BSE,3.05
INE423A07526,8.6392,2026-06-08,NSE,2.6
INE423A07526,8.8118,2026-06-09,NSE,3.79
INE423A07526,8.7696,2026-06-10,NSE,2.52
INE423A07526,8.7055,2026-06-11,NSE,1.77
INE423A07526,8.5611,2026-06-12,NSE,4.2
INE423A07526,8.9245,2026-06-16,NSE,2.29
INE423A07526,8.9341,2026-06-17,NSE,1.03
INE423A07526,8.7914,2026-06-25,BSE,1.57
INE423A07526,8.8682,2026-07-02,NSE,1.2
INE423A07526,8.8449,2026-07-03,NSE,3.91
INE423A07526,8.8071,2026-07-06,NSE,3.2
INE423A07526,8.7597,2026-07-07,NSE,1.61
INE423A07526,8.7996,2026-07-09,NSE,1.92
INE423A07526,8.9862,2026-07-14,BSE,1.37
INE423A07526,8.7208,2026-07-15,BSE,5.38
INE423A07526,8.7501,2026-07-16,NSE,5.0
INE423A07526,8.8675,2026-07-17,NSE,1.51
INE423A07526,8.8152,2026-07-20,NSE,3.59
INE423A07526,8.8493,2026-07-22,NSE,1.85
INE423A07526,8.8103,2026-07-24,NSE,3.3
INE423A07526,8.8524,2026-07-28,NSE,2.38
INE423A07526,8.6972,2026-07-29,BSE,6.1
INE423A07526,8.9044,2026-07-30,NSE,1.65
INE423A07534,8.4064,2026-06-11,NSE,5.43
INE423A07534,8.95,2026-06-23,NSE,14.63
INE423A07534,8.95,2026-06-24,NSE,14.63
INE423A07534,8.1174,2026-06-25,BSE,1.15
INE423A07534,8.7508,2026-06-30,BSE,5.61
INE423A07534,8.7458,2026-07-02,BSE,1.2
INE423A07534,8.8579,2026-07-06,BSE,1.05
INE423A07534,8.9049,2026-07-07,BSE,1.57
INE423A07534,8.75,2026-07-09,BSE,1.0
INE423A07534,8.7,2026-07-16,BSE,2.15
INE423A07534,8.8596,2026-07-23,BSE,5.09
INE423A07534,8.85,2026-07-24,BSE,1.0
INE423A07534,8.843,2026-07-28,NSE,3.06
INE423A07534,8.8425,2026-07-29,NSE,3.58
INE423A07534,8.7846,2026-07-30,BSE,9.56
INE432R07455,8.3,2026-06-19,NSE,150.0
INE432R07455,8.3107,2026-07-01,NSE,300.0
INE433L07019,14.4036,2026-06-15,NSE,11.0
INE435D07144,19.75,2026-06-08,NSE,50.0
INE441Q07011,8.2,2026-07-24,NSE,155.0
INE443L07174,9.1191,2026-07-17,BSE,1.31
INE448U07216,9.5,2026-07-10,NSE,4.05
INE448U07216,9.4666,2026-07-23,NSE,1.39
INE448U07307,10.1,2026-07-23,NSE,25.0
INE448U07307,10.0068,2026-07-24,BSE,1.48
INE460K08053,7.9,2026-06-11,NSE,5.0
INE460K08053,7.8,2026-07-16,NSE,44.7
INE461R07017,8.2,2026-07-24,NSE,195.0
INE463Y07027,12.0,2026-06-29,BSE,1.25
INE463Y07027,12.0,2026-07-08,BSE,1.1
INE468N07BM4,9.5,2026-06-08,BSE,1.3
INE468N07BM4,9.4971,2026-06-11,BSE,4.48
INE468N07BM4,9.5,2026-06-12,BSE,3.04
INE468N07BM4,9.5,2026-06-18,BSE,6.04
INE468N07BM4,9.5,2026-06-19,BSE,1.0
INE468N07BM4,10.2466,2026-07-08,BSE,2.2
INE468N07BM4,9.5,2026-07-09,NSE,4.32
INE468N07BM4,11.3879,2026-07-10,BSE,2.09
INE468N08118,8.65,2026-06-23,BSE,225.0
INE468N08134,9.0,2026-06-30,BSE,275.0
INE471X08061,9.2637,2026-06-30,BSE,100.0
INE473K08023,14.82,2026-06-16,BSE,1.25
INE473K08023,14.8255,2026-06-17,NSE,1.25
INE473K08023,14.9,2026-06-18,BSE,1.0
INE473K08023,14.55,2026-06-30,BSE,7.0
INE473K08023,14.6813,2026-07-01,NSE,3.0
INE473K08023,14.75,2026-07-15,NSE,1.0
INE473K08064,15.0019,2026-06-25,NSE,35.0
INE473K08064,14.69,2026-06-30,BSE,2.5
INE476A08159,8.515,2026-06-25,BSE,2.0
INE476A08175,8.4128,2026-06-16,NSE,2.0
INE476A08175,8.4633,2026-07-10,NSE,1.0
INE476A08175,8.42,2026-07-24,NSE,1.0
INE476A08175,8.376,2026-07-27,NSE,1.0
INE476A08217,8.01,2026-06-12,NSE,3.0
INE476A08217,8.1,2026-06-18,NSE,2.0
INE476A08217,8.1,2026-06-19,NSE,10.0
INE476A08217,7.95,2026-06-22,BSE,3.0
INE476A08217,7.95,2026-06-23,BSE,2.0
INE476A08217,8.1056,2026-06-24,NSE,9.0
INE476A08217,8.01,2026-06-25,BSE,5.0
INE476A08217,8.075,2026-07-02,NSE,2.0
INE476A08217,7.7941,2026-07-07,BSE,1.0
INE476A08217,8.15,2026-07-17,NSE,5.0
INE476A08217,8.0,2026-07-20,NSE,5.0
INE476A08217,7.98,2026-07-21,BSE,5.0
INE476A08225,8.075,2026-07-03,NSE,6.0
INE476A08225,8.165,2026-07-22,NSE,2.0
INE476A08225,8.15,2026-07-27,NSE,30.0
INE476A08225,8.0839,2026-07-28,NSE,31.0
INE476A08225,8.075,2026-07-29,NSE,100.0
INE476A08241,8.165,2026-06-11,NSE,50.0
INE476A08241,7.3659,2026-06-17,BSE,25.0
INE476A08241,8.1,2026-06-18,NSE,50.0
INE476A08241,7.925,2026-06-19,BSE,4.0
INE476A08241,8.075,2026-07-01,NSE,2.0
INE476A08241,8.1,2026-07-08,NSE,5.0
INE476A08241,8.05,2026-07-21,NSE,2.0
INE476A08241,8.075,2026-07-24,NSE,6.0
INE476A08241,8.05,2026-07-28,NSE,1.0
INE476A08241,8.125,2026-07-29,NSE,20.0
INE476A08266,8.0,2026-07-14,NSE,30.0
INE476A08266,7.98,2026-07-15,BSE,30.0
INE476A08266,7.81,2026-07-16,BSE,30.0
INE476A08266,8.165,2026-07-22,NSE,2.0
INE476A08266,8.025,2026-07-28,BSE,2.0
INE476A08274,7.5,2026-06-18,NSE,2.0
INE476A08274,7.28,2026-07-07,NSE,50.0
INE477A07415,7.65,2026-06-11,NSE,5.0
INE477A07415,7.535,2026-06-12,BSE,10.0
INE477A07415,7.55,2026-06-15,BSE,10.0
INE477A07415,7.4,2026-07-30,NSE,100.0
INE477L07AZ3,8.42,2026-06-19,BSE,10.0
INE477L07AZ3,8.15,2026-06-22,BSE,10.0
INE477L07BC0,9.2891,2026-06-10,NSE,2.2
INE477L07BC0,9.2928,2026-06-12,NSE,1.19
INE477L07BC0,9.2836,2026-06-15,NSE,1.0
INE477L07BC0,9.2863,2026-06-17,NSE,2.77
INE477L07BC0,9.3,2026-07-30,NSE,1.38
INE484J08055,7.8,2026-07-10,NSE,75.0
INE484J08055,7.74,2026-07-13,NSE,125.0
INE484J08055,7.7818,2026-07-17,NSE,55.0
INE484J08055,7.82,2026-07-20,NSE,25.0
INE484J08055,7.75,2026-07-23,NSE,25.0
INE484J08089,8.0167,2026-06-24,NSE,75.0
INE484J08089,7.85,2026-07-01,NSE,50.0
INE487N07037,12.0,2026-06-10,BSE,34.8
INE487N07037,12.0,2026-07-08,BSE,10.0
INE487N07037,12.0,2026-07-15,BSE,2.1
INE487N07037,12.0,2026-07-16,BSE,1.4
INE487N07037,12.0,2026-07-23,BSE,1.9
INE487N07037,12.0,2026-07-24,BSE,4.7
INE487N07037,12.0,2026-07-27,BSE,1.0
INE487N07037,12.38,2026-07-28,BSE,21.8
INE487N07045,12.0,2026-06-09,BSE,42.2
INE487N07045,12.0,2026-06-10,BSE,83.1
INE487N07045,12.0,2026-06-11,BSE,4.1
INE487N07045,12.0,2026-06-12,BSE,5.9
INE487N07045,12.0,2026-06-16,BSE,51.3
INE487N07045,12.0,2026-06-30,BSE,1.6
INE487N07045,12.0,2026-07-06,BSE,1.0
INE487N07045,12.0,2026-07-08,BSE,6.0
INE487N07045,12.0,2026-07-13,BSE,1.4
INE487N07045,12.0,2026-07-14,BSE,1.4
INE487N07045,12.0,2026-07-15,BSE,1.0
INE487N07045,12.0,2026-07-20,BSE,1.0
INE487N07045,12.0,2026-07-23,BSE,2.1
INE487N07045,12.0,2026-07-24,BSE,1.0
INE487N07052,12.0,2026-06-10,BSE,5.8
INE487N07052,12.0,2026-07-02,BSE,3.0
INE487N07052,12.0,2026-07-27,BSE,2.8
INE487N07052,12.38,2026-07-28,BSE,10.2
INE487N07060,12.0,2026-06-08,BSE,9.8
INE487N07060,12.0,2026-06-10,BSE,3.5
INE487N07060,12.0,2026-06-12,BSE,1.5
INE487N07060,12.0,2026-06-16,BSE,2.1
INE487N07060,12.0,2026-06-18,BSE,6.3
INE487N07060,12.0,2026-06-25,BSE,21.2
INE487N07060,12.0,2026-06-29,BSE,1.7
INE487N07060,12.0,2026-06-30,BSE,2.7
INE487N07060,12.0,2026-07-01,BSE,5.0
INE487N07060,12.0,2026-07-02,BSE,1.0
INE487N07060,12.0,2026-07-07,BSE,10.5
INE487N07060,12.0,2026-07-15,BSE,7.1
INE487N07060,12.0,2026-07-17,BSE,4.2
INE487N07060,12.22,2026-07-23,BSE,9.3
INE487N07078,12.2328,2026-07-23,BSE,38.3
INE487N07078,12.0,2026-07-24,BSE,3.4
INE487N07078,12.0,2026-07-27,BSE,1.7
INE487N07078,12.0,2026-07-28,BSE,1.3
INE487N07078,12.0,2026-07-29,BSE,17.0
INE487N07078,12.0,2026-07-30,BSE,4.1
INE494B08044,7.3,2026-07-27,NSE,75.0
INE498L07137,7.62,2026-06-29,NSE,25.0
INE498L07137,7.53,2026-07-01,NSE,50.0
INE498L07137,7.48,2026-07-02,BSE,50.0
INE498L07137,7.555,2026-07-09,NSE,30.0
INE498L07137,7.5883,2026-07-10,NSE,120.0
INE498L07137,7.4603,2026-07-13,BSE,50.0
INE498L07137,7.7,2026-07-14,NSE,115.0
INE498L07137,7.5524,2026-07-15,BSE,105.0
INE498L07137,7.47,2026-07-16,BSE,10.0
INE498L07145,7.82,2026-07-29,NSE,25.0
INE498L07152,8.0,2026-07-06,NSE,2.37
INE498L07152,8.0,2026-07-10,NSE,2.37
INE498L07152,8.25,2026-07-17,NSE,3.78
INE498L07152,8.25,2026-07-20,NSE,4.66
INE498L07152,8.25,2026-07-21,NSE,4.45
INE498L07152,8.2625,2026-07-22,BSE,25.54
INE498L07152,8.25,2026-07-23,BSE,25.54
INE498L07152,8.25,2026-07-27,NSE,1.12
INE498L07152,8.25,2026-07-28,NSE,1.3
INE498L07152,8.25,2026-07-29,NSE,1.73
INE498L07160,7.95,2026-06-09,NSE,55.0
INE498L07160,7.755,2026-06-19,NSE,100.0
INE498L07178,7.85,2026-06-19,NSE,50.0
INE498L07178,7.82,2026-06-24,NSE,50.0
INE498L07202,7.898,2026-07-10,NSE,27.6
INE498L07202,7.8904,2026-07-13,NSE,31.0
INE498L07202,7.8876,2026-07-14,NSE,31.6
INE498L07202,7.8928,2026-07-15,NSE,16.83
INE498L07202,7.8327,2026-07-17,BSE,2.2
INE498L07202,7.8427,2026-07-20,NSE,1.03
INE498L07202,7.8254,2026-07-21,NSE,1.35
INE498L07202,7.8658,2026-07-22,BSE,1.55
INE498L07202,7.8819,2026-07-23,NSE,7.4
INE498L07202,7.8448,2026-07-27,NSE,3.29
INE498L07202,7.8108,2026-07-28,NSE,1.09
INE498L07202,7.9152,2026-07-29,BSE,5.0
INE498L07202,7.7698,2026-07-30,NSE,10.82
INE498L07210,8.1037,2026-06-17,NSE,46.0
INE498L07210,8.0733,2026-06-18,NSE,145.0
INE498L07210,7.95,2026-06-24,NSE,25.0
INE498L07210,8.05,2026-06-25,NSE,50.0
INE498L07210,7.9,2026-06-30,NSE,25.0
INE498L07210,7.72,2026-07-01,NSE,50.0
INE498L07210,7.68,2026-07-02,NSE,10.0
INE498L07210,8.0914,2026-07-06,NSE,40.0
INE498L07210,8.0,2026-07-08,NSE,100.0
INE498L07210,7.85,2026-07-13,BSE,16.98
INE498L07210,7.96,2026-07-14,NSE,200.0
INE498L07210,7.93,2026-07-16,NSE,15.0
INE498L07210,7.93,2026-07-27,NSE,50.0
INE498L07210,7.9844,2026-07-29,NSE,160.0
INE498L07228,7.7825,2026-07-10,BSE,14.33
INE498L07228,7.8113,2026-07-14,NSE,43.2
INE498L08069,8.1923,2026-07-06,NSE,171.0
INE498L08069,8.1989,2026-07-07,NSE,56.0
INE498L08069,8.19,2026-07-09,NSE,5.0
INE498L08069,7.9416,2026-07-13,BSE,15.0
INE498L08069,8.079,2026-07-15,NSE,3.0
INE498L08069,8.1542,2026-07-16,NSE,14.0
INE498L08069,8.1196,2026-07-17,NSE,10.0
INE498L08069,8.1342,2026-07-20,NSE,38.0
INE498L08069,8.1573,2026-07-21,NSE,70.0
INE498L08069,8.1516,2026-07-22,NSE,44.0
INE498L08069,8.11,2026-07-23,NSE,10.0
INE498L08069,8.11,2026-07-24,NSE,8.0
INE498L08069,8.05,2026-07-27,NSE,2.0
INE498L08069,8.11,2026-07-28,NSE,7.0
INE498L08069,8.12,2026-07-29,NSE,1.0
INE498L08069,8.1547,2026-07-30,NSE,15.0
INE501X07588,8.9131,2026-06-19,BSE,2.0
INE501X07588,9.9646,2026-07-06,NSE,1.77
INE501X07588,10.35,2026-07-09,NSE,1.22
INE501X07588,10.1,2026-07-13,NSE,1.0
INE501X07646,10.5397,2026-07-03,NSE,1.92
INE501X07646,10.52,2026-07-06,NSE,3.05
INE501X07646,10.5069,2026-07-07,NSE,1.39
INE501X07711,11.1,2026-06-29,BSE,5.85
INE501X07711,11.1,2026-07-07,BSE,4.64
INE501X07711,11.1,2026-07-09,BSE,1.21
INE501X07729,11.25,2026-06-08,BSE,1.0
INE501X07729,10.92,2026-06-09,BSE,2.0
INE501X07729,10.868,2026-06-10,NSE,1.52
INE501X07729,10.8429,2026-06-12,NSE,1.13
INE501X07729,10.7171,2026-06-15,NSE,1.11
INE501X07729,10.8535,2026-06-23,NSE,1.2
INE501X07729,10.9548,2026-06-24,NSE,1.82
INE501X07729,10.8008,2026-06-29,NSE,1.92
INE501X07729,10.885,2026-07-01,NSE,1.43
INE501X07729,10.555,2026-07-08,BSE,8.0
INE501X07729,11.0,2026-07-13,BSE,3.0
INE501X07729,10.62,2026-07-14,BSE,3.0
INE501X07729,10.6872,2026-07-16,BSE,3.32
INE501X07729,10.2443,2026-07-17,NSE,1.11
INE501X07729,10.5355,2026-07-22,NSE,1.35
INE501X07729,10.665,2026-07-23,BSE,2.0
INE501X07729,10.4013,2026-07-24,BSE,3.35
INE504H07AS7,8.0,2026-07-14,NSE,1.08
INE504H07AV1,8.0,2026-07-13,NSE,1.31
INE504H07AX7,8.0,2026-07-13,NSE,3.25
INE504H07AZ2,8.0,2026-07-13,NSE,2.17
INE504H07BB1,8.0,2026-07-13,NSE,3.65
INE507T07070,7.65,2026-06-16,NSE,50.0
INE507T07070,7.65,2026-07-14,NSE,25.0
INE507T07070,7.6,2026-07-16,NSE,50.0
INE507T07096,7.8,2026-06-11,NSE,5.0
INE507T07112,7.084,2026-07-02,NSE,125.0
INE507T07120,7.4,2026-07-01,NSE,25.0
INE507T07138,7.65,2026-07-14,NSE,150.0
INE508P07019,20.17,2026-06-29,BSE,10.71
INE511C07854,7.9,2026-06-12,NSE,10.0
INE511C07854,7.76,2026-06-16,BSE,10.0
INE511C07854,7.65,2026-07-01,NSE,275.0
INE511C07854,8.2,2026-07-14,NSE,25.0
INE511C07854,8.005,2026-07-15,NSE,20.0
INE511C07854,7.9,2026-07-16,BSE,10.0
INE511C07854,7.9,2026-07-30,NSE,25.0
INE511C07870,8.08,2026-06-15,NSE,5.0
INE511C07870,7.65,2026-07-01,NSE,150.0
INE511C07870,7.72,2026-07-09,NSE,25.0
INE511C07870,7.9,2026-07-30,NSE,25.0
INE511C07888,8.05,2026-07-01,NSE,5.0
INE511C07896,8.188,2026-06-24,NSE,30.0
INE511C07896,8.11,2026-06-30,NSE,143.4
INE511C07896,7.65,2026-07-29,BSE,10.0
INE511C07938,7.78,2026-07-06,NSE,4.6
INE511C07938,7.8139,2026-07-07,NSE,100.4
INE511C07938,7.73,2026-07-08,BSE,50.0
INE511C07938,7.83,2026-07-10,BSE,50.0
INE511C07946,7.91,2026-06-10,NSE,15.0
INE511C07946,7.7,2026-06-11,BSE,15.0
INE511C07946,7.7,2026-06-12,BSE,5.0
INE511C07946,7.65,2026-06-30,NSE,25.0
INE511C07946,7.58,2026-07-01,NSE,125.0
INE511C07946,7.52,2026-07-06,NSE,50.0
INE511C07946,7.45,2026-07-07,BSE,50.0
INE511C07946,7.55,2026-07-08,BSE,5.0
INE511C07946,7.6133,2026-07-09,NSE,75.0
INE511C07946,7.7,2026-07-14,NSE,25.0
INE511C07946,7.65,2026-07-24,NSE,5.0
INE511C07946,7.63,2026-07-27,BSE,5.0
INE511C07953,8.125,2026-06-12,NSE,3.8
INE511C07953,8.1373,2026-06-15,NSE,3.06
INE511C07953,8.1418,2026-06-17,NSE,2.01
INE511C07953,8.18,2026-06-22,NSE,6.0
INE511C07953,8.0291,2026-06-23,NSE,6.02
INE511C07953,8.05,2026-06-25,NSE,50.0
INE511C07953,8.1017,2026-06-30,NSE,151.0
INE511C07953,8.2496,2026-07-02,NSE,25.02
INE511C07953,8.2,2026-07-03,NSE,57.01
INE511C07953,8.0,2026-07-06,BSE,1.0
INE511C07953,8.24,2026-07-09,NSE,3.0
INE511C07953,8.1801,2026-07-10,BSE,3.0
INE511C07953,8.1741,2026-07-15,NSE,5.07
INE511C07953,8.2026,2026-07-16,BSE,13.0
INE511C07953,8.255,2026-07-27,NSE,20.0
INE511C07953,7.5,2026-07-30,BSE,10.0
INE511C07979,7.8,2026-07-01,BSE,10.0
INE511C07AA1,8.1,2026-06-10,BSE,10.0
INE511C07AA1,8.05,2026-06-15,BSE,5.0
INE511C07AA1,8.18,2026-06-17,NSE,5.0
INE511C07AA1,8.2116,2026-06-18,NSE,75.0
INE511C07AA1,8.115,2026-06-19,BSE,10.0
INE511C07AA1,8.115,2026-06-22,BSE,10.0
INE511C07AA1,8.02,2026-06-30,NSE,5.0
INE511C07AA1,7.95,2026-07-01,BSE,5.0
INE511C07AA1,8.05,2026-07-02,NSE,15.0
INE511C07AA1,8.01,2026-07-03,BSE,15.0
INE511C07AA1,8.11,2026-07-10,BSE,20.0
INE511C07AA1,8.0533,2026-07-13,BSE,60.0
INE511C07AA1,8.1133,2026-07-15,NSE,15.0
INE511C07AA1,8.1115,2026-07-16,NSE,50.0
INE511C07AA1,8.0,2026-07-17,BSE,20.0
INE511C07AA1,8.07,2026-07-22,BSE,5.0
INE511C07AA1,8.1209,2026-07-24,NSE,55.0
INE511C07AA1,8.17,2026-07-28,NSE,2.22
INE511C07AA1,8.1125,2026-07-30,BSE,20.0
INE511C07AB9,8.078,2026-07-08,NSE,50.0
INE511C07AC7,8.1672,2026-07-20,NSE,25.0
INE511C07AC7,8.19,2026-07-24,BSE,25.0
INE511C08AN2,8.3449,2026-06-11,NSE,31.0
INE511C08AN2,8.345,2026-06-12,NSE,40.0
INE511C08AN2,8.3456,2026-06-15,NSE,10.0
INE511C08AN2,8.2847,2026-06-16,NSE,13.1
INE511C08AN2,8.2744,2026-06-17,NSE,6.0
INE511C08AN2,8.25,2026-06-18,BSE,2.0
INE511C08AN2,8.3408,2026-06-19,NSE,22.0
INE511C08AN2,8.3038,2026-06-22,NSE,10.0
INE511C08AN2,8.34,2026-06-25,NSE,10.0
INE511C08AN2,8.305,2026-06-30,NSE,7.0
INE511C08AN2,8.305,2026-07-02,NSE,4.0
INE511C08AN2,8.3,2026-07-03,NSE,4.0
INE511C08AN2,8.3038,2026-07-06,NSE,5.0
INE511C08AN2,8.3,2026-07-07,NSE,6.0
INE511C08AN2,8.37,2026-07-14,BSE,50.0
INE511C08AN2,8.3538,2026-07-17,NSE,6.0
INE511C08AN2,8.3537,2026-07-20,NSE,8.0
INE511C08AN2,8.3524,2026-07-21,NSE,21.0
INE511C08AN2,8.3618,2026-07-22,NSE,25.0
INE511C08AN2,8.364,2026-07-23,NSE,30.0
INE511C08AN2,8.355,2026-07-24,NSE,4.0
INE511C08AN2,8.3656,2026-07-27,NSE,17.4
INE511C08AN2,8.3623,2026-07-28,NSE,23.0
INE511C08AN2,8.3533,2026-07-29,NSE,2.8
INE511C08AN2,8.3601,2026-07-30,NSE,45.0
INE511N08016,8.0873,2026-07-13,BSE,33.0
INE514E08EE3,6.97,2026-07-01,NSE,35.0
INE514E08EE3,6.95,2026-07-03,NSE,35.0
INE514E08FG5,7.2,2026-06-08,NSE,65.0
INE514E08FG5,7.1,2026-06-10,NSE,11.0
INE514E08FG5,6.85,2026-06-30,NSE,25.0
INE514E08FG5,6.55,2026-07-13,NSE,25.0
INE514E08FG5,6.65,2026-07-14,NSE,10.0
INE514E08FH3,7.36,2026-06-11,NSE,20.0
INE514E08FH3,7.15,2026-06-25,NSE,25.0
INE514E08FP6,7.25,2026-07-14,NSE,25.0
INE514E08FP6,7.25,2026-07-15,NSE,25.0
INE514E08GB4,7.17,2026-06-10,NSE,100.0
INE514E08GB4,7.22,2026-06-11,NSE,75.0
INE514E08GB4,7.1,2026-06-18,NSE,150.0
INE514E08GB4,7.13,2026-06-23,NSE,25.0
INE514E08GB4,6.96,2026-06-29,NSE,175.0
INE514E08GB4,6.95,2026-06-30,NSE,25.0
INE514E08GB4,7.12,2026-07-09,NSE,50.0
INE514E08GB4,7.2,2026-07-16,NSE,25.0
INE514E08GC2,7.13,2026-06-12,NSE,25.0
INE514E08GC2,7.02,2026-07-08,NSE,25.0
INE514E08GC2,7.15,2026-07-24,NSE,25.0
INE514E08GC2,7.06,2026-07-27,NSE,5.0
INE514E08GD0,7.2,2026-06-10,NSE,25.0
INE514E08GD0,7.2,2026-06-11,NSE,25.0
INE514E08GD0,7.105,2026-06-12,NSE,100.0
INE514E08GD0,6.87,2026-07-03,NSE,50.0
INE514E08GD0,7.1,2026-07-08,NSE,75.0
INE514E08GD0,7.13,2026-07-21,NSE,115.0
INE514E08GD0,7.07,2026-07-27,NSE,100.0
INE514E08GE8,7.24,2026-06-09,NSE,50.0
INE514E08GE8,7.1606,2026-06-10,NSE,80.0
INE514E08GE8,7.1,2026-07-09,NSE,25.0
INE514E08GF5,7.19,2026-06-10,NSE,50.0
INE514E08GF5,6.96,2026-07-06,NSE,80.0
INE514E08GF5,7.15,2026-07-14,NSE,25.0
INE514E08GF5,7.14,2026-07-21,NSE,70.0
INE514E08GG3,7.21,2026-06-16,NSE,100.0
INE514E08GG3,7.17,2026-06-17,NSE,25.0
INE514E08GG3,7.18,2026-06-18,NSE,75.0
INE514E08GG3,6.96,2026-07-02,NSE,125.0
INE514E08GG3,7.2,2026-07-17,NSE,100.0
INE514E08GG3,7.1873,2026-07-20,NSE,100.0
INE514E08GG3,7.14,2026-07-21,NSE,100.0
INE514E08GG3,7.1734,2026-07-22,NSE,150.0
INE515Q08226,12.1114,2026-06-17,NSE,1.5
INE515Q08275,12.1046,2026-07-13,NSE,9.75
INE515Q08275,11.7024,2026-07-14,BSE,9.08
INE515Q08275,11.6817,2026-07-15,BSE,5.66
INE515Q08275,11.7445,2026-07-16,BSE,3.33
INE515Q08283,12.3932,2026-06-12,NSE,17.05
INE515Q08283,12.3955,2026-06-17,NSE,1.0
INE515Q08283,12.1867,2026-06-23,NSE,1.75
INE515Q08283,12.3959,2026-07-06,NSE,1.0
INE515Q08283,12.3957,2026-07-09,NSE,1.0
INE515Q08283,12.5005,2026-07-13,NSE,18.83
INE515Q08283,12.3955,2026-07-14,NSE,1.0
INE515Q08283,12.3487,2026-07-16,BSE,29.54
INE515Q08283,12.5968,2026-07-17,NSE,10.09
INE516Q07473,10.1355,2026-06-08,BSE,2.2
INE516Q07473,10.4477,2026-06-09,NSE,5.04
INE516Q07473,10.15,2026-06-10,BSE,4.0
INE516Q07473,10.4456,2026-06-12,BSE,12.05
INE516Q07473,10.2509,2026-06-15,BSE,5.08
INE516Q07473,10.25,2026-06-19,BSE,11.0
INE516Q07473,10.1129,2026-06-22,BSE,1.65
INE516Q07473,10.0358,2026-07-08,BSE,1.03
INE516Q07481,9.6432,2026-06-08,BSE,1.55
INE516Q07481,9.8379,2026-06-16,BSE,2.56
INE516Q07481,9.7118,2026-07-24,BSE,1.1
INE516Q07481,9.8949,2026-07-29,NSE,15.32
INE516Q08497,10.7229,2026-06-08,NSE,75.0
INE516Q08497,10.726,2026-06-10,NSE,25.0
INE516Q08497,10.7226,2026-06-22,NSE,25.0
INE516Q08497,10.752,2026-07-02,NSE,40.07
INE516Q08497,10.7305,2026-07-06,NSE,34.57
INE516Q08497,10.725,2026-07-07,BSE,59.0
INE516Q08497,10.728,2026-07-29,BSE,59.0
INE516Q08497,10.7251,2026-07-30,NSE,118.0
INE516Y07444,9.2144,2026-06-08,BSE,13.09
INE516Y07444,8.9454,2026-06-09,BSE,2.99
INE516Y07444,8.936,2026-06-10,BSE,29.44
INE516Y07444,9.4778,2026-06-11,NSE,9.2
INE516Y07444,9.4912,2026-06-12,NSE,5.95
INE516Y07444,8.9994,2026-06-15,BSE,20.43
INE516Y07444,9.0402,2026-06-16,BSE,10.63
INE516Y07444,9.4994,2026-06-17,NSE,13.77
INE516Y07444,9.6526,2026-06-18,NSE,36.7
INE516Y07444,9.4999,2026-06-19,NSE,5.38
INE516Y07444,8.9013,2026-06-22,BSE,16.28
INE516Y07444,9.4444,2026-06-23,BSE,51.34
INE516Y07444,9.4286,2026-06-24,BSE,8.79
INE516Y07444,8.9613,2026-06-25,BSE,7.3
INE516Y07444,9.1196,2026-06-29,BSE,37.18
INE516Y07444,9.5285,2026-06-30,NSE,69.16
INE516Y07444,9.4509,2026-07-01,NSE,21.16
INE516Y07444,9.464,2026-07-02,BSE,21.07
INE516Y07444,9.4875,2026-07-03,BSE,11.4
INE516Y07444,9.0696,2026-07-06,BSE,2.55
INE516Y07444,9.4985,2026-07-07,NSE,3.68
INE516Y07444,9.2089,2026-07-08,BSE,27.25
INE516Y07444,9.0412,2026-07-09,NSE,28.29
INE516Y07444,9.2745,2026-07-10,BSE,1.83
INE516Y07444,9.5868,2026-07-13,NSE,26.93
INE516Y07444,9.5231,2026-07-14,NSE,101.98
INE516Y07444,9.4996,2026-07-15,NSE,6.6
INE516Y07444,9.5464,2026-07-16,NSE,70.7
INE516Y07444,9.5371,2026-07-17,NSE,225.57
INE516Y07444,9.4269,2026-07-20,NSE,37.68
INE516Y07444,9.2728,2026-07-21,BSE,33.75
INE516Y07444,9.0914,2026-07-22,BSE,36.41
INE516Y07444,9.6122,2026-07-23,NSE,25.77
INE516Y07444,9.1207,2026-07-24,BSE,4.45
INE516Y07444,8.7695,2026-07-27,BSE,21.32
INE516Y07444,8.867,2026-07-28,BSE,57.15
INE516Y07444,8.84,2026-07-29,BSE,102.39
INE516Y07444,8.8105,2026-07-30,BSE,73.89
INE516Y07519,7.95,2026-06-15,NSE,12.0
INE516Y07519,7.94,2026-06-16,BSE,12.0
INE516Y07519,8.0,2026-06-18,NSE,10.0
INE516Y07519,7.99,2026-06-19,BSE,12.0
INE516Y07519,7.85,2026-06-22,BSE,10.0
INE522D07CH7,8.5,2026-06-08,NSE,50.0
INE522D07CH7,8.2,2026-06-09,NSE,75.0
INE522D07CH7,7.65,2026-06-16,NSE,5.0
INE522D07CK1,8.35,2026-07-03,BSE,1.0
INE522D07CK1,8.4926,2026-07-14,NSE,5.05
INE522D07CK1,8.6996,2026-07-23,NSE,100.04
INE522D07CK1,8.6465,2026-07-24,BSE,46.0
INE523L07983,9.0,2026-07-29,NSE,1.6
INE523L07AM2,8.8922,2026-06-15,BSE,13.9
INE523L07AM2,9.0,2026-06-23,NSE,1.16
INE523L07AM2,8.8232,2026-07-10,NSE,12.23
INE523L07AM2,9.0,2026-07-16,NSE,1.89
INE523L07AM2,8.9885,2026-07-24,BSE,7.84
INE523L07AM2,9.0,2026-07-27,NSE,2.12
INE523L07AQ3,9.3,2026-06-23,NSE,25.0
INE523L07AR1,8.6851,2026-06-10,BSE,41.34
INE523L07AR1,8.99,2026-06-16,BSE,1.94
INE523L07AR1,9.24,2026-06-19,BSE,1.4
INE523L07AR1,9.12,2026-06-29,BSE,1.58
INE523L07AR1,9.212,2026-07-06,BSE,1.23
INE523L07AR1,9.39,2026-07-08,BSE,21.52
INE523L07AR1,9.59,2026-07-17,BSE,7.2
INE523L07AR1,9.0425,2026-07-20,BSE,10.08
INE523L07AR1,9.59,2026-07-21,BSE,11.4
INE523L07AR1,9.64,2026-07-22,BSE,9.86
INE523L07AR1,9.2283,2026-07-23,BSE,10.56
INE523L07AR1,8.89,2026-07-28,BSE,20.0
INE523L07AR1,9.1167,2026-07-30,BSE,30.0
INE523L07AU5,9.0306,2026-06-09,NSE,15.0
INE523L07AU5,9.0145,2026-06-15,BSE,10.0
INE523L07AU5,9.0132,2026-06-30,NSE,5.0
INE523L07AU5,8.9565,2026-07-06,BSE,5.0
INE523L07AU5,8.9383,2026-07-29,NSE,14.0
INE530B07468,9.2504,2026-06-08,NSE,10.0
INE530B07468,9.225,2026-06-09,BSE,4.24
INE530B07468,9.125,2026-06-10,BSE,2.74
INE530B07468,8.85,2026-06-11,BSE,5.0
INE530B07468,8.985,2026-06-15,BSE,1.88
INE530B07468,8.915,2026-06-25,BSE,1.96
INE530B07468,8.815,2026-06-29,BSE,17.04
INE530B07468,9.1655,2026-06-30,NSE,5.0
INE530B07468,9.185,2026-07-01,BSE,6.0
INE530B07468,8.565,2026-07-02,BSE,13.4
INE530B07468,8.5426,2026-07-06,BSE,2.59
INE530B07468,8.975,2026-07-08,BSE,17.34
INE530B07468,9.055,2026-07-15,BSE,3.16
INE530B07468,8.975,2026-07-20,BSE,2.36
INE530B07468,9.275,2026-07-22,BSE,6.36
INE530B07468,9.2255,2026-07-24,BSE,1.86
INE530B07468,8.975,2026-07-27,BSE,1.6
INE530B07476,9.59,2026-06-24,BSE,3.04
INE530B07484,9.1246,2026-06-29,BSE,2.0
INE530B07534,9.46,2026-06-08,BSE,2.53
INE530B07534,9.48,2026-06-09,BSE,3.52
INE530B07534,9.28,2026-06-11,BSE,1.23
INE530B07534,9.23,2026-06-16,BSE,1.21
INE530B07534,9.38,2026-06-19,BSE,1.63
INE530B07617,9.1,2026-06-11,NSE,1.4
INE530B07617,9.1,2026-06-16,NSE,3.57
INE530B07617,9.1,2026-06-19,NSE,1.39
INE530B07617,9.08,2026-06-24,BSE,4.0
INE530B07617,8.6428,2026-06-25,NSE,3.16
INE530B07617,9.1,2026-06-29,NSE,7.97
INE530B07617,9.1485,2026-06-30,NSE,2.06
INE530B07617,9.14,2026-07-01,BSE,2.0
INE530B07617,9.1,2026-07-03,NSE,1.01
INE530B07617,9.1,2026-07-06,NSE,1.51
INE530B07617,9.1,2026-07-07,NSE,3.25
INE530B07617,9.1,2026-07-10,NSE,1.52
INE530B07617,8.9963,2026-07-13,BSE,1.89
INE530B07617,9.1,2026-07-14,NSE,1.78
INE530B07617,9.1,2026-07-15,NSE,1.4
INE530B07617,9.21,2026-07-16,BSE,4.0
INE530B07617,9.0957,2026-07-22,NSE,1.4
INE530B07617,9.1,2026-07-27,NSE,1.57
INE530B07617,8.99,2026-07-28,BSE,20.0
INE530B07617,8.8943,2026-07-30,BSE,40.24
INE530B07658,9.4571,2026-06-18,BSE,14.0
INE530B07658,9.4,2026-06-19,BSE,4.0
INE530B07658,9.5,2026-07-01,BSE,10.0
INE530B07658,9.4,2026-07-06,BSE,2.0
INE530B07658,9.4999,2026-07-24,BSE,1.0
INE530B07658,9.4,2026-07-30,BSE,2.0
INE530B07666,9.3,2026-06-11,NSE,10.0
INE530B07666,9.1,2026-06-12,NSE,10.0
INE530B07666,9.3,2026-06-16,NSE,15.0
INE530B07666,9.2915,2026-06-18,BSE,15.28
INE530B07666,9.3,2026-06-22,NSE,15.0
INE530B07666,9.03,2026-06-23,BSE,30.0
INE530B07666,8.82,2026-06-29,BSE,2.56
INE530B07666,9.05,2026-07-08,NSE,10.0
INE530B07666,8.575,2026-07-09,BSE,20.0
INE530B07666,9.0,2026-07-10,BSE,6.0
INE530B07666,8.97,2026-07-14,BSE,3.22
INE530B07666,9.055,2026-07-15,BSE,2.9
INE530B07666,9.03,2026-07-17,NSE,10.0
INE530B07666,9.01,2026-07-21,BSE,10.0
INE530B07666,9.05,2026-07-23,NSE,10.0
INE530B07666,8.7,2026-07-24,BSE,20.0
INE530B07666,8.9999,2026-07-27,BSE,10.06
INE530B07666,8.7063,2026-07-28,BSE,21.6
INE530B08185,9.2932,2026-06-22,NSE,5.0
INE530B08185,9.1318,2026-07-09,BSE,6.0
INE530B08185,9.29,2026-07-10,BSE,6.0
INE530B08185,9.201,2026-07-27,NSE,5.0
INE530B08185,9.2867,2026-07-30,BSE,5.5
INE530B08193,9.467,2026-06-09,NSE,75.0
INE530B08193,9.4625,2026-06-10,BSE,31.7
INE530B08193,9.5338,2026-06-11,BSE,6.55
INE530B08193,9.53,2026-06-12,NSE,2.21
INE530B08193,8.7599,2026-06-18,BSE,7.0
INE530B08193,8.85,2026-06-19,BSE,7.0
INE530B08193,8.8457,2026-06-22,BSE,7.0
INE530B08193,9.5546,2026-06-23,NSE,61.6
INE530B08193,9.4338,2026-06-30,NSE,50.25
INE530B08193,9.4976,2026-07-08,NSE,78.3
INE530B08193,8.9314,2026-07-10,BSE,1.5
INE530B08193,9.9494,2026-07-14,NSE,30.06
INE530B08193,9.569,2026-07-15,NSE,29.0
INE530B08193,9.4462,2026-07-24,BSE,15.0
INE530B08193,9.6464,2026-07-27,NSE,20.24
INE530B08193,9.9439,2026-07-28,NSE,25.0
INE530B08193,9.6501,2026-07-30,BSE,22.02
INE530B08201,9.88,2026-06-08,NSE,16.0
INE530B08201,9.8749,2026-06-10,NSE,32.0
INE530B08201,9.8328,2026-06-15,BSE,66.0
INE530B08201,9.8771,2026-06-16,BSE,5.0
INE530B08201,9.5124,2026-06-22,BSE,162.0
INE530B08201,9.4947,2026-06-23,BSE,75.0
INE530B08201,9.8778,2026-06-24,BSE,14.0
INE530B08201,9.8077,2026-06-30,NSE,71.0
INE530B08201,9.8461,2026-07-01,NSE,80.0
INE530B08201,9.8845,2026-07-02,NSE,50.0
INE530B08201,9.8911,2026-07-03,BSE,41.0
INE530B08201,9.8369,2026-07-08,BSE,44.0
INE530B08201,9.55,2026-07-14,NSE,36.0
INE530B08201,9.8321,2026-07-15,BSE,75.0
INE530B08201,9.8826,2026-07-20,BSE,20.0
INE530B08201,9.88,2026-07-21,NSE,20.0
INE530B08201,9.815,2026-07-23,BSE,38.0
INE530B08201,9.8155,2026-07-27,BSE,25.0
INE530B08201,9.7973,2026-07-29,BSE,19.0
INE530B08201,9.8601,2026-07-30,BSE,74.0
INE530B08227,9.9346,2026-06-23,NSE,25.0
INE530B08227,9.9346,2026-06-24,NSE,25.0
INE530B08227,9.9349,2026-06-29,NSE,25.0
INE530B08227,9.6877,2026-07-01,NSE,90.0
INE530B08227,9.7843,2026-07-02,NSE,30.0
INE530B08227,9.6779,2026-07-03,BSE,30.0
INE530B08227,9.6403,2026-07-17,BSE,9.0
INE530B08227,9.6452,2026-07-20,BSE,55.0
INE530B08227,9.65,2026-07-21,NSE,5.0
INE530B08235,9.0967,2026-06-09,NSE,71.5
INE530B08235,9.2777,2026-06-11,NSE,83.24
INE530B08235,9.2776,2026-06-12,BSE,5.0
INE530B08235,9.2775,2026-06-16,NSE,5.0
INE530B08235,9.28,2026-06-18,BSE,5.0
INE530B08235,9.2774,2026-06-19,NSE,31.75
INE530B08235,9.2147,2026-06-22,NSE,230.75
INE530B08235,9.2205,2026-06-24,NSE,47.0
INE530B08235,9.2285,2026-06-25,BSE,50.0
INE530B08235,9.2745,2026-06-29,NSE,510.0
INE530B08235,9.3822,2026-06-30,NSE,10.0
INE530B08235,9.2773,2026-07-01,NSE,20.0
INE530B08235,9.3946,2026-07-02,BSE,71.0
INE530B08235,9.2523,2026-07-06,BSE,10.0
INE530B08235,9.4081,2026-07-07,BSE,10.0
INE530B08235,9.42,2026-07-08,BSE,28.0
INE530B08235,9.2707,2026-07-14,BSE,30.0
INE530B08235,9.2773,2026-07-15,NSE,25.0
INE530B08235,9.2773,2026-07-16,BSE,5.0
INE530B08235,9.2774,2026-07-21,NSE,1.0
INE530B08235,9.2734,2026-07-22,NSE,50.0
INE530B08235,9.2647,2026-07-23,BSE,10.0
INE530B08235,9.2118,2026-07-24,NSE,10.0
INE530B08235,9.3641,2026-07-27,NSE,39.0
INE530B08235,9.595,2026-07-28,BSE,13.9
INE530B08235,9.2775,2026-07-29,BSE,6.0
INE530B08235,9.2635,2026-07-30,BSE,1.0
INE530B08243,9.8743,2026-06-22,NSE,18.0
INE530B08243,9.8326,2026-07-08,BSE,28.0
INE530B08243,9.8082,2026-07-23,BSE,12.0
INE530B08243,9.7804,2026-07-28,BSE,44.0
INE530B08243,9.7965,2026-07-29,BSE,6.0
INE530B08243,9.7949,2026-07-30,BSE,6.0
INE530B08250,9.8877,2026-06-10,BSE,69.0
INE530B08250,9.9,2026-06-11,BSE,7.0
INE530B08250,9.8872,2026-06-17,BSE,38.0
INE530B08250,9.8496,2026-06-24,BSE,21.0
INE530B08250,9.9,2026-06-29,BSE,1.0
INE530B08250,9.9,2026-07-14,BSE,2.0
INE530B08250,9.9,2026-07-20,BSE,1.0
INE530B08250,9.8741,2026-07-21,BSE,1.0
INE530L07BJ1,11.0,2026-07-02,BSE,28.0
INE530L07BJ1,11.0,2026-07-03,BSE,1.0
INE530L07BJ1,10.2857,2026-07-06,BSE,3.5
INE530L07BJ1,11.0,2026-07-07,BSE,1.55
INE530L07BJ1,11.0,2026-07-08,NSE,1.3
INE530L07BJ1,11.0,2026-07-09,BSE,1.2
INE530L07BJ1,11.0,2026-07-10,BSE,10.3
INE530L07BJ1,10.75,2026-07-13,BSE,1.0
INE530L07BK9,10.8667,2026-07-15,BSE,3.0
INE530L07BK9,10.8,2026-07-16,BSE,3.0
INE530L07BK9,10.9934,2026-07-20,BSE,1.22
INE530L07BK9,11.0,2026-07-21,BSE,5.0
INE530L07BK9,11.0,2026-07-28,BSE,10.0
INE535H07CH0,7.59,2026-07-07,NSE,25.0
INE535H07CH0,7.6,2026-07-10,NSE,175.0
INE535H07CK4,8.0,2026-06-10,NSE,200.0
INE535H07CK4,7.75,2026-06-23,NSE,75.0
INE535H07CQ1,8.2,2026-06-15,NSE,200.0
INE535H07CQ1,7.72,2026-07-07,NSE,15.0
INE537P07745,7.72,2026-06-30,BSE,10.0
INE537P07745,7.9,2026-07-24,BSE,1.0
INE537P07745,7.9,2026-07-30,NSE,3.0
INE537P07752,7.25,2026-06-16,NSE,475.0
INE537P07844,7.82,2026-07-03,NSE,20.0
INE537P07844,7.8,2026-07-07,NSE,20.0
INE537P07844,7.91,2026-07-14,NSE,55.4
INE537P07885,7.9,2026-06-09,NSE,50.0
INE537P07885,7.76,2026-06-11,NSE,50.0
INE537P07885,7.92,2026-06-18,NSE,25.0
INE537P07885,7.925,2026-07-15,NSE,25.0
INE537P07885,7.92,2026-07-16,NSE,8.7
INE537P07901,7.932,2026-06-29,NSE,425.0
INE537P07901,7.92,2026-06-30,NSE,105.0
INE537P07901,7.9309,2026-07-01,NSE,100.0
INE537P07901,7.9307,2026-07-02,NSE,50.0
INE538F07157,21.55,2026-07-29,BSE,43.4
INE539K07171,8.8923,2026-06-15,NSE,10.0
INE539K07189,9.13,2026-06-30,NSE,15.0
INE539K07189,8.9,2026-07-02,BSE,2.0
INE539K07189,8.945,2026-07-14,NSE,1.0
INE539K07189,8.96,2026-07-16,NSE,2.5
INE539K07189,9.01,2026-07-17,NSE,2.5
INE539K07189,9.062,2026-07-20,NSE,2.0
INE539K07189,9.0,2026-07-23,BSE,1.1
INE539K07205,9.0356,2026-06-11,NSE,5.0
INE539K07205,9.066,2026-06-19,NSE,20.0
INE539K07221,9.0405,2026-06-11,NSE,1.2
INE539K07221,9.0523,2026-06-22,BSE,1.2
INE539K07221,9.043,2026-06-23,BSE,1.2
INE539K07338,8.35,2026-07-28,BSE,5.0
INE539K07346,9.5102,2026-06-09,NSE,177.0
INE539K07346,9.4343,2026-06-10,NSE,29.1
INE539K07346,9.3401,2026-06-11,NSE,23.3
INE539K07346,9.3415,2026-06-12,NSE,26.0
INE539K07346,9.31,2026-06-15,NSE,2.0
INE539K07346,9.3,2026-06-16,NSE,2.0
INE539K07346,9.0873,2026-06-17,NSE,2.6
INE539K07346,9.1304,2026-06-18,NSE,6.41
INE539K07346,9.0478,2026-06-22,BSE,3.15
INE539K07346,9.4928,2026-06-25,NSE,6.5
INE539K07346,9.2983,2026-07-03,BSE,6.09
INE539K07346,9.4698,2026-07-07,NSE,6.22
INE539K07346,9.3693,2026-07-16,NSE,3.0
INE539K07346,9.2066,2026-07-22,BSE,8.05
INE539K07346,9.0,2026-07-24,NSE,1.52
INE539K08187,9.25,2026-06-25,BSE,1.0
INE539K08187,9.25,2026-07-14,BSE,1.5
INE539K08203,9.5,2026-06-08,BSE,1.0
INE539K08203,9.52,2026-06-12,BSE,1.0
INE539K08203,8.15,2026-06-15,NSE,1.0
INE539K08203,9.13,2026-06-24,BSE,1.0
INE539K08203,9.25,2026-07-15,NSE,1.0
INE539K08211,9.5,2026-06-08,BSE,1.0
INE539K08211,9.52,2026-06-12,BSE,1.0
INE539K08211,8.39,2026-06-15,NSE,1.0
INE539K08211,9.25,2026-07-15,NSE,3.0
INE539K08237,10.28,2026-07-10,NSE,10.0
INE539K08237,10.0,2026-07-17,BSE,1.0
INE539K08237,8.13,2026-07-22,BSE,5.0
INE539K08237,8.6438,2026-07-30,BSE,8.0
INE540P07178,8.908,2026-06-08,BSE,4.2
INE540P07178,8.15,2026-06-09,BSE,2.1
INE540V07036,18.974,2026-06-22,BSE,1.0
INE545L07044,14.339,2026-06-09,BSE,3.08
INE545L07044,14.3444,2026-06-29,BSE,20.06
INE545L07044,12.7642,2026-07-27,BSE,1.18
INE545L07044,13.1476,2026-07-28,BSE,1.22
INE549K07GC7,9.0,2026-06-16,BSE,4.0
INE549K07GE3,9.8,2026-06-11,BSE,15.0
INE549K07GE3,9.56,2026-06-17,NSE,7.0
INE549K07GE3,9.5415,2026-06-18,NSE,1.0
INE549K07GE3,9.3,2026-07-13,BSE,5.0
INE549K07GE3,9.4,2026-07-20,NSE,5.0
INE549K07GE3,9.33,2026-07-22,NSE,5.0
INE549K07GE3,9.28,2026-07-23,BSE,5.0
INE549K07GT1,9.5,2026-06-11,BSE,1.0
INE549K07GT1,9.4612,2026-06-12,BSE,1.1
INE549K07GT1,9.44,2026-06-17,BSE,1.0
INE549K07GZ8,9.4418,2026-07-01,NSE,2.0
INE549K07GZ8,9.42,2026-07-03,BSE,1.0
INE549K07HA9,9.2,2026-06-23,BSE,3.0
INE549K07HA9,9.45,2026-07-17,BSE,1.0
INE549K07HB7,8.4105,2026-06-22,NSE,1.87
INE549K07HB7,9.2998,2026-06-25,BSE,3.0
INE549K07HB7,8.4362,2026-07-16,NSE,2.62
INE549K07HB7,8.3507,2026-07-27,NSE,1.0
INE549K07HC5,9.1881,2026-06-11,BSE,8.52
INE549K07HD3,8.4135,2026-06-08,NSE,1.36
INE549K07HD3,9.3174,2026-06-10,BSE,10.25
INE549K07HD3,8.4568,2026-06-11,NSE,1.06
INE549K07HD3,9.388,2026-06-24,BSE,13.0
INE549K07HD3,9.3076,2026-06-25,BSE,9.01
INE549K07HD3,9.3323,2026-06-29,BSE,5.75
INE549K07HD3,9.1536,2026-06-30,BSE,5.08
INE549K07HD3,9.3841,2026-07-01,BSE,2.2
INE549K07HD3,9.35,2026-07-02,BSE,1.0
INE549K07HD3,8.4036,2026-07-06,NSE,1.94
INE549K07HD3,9.3406,2026-07-09,BSE,5.3
INE549K07HD3,9.1804,2026-07-10,BSE,56.85
INE549K07HD3,9.3405,2026-07-15,BSE,2.1
INE549K07HD3,8.4249,2026-07-16,NSE,4.78
INE549K07HD3,8.3556,2026-07-17,NSE,1.16
INE549K07HD3,9.3448,2026-07-20,BSE,5.08
INE549K07HD3,9.3288,2026-07-21,BSE,10.06
INE549K07HD3,8.3915,2026-07-27,NSE,1.98
INE549K07HD3,8.3646,2026-07-28,NSE,1.1
INE549K07HK8,9.42,2026-06-23,BSE,1.0
INE549K07HK8,9.4499,2026-06-25,NSE,3.7
INE549K07HK8,9.4334,2026-06-29,NSE,13.65
INE549K07HK8,9.4,2026-07-01,NSE,1.0
INE549K07HK8,9.4388,2026-07-15,NSE,23.65
INE549K07HK8,9.4083,2026-07-20,NSE,6.46
INE549K07HK8,9.0012,2026-07-21,NSE,5.02
INE549K07HQ5,9.1107,2026-06-09,BSE,1.6
INE549K07HQ5,9.2,2026-06-11,BSE,5.0
INE549K07HQ5,9.0099,2026-06-23,BSE,7.1
INE549K07HQ5,9.3971,2026-06-24,BSE,20.09
INE549K07HQ5,9.4,2026-06-25,BSE,7.0
INE549K07HQ5,9.3982,2026-06-29,BSE,9.52
INE549K07HQ5,9.4643,2026-06-30,BSE,10.5
INE549K07HQ5,9.224,2026-07-01,BSE,3.2
INE549K07HQ5,9.0,2026-07-02,BSE,3.0
INE549K07HQ5,9.3714,2026-07-06,BSE,21.1
INE549K07HQ5,9.2561,2026-07-15,BSE,40.0
INE549K07HQ5,9.4499,2026-07-16,NSE,40.01
INE549K07IF6,9.7395,2026-06-08,NSE,6.0
INE549K07IF6,9.2715,2026-06-09,NSE,3.5
INE549K07IF6,9.4487,2026-06-10,BSE,1.08
INE549K07IF6,9.3611,2026-06-12,BSE,3.36
INE549K07IF6,9.1595,2026-06-15,BSE,1.14
INE549K07IF6,9.6992,2026-06-16,NSE,3.0
INE549K07IF6,9.3656,2026-06-19,BSE,2.15
INE549K07IF6,9.4489,2026-07-14,BSE,2.01
INE549K07IF6,9.65,2026-07-20,NSE,7.51
INE549K07IF6,9.3,2026-07-30,NSE,1.0
INE549K07IJ8,8.9727,2026-06-30,NSE,5.0
INE549K07IJ8,8.9245,2026-07-30,NSE,5.0
INE549K07IU5,9.46,2026-07-15,NSE,25.0
INE549K07IV3,9.7,2026-07-09,BSE,24.0
INE549K07IV3,9.337,2026-07-15,NSE,4.0
INE549K07IV3,9.698,2026-07-29,BSE,24.0
INE549K07IW1,9.85,2026-07-09,BSE,20.0
INE549K07IW1,9.5232,2026-07-16,BSE,4.0
INE549K07IW1,9.6317,2026-07-27,NSE,2.0
INE549K07IW1,8.4,2026-07-28,NSE,1.0
INE549K07IW1,9.7379,2026-07-30,BSE,2.7
INE549K08269,11.9918,2026-07-03,BSE,1.1
INE549K08269,11.9591,2026-07-13,BSE,1.1
INE549K08541,8.995,2026-06-24,NSE,2.98
INE549K08541,8.9957,2026-06-25,NSE,2.98
INE549K08541,10.325,2026-06-30,BSE,4.0
INE549K08541,10.6,2026-07-07,NSE,1.5
INE549K08541,10.7713,2026-07-09,NSE,34.2
INE549K08541,10.0429,2026-07-10,BSE,50.02
INE549K08558,11.93,2026-06-22,BSE,1.0
INE549K08558,11.74,2026-06-24,BSE,1.0
INE549K08558,11.92,2026-07-16,BSE,1.0
INE549K08574,10.5907,2026-06-08,BSE,1.17
INE549K08574,10.7463,2026-06-09,NSE,1.04
INE549K08574,10.6894,2026-06-10,NSE,2.08
INE549K08574,10.1594,2026-06-15,BSE,1.69
INE549K08574,10.3316,2026-06-16,BSE,1.56
INE549K08574,10.7246,2026-06-17,NSE,2.25
INE549K08574,10.7353,2026-06-23,NSE,4.26
INE549K08574,10.5071,2026-06-25,BSE,6.05
INE549K08574,10.6659,2026-06-30,NSE,1.55
INE549K08574,10.6969,2026-07-06,NSE,1.3
INE549K08574,10.7281,2026-07-09,NSE,1.1
INE549K08574,10.6667,2026-07-16,NSE,1.52
INE549K08582,11.94,2026-07-10,BSE,1.0
INE549K08582,11.75,2026-07-13,BSE,1.0
INE549K08590,10.9256,2026-06-08,BSE,8.05
INE549K08590,10.9317,2026-06-09,BSE,12.57
INE549K08590,11.0433,2026-06-10,NSE,4.05
INE549K08590,10.5369,2026-06-11,BSE,1.43
INE549K08590,10.5499,2026-06-12,BSE,1.84
INE549K08590,10.5335,2026-06-15,BSE,1.68
INE549K08590,10.8808,2026-06-16,BSE,22.73
INE549K08590,10.6938,2026-06-17,BSE,2.7
INE549K08590,10.6126,2026-06-18,BSE,5.28
INE549K08590,10.7989,2026-06-19,BSE,11.52
INE549K08590,10.3336,2026-06-22,BSE,1.01
INE549K08590,10.6998,2026-06-23,BSE,2.3
INE549K08590,10.8675,2026-06-24,BSE,8.67
INE549K08590,10.6795,2026-06-29,BSE,3.22
INE549K08590,10.7045,2026-06-30,BSE,2.24
INE549K08590,10.8431,2026-07-01,BSE,6.02
INE549K08590,10.5027,2026-07-02,BSE,1.3
INE549K08590,10.631,2026-07-03,BSE,1.93
INE549K08590,11.0001,2026-07-06,NSE,2.49
INE549K08590,10.5321,2026-07-07,BSE,3.41
INE549K08590,10.6239,2026-07-08,BSE,2.36
INE549K08590,11.1146,2026-07-09,NSE,9.43
INE549K08590,10.4574,2026-07-10,BSE,3.15
INE549K08590,10.6484,2026-07-13,BSE,4.41
INE549K08590,10.4035,2026-07-14,BSE,2.96
INE549K08590,10.589,2026-07-15,BSE,1.31
INE549K08590,11.1164,2026-07-16,NSE,25.47
INE549K08590,10.6032,2026-07-17,BSE,5.48
INE549K08590,10.5031,2026-07-20,BSE,4.34
INE549K08590,10.495,2026-07-21,BSE,2.1
INE549K08590,10.7085,2026-07-22,BSE,6.37
INE549K08590,10.6384,2026-07-23,BSE,5.9
INE549K08590,10.8554,2026-07-24,NSE,3.27
INE549K08590,10.5527,2026-07-27,BSE,3.87
INE549K08590,10.5515,2026-07-28,BSE,2.18
INE549K08590,10.6834,2026-07-29,BSE,4.46
INE549K08590,10.1503,2026-07-30,NSE,25.21
INE549K08608,11.7384,2026-06-10,BSE,1.0
INE549K08608,11.73,2026-06-11,BSE,1.0
INE549K08608,11.8423,2026-06-16,BSE,8.0
INE549K08608,11.7,2026-06-18,BSE,1.0
INE549K08608,11.4,2026-06-29,BSE,1.0
INE549K08608,11.55,2026-07-22,BSE,2.0
INE549K08632,10.41,2026-07-08,BSE,1.9
INE549K08632,10.65,2026-07-09,BSE,3.0
INE549K08632,10.25,2026-07-17,BSE,7.0
INE549K08632,10.5692,2026-07-21,BSE,2.74
INE549K08632,10.7066,2026-07-22,NSE,2.95
INE549K08632,10.7494,2026-07-30,BSE,15.03
INE556F08KH1,7.275,2026-06-08,NSE,160.0
INE556F08KH1,7.1,2026-06-09,NSE,200.0
INE556F08KH1,7.1,2026-06-10,NSE,120.0
INE556F08KH1,6.845,2026-06-16,NSE,100.0
INE556F08KH1,6.95,2026-06-22,NSE,125.0
INE556F08KH1,6.85,2026-06-25,NSE,100.0
INE556F08KH1,6.58,2026-07-01,NSE,125.0
INE556F08KH1,6.65,2026-07-08,NSE,50.0
INE556F08KH1,6.55,2026-07-13,NSE,75.0
INE556F08KH1,6.65,2026-07-15,NSE,545.0
INE556F08KH1,6.58,2026-07-17,NSE,100.0
INE556F08KH1,6.7,2026-07-21,NSE,75.0
INE556F08KH1,6.4406,2026-07-22,BSE,25.0
INE556F08KH1,6.7,2026-07-23,NSE,25.0
INE556F08KH1,6.58,2026-07-27,NSE,50.0
INE556F08KH1,6.7,2026-07-29,NSE,25.0
INE556F08KH1,6.4,2026-07-30,BSE,40.0
INE556F08KI9,7.2955,2026-06-08,NSE,275.0
INE556F08KI9,7.12,2026-06-09,NSE,100.0
INE556F08KI9,7.1002,2026-06-10,NSE,505.0
INE556F08KI9,7.15,2026-06-11,NSE,385.0
INE556F08KI9,7.105,2026-06-12,NSE,200.0
INE556F08KI9,7.05,2026-06-15,NSE,50.0
INE556F08KI9,6.8652,2026-06-16,NSE,165.0
INE556F08KI9,6.85,2026-06-17,NSE,25.0
INE556F08KI9,6.8667,2026-06-18,NSE,75.0
INE556F08KI9,6.86,2026-06-19,NSE,50.0
INE556F08KI9,6.87,2026-06-22,NSE,10.0
INE556F08KI9,6.9,2026-06-23,NSE,100.0
INE556F08KI9,6.85,2026-06-24,NSE,10.0
INE556F08KI9,6.7,2026-07-08,NSE,25.0
INE556F08KI9,7.0,2026-07-09,NSE,50.0
INE556F08KI9,6.6,2026-07-10,NSE,100.0
INE556F08KI9,6.6,2026-07-17,NSE,100.0
INE556F08KI9,6.625,2026-07-21,NSE,50.0
INE556F08KI9,6.7,2026-07-23,NSE,50.0
INE556F08KI9,6.55,2026-07-27,NSE,5.0
INE556F08KI9,6.7875,2026-07-30,NSE,100.0
INE556F08KJ7,7.2,2026-06-15,NSE,10.0
INE556F08KJ7,7.1,2026-06-18,NSE,200.0
INE556F08KJ7,6.8756,2026-06-23,NSE,195.0
INE556F08KJ7,6.85,2026-06-24,NSE,125.0
INE556F08KJ7,6.9,2026-06-25,NSE,100.0
INE556F08KJ7,6.82,2026-06-30,NSE,75.0
INE556F08KJ7,6.55,2026-07-01,NSE,50.0
INE556F08KJ7,6.7,2026-07-07,NSE,25.0
INE556F08KJ7,6.8,2026-07-16,NSE,10.0
INE556F08KJ7,6.85,2026-07-24,NSE,275.0
INE556F08KJ7,6.55,2026-07-27,NSE,125.0
INE556F08KK5,7.7,2026-06-22,NSE,50.0
INE556F08KK5,7.35,2026-06-30,NSE,60.0
INE556F08KK5,7.18,2026-07-02,NSE,105.0
INE556F08KK5,7.22,2026-07-03,NSE,195.0
INE556F08KK5,7.2,2026-07-06,NSE,175.0
INE556F08KL3,7.355,2026-06-10,NSE,30.0
INE556F08KL3,7.4,2026-06-12,NSE,200.0
INE556F08KL3,7.37,2026-06-16,NSE,50.0
INE556F08KL3,7.22,2026-06-29,NSE,25.0
INE556F08KL3,7.175,2026-07-01,NSE,100.0
INE556F08KL3,7.4367,2026-07-20,NSE,150.0
INE556F08KL3,7.43,2026-07-23,NSE,50.0
INE556F08KL3,7.4,2026-07-30,NSE,75.0
INE556F08KM1,7.5625,2026-06-11,NSE,150.0
INE556F08KM1,7.53,2026-06-24,NSE,50.0
INE556F08KM1,7.1925,2026-07-02,NSE,450.0
INE556F08KM1,7.22,2026-07-03,NSE,100.0
INE556F08KM1,7.4,2026-07-14,NSE,100.0
INE556F08KM1,7.34,2026-07-29,NSE,150.0
INE556F08KN9,7.7,2026-06-12,NSE,25.0
INE556F08KN9,7.45,2026-06-18,BSE,5.0
INE556F08KN9,7.48,2026-06-24,NSE,100.0
INE556F08KN9,7.28,2026-07-01,NSE,50.0
INE556F08KN9,7.22,2026-07-03,NSE,50.0
INE556F08KN9,7.2,2026-07-06,NSE,360.0
INE556F08KN9,7.37,2026-07-13,NSE,25.0
INE556F08KN9,7.43,2026-07-23,NSE,25.0
INE556F08KO7,7.41,2026-06-10,NSE,15.0
INE556F08KO7,7.34,2026-06-11,BSE,30.0
INE556F08KO7,7.5769,2026-06-17,NSE,65.0
INE556F08KO7,7.45,2026-06-18,BSE,15.0
INE556F08KO7,7.46,2026-07-22,NSE,25.0
INE556F08KO7,7.45,2026-07-23,NSE,50.0
INE556F08KP4,7.6091,2026-06-11,NSE,705.0
INE556F08KP4,7.2,2026-06-12,BSE,5.0
INE556F08KP4,7.54,2026-06-18,NSE,25.0
INE556F08KP4,7.7459,2026-06-23,NSE,8.0
INE556F08KP4,7.28,2026-07-01,NSE,75.0
INE556F08KP4,7.2,2026-07-02,NSE,25.0
INE556F08KQ2,7.2,2026-07-02,NSE,25.0
INE556F08KQ2,7.49,2026-07-16,NSE,5.0
INE556F08KR0,7.35,2026-06-12,NSE,75.0
INE556F08KR0,7.24,2026-06-25,NSE,25.0
INE556F08KS8,7.56,2026-06-08,NSE,25.0
INE556F08KS8,7.4178,2026-06-09,NSE,225.0
INE556F08KS8,7.44,2026-06-10,NSE,50.0
INE556F08KS8,7.35,2026-06-15,NSE,15.0
INE556F08KS8,7.43,2026-06-22,NSE,25.0
INE556F08KS8,7.4233,2026-06-23,NSE,75.0
INE556F08KS8,7.39,2026-06-24,NSE,50.0
INE556F08KS8,7.35,2026-06-25,NSE,25.0
INE556F08KS8,7.232,2026-06-30,NSE,190.0
INE556F08KS8,7.2269,2026-07-01,NSE,255.0
INE556F08KS8,7.25,2026-07-03,NSE,100.0
INE556F08KS8,7.29,2026-07-07,NSE,100.0
INE556F08KS8,7.35,2026-07-09,NSE,25.0
INE556F08KS8,7.45,2026-07-15,NSE,50.0
INE556F08KS8,7.451,2026-07-17,NSE,125.0
INE556F08KS8,7.41,2026-07-27,NSE,150.0
INE556F08KT6,7.38,2026-06-25,NSE,175.0
INE556F08KT6,7.2,2026-07-08,NSE,175.0
INE556F08KT6,7.52,2026-07-24,NSE,50.0
INE556F08KT6,7.42,2026-07-27,NSE,25.0
INE556F08KT6,7.46,2026-07-30,NSE,75.0
INE556F08KU4,7.39,2026-06-24,NSE,25.0
INE556F08KU4,7.25,2026-07-01,NSE,135.0
INE556F08KU4,7.2,2026-07-06,NSE,100.0
INE556F08KU4,7.47,2026-07-20,NSE,25.0
INE556F08KU4,7.4,2026-07-27,NSE,75.0
INE556F08KV2,7.4023,2026-06-12,NSE,75.0
INE556F08KV2,7.45,2026-07-20,NSE,50.0
INE556F08KV2,7.4,2026-07-21,NSE,150.0
INE556F08KV2,7.3725,2026-07-27,NSE,200.0
INE556F08KV2,7.43,2026-07-30,NSE,25.0
INE556F08KW0,7.37,2026-06-10,NSE,100.0
INE556F08KW0,7.35,2026-06-11,NSE,100.0
INE556F08KW0,7.35,2026-06-12,NSE,25.0
INE556F08KW0,7.34,2026-06-17,NSE,5.0
INE556F08KW0,7.34,2026-06-23,NSE,100.0
INE556F08KW0,7.22,2026-06-29,NSE,175.0
INE556F08KW0,7.18,2026-07-01,NSE,25.0
INE556F08KW0,7.15,2026-07-03,NSE,25.0
INE556F08KW0,7.21,2026-07-07,NSE,75.0
INE556F08KW0,7.3,2026-07-09,NSE,25.0
INE556F08KW0,7.375,2026-07-16,NSE,25.0
INE556F08KW0,7.39,2026-07-21,NSE,200.0
INE556F08KW0,7.42,2026-07-24,NSE,25.0
INE556F08KW0,7.38,2026-07-29,NSE,25.0
INE556F08KX8,7.36,2026-06-09,NSE,200.0
INE556F08KX8,7.4822,2026-06-11,NSE,225.0
INE556F08KX8,7.39,2026-06-25,NSE,25.0
INE556F08KX8,7.3719,2026-07-01,NSE,25.0
INE556F08KX8,7.18,2026-07-02,NSE,25.0
INE556F08KX8,7.43,2026-07-30,NSE,25.0
INE556F08KY6,7.22,2026-06-30,NSE,25.0
INE556F08KZ3,7.565,2026-06-08,NSE,25.0
INE556F08KZ3,7.45,2026-06-09,NSE,150.0
INE556F08KZ3,7.4,2026-06-15,NSE,25.0
INE556F08KZ3,7.4,2026-06-24,NSE,50.0
INE556F08KZ3,7.35,2026-06-25,NSE,50.0
INE556F08KZ3,7.23,2026-06-30,NSE,50.0
INE556F08KZ3,7.255,2026-07-01,NSE,50.0
INE556F08KZ3,7.225,2026-07-02,NSE,250.0
INE556F08KZ3,7.2467,2026-07-03,NSE,150.0
INE556F08KZ3,7.22,2026-07-06,NSE,100.0
INE556F08KZ3,7.22,2026-07-08,NSE,175.0
INE556F08KZ3,7.48,2026-07-16,NSE,50.0
INE556F08KZ3,7.44,2026-07-17,NSE,100.0
INE556F08LA4,7.48,2026-06-08,NSE,50.0
INE556F08LA4,7.356,2026-06-10,NSE,235.0
INE556F08LA4,7.4179,2026-06-11,NSE,355.0
INE556F08LA4,7.35,2026-06-12,NSE,50.0
INE556F08LA4,7.22,2026-06-19,NSE,25.0
INE556F08LA4,7.3597,2026-06-22,NSE,75.0
INE556F08LA4,7.36,2026-06-23,NSE,50.0
INE556F08LA4,7.23,2026-06-29,NSE,50.0
INE556F08LA4,7.18,2026-06-30,NSE,50.0
INE556F08LA4,7.1475,2026-07-03,NSE,50.0
INE556F08LA4,7.23,2026-07-06,NSE,50.0
INE556F08LA4,7.2198,2026-07-07,NSE,365.0
INE556F08LA4,7.3,2026-07-13,NSE,350.0
INE556F08LA4,7.44,2026-07-20,NSE,25.0
INE556F08LA4,7.3,2026-07-22,BSE,25.0
INE556F08LA4,7.2777,2026-07-29,BSE,25.0
INE556F08LA4,7.41,2026-07-30,NSE,50.0
INE556F08LB2,7.52,2026-06-08,NSE,5.0
INE556F08LB2,7.3448,2026-06-10,NSE,185.0
INE556F08LB2,7.3938,2026-06-11,NSE,80.0
INE556F08LB2,7.3292,2026-06-12,NSE,26.02
INE556F08LB2,7.32,2026-06-18,NSE,25.0
INE556F08LB2,7.2072,2026-06-23,BSE,1.96
INE556F08LB2,7.28,2026-06-24,NSE,50.0
INE556F08LB2,7.21,2026-07-07,NSE,100.0
INE556F08LB2,7.3,2026-07-09,NSE,50.0
INE556F08LB2,7.3,2026-07-13,NSE,100.0
INE556F08LB2,7.4,2026-07-15,NSE,25.0
INE556F08LB2,7.2102,2026-07-22,BSE,1.96
INE556F08LB2,7.38,2026-07-29,NSE,25.0
INE556F08LB2,7.43,2026-07-30,NSE,50.0
INE556F08LC0,7.478,2026-06-08,NSE,275.0
INE556F08LC0,7.46,2026-06-11,NSE,100.0
INE556F08LC0,7.4288,2026-06-12,NSE,80.0
INE556F08LC0,7.3441,2026-06-16,NSE,100.0
INE556F08LC0,7.37,2026-06-25,NSE,15.0
INE556F08LC0,7.3526,2026-07-01,NSE,15.0
INE556F08LC0,7.1829,2026-07-02,NSE,35.0
INE556F08LC0,7.3875,2026-07-14,NSE,10.0
INE556F08LC0,7.39,2026-07-21,NSE,200.0
INE556F08LC0,7.45,2026-07-24,NSE,25.0
INE556F08LC0,7.37,2026-07-27,NSE,25.0
INE556F08LD8,7.505,2026-06-08,NSE,150.0
INE556F08LD8,7.43,2026-07-23,NSE,20.0
INE556F08LD8,7.49,2026-07-24,NSE,20.0
INE556F08LE6,7.2708,2026-06-08,NSE,1472.61
INE556F08LE6,7.2718,2026-06-09,NSE,200.0
INE556F08LF3,7.3968,2026-06-22,NSE,879.67
INE556F08LF3,7.3933,2026-06-23,NSE,275.0
INE556F08LF3,7.3835,2026-06-24,NSE,411.67
INE556F08LF3,7.3665,2026-06-25,NSE,1435.0
INE556F08LF3,7.3226,2026-06-29,NSE,400.0
INE556F08LF3,7.26,2026-06-30,NSE,200.0
INE556F08LF3,7.2381,2026-07-01,NSE,225.0
INE556F08LF3,7.1541,2026-07-02,NSE,550.0
INE556F08LF3,7.16,2026-07-03,BSE,25.0
INE556F08LF3,7.18,2026-07-06,NSE,25.0
INE556F08LF3,7.23,2026-07-07,NSE,75.0
INE556F08LF3,7.312,2026-07-09,NSE,125.0
INE556F08LF3,7.3657,2026-07-10,NSE,310.0
INE556F08LF3,7.305,2026-07-13,NSE,25.0
INE556F08LF3,7.4164,2026-07-22,NSE,175.0
INE556F08LF3,7.415,2026-07-24,NSE,150.0
INE556F08LF3,7.34,2026-07-27,NSE,25.0
INE556F08LF3,7.3802,2026-07-28,NSE,175.0
INE556F08LF3,7.35,2026-07-29,NSE,100.0
INE556F08LF3,7.36,2026-07-30,NSE,25.0
INE556F08LG1,7.3023,2026-07-14,NSE,872.73
INE556F08LG1,7.2969,2026-07-15,NSE,272.73
INE556F08LG1,7.3607,2026-07-16,NSE,125.0
INE556F08LG1,7.38,2026-07-17,NSE,75.0
INE556F08LG1,7.3006,2026-07-21,NSE,75.48
INE556F08LG1,7.34,2026-07-29,NSE,100.0
INE557F07108,5.31,2026-06-17,NSE,3.75
INE557F07108,5.15,2026-06-18,BSE,1.88
INE557F07108,5.185,2026-07-29,BSE,1.8
INE557F07157,5.225,2026-06-25,BSE,1.3
INE557F07157,5.22,2026-07-20,BSE,5.0
INE557F08FR8,7.3222,2026-06-08,NSE,135.0
INE557F08FR8,7.062,2026-06-09,NSE,125.0
INE557F08FR8,6.456,2026-07-01,NSE,375.0
INE557F08FR8,6.15,2026-07-03,NSE,135.0
INE557F08FR8,6.5,2026-07-08,NSE,100.0
INE557F08FR8,6.5,2026-07-09,NSE,100.0
INE557F08FT4,7.0,2026-07-16,NSE,100.0
INE557F08FT4,7.0,2026-07-20,NSE,70.0
INE557F08FX6,7.32,2026-06-11,NSE,75.0
INE557F08FX6,7.0,2026-07-02,NSE,25.0
INE557F08FX6,7.25,2026-07-20,NSE,50.0
INE557F08FY4,7.53,2026-06-08,NSE,50.0
INE557F08FY4,7.3,2026-06-18,NSE,200.0
INE557F08FY4,7.23,2026-06-22,NSE,100.0
INE557F08FY4,7.23,2026-06-23,NSE,50.0
INE557F08FY4,7.25,2026-07-28,NSE,25.0
INE557F08FY4,7.26,2026-07-29,NSE,20.0
INE557F08FZ1,7.47,2026-06-08,NSE,200.0
INE557F08FZ1,7.35,2026-06-09,NSE,50.0
INE557F08FZ1,7.35,2026-06-10,NSE,25.0
INE557F08FZ1,7.3511,2026-06-12,NSE,225.0
INE557F08FZ1,7.3,2026-06-16,NSE,100.0
INE557F08FZ1,7.23,2026-06-22,NSE,100.0
INE557F08FZ1,7.23,2026-06-23,NSE,50.0
INE557F08FZ1,7.3,2026-07-17,NSE,25.0
INE557F08FZ1,7.2514,2026-07-27,NSE,75.0
INE557F08FZ1,7.26,2026-07-29,NSE,10.0
INE557F08GA2,7.5,2026-06-09,NSE,25.0
INE557F08GA2,7.4,2026-06-10,NSE,25.0
INE557F08GB0,7.01,2026-07-16,NSE,100.0
INE557F08GB0,7.01,2026-07-20,NSE,70.0
INE557F08GC8,7.3,2026-06-15,NSE,25.0
INE557F08GC8,7.18,2026-07-16,NSE,25.0
INE557F08GC8,7.17,2026-07-27,NSE,50.0
INE557F08GD6,7.33,2026-06-16,NSE,50.0
INE557F08GE4,7.3,2026-06-17,NSE,50.0
INE557F08GE4,7.31,2026-06-22,NSE,25.0
INE572E07209,7.95,2026-06-11,NSE,25.0
INE572E07209,7.85,2026-06-15,NSE,15.0
INE572E07209,7.82,2026-06-16,BSE,15.0
INE572E07290,8.2166,2026-06-11,NSE,293.34
INE572E07290,8.3407,2026-06-12,NSE,17.29
INE572E07290,7.901,2026-06-15,BSE,7.09
INE572E07290,7.7393,2026-06-16,BSE,14.4
INE572E07290,8.2095,2026-06-17,BSE,1.8
INE572E07290,8.1946,2026-06-22,BSE,1.2
INE572E07290,7.9,2026-06-29,BSE,1.0
INE572E07308,7.8242,2026-07-14,NSE,14.0
INE572J07612,12.0806,2026-06-09,NSE,4.56
INE572J07612,12.0,2026-06-24,BSE,1.34
INE572J07760,13.92,2026-06-15,BSE,4.5
INE572J07760,13.05,2026-06-29,BSE,21.6
INE572J07760,13.033,2026-07-02,BSE,33.41
INE572J07760,13.52,2026-07-06,BSE,22.91
INE572J07760,15.9817,2026-07-07,BSE,56.86
INE572J07760,12.931,2026-07-28,BSE,52.7
INE572J07786,12.649,2026-06-09,NSE,3.78
INE572J07786,12.6,2026-06-10,NSE,3.76
INE572J07786,11.6191,2026-06-16,NSE,1.44
INE572J07786,13.0215,2026-06-22,NSE,13.74
INE572J07786,11.6765,2026-06-30,NSE,1.4
INE572J07786,10.5525,2026-07-17,BSE,8.89
INE572J07786,13.1,2026-07-20,BSE,1.33
INE572J07786,12.725,2026-07-21,BSE,8.0
INE572J07786,12.6658,2026-07-22,BSE,8.44
INE572J07794,13.6889,2026-06-09,BSE,13.3
INE572J07794,12.55,2026-06-10,BSE,6.0
INE572J07794,12.75,2026-06-11,BSE,1.7
INE572J07794,13.0,2026-06-12,BSE,6.25
INE572J07794,13.2,2026-06-17,BSE,6.25
INE572J07794,12.5301,2026-06-19,BSE,6.65
INE572J07794,13.2,2026-06-23,BSE,3.25
INE572J07794,13.0,2026-06-25,BSE,1.05
INE572J07794,14.0,2026-06-29,BSE,1.05
INE572J07794,11.9911,2026-07-01,NSE,1.38
INE572J07794,12.6124,2026-07-02,NSE,2.33
INE572J07794,13.2,2026-07-03,BSE,3.0
INE572J07794,11.8921,2026-07-06,NSE,2.38
INE572J07794,12.05,2026-07-20,BSE,1.2
INE572J07794,13.8519,2026-07-22,BSE,10.03
INE572J07794,12.9769,2026-07-23,BSE,9.89
INE572J07794,12.775,2026-07-24,BSE,5.0
INE572J07810,11.9611,2026-06-08,NSE,7.15
INE572J07810,12.5593,2026-06-09,BSE,11.16
INE572J07810,11.8151,2026-06-10,BSE,4.13
INE572J07810,13.2844,2026-06-11,BSE,40.33
INE572J07810,12.7186,2026-06-12,BSE,14.72
INE572J07810,12.2926,2026-06-15,NSE,13.81
INE572J07810,12.1481,2026-06-16,NSE,6.56
INE572J07810,12.7153,2026-06-17,NSE,8.17
INE572J07810,12.1934,2026-06-18,NSE,2.75
INE572J07810,13.0168,2026-06-19,BSE,4.21
INE572J07810,12.8507,2026-06-22,BSE,11.89
INE572J07810,13.384,2026-06-23,BSE,5.57
INE572J07810,12.48,2026-06-24,BSE,26.6
INE572J07810,12.5062,2026-06-25,NSE,34.62
INE572J07810,11.9141,2026-06-29,NSE,10.72
INE572J07810,11.9572,2026-06-30,NSE,2.8
INE572J07810,13.2067,2026-07-01,BSE,15.27
INE572J07810,13.3214,2026-07-02,BSE,11.58
INE572J07810,11.996,2026-07-03,NSE,5.01
INE572J07810,11.8617,2026-07-06,NSE,8.0
INE572J07810,12.7864,2026-07-07,BSE,6.02
INE572J07810,12.6696,2026-07-08,BSE,2.11
INE572J07810,11.9845,2026-07-09,NSE,1.11
INE572J07810,12.0974,2026-07-10,NSE,1.56
INE572J07810,12.5136,2026-07-13,BSE,1.88
INE572J07810,12.3146,2026-07-14,BSE,1.51
INE572J07810,12.0351,2026-07-17,NSE,1.18
INE572J07810,12.3238,2026-07-20,BSE,2.03
INE572J07810,12.4582,2026-07-21,BSE,1.23
INE572J07810,12.4872,2026-07-22,BSE,1.18
INE572J07810,12.321,2026-07-24,BSE,3.05
INE572J07810,12.3916,2026-07-27,BSE,2.34
INE572J07810,11.8593,2026-07-29,NSE,1.26
INE573D07019,13.5,2026-06-09,BSE,2.0
INE573D07019,13.5,2026-06-12,BSE,2.5
INE573D07019,13.5,2026-07-03,BSE,5.0
INE573D07019,13.5,2026-07-07,BSE,1.0
INE573D07019,13.5,2026-07-08,BSE,5.0
INE573D07019,13.5,2026-07-14,BSE,10.0
INE573D07019,13.5,2026-07-20,BSE,5.0
INE573D07019,13.5,2026-07-21,BSE,1.0
INE573D07019,13.5857,2026-07-29,BSE,7.0
INE575P08032,8.4821,2026-06-16,NSE,5.0
INE575P08040,8.511,2026-06-16,NSE,4.0
INE579F24040,8.18,2026-07-14,NSE,1.47
INE579F24065,8.2,2026-07-24,BSE,1.0
INE579F24073,8.18,2026-07-14,NSE,1.81
INE579F24107,8.18,2026-07-14,NSE,1.91
INE583C07010,17.2,2026-07-08,BSE,9.71
INE583C07010,12.11,2026-07-23,BSE,99.0
INE583C07028,17.2,2026-07-08,BSE,26.34
INE583C07028,15.3,2026-07-14,BSE,2.0
INE583C07028,15.0,2026-07-23,BSE,5.0
INE583C07028,15.0,2026-07-29,BSE,9.0
INE583C07028,15.0,2026-07-30,BSE,5.0
INE583D07521,10.75,2026-06-19,NSE,9.1
INE583D07521,10.233,2026-06-22,NSE,18.2
INE583D07521,9.2559,2026-06-24,NSE,3.01
INE583D07521,9.226,2026-06-25,NSE,6.23
INE583D07521,8.0875,2026-06-29,NSE,1.52
INE583D07521,8.2487,2026-07-01,NSE,1.45
INE583D07521,8.1102,2026-07-02,NSE,3.45
INE583D07521,8.0645,2026-07-03,NSE,2.07
INE583D07562,11.5987,2026-06-08,NSE,1.04
INE583D07570,10.96,2026-06-19,NSE,5.9
INE583D07570,10.2301,2026-06-22,NSE,11.8
INE583D07570,10.1289,2026-07-09,NSE,5.74
INE583D07570,9.8505,2026-07-20,NSE,15.24
INE583D07612,10.2939,2026-06-08,NSE,2.39
INE583D07612,10.3038,2026-06-10,NSE,2.17
INE583D07612,10.67,2026-06-11,BSE,1.0
INE583D07612,10.2954,2026-06-15,NSE,1.57
INE583D07612,10.282,2026-06-22,NSE,1.7
INE583D07612,10.0174,2026-06-24,NSE,1.19
INE583D07612,10.0314,2026-06-25,NSE,1.18
INE583D07612,10.2677,2026-06-29,NSE,2.56
INE583D07612,10.0295,2026-07-01,NSE,1.09
INE583D07612,10.0428,2026-07-06,NSE,1.13
INE583D07612,10.1689,2026-07-20,NSE,1.25
INE583D07620,10.8139,2026-06-08,NSE,7.05
INE583D07620,10.4119,2026-06-09,BSE,8.07
INE583D07620,10.4907,2026-06-12,BSE,1.05
INE583D07620,10.4998,2026-06-19,BSE,2.5
INE583D07620,10.9963,2026-06-22,NSE,3.11
INE583D07620,10.9338,2026-06-24,NSE,6.36
INE583D07620,10.456,2026-07-02,BSE,1.25
INE583D07620,10.3459,2026-07-03,BSE,2.13
INE583D07620,10.8273,2026-07-06,NSE,8.7
INE583D07620,10.4381,2026-07-07,BSE,2.03
INE583D07620,10.45,2026-07-08,BSE,2.0
INE583D07620,10.42,2026-07-09,BSE,5.0
INE583D07620,10.45,2026-07-14,BSE,2.5
INE583D07620,10.3671,2026-07-16,BSE,4.96
INE583D07620,10.3,2026-07-29,BSE,2.0
INE583D07620,9.75,2026-07-30,BSE,2.0
INE583D07638,10.4415,2026-06-08,BSE,5.68
INE583D07638,10.4755,2026-06-09,BSE,6.09
INE583D07638,10.7685,2026-06-10,BSE,5.61
INE583D07638,10.7247,2026-06-11,BSE,1.19
INE583D07638,10.6954,2026-06-15,BSE,1.78
INE583D07638,10.5147,2026-06-17,BSE,1.14
INE583D07638,10.444,2026-06-18,BSE,1.16
INE583D07638,10.6721,2026-06-19,BSE,1.69
INE583D07638,10.58,2026-06-22,BSE,1.17
INE583D07638,11.1086,2026-06-23,BSE,6.01
INE583D07638,11.0081,2026-06-24,BSE,99.31
INE583D07638,10.5088,2026-06-25,BSE,17.6
INE583D07638,10.4798,2026-06-29,BSE,16.56
INE583D07638,11.2057,2026-06-30,BSE,7.19
INE583D07638,10.6841,2026-07-01,BSE,1.72
INE583D07638,10.7096,2026-07-02,BSE,1.56
INE583D07638,10.697,2026-07-03,BSE,1.06
INE583D07638,10.6293,2026-07-06,BSE,2.0
INE583D07638,10.9378,2026-07-07,BSE,3.76
INE583D07638,10.5192,2026-07-08,BSE,21.46
INE583D07638,11.0649,2026-07-09,BSE,3.51
INE583D07638,10.6406,2026-07-10,BSE,11.15
INE583D07638,10.4111,2026-07-13,BSE,1.4
INE583D07638,10.6181,2026-07-14,BSE,1.47
INE583D07638,10.5236,2026-07-16,BSE,1.55
INE583D07638,10.7878,2026-07-20,BSE,8.22
INE583D07638,10.3949,2026-07-22,BSE,1.1
INE583D07638,10.8244,2026-07-24,BSE,1.68
INE583D07638,10.3737,2026-07-27,BSE,1.07
INE583D07638,10.7173,2026-07-28,BSE,1.9
INE583D07638,11.0716,2026-07-29,BSE,6.84
INE583D07638,10.35,2026-07-30,BSE,2.03
INE583D07653,11.0089,2026-06-08,NSE,5.83
INE583D07653,11.0188,2026-06-09,NSE,1.87
INE583D07653,11.0161,2026-06-10,NSE,1.38
INE583D07661,10.552,2026-06-08,NSE,2.96
INE583D07661,11.0429,2026-06-09,NSE,22.57
INE583D07661,10.6915,2026-06-10,NSE,26.81
INE583D07661,10.8064,2026-06-11,NSE,2.78
INE583D07661,10.1532,2026-06-12,BSE,5.0
INE583D07661,11.0111,2026-06-15,NSE,4.37
INE583D07661,11.0716,2026-06-16,NSE,4.65
INE583D07661,11.058,2026-06-17,NSE,2.47
INE583D07661,10.5355,2026-06-18,NSE,4.66
INE583D07661,11.2991,2026-06-19,NSE,22.74
INE583D07661,11.0028,2026-06-22,NSE,4.29
INE583D07661,11.1824,2026-06-23,NSE,6.69
INE583D07661,11.2283,2026-06-24,NSE,16.95
INE583D07661,11.1281,2026-06-25,NSE,26.87
INE583D07661,11.012,2026-06-29,NSE,16.61
INE583D07661,11.1238,2026-06-30,BSE,6.88
INE583D07661,10.5381,2026-07-01,BSE,21.6
INE583D07661,11.0275,2026-07-02,NSE,1.86
INE583D07661,10.3387,2026-07-03,NSE,6.87
INE583D07661,10.0872,2026-07-06,BSE,48.59
INE583D07661,11.1998,2026-07-07,BSE,4.88
INE583D07661,10.9562,2026-07-08,NSE,1.56
INE583D07661,10.9287,2026-07-09,NSE,16.14
INE583D07661,10.9714,2026-07-10,NSE,6.29
INE583D07661,11.0337,2026-07-13,NSE,20.66
INE583D07661,10.8875,2026-07-14,NSE,2.01
INE583D07661,10.3722,2026-07-15,NSE,14.08
INE583D07661,11.0179,2026-07-16,BSE,6.12
INE583D07661,10.8835,2026-07-20,BSE,2.48
INE583D07661,11.029,2026-07-21,BSE,5.62
INE583D07661,10.9186,2026-07-22,NSE,1.98
INE583D07661,10.9741,2026-07-23,NSE,6.17
INE583D07661,10.9692,2026-07-24,NSE,4.55
INE583D07661,11.0061,2026-07-27,NSE,2.68
INE583D07661,10.3032,2026-07-28,BSE,1.2
INE583D07661,10.9711,2026-07-29,NSE,6.08
INE583D07661,10.9707,2026-07-30,NSE,6.22
INE583D08081,12.9438,2026-07-16,BSE,1.46
INE583D08081,12.8036,2026-07-22,BSE,10.31
INE583D08081,13.1314,2026-07-24,BSE,1.4
INE583D08081,12.8112,2026-07-28,BSE,8.87
INE583D08081,12.8929,2026-07-29,BSE,5.33
INE583D08115,13.2,2026-07-22,NSE,1.0
INE583D08115,13.38,2026-07-23,BSE,5.1
INE583D08115,13.1709,2026-07-24,BSE,2.2
INE589R07023,5.0,2026-07-30,NSE,10.0
INE589R07031,5.0,2026-07-30,NSE,35.25
INE589R07049,5.0,2026-07-30,NSE,24.75
INE597F07054,9.0455,2026-07-29,NSE,185.0
INE598T07061,13.75,2026-07-07,BSE,1.0
INE598T07087,11.1,2026-06-18,BSE,40.0
INE598T07087,11.1,2026-07-13,BSE,12.1
INE598T07087,11.34,2026-07-28,BSE,11.8
INE601U08143,8.88,2026-07-01,BSE,1.1
INE601U08143,8.2727,2026-07-13,BSE,2.1
INE601U08275,9.16,2026-06-09,BSE,1.0
INE601U08275,9.1618,2026-06-15,BSE,1.0
INE601U08275,9.1693,2026-07-07,BSE,1.0
INE601U08275,9.17,2026-07-09,BSE,1.0
INE601U08275,9.1745,2026-07-20,BSE,2.0
INE601U08275,9.18,2026-07-22,BSE,1.0
INE601U08275,9.1755,2026-07-23,BSE,1.0
INE601U08275,9.18,2026-07-24,BSE,1.0
INE601U08309,7.6985,2026-06-09,NSE,65.0
INE601U08309,8.5,2026-06-24,BSE,2.0
INE601U08309,7.1,2026-07-06,NSE,35.1
INE601U08309,7.0,2026-07-07,NSE,5.0
INE601U08309,7.1,2026-07-14,NSE,10.0
INE601U08309,7.0,2026-07-17,NSE,25.0
INE601U08309,7.75,2026-07-21,NSE,3.6
INE601U08309,7.75,2026-07-22,NSE,3.6
INE601U08309,7.6882,2026-07-23,BSE,100.0
INE601U08309,7.0921,2026-07-24,NSE,28.5
INE601U08309,7.75,2026-07-27,NSE,1.0
INE601U08309,7.75,2026-07-28,NSE,1.0
INE605Y07148,9.47,2026-06-19,BSE,1.1
INE605Y07148,8.99,2026-06-29,BSE,1.44
INE605Y07148,9.4,2026-07-20,BSE,10.0
INE605Y07148,9.415,2026-07-21,BSE,1.16
INE605Y07148,9.375,2026-07-22,NSE,2.0
INE605Y07148,9.4262,2026-07-29,NSE,22.83
INE605Y07148,9.4218,2026-07-30,NSE,29.73
INE605Y07205,9.55,2026-06-08,BSE,9.96
INE605Y07205,9.38,2026-06-09,BSE,1.24
INE605Y07205,9.64,2026-06-10,BSE,3.22
INE605Y07205,9.99,2026-06-16,BSE,3.52
INE605Y07205,9.08,2026-06-18,BSE,1.22
INE605Y07205,9.89,2026-06-24,BSE,2.6
INE605Y07205,9.03,2026-06-25,BSE,1.22
INE605Y07205,9.01,2026-06-29,BSE,7.78
INE605Y07205,8.8,2026-07-01,BSE,2.34
INE605Y07205,9.6078,2026-07-06,BSE,1.97
INE605Y07205,8.78,2026-07-15,BSE,2.76
INE605Y07205,9.99,2026-07-22,BSE,7.44
INE605Y07205,9.71,2026-07-27,BSE,1.16
INE605Y07205,9.49,2026-07-28,BSE,30.0
INE605Y07205,10.35,2026-07-29,NSE,1.22
INE605Y07213,10.1456,2026-06-11,BSE,6.68
INE605Y07213,9.9925,2026-06-18,BSE,4.0
INE605Y07213,9.895,2026-06-25,BSE,4.0
INE605Y07213,9.865,2026-07-01,BSE,3.5
INE605Y07213,9.585,2026-07-02,BSE,74.98
INE605Y07213,9.995,2026-07-03,BSE,2.58
INE605Y07213,9.99,2026-07-08,BSE,21.38
INE605Y07213,9.66,2026-07-14,BSE,4.86
INE605Y07213,10.35,2026-07-16,NSE,1.56
INE605Y07213,10.35,2026-07-17,NSE,1.02
INE605Y07213,9.99,2026-07-24,BSE,2.2
INE605Y07213,9.71,2026-07-27,BSE,2.5
INE605Y07213,9.99,2026-07-28,BSE,4.8
INE605Y07213,9.2407,2026-07-29,BSE,30.02
INE607M08105,7.93,2026-07-14,NSE,50.0
INE607M08121,7.3946,2026-06-09,NSE,45.0
INE607M08121,7.8831,2026-06-10,NSE,65.0
INE607M08121,7.4543,2026-06-23,NSE,35.0
INE607M08121,7.8641,2026-06-24,NSE,55.0
INE607M08121,7.85,2026-06-25,NSE,100.0
INE607M08121,7.85,2026-06-29,BSE,14.2
INE607M08121,7.95,2026-06-30,NSE,7.1
INE607M08121,7.5143,2026-07-08,NSE,120.0
INE607M08121,7.61,2026-07-23,BSE,10.0
INE607M08121,7.5953,2026-07-24,BSE,10.0
INE607M08121,7.85,2026-07-27,NSE,10.0
INE607M08121,7.431,2026-07-29,NSE,28.0
INE612U08058,13.01,2026-06-23,NSE,1.0
INE612U08066,12.1298,2026-06-08,NSE,2.29
INE612U08074,11.8411,2026-07-27,BSE,1.0
INE612U08074,11.8393,2026-07-30,BSE,30.15
INE620H07019,13.795,2026-07-07,BSE,7.6
INE620H07019,11.595,2026-07-27,BSE,47.0
INE634N07075,0.0001,2026-06-23,NSE,20.7
INE634S07033,7.55,2026-07-02,NSE,25.0
INE635M08015,8.96,2026-06-19,BSE,1.0
INE635M08015,9.05,2026-07-20,NSE,14.0
INE635M08015,8.67,2026-07-21,NSE,14.0
INE635M08023,9.0903,2026-07-15,BSE,25.0
INE635M08023,8.544,2026-07-28,BSE,40.0
INE636F08082,7.699,2026-06-29,NSE,1.0
INE657H08027,8.8063,2026-06-18,NSE,75.0
INE657H08027,8.7816,2026-06-29,NSE,75.0
INE657H08035,8.8054,2026-06-18,NSE,50.0
INE657H08035,8.7848,2026-06-29,NSE,50.0
INE657H08068,8.6113,2026-06-23,NSE,22.5
INE657H08068,8.9848,2026-06-24,NSE,44.0
INE657N07613,13.5,2026-06-08,NSE,38.33
INE657N07613,9.3377,2026-06-09,BSE,19.93
INE657N07613,12.1972,2026-06-18,BSE,1.11
INE657N07613,13.1713,2026-06-22,NSE,13.03
INE657N07613,11.5262,2026-07-23,BSE,9.25
INE657N07613,11.675,2026-07-24,BSE,4.56
INE657N07621,11.75,2026-06-08,BSE,38.34
INE658F08110,9.2629,2026-06-15,BSE,2.57
INE658F08359,9.7096,2026-06-22,NSE,1.0
INE658F08409,9.729,2026-06-24,NSE,4.0
INE658F08409,9.8299,2026-06-25,NSE,4.0
INE658F08425,9.6289,2026-06-15,NSE,7.0
INE658F08425,9.36,2026-07-14,NSE,1.61
INE658F08433,9.3566,2026-06-17,NSE,1.54
INE658F08433,9.279,2026-06-18,BSE,1.76
INE658F08458,9.3951,2026-07-01,BSE,3.12
INE658F08458,9.1958,2026-07-03,BSE,8.0
INE658F08458,9.2661,2026-07-07,BSE,2.91
INE658F08458,9.375,2026-07-09,NSE,10.0
INE658F08458,9.34,2026-07-10,NSE,9.0
INE658F08474,9.9925,2026-06-24,NSE,2.0
INE658F08474,10.0177,2026-06-25,NSE,2.0
INE658F08474,9.36,2026-07-14,NSE,1.67
INE658F08482,9.3929,2026-06-08,BSE,5.1
INE658F08482,9.3994,2026-06-09,BSE,3.1
INE658F08482,9.3901,2026-06-10,BSE,2.02
INE658F08482,9.0381,2026-06-15,BSE,1.31
INE658F08482,9.3065,2026-06-17,BSE,2.61
INE658F08482,9.9925,2026-06-24,NSE,4.0
INE658F08482,10.0172,2026-06-25,NSE,4.0
INE658F08482,9.4054,2026-07-01,BSE,3.01
INE658F08482,9.3955,2026-07-06,BSE,7.08
INE658F08482,9.39,2026-07-07,NSE,7.0
INE658F08482,9.3502,2026-07-08,BSE,1.31
INE658F08482,9.1628,2026-07-09,BSE,1.75
INE658F08482,9.36,2026-07-14,NSE,1.0
INE658F08482,9.3392,2026-07-17,BSE,2.61
INE658F08482,9.1899,2026-07-24,BSE,1.31
INE658F08482,9.1375,2026-07-29,BSE,1.6
INE658F08482,9.5556,2026-07-30,NSE,2.0
INE658F08490,9.5,2026-06-29,NSE,1.0
INE658F08490,9.49,2026-07-01,NSE,1.0
INE658F08508,9.3,2026-07-08,NSE,1.0
INE658F08508,9.51,2026-07-15,NSE,5.0
INE658F08508,9.2617,2026-07-20,BSE,1.04
INE658F08508,9.5306,2026-07-27,BSE,1.1
INE658F08508,9.1117,2026-07-29,BSE,1.31
INE658F08516,9.4159,2026-06-08,NSE,2.31
INE658F08516,9.2818,2026-06-15,BSE,4.5
INE658F08516,9.38,2026-06-17,BSE,3.0
INE658F08516,9.4049,2026-06-18,NSE,10.0
INE658F08516,9.382,2026-06-19,BSE,1.13
INE658F08516,9.5419,2026-06-22,NSE,13.25
INE658F08516,9.1733,2026-06-24,BSE,1.32
INE658F08516,9.1901,2026-06-29,BSE,1.25
INE658F08516,9.2734,2026-07-02,BSE,2.27
INE658F08516,9.1755,2026-07-03,BSE,1.61
INE658F08516,9.4746,2026-07-06,NSE,6.55
INE658F08516,9.4029,2026-07-07,NSE,5.34
INE658F08516,9.2549,2026-07-08,BSE,2.66
INE658F08516,9.3459,2026-07-09,BSE,4.29
INE658F08516,9.045,2026-07-13,BSE,2.21
INE658F08516,9.1015,2026-07-14,BSE,1.15
INE658F08516,9.45,2026-07-15,NSE,1.77
INE658F08516,9.1406,2026-07-16,BSE,3.08
INE658F08516,9.0192,2026-07-17,BSE,1.18
INE658F08516,9.0974,2026-07-28,NSE,10.11
INE658F08516,9.2991,2026-07-29,NSE,1.63
INE658F08524,9.3447,2026-06-12,NSE,1.87
INE658F08524,9.4538,2026-06-15,NSE,4.31
INE658F08524,9.4829,2026-07-09,NSE,5.74
INE658F08524,9.335,2026-07-10,NSE,5.0
INE658F08524,9.32,2026-07-22,NSE,5.0
INE658F08524,9.25,2026-07-23,BSE,5.0
INE658F08532,9.359,2026-06-18,BSE,1.69
INE658F08532,9.3774,2026-06-22,BSE,3.0
INE658F08532,8.4363,2026-06-24,NSE,6.01
INE658F08532,9.3893,2026-06-25,BSE,1.12
INE658F08532,9.3215,2026-06-29,BSE,1.67
INE658F08532,9.3128,2026-06-30,BSE,3.6
INE658F08532,9.51,2026-07-06,NSE,5.0
INE658F08532,9.41,2026-07-07,NSE,5.0
INE658F08532,9.0959,2026-07-09,BSE,1.07
INE658F08532,9.3065,2026-07-14,NSE,2.3
INE658F08532,9.4336,2026-07-15,NSE,10.37
INE658F08532,9.4475,2026-07-16,NSE,9.97
INE658F08532,9.3077,2026-07-17,BSE,7.27
INE658F08532,9.2274,2026-07-20,BSE,1.97
INE658F08532,9.4455,2026-07-21,NSE,2.02
INE658F08532,9.4466,2026-07-22,NSE,8.13
INE658F08532,9.1387,2026-07-24,BSE,1.45
INE658F08532,9.23,2026-07-27,NSE,2.0
INE658F08532,9.3986,2026-07-28,NSE,24.48
INE658F08532,8.8725,2026-07-29,BSE,2.04
INE658F08532,9.0452,2026-07-30,BSE,2.29
INE658F08540,9.6019,2026-06-29,NSE,5.3
INE658F08540,9.62,2026-06-30,NSE,5.0
INE658F08540,9.62,2026-07-07,NSE,11.2
INE658F08540,9.1043,2026-07-10,BSE,1.6
INE658F08540,9.35,2026-07-14,NSE,5.3
INE658F08540,9.3705,2026-07-15,NSE,12.84
INE658F08540,9.212,2026-07-16,BSE,1.98
INE658F08540,9.5051,2026-07-27,BSE,1.25
INE658F08557,9.1637,2026-06-08,BSE,2.12
INE658F08557,9.014,2026-06-09,BSE,1.0
INE658F08557,9.3625,2026-06-17,BSE,1.2
INE658F08557,9.3965,2026-06-19,BSE,1.3
INE658F08557,9.3916,2026-06-22,NSE,2.05
INE658F08557,9.62,2026-06-29,NSE,5.0
INE658F08557,9.62,2026-06-30,NSE,5.0
INE658F08557,9.62,2026-07-07,NSE,7.0
INE658F08557,9.35,2026-07-14,NSE,5.3
INE658F08557,9.3751,2026-07-15,NSE,7.0
INE658F08557,9.4315,2026-07-16,NSE,2.05
INE658F08557,9.319,2026-07-20,BSE,2.47
INE658F08557,9.1939,2026-07-21,BSE,2.23
INE658F08557,9.3133,2026-07-29,NSE,4.06
INE658F08557,9.154,2026-07-30,BSE,1.74
INE658F08565,9.1964,2026-06-08,BSE,2.44
INE658F08565,9.1805,2026-06-09,BSE,1.11
INE658F08565,9.5832,2026-06-10,NSE,6.06
INE658F08565,9.3852,2026-06-11,BSE,1.69
INE658F08565,9.3015,2026-06-12,BSE,1.11
INE658F08565,9.2923,2026-06-16,BSE,3.67
INE658F08565,9.3037,2026-06-17,BSE,2.47
INE658F08565,9.5703,2026-06-18,NSE,5.67
INE658F08565,9.4061,2026-06-19,BSE,1.27
INE658F08565,9.5474,2026-06-22,NSE,28.08
INE658F08565,9.5925,2026-06-23,NSE,10.4
INE658F08565,9.1991,2026-06-25,BSE,1.57
INE658F08565,9.4028,2026-06-29,NSE,2.19
INE658F08565,9.2493,2026-06-30,BSE,1.75
INE658F08565,9.1897,2026-07-01,BSE,2.49
INE658F08565,9.2804,2026-07-03,BSE,1.74
INE658F08565,9.4993,2026-07-06,NSE,5.26
INE658F08565,9.3953,2026-07-07,NSE,5.77
INE658F08565,9.2552,2026-07-08,BSE,1.98
INE658F08565,9.3232,2026-07-09,BSE,2.2
INE658F08565,9.3011,2026-07-13,BSE,2.91
INE658F08565,9.207,2026-07-14,BSE,2.94
INE658F08565,9.1686,2026-07-16,BSE,1.18
INE658F08565,9.1776,2026-07-17,NSE,1.76
INE658F08565,9.4016,2026-07-20,NSE,2.43
INE658F08565,9.5784,2026-07-22,NSE,5.19
INE658F08565,9.0845,2026-07-23,BSE,1.13
INE658F08565,9.0064,2026-07-27,BSE,1.22
INE658F08565,9.1179,2026-07-28,BSE,1.74
INE658F08565,9.0298,2026-07-29,BSE,1.11
INE658R07430,8.4,2026-06-09,NSE,25.0
INE658R07430,8.1,2026-07-16,NSE,25.0
INE660A07RI7,8.5,2026-06-12,BSE,2.0
INE660A07RI7,8.0,2026-07-06,BSE,1.9
INE660A07RI7,7.65,2026-07-13,NSE,25.0
INE660A07RI7,7.55,2026-07-14,BSE,25.0
INE660A07RN7,7.75,2026-07-16,NSE,50.0
INE660A07RN7,7.79,2026-07-22,NSE,25.0
INE660A07RT4,7.75,2026-07-30,NSE,1.0
INE660A07RV0,7.5588,2026-07-10,NSE,50.0
INE660A07RX6,7.59,2026-06-30,NSE,170.0
INE660A07RY4,7.75,2026-06-24,NSE,25.0
INE660A07SA2,7.75,2026-06-12,NSE,270.0
INE660A07SA2,7.74,2026-07-15,NSE,45.0
INE660A07SA2,7.6,2026-07-16,NSE,45.0
INE660A07SA2,7.8,2026-07-22,NSE,50.0
INE660A07SA2,7.75,2026-07-28,NSE,75.0
INE660A07SC8,7.75,2026-06-19,NSE,25.0
INE660A07SC8,7.77,2026-06-23,NSE,25.0
INE660A07SD6,8.0,2026-06-08,NSE,100.0
INE660A07SD6,7.57,2026-07-01,NSE,34.57
INE660A07SD6,7.75,2026-07-29,NSE,25.0
INE660A07SD6,7.73,2026-07-30,NSE,25.0
INE660A07SE4,7.9437,2026-06-18,NSE,275.0
INE660A07SE4,7.67,2026-06-25,NSE,40.07
INE667F07IT7,7.4,2026-06-08,NSE,70.0
INE667F07IT7,7.1385,2026-06-09,NSE,130.0
INE667F07IT7,7.15,2026-06-10,NSE,67.5
INE667F07IT7,6.87,2026-06-16,NSE,25.0
INE667F07IT7,6.75,2026-07-28,NSE,7.5
INE667F07IU5,7.5,2026-06-16,NSE,235.0
INE667F07IU5,7.35,2026-06-22,NSE,10.0
INE667F07IZ4,7.65,2026-06-17,NSE,50.0
INE670K07315,7.95,2026-06-10,NSE,125.0
INE674K07036,7.92,2026-06-23,NSE,50.0
INE674K07036,7.585,2026-07-06,NSE,50.0
INE674K07036,7.8,2026-07-30,NSE,10.0
INE674K07069,7.725,2026-06-18,NSE,10.0
INE674K07069,7.78,2026-07-07,BSE,10.0
INE674K07069,7.9,2026-07-14,NSE,125.0
INE674K07135,8.0,2026-06-09,BSE,1.1
INE674K07135,7.965,2026-06-10,BSE,2.0
INE674K07135,7.91,2026-06-17,NSE,1.8
INE674K07135,7.9644,2026-06-18,NSE,1.8
INE674K07135,8.0135,2026-06-29,NSE,6.0
INE674K07135,8.0135,2026-06-30,NSE,6.0
INE674K07135,8.0109,2026-07-06,NSE,12.0
INE674K07135,7.8557,2026-07-07,NSE,4.9
INE674K07143,8.0345,2026-06-19,NSE,110.0
INE674K07143,7.9028,2026-06-22,NSE,1.5
INE674K07143,8.0365,2026-06-23,NSE,126.5
INE674K07143,8.0447,2026-06-24,NSE,125.1
INE674K07143,7.9974,2026-06-25,NSE,9.5
INE674K07143,7.85,2026-06-30,NSE,50.0
INE674K07143,7.9131,2026-07-01,NSE,65.5
INE674K07143,7.83,2026-07-07,NSE,25.0
INE674K07143,7.84,2026-07-09,BSE,1.0
INE674K07143,7.85,2026-07-15,BSE,2.3
INE674K07143,7.9966,2026-07-20,NSE,50.9
INE674K07143,7.835,2026-07-21,BSE,1.0
INE674K07143,8.0,2026-07-22,NSE,50.0
INE674K07143,7.93,2026-07-23,NSE,1.5
INE674K07143,7.855,2026-07-28,NSE,2.0
INE674K07150,8.04,2026-07-01,NSE,60.84
INE674K07150,8.04,2026-07-02,BSE,14.59
INE674K07150,8.04,2026-07-06,NSE,70.83
INE674K08018,8.32,2026-06-08,NSE,5.0
INE674K08018,8.1868,2026-06-10,BSE,4.8
INE674K08018,8.1867,2026-06-11,BSE,3.0
INE674K08018,8.1864,2026-06-15,BSE,1.8
INE674K08018,8.2739,2026-06-16,NSE,5.0
INE674K08018,8.13,2026-06-17,NSE,1.0
INE674K08018,8.2633,2026-06-18,NSE,3.0
INE674K08018,8.195,2026-06-22,NSE,6.0
INE674K08018,8.1895,2026-06-23,BSE,2.3
INE674K08018,8.065,2026-06-24,NSE,4.0
INE674K08018,8.16,2026-06-29,NSE,1.0
INE674K08018,8.1745,2026-07-01,NSE,2.05
INE674K08018,8.1544,2026-07-03,BSE,1.8
INE674K08018,8.1609,2026-07-06,NSE,4.35
INE674K08018,8.1425,2026-07-07,NSE,20.0
INE674K08018,8.175,2026-07-13,NSE,10.0
INE674K08018,8.1581,2026-07-20,NSE,1.8
INE674K08083,8.1087,2026-06-11,BSE,25.0
INE674K08083,8.1082,2026-06-17,BSE,55.02
INE674K08083,8.1062,2026-06-23,BSE,10.02
INE674K08083,8.0461,2026-06-24,BSE,22.67
INE674K08083,8.0914,2026-06-25,BSE,1.01
INE674K08083,8.0796,2026-06-29,BSE,20.05
INE674K08083,8.1054,2026-07-02,BSE,25.01
INE674K08083,8.1051,2026-07-06,BSE,25.02
INE674K08083,8.1057,2026-07-07,BSE,60.02
INE674K08083,8.3084,2026-07-08,NSE,200.02
INE674K08083,8.165,2026-07-15,NSE,1.0
INE674K08083,8.2462,2026-07-17,NSE,55.03
INE674K08083,8.2319,2026-07-22,NSE,40.0
INE674K08083,8.2738,2026-07-23,NSE,29.0
INE674K08083,8.2161,2026-07-24,NSE,3.75
INE674K08083,8.2425,2026-07-27,NSE,1.0
INE674K08083,8.2397,2026-07-28,NSE,66.0
INE674K08083,8.282,2026-07-29,NSE,51.0
INE674K08083,8.2796,2026-07-30,BSE,40.08
INE676J08023,9.25,2026-07-17,BSE,2.0
INE676J08023,9.1082,2026-07-21,BSE,2.1
INE676J08023,9.1,2026-07-23,BSE,1.0
INE676J08031,9.35,2026-07-15,BSE,2.0
INE681R08141,10.65,2026-06-08,BSE,2.5
INE681R08141,10.65,2026-06-25,BSE,2.0
INE681R08141,11.1118,2026-06-29,NSE,1.05
INE681R08141,10.64,2026-07-01,BSE,1.0
INE681R08141,10.64,2026-07-06,BSE,1.06
INE681R08141,10.64,2026-07-07,BSE,1.06
INE685A07132,7.63,2026-07-08,NSE,75.0
INE685A07132,7.7,2026-07-13,NSE,100.0
INE685A07157,7.8,2026-07-24,NSE,50.0
INE685A07173,8.0333,2026-06-08,NSE,75.0
INE685A07173,7.65,2026-07-02,NSE,10.0
INE685A07173,7.9,2026-07-16,NSE,40.0
INE685A07173,7.9,2026-07-17,NSE,40.0
INE685A07173,7.78,2026-07-20,NSE,25.0
INE685A07173,7.9,2026-07-23,NSE,45.0
INE685A07173,7.9,2026-07-24,NSE,45.0
INE686T07023,15.0212,2026-06-22,BSE,26.3
INE692A08029,8.505,2026-06-25,BSE,1.2
INE692A08029,7.9,2026-07-08,BSE,10.0
INE692A08177,8.13,2026-07-22,BSE,5.0
INE692A08177,7.65,2026-07-23,BSE,5.0
INE692A08177,7.9733,2026-07-24,BSE,30.0
INE692A08177,7.7,2026-07-27,BSE,10.0
INE692Q07449,7.45,2026-06-12,NSE,125.0
INE692Q07449,7.2308,2026-06-18,NSE,325.0
INE692Q07449,7.15,2026-06-19,NSE,50.0
INE692Q07480,7.8,2026-06-19,NSE,30.0
INE692Q07522,7.88,2026-06-12,NSE,125.0
INE692Q07522,8.0,2026-06-18,NSE,50.0
INE692Q07522,7.73,2026-07-01,NSE,50.0
INE692Q07548,7.94,2026-06-16,NSE,100.0
INE692Q07548,7.94,2026-06-17,NSE,20.0
INE692Q07548,7.73,2026-07-01,NSE,70.0
INE692Q07563,7.75,2026-07-01,NSE,50.0
INE692Q07589,7.78,2026-07-08,NSE,300.0
INE697K07136,14.0,2026-07-24,BSE,26.5
INE718F07031,11.4577,2026-06-10,NSE,5.16
INE718F07031,11.4953,2026-06-12,NSE,7.02
INE718F07031,11.5942,2026-06-15,NSE,5.04
INE718F07031,11.5501,2026-06-16,NSE,1.34
INE718F07049,11.6,2026-06-08,NSE,3.71
INE718F07049,11.6,2026-06-09,NSE,1.04
INE718F07049,11.4547,2026-06-16,NSE,5.08
INE718F07049,11.4682,2026-06-18,NSE,5.99
INE718F07049,11.5501,2026-06-19,NSE,1.2
INE718F07049,11.551,2026-06-22,NSE,1.76
INE718F07049,11.5519,2026-06-29,NSE,1.43
INE718F07049,11.4585,2026-07-02,NSE,5.39
INE718F07049,11.5502,2026-07-06,NSE,1.68
INE718F07049,11.5514,2026-07-13,NSE,1.31
INE721A07QO7,7.8997,2026-07-14,NSE,65.0
INE721A07QO7,7.9,2026-07-16,NSE,10.0
INE721A07QO7,7.94,2026-07-20,NSE,27.5
INE721A07QO7,7.915,2026-07-21,NSE,10.0
INE721A07QO7,7.8997,2026-07-24,NSE,25.0
INE721A07RC0,8.14,2026-07-02,NSE,1.0
INE721A07RC0,8.1209,2026-07-27,NSE,1.0
INE721A07RC0,7.53,2026-07-28,BSE,1.0
INE721A07RL1,7.9413,2026-06-10,NSE,10.0
INE721A07RL1,7.7667,2026-07-27,BSE,15.0
INE721A07RQ0,7.3,2026-07-06,NSE,15.0
INE721A07RQ0,7.3,2026-07-21,NSE,25.0
INE721A07RR8,7.34,2026-07-08,NSE,200.0
INE721A07RV0,7.95,2026-07-30,BSE,5.0
INE721A07RY4,7.7597,2026-06-09,NSE,1.0
INE721A07RY4,7.6743,2026-07-06,BSE,1.0
INE721A07RY4,8.0,2026-07-14,NSE,25.0
INE721A07RY4,7.95,2026-07-15,NSE,85.0
INE721A07RZ1,9.0,2026-06-08,BSE,1.0
INE721A07RZ1,7.9,2026-06-15,NSE,5.0
INE721A07RZ1,7.89,2026-06-16,BSE,5.0
INE721A07RZ1,7.9375,2026-06-17,NSE,120.0
INE721A07RZ1,7.85,2026-06-19,BSE,20.0
INE721A07RZ1,9.1,2026-07-09,BSE,1.0
INE721A07RZ1,8.15,2026-07-16,BSE,1.0
INE721A07SA2,7.81,2026-07-02,NSE,50.0
INE721A07SA2,8.0,2026-07-28,BSE,3.1
INE721A07SA2,8.15,2026-07-29,NSE,3.0
INE721A07SI5,8.485,2026-06-16,BSE,20.0
INE721A07SI5,7.85,2026-06-18,BSE,10.0
INE721A07SI5,7.7541,2026-07-30,NSE,5.04
INE721A07SK1,8.185,2026-06-09,NSE,20.0
INE721A07SK1,7.9,2026-07-02,NSE,50.0
INE721A07SK1,7.88,2026-07-06,NSE,25.0
INE721A07SL9,7.75,2026-07-02,NSE,50.0
INE721A07SL9,7.8225,2026-07-13,NSE,25.0
INE721A07SL9,7.8,2026-07-14,BSE,25.0
INE721A07SL9,7.88,2026-07-15,NSE,10.0
INE721A07SL9,7.85,2026-07-16,BSE,10.0
INE721A07SL9,7.8822,2026-07-21,NSE,161.0
INE721A07SL9,7.885,2026-07-23,NSE,50.0
INE721A07SQ8,8.5,2026-06-12,NSE,2.01
INE721A07SQ8,8.5,2026-06-15,NSE,3.01
INE721A07SQ8,8.49,2026-06-16,BSE,2.5
INE721A07SQ8,7.75,2026-07-03,NSE,2.56
INE721A07SQ8,7.78,2026-07-06,NSE,2.46
INE721A07SQ8,8.0,2026-07-16,NSE,4.47
INE721A07SS4,7.8021,2026-07-28,NSE,250.0
INE721A08DA2,8.8797,2026-06-08,NSE,2.4
INE721A08DA2,8.2059,2026-06-16,BSE,4.4
INE721A08DA2,8.06,2026-07-08,NSE,26.1
INE721A08DA2,7.85,2026-07-09,BSE,26.1
INE721A08DA2,7.9937,2026-07-13,NSE,2.8
INE721A08DD6,7.95,2026-07-17,NSE,7.0
INE721A08DD6,7.85,2026-07-20,BSE,7.0
INE723X07125,6.6368,2026-06-22,NSE,25.0
INE723X07125,8.4,2026-06-24,NSE,25.0
INE723X07174,9.0125,2026-06-16,BSE,50.0
INE723X07174,8.24,2026-06-17,NSE,15.0
INE723X07174,8.8913,2026-06-22,NSE,40.0
INE723X07174,8.8588,2026-06-23,BSE,40.0
INE723X07174,8.9025,2026-06-25,BSE,40.0
INE723X07174,8.855,2026-06-29,NSE,48.0
INE723X07174,8.7669,2026-07-01,NSE,24.0
INE723X07174,8.8432,2026-07-02,BSE,24.0
INE723X07208,9.09,2026-07-16,BSE,2.2
INE723X07208,9.0762,2026-07-20,BSE,10.12
INE723X07224,8.9293,2026-06-08,NSE,51.5
INE723X07224,8.9607,2026-06-09,NSE,10.0
INE723X07224,9.0421,2026-06-10,BSE,20.0
INE723X07224,8.9979,2026-06-22,NSE,10.0
INE723X07224,8.9683,2026-06-23,BSE,10.0
INE723X07224,8.85,2026-06-29,NSE,10.0
INE723X07224,8.8174,2026-07-01,NSE,10.0
INE723X07224,8.9514,2026-07-03,BSE,10.0
INE723X07224,8.95,2026-07-20,BSE,40.0
INE723X07224,8.9368,2026-07-23,BSE,80.0
INE723X07224,8.8385,2026-07-28,BSE,25.0
INE723X07224,8.8328,2026-07-29,BSE,80.0
INE723X07257,8.7307,2026-06-09,BSE,10.0
INE723X07257,8.7277,2026-06-10,NSE,20.0
INE723X07257,8.5355,2026-06-22,NSE,10.0
INE723X07257,8.5137,2026-06-23,BSE,10.0
INE723X07257,8.74,2026-06-29,NSE,10.0
INE723X07257,8.7187,2026-07-01,NSE,10.0
INE723X07257,8.5165,2026-07-03,BSE,10.0
INE723X07265,8.7894,2026-06-10,NSE,12.0
INE723X07265,8.7,2026-06-22,NSE,6.0
INE723X07273,8.5977,2026-06-08,BSE,28.0
INE723X07273,8.7335,2026-06-10,NSE,33.0
INE723X07273,8.63,2026-06-12,BSE,25.0
INE723X07273,8.622,2026-06-17,BSE,25.0
INE723X07273,8.6927,2026-06-22,NSE,44.0
INE723X07273,8.7871,2026-06-23,BSE,40.0
INE723X07273,8.75,2026-06-24,NSE,15.0
INE723X07273,8.6997,2026-06-29,BSE,65.0
INE723X07273,8.765,2026-06-30,NSE,98.0
INE723X07273,8.7868,2026-07-01,NSE,65.0
INE723X07273,8.7923,2026-07-02,NSE,49.0
INE723X07273,8.7694,2026-07-03,BSE,54.5
INE723X07273,8.7694,2026-07-20,BSE,50.0
INE723X07273,8.6397,2026-07-23,BSE,40.0
INE723X07281,8.9013,2026-06-10,NSE,22.0
INE723X07281,8.9,2026-06-17,NSE,14.8
INE723X07281,8.9,2026-06-22,NSE,5.0
INE723X07281,9.13,2026-07-16,BSE,2.2
INE725H08188,8.15,2026-06-19,NSE,50.0
INE725H08287,8.2603,2026-07-03,NSE,45.0
INE726G08022,7.86,2026-07-28,NSE,50.0
INE726G08022,7.85,2026-07-29,NSE,25.0
INE729N08048,7.73,2026-07-23,NSE,30.0
INE733E07HC8,7.25,2026-06-23,NSE,5.0
INE733E07JG5,5.185,2026-07-29,BSE,1.4
INE733E07JM3,5.4,2026-06-29,NSE,100.0
INE733E07KE8,6.8,2026-06-09,NSE,50.0
INE733E07KE8,6.42,2026-07-24,NSE,250.0
INE733E07KE8,6.42,2026-07-27,NSE,100.0
INE733E07KF5,6.65,2026-06-19,NSE,25.0
INE733E07KI9,7.16,2026-07-16,NSE,10.0
INE733E07KI9,7.0,2026-07-29,NSE,20.0
INE733E07KJ7,7.14,2026-06-11,NSE,25.0
INE733E07KJ7,7.0,2026-07-08,NSE,50.0
INE733E07KL3,7.05,2026-06-12,NSE,50.0
INE733E07KL3,6.89,2026-07-07,NSE,25.0
INE733E07KL3,7.04,2026-07-28,NSE,25.0
INE733E08189,6.82,2026-07-21,NSE,30.0
INE733E08189,6.8215,2026-07-28,NSE,60.0
INE733E08197,7.0,2026-07-29,NSE,20.0
INE733E08262,7.7,2026-06-08,NSE,25.0
INE733E08262,7.5,2026-06-10,NSE,25.0
INE733E08288,7.295,2026-07-29,NSE,50.0
INE734I07081,11.9765,2026-06-29,NSE,4.43
INE734I07081,11.9131,2026-07-02,NSE,1.59
INE734I07107,11.9365,2026-06-08,NSE,5.95
INE734I07107,12.0901,2026-06-09,NSE,1.66
INE734I07107,11.8995,2026-06-10,NSE,9.37
INE734I07107,12.2679,2026-06-11,BSE,11.2
INE734I07107,11.899,2026-06-12,NSE,3.73
INE734I07107,12.0,2026-06-15,NSE,3.87
INE734I07107,11.9994,2026-06-16,NSE,1.95
INE734I07107,11.9868,2026-06-17,NSE,2.37
INE734I07107,11.86,2026-06-18,NSE,6.74
INE734I07107,11.986,2026-06-19,NSE,16.11
INE734I07107,11.9991,2026-06-22,NSE,4.13
INE734I07107,11.9998,2026-06-23,NSE,1.81
INE734I07107,11.9958,2026-06-24,NSE,1.86
INE734I07107,11.9984,2026-06-25,NSE,1.64
INE734I07107,11.9986,2026-06-29,NSE,5.09
INE734I07107,11.9984,2026-06-30,NSE,2.57
INE734I07107,11.9983,2026-07-01,NSE,4.02
INE734I07107,11.8905,2026-07-02,NSE,6.96
INE734I07107,11.999,2026-07-03,NSE,2.02
INE734I07107,11.997,2026-07-06,NSE,1.99
INE734I07107,11.9724,2026-07-07,NSE,5.34
INE734I07107,12.1456,2026-07-27,NSE,4.3
INE734I07107,12.1372,2026-07-28,NSE,2.25
INE734I07115,11.6688,2026-06-22,NSE,4.09
INE734I07115,11.6628,2026-06-25,NSE,1.13
INE734I07115,12.3434,2026-06-29,BSE,25.33
INE734I07115,11.8703,2026-06-30,NSE,2.99
INE734I07115,11.975,2026-07-01,NSE,11.55
INE734I07115,12.2147,2026-07-06,BSE,5.3
INE734I07115,12.1499,2026-07-07,NSE,2.25
INE734I07115,12.3383,2026-07-08,BSE,10.35
INE734I07115,12.2698,2026-07-09,BSE,11.35
INE734I07115,12.1378,2026-07-10,NSE,2.36
INE734I07115,11.9114,2026-07-13,NSE,10.55
INE734I07115,12.3246,2026-07-14,BSE,10.28
INE734I07115,11.8199,2026-07-15,BSE,1.3
INE734I07115,11.7855,2026-07-16,BSE,3.08
INE734I07115,12.3286,2026-07-17,BSE,11.05
INE734I07115,12.0369,2026-07-20,NSE,7.81
INE734I07115,12.122,2026-07-21,NSE,1.99
INE734I07115,12.1273,2026-07-22,NSE,2.42
INE734I07115,12.1235,2026-07-23,NSE,1.78
INE734I07115,12.0756,2026-07-24,NSE,2.65
INE734I07115,11.8288,2026-07-27,NSE,2.22
INE735W08053,11.4824,2026-07-03,BSE,6.0
INE735W08053,11.4459,2026-07-07,BSE,1.0
INE735W08053,11.1562,2026-07-29,BSE,1.02
INE735X08051,10.18,2026-06-12,NSE,10.0
INE735X08051,10.18,2026-06-18,NSE,10.0
INE741K07496,8.985,2026-07-23,BSE,1.59
INE741K07579,9.0,2026-06-08,BSE,2.71
INE741K07579,9.95,2026-06-12,BSE,1.5
INE741K07579,9.45,2026-06-16,NSE,3.0
INE741K07611,9.7295,2026-06-29,NSE,350.15
INE741K07611,9.9166,2026-06-30,NSE,3.05
INE741K07611,9.948,2026-07-01,NSE,100.78
INE741K07611,9.8165,2026-07-06,BSE,10.0
INE741K07611,9.537,2026-07-07,BSE,1.38
INE741K07611,9.68,2026-07-15,BSE,1.0
INE741K07611,9.4,2026-07-16,BSE,1.0
INE741K07611,9.7995,2026-07-20,NSE,40.03
INE741K07611,9.7473,2026-07-23,NSE,2.77
INE741K07611,9.4598,2026-07-27,BSE,2.16
INE752E07IY0,7.06,2026-07-08,NSE,20.0
INE752E07JN1,7.25,2026-06-17,NSE,25.0
INE752E07JN1,7.29,2026-06-22,NSE,20.0
INE752E07KL3,7.0,2026-06-23,NSE,5.0
INE752E07LR8,7.2,2026-07-28,NSE,15.0
INE752E07MH7,7.09,2026-07-29,NSE,25.0
INE752E07MU0,7.1,2026-06-15,NSE,25.0
INE752E07NU8,6.955,2026-06-30,NSE,50.0
INE752E07NV6,7.2,2026-07-28,NSE,10.0
INE752E07NW4,7.2,2026-07-28,NSE,10.0
INE752E07OC4,6.7,2026-06-30,NSE,65.0
INE752E07OE0,6.8,2026-06-30,NSE,75.0
INE752E07OE0,7.0,2026-07-09,NSE,25.0
INE752E07OF7,7.55,2026-06-08,NSE,10.0
INE752E07OF7,7.12,2026-06-30,NSE,5.0
INE752E07OF7,7.05,2026-07-02,NSE,5.0
INE752E07OF7,7.02,2026-07-03,NSE,5.0
INE752E07OF7,7.02,2026-07-06,NSE,5.0
INE752E07OF7,7.1,2026-07-08,NSE,5.0
INE752E07OF7,7.15,2026-07-13,NSE,5.0
INE752E07OF7,7.23,2026-07-23,NSE,10.0
INE752E08551,7.0,2026-07-08,NSE,215.0
INE752E08577,7.12,2026-06-10,NSE,70.0
INE752E08601,7.27,2026-06-08,NSE,30.0
INE752E08601,7.14,2026-06-11,NSE,30.0
INE752E08767,7.5722,2026-06-09,NSE,150.0
INE752E08767,7.5166,2026-06-10,NSE,50.0
INE752E08767,7.19,2026-07-02,NSE,50.0
INE752E08767,7.34,2026-07-20,NSE,25.0
INE752E08775,7.19,2026-07-02,NSE,25.0
INE752E08775,7.28,2026-07-10,NSE,15.0
INE752E08783,7.47,2026-06-10,NSE,20.0
INE752E08783,7.38,2026-06-11,NSE,20.0
INE752E08783,7.3,2026-07-10,NSE,40.0
INE752E08791,7.31,2026-07-10,NSE,50.0
INE752E08791,7.34,2026-07-20,NSE,25.0
INE756I07DX5,7.0,2026-06-16,NSE,50.0
INE756I07DX5,7.12,2026-06-22,NSE,225.0
INE756I07DX5,6.95,2026-07-10,NSE,10.0
INE756I07DX5,6.8,2026-07-13,BSE,10.0
INE756I07DX5,6.9,2026-07-15,NSE,75.0
INE756I07EJ2,7.8526,2026-06-10,BSE,25.0
INE756I07EJ2,7.9,2026-06-15,NSE,2.0
INE756I07EJ2,7.85,2026-06-16,NSE,40.0
INE756I07EJ2,7.85,2026-06-17,NSE,50.0
INE756I07EJ2,7.815,2026-06-18,BSE,25.0
INE756I07EJ2,7.8706,2026-06-19,NSE,77.5
INE756I07EJ2,7.8558,2026-06-22,BSE,27.5
INE756I07EJ2,7.85,2026-06-23,NSE,10.0
INE756I07EJ2,7.8,2026-06-24,BSE,15.0
INE756I07EJ2,7.75,2026-06-25,NSE,25.0
INE756I07EJ2,7.75,2026-06-29,NSE,125.0
INE756I07EJ2,7.6167,2026-07-03,BSE,30.0
INE756I07EJ2,7.65,2026-07-13,NSE,25.0
INE756I07EJ2,7.64,2026-07-14,NSE,25.0
INE756I07EJ2,7.72,2026-07-16,NSE,50.0
INE756I07EN4,7.2,2026-06-17,NSE,20.0
INE756I07EU9,7.7,2026-06-09,NSE,25.0
INE756I07EU9,7.73,2026-06-10,NSE,10.0
INE756I07EU9,7.55,2026-06-18,NSE,50.0
INE756I07EW5,8.08,2026-06-30,BSE,2.0
INE756I07EW5,7.71,2026-07-01,BSE,4.0
INE756I07EX3,7.85,2026-06-12,NSE,25.0
INE756I07EX3,7.66,2026-07-21,NSE,25.0
INE756I07EX3,7.55,2026-07-22,BSE,50.0
INE756I07EY1,7.8,2026-06-09,NSE,5.0
INE756I07EY1,7.9,2026-06-15,NSE,50.0
INE756I07EY1,7.56,2026-07-22,BSE,50.0
INE756I07EZ8,7.87,2026-06-15,BSE,50.0
INE756I07EZ8,7.61,2026-07-01,NSE,20.0
INE756I07FB6,7.9,2026-06-10,NSE,5.0
INE756I07FB6,7.93,2026-06-11,NSE,50.0
INE756I07FB6,7.91,2026-06-12,BSE,50.0
INE756I07FB6,7.85,2026-06-16,NSE,35.0
INE756I07FB6,7.725,2026-06-17,BSE,20.0
INE756I07FB6,7.7559,2026-06-18,BSE,5.3
INE756I07FB6,7.7376,2026-06-29,BSE,100.24
INE756I07FB6,7.68,2026-06-30,NSE,100.0
INE756I07FB6,7.466,2026-07-01,BSE,7.0
INE756I07FB6,7.6,2026-07-02,NSE,35.0
INE756I07FB6,7.78,2026-07-09,BSE,25.0
INE756I07FB6,7.805,2026-07-15,BSE,1.42
INE756I07FB6,7.76,2026-07-17,NSE,25.0
INE756I07FB6,7.44,2026-07-29,BSE,31.1
INE756I07FC4,7.81,2026-06-23,NSE,5.0
INE756I07FC4,7.77,2026-06-24,BSE,5.0
INE756I07FE0,7.92,2026-06-12,NSE,5.0
INE756I07FE0,7.9,2026-07-23,NSE,5.0
INE756I07FG5,7.7,2026-06-30,NSE,450.0
INE756I07FG5,7.68,2026-07-01,NSE,35.0
INE756I07FI1,8.5,2026-06-12,NSE,2.1
INE756I07FI1,8.5,2026-06-15,NSE,2.77
INE756I07FI1,8.49,2026-06-16,BSE,2.74
INE756I07FI1,7.63,2026-07-03,NSE,3.69
INE756I07FI1,8.25,2026-07-22,NSE,1.2
INE756I07FI1,8.25,2026-07-30,NSE,1.2
INE756I07FJ9,7.68,2026-07-01,NSE,55.0
INE756I07FJ9,7.73,2026-07-08,NSE,25.0
INE756I07FJ9,7.55,2026-07-09,BSE,25.0
INE756I07FJ9,7.675,2026-07-13,NSE,50.0
INE756I07FJ9,7.6904,2026-07-15,NSE,100.0
INE756I07FJ9,7.95,2026-07-20,NSE,50.0
INE756I07FM3,8.23,2026-06-10,BSE,100.0
INE756I07FM3,8.1,2026-06-11,BSE,50.0
INE756I07FM3,8.0273,2026-06-16,BSE,150.0
INE756I07FM3,7.85,2026-07-08,NSE,15.0
INE756I07FM3,7.8571,2026-07-13,NSE,35.0
INE756I07FM3,7.7,2026-07-15,NSE,25.0
INE756I07FN1,7.92,2026-06-10,NSE,50.0
INE756I07FN1,7.93,2026-06-22,NSE,35.0
INE756I07FN1,7.875,2026-07-23,BSE,25.0
INE756I07FO9,7.334,2026-06-29,NSE,10.0
INE756I07FO9,7.3205,2026-07-03,NSE,20.0
INE756I07FO9,7.329,2026-07-21,NSE,150.0
INE756I07FP6,8.2561,2026-06-10,NSE,104.52
INE756I07FP6,8.2788,2026-06-11,BSE,75.0
INE756I07FP6,8.0,2026-06-17,NSE,50.0
INE756I07FP6,7.88,2026-06-18,NSE,50.0
INE756I07FP6,8.0019,2026-06-19,NSE,65.0
INE756I07FP6,7.9786,2026-06-22,BSE,7.0
INE756I07FP6,7.9625,2026-06-24,NSE,20.0
INE756I07FP6,7.89,2026-06-25,NSE,5.0
INE756I07FP6,7.8966,2026-06-29,BSE,1.13
INE756I07FP6,7.85,2026-06-30,BSE,1.0
INE756I07FQ4,8.05,2026-06-19,NSE,220.0
INE756I07FQ4,8.2262,2026-06-23,NSE,300.0
INE756I07FQ4,7.91,2026-06-24,NSE,300.0
INE756I07FQ4,7.87,2026-06-25,NSE,100.0
INE756I07FQ4,7.742,2026-07-06,BSE,125.0
INE756I07FQ4,7.85,2026-07-24,BSE,5.0
INE756I07FR2,7.77,2026-07-07,BSE,100.0
INE756I07FR2,7.7743,2026-07-08,NSE,175.0
INE756I07FR2,7.7814,2026-07-09,NSE,240.0
INE756I07FR2,7.7735,2026-07-10,NSE,60.0
INE756I07FT8,7.8291,2026-07-21,NSE,175.0
INE756I07FT8,7.8332,2026-07-22,NSE,30.0
INE756I07FT8,7.8286,2026-07-23,NSE,50.0
INE756I07FT8,7.8286,2026-07-24,NSE,5.0
INE756I08215,8.2105,2026-06-15,NSE,1.6
INE760I07037,8.85,2026-07-15,BSE,4.4
INE760I07037,8.25,2026-07-16,NSE,4.2
INE763G08967,7.88,2026-07-29,NSE,10.0
INE774D07SW9,8.57,2026-06-15,BSE,1.0
INE774D07UM6,7.6,2026-07-07,NSE,50.0
INE774D07UM6,7.7,2026-07-27,NSE,45.0
INE774D07VD3,6.9,2026-07-15,NSE,150.0
INE774D07VE1,7.9823,2026-06-23,NSE,7.0
INE774D07VE1,7.53,2026-07-07,NSE,5.0
INE774D07VE1,7.4,2026-07-10,BSE,5.0
INE774D07VE1,7.45,2026-07-27,NSE,4.0
INE774D07VF8,7.9,2026-06-16,NSE,100.0
INE774D07VF8,7.85,2026-06-24,NSE,150.0
INE774D07VF8,7.77,2026-06-25,NSE,50.0
INE774D07VF8,7.995,2026-07-22,NSE,50.0
INE774D07VF8,7.97,2026-07-23,NSE,50.0
INE774D07VF8,7.89,2026-07-29,NSE,10.0
INE774D07VG6,7.9,2026-06-10,NSE,5.0
INE774D07VG6,7.8,2026-06-24,NSE,15.0
INE774D07VG6,7.72,2026-06-25,BSE,15.0
INE774D07VG6,7.65,2026-06-30,NSE,5.0
INE774D07VG6,7.63,2026-07-01,NSE,40.0
INE774D07VG6,7.55,2026-07-03,NSE,150.0
INE774D07VG6,7.6,2026-07-07,NSE,60.0
INE774D07VG6,7.71,2026-07-15,NSE,75.0
INE774D07VI2,7.57,2026-07-03,NSE,150.0
INE774D07VI2,7.7,2026-07-09,NSE,90.0
INE774D07VI2,7.7,2026-07-10,NSE,85.0
INE774D07VJ0,7.7,2026-06-29,NSE,50.0
INE774D07VM4,7.65,2026-07-01,NSE,25.0
INE774D07VM4,7.58,2026-07-02,NSE,365.0
INE774D07VM4,7.57,2026-07-03,NSE,140.0
INE774D07VN2,7.63,2026-07-07,NSE,5.0
INE774D07VN2,7.55,2026-07-09,BSE,5.0
INE774D07VN2,7.92,2026-07-15,NSE,40.0
INE774D07VN2,7.875,2026-07-16,NSE,25.0
INE774D07VN2,7.885,2026-07-21,NSE,5.0
INE774D07VO0,7.57,2026-07-03,NSE,325.0
INE774D07VO0,7.85,2026-07-29,NSE,25.0
INE774D07VQ5,7.8872,2026-06-22,NSE,150.0
INE774D07VQ5,7.6875,2026-07-01,NSE,200.0
INE774D07VQ5,7.685,2026-07-08,NSE,150.0
INE774D07VQ5,7.92,2026-07-15,NSE,50.0
INE774D07VQ5,7.95,2026-07-22,NSE,25.0
INE774D07VQ5,7.95,2026-07-23,NSE,50.0
INE774D07VQ5,7.9,2026-07-29,NSE,50.0
INE774D08MW0,8.2476,2026-06-16,NSE,2.1
INE776C08075,9.9,2026-07-10,NSE,10.0
INE776C08083,9.82,2026-06-22,NSE,25.0
INE776C08083,9.65,2026-07-10,NSE,75.0
INE776C08083,9.65,2026-07-16,NSE,10.0
INE776C08083,9.4985,2026-07-17,NSE,10.03
INE776C08083,8.9786,2026-07-20,NSE,5.49
INE776C08083,9.5846,2026-07-22,NSE,5.32
INE776C08083,9.4576,2026-07-23,NSE,5.36
INE787H07156,5.2688,2026-07-09,NSE,7.56
INE787H07156,5.15,2026-07-10,BSE,7.12
INE787H07255,5.2583,2026-07-06,BSE,1.2
INE787H07255,5.22,2026-07-07,BSE,1.0
INE787H07255,5.205,2026-07-14,BSE,2.0
INE787H07347,5.33,2026-06-17,NSE,7.4
INE787H07347,5.158,2026-06-18,BSE,2.5
INE787H07347,5.1476,2026-06-19,BSE,2.1
INE787H07347,5.16,2026-06-22,BSE,1.0
INE787H07347,5.185,2026-07-29,BSE,1.4
INE787H08154,7.61,2026-07-21,NSE,25.0
INE787H08220,7.2558,2026-07-09,NSE,235.0
INE787H08220,7.2545,2026-07-10,NSE,25.0
INE787H08220,7.2602,2026-07-13,NSE,25.0
INE787H08220,7.3237,2026-07-15,NSE,50.0
INE787H08220,7.21,2026-07-17,NSE,100.0
INE787H08220,7.223,2026-07-23,NSE,100.0
INE787H08220,7.218,2026-07-24,NSE,50.0
INE787H08220,7.2787,2026-07-27,NSE,118.5
INE800X07071,8.3,2026-07-22,NSE,50.0
INE804I08734,13.5667,2026-07-27,BSE,14.4
INE812V07013,6.99,2026-07-10,NSE,10.0
INE813H07341,7.5,2026-07-07,NSE,75.0
INE813H07341,7.62,2026-07-27,NSE,25.0
INE813H07408,7.9549,2026-06-11,NSE,20.0
INE813H07408,7.9527,2026-07-17,NSE,20.0
INE813H07416,7.93,2026-07-29,NSE,17.5
INE813H07424,7.9535,2026-06-11,NSE,30.0
INE813H07424,7.9511,2026-07-17,NSE,30.0
INE813H07432,7.7896,2026-07-02,NSE,50.0
INE813H07440,8.1435,2026-07-01,NSE,20.0
INE813H07440,7.95,2026-07-09,NSE,25.0
INE813H07440,7.72,2026-07-10,NSE,25.0
INE814H07182,8.69,2026-07-17,NSE,140.0
INE814H07182,8.69,2026-07-24,BSE,27.0
INE814H07208,8.6886,2026-07-22,NSE,110.0
INE814H07208,8.7,2026-07-24,NSE,65.0
INE814H07216,8.6493,2026-06-08,BSE,1.4
INE814H07216,8.6337,2026-06-09,BSE,1.3
INE814H07216,8.6126,2026-06-10,BSE,15.88
INE814H07216,8.6056,2026-06-11,BSE,7.84
INE814H07216,8.514,2026-07-09,NSE,10.0
INE814H07216,8.76,2026-07-15,NSE,300.0
INE814H07216,8.5981,2026-07-23,BSE,1.82
INE814H07216,8.7567,2026-07-24,NSE,150.0
INE814O07618,13.0428,2026-06-29,BSE,2.34
INE814O07618,13.0471,2026-06-30,BSE,1.52
INE814O07618,13.3987,2026-07-20,BSE,2.23
INE814O07618,13.3593,2026-07-27,BSE,3.44
INE814O07618,13.3003,2026-07-28,BSE,1.22
INE814O07618,13.384,2026-07-29,BSE,1.14
INE818W08172,11.6558,2026-07-15,BSE,1.55
INE831R07318,7.5,2026-07-24,NSE,50.0
INE831R07367,7.7,2026-07-10,NSE,125.0
INE831R07391,7.4458,2026-07-17,NSE,100.0
INE831R07391,7.5,2026-07-24,NSE,100.0
INE831R07425,7.68,2026-06-17,NSE,50.0
INE831R07425,7.15,2026-07-02,NSE,50.0
INE831R07441,7.78,2026-06-30,NSE,5.0
INE831R07441,7.45,2026-07-17,BSE,5.0
INE831R07458,7.94,2026-06-23,NSE,45.0
INE831R07474,7.05,2026-07-02,NSE,50.0
INE831R07516,7.8,2026-06-16,NSE,5.0
INE831R07516,7.82,2026-06-19,NSE,45.0
INE831R07540,7.635,2026-07-27,NSE,150.0
INE831R07557,7.45,2026-07-02,NSE,100.0
INE831R07565,7.7,2026-07-10,NSE,125.0
INE831R07573,7.55,2026-07-01,NSE,50.0
INE831R07649,8.2439,2026-06-09,NSE,100.0
INE831R07649,8.2436,2026-06-10,NSE,5.0
INE831R07649,8.2435,2026-06-11,NSE,200.0
INE831R07656,8.2,2026-06-09,NSE,200.0
INE831R07656,8.2098,2026-06-11,NSE,50.0
INE831R07656,7.6,2026-06-29,BSE,5.0
INE831R07656,7.6,2026-07-08,NSE,50.0
INE836B07907,11.05,2026-06-15,NSE,1.29
INE836B07915,10.8266,2026-06-08,BSE,1.1
INE836B07915,11.4031,2026-06-10,BSE,3.09
INE836B07915,11.022,2026-07-06,NSE,1.73
INE836B08319,12.7365,2026-06-08,BSE,4.48
INE836B08319,13.1937,2026-06-09,BSE,1.11
INE836B08319,13.1299,2026-06-16,BSE,5.19
INE836B08319,12.9158,2026-06-17,BSE,5.36
INE836B08319,12.7555,2026-06-30,NSE,2.01
INE836B08319,12.7719,2026-07-07,NSE,3.02
INE836B08319,13.1804,2026-07-10,BSE,1.22
INE836B08319,12.9314,2026-07-21,BSE,5.37
INE836B08319,13.2719,2026-07-27,BSE,1.05
INE836B08327,13.25,2026-07-13,BSE,13.0
INE836B08327,13.3,2026-07-17,BSE,8.85
INE836B08327,13.2824,2026-07-20,BSE,9.05
INE836B08327,12.473,2026-07-27,BSE,1.51
INE836B08327,13.156,2026-07-29,BSE,14.55
INE836K07262,9.5,2026-07-01,BSE,4.45
INE836K07262,10.2243,2026-07-17,BSE,8.45
INE836K07262,9.86,2026-07-28,BSE,2.0
INE836K08039,9.09,2026-06-16,BSE,20.0
INE836K08039,9.0,2026-06-29,BSE,10.0
INE848E07526,5.535,2026-06-17,NSE,1.93
INE848E07922,7.12,2026-07-29,NSE,25.0
INE848E07AC9,7.12,2026-07-13,NSE,25.0
INE848E07AC9,7.12,2026-07-27,NSE,25.0
INE848E07AL0,6.35,2026-07-23,NSE,5.0
INE848E07AM8,7.12,2026-07-13,NSE,25.0
INE848E07BA1,7.16,2026-06-18,NSE,25.0
INE848E07BK0,7.05,2026-06-30,NSE,5.0
INE848E08375,7.1,2026-07-13,NSE,150.0
INE848E08375,7.2401,2026-07-14,NSE,23.2
INE848E08375,7.11,2026-07-17,NSE,50.0
INE848E08375,7.12,2026-07-21,NSE,25.0
INE848E08375,7.2406,2026-07-22,NSE,25.0
INE848E08482,7.4,2026-07-16,NSE,2.0
INE848E08490,7.51,2026-06-18,BSE,2.0
INE848E08508,7.51,2026-06-18,BSE,2.0
INE848E08516,7.51,2026-06-16,NSE,1.2
INE848E08516,7.3701,2026-06-18,NSE,1.2
INE848E08524,7.54,2026-06-16,NSE,1.6
INE848E08524,7.3902,2026-06-17,BSE,1.6
INE848E08532,7.48,2026-06-24,NSE,2.0
INE848E08532,7.46,2026-06-25,NSE,2.0
INE848E08540,7.35,2026-07-15,NSE,2.0
INE848E08540,7.2496,2026-07-16,BSE,2.0
INE848E08557,7.4,2026-07-16,NSE,2.0
INE848E08565,7.4,2026-07-16,NSE,2.0
INE848E08573,7.48,2026-06-24,NSE,2.0
INE848E08573,7.46,2026-06-25,NSE,2.0
INE852O07162,8.5,2026-06-24,NSE,112.0
INE854B07041,13.2343,2026-06-12,BSE,15.0
INE857Q07273,7.6,2026-07-07,NSE,25.0
INE859C07170,9.01,2026-06-09,BSE,1.26
INE859C07170,8.655,2026-06-18,BSE,1.22
INE859C07170,8.775,2026-06-24,BSE,1.0
INE859C07170,8.59,2026-06-29,BSE,7.56
INE859C07170,8.695,2026-07-01,BSE,1.74
INE859C07170,8.455,2026-07-03,BSE,1.62
INE859C07188,9.9,2026-06-11,NSE,1.99
INE859C07188,9.9,2026-06-12,NSE,1.06
INE859C07204,9.9,2026-06-11,NSE,2.5
INE859C07204,9.9,2026-06-12,NSE,2.37
INE859C07212,9.75,2026-07-16,BSE,2.94
INE859C07220,9.705,2026-06-08,BSE,2.88
INE859C07220,9.465,2026-06-10,BSE,1.4
INE859C07220,9.5677,2026-06-11,BSE,4.88
INE859C07220,9.9,2026-06-12,NSE,1.38
INE859C07220,9.71,2026-06-19,BSE,1.12
INE859C07220,9.2,2026-07-16,NSE,1.61
INE859C07220,8.911,2026-07-20,BSE,1.06
INE859C07220,8.9,2026-07-24,BSE,2.0
INE859C07220,8.9,2026-07-28,BSE,1.94
INE859C07238,9.6,2026-06-10,BSE,1.95
INE859C07238,10.0,2026-06-11,BSE,1.95
INE859C07238,9.6,2026-06-12,BSE,1.95
INE859C07238,10.0,2026-06-15,BSE,1.95
INE859C07238,10.0,2026-06-16,BSE,1.95
INE859C07238,10.0,2026-06-17,BSE,1.95
INE859C07238,9.6,2026-06-18,BSE,1.95
INE859C07238,9.8,2026-06-30,BSE,1.45
INE859C07238,9.8,2026-07-06,BSE,2.45
INE859C07253,8.7681,2026-06-08,BSE,25.2
INE859C07253,8.7921,2026-06-23,BSE,1.0
INE859C07253,9.56,2026-06-25,BSE,10.0
INE859C07253,9.208,2026-06-29,BSE,49.0
INE859C07253,9.4903,2026-07-22,BSE,3.5
INE860H07GM3,8.1,2026-07-01,NSE,20.0
INE860H07GM3,8.0962,2026-07-02,NSE,10.0
INE860H07GM3,7.775,2026-07-03,BSE,6.0
INE860H07GM3,7.85,2026-07-08,NSE,5.0
INE860H07GM3,7.76,2026-07-09,BSE,5.0
INE860H07GM3,7.8177,2026-07-10,NSE,2.0
INE860H07GM3,7.7,2026-07-13,BSE,1.0
INE860H07GM3,7.8167,2026-07-27,BSE,1.2
INE860H07ID8,7.8214,2026-06-08,NSE,1.1
INE860H07IG1,7.77,2026-06-25,NSE,25.0
INE860H07IG1,7.77,2026-06-29,NSE,15.0
INE860H07IG1,7.77,2026-06-30,NSE,10.0
INE860H07IG1,7.68,2026-07-01,BSE,10.0
INE860H07IG1,7.6,2026-07-07,NSE,50.0
INE860H07IG1,7.7,2026-07-20,NSE,5.0
INE860H07IG1,7.6,2026-07-21,BSE,5.0
INE860H07II7,7.75,2026-07-13,NSE,25.0
INE860H07II7,7.63,2026-07-14,BSE,25.0
INE860H07IJ5,7.1,2026-06-16,NSE,190.0
INE860H07IM9,7.86,2026-06-17,NSE,5.0
INE860H07IM9,7.6,2026-06-18,BSE,5.0
INE860H07IM9,7.8113,2026-07-08,NSE,10.0
INE860H07IM9,7.8,2026-07-22,NSE,100.0
INE860H07IO5,7.8,2026-07-22,NSE,100.0
INE860H07IQ0,7.3,2026-07-13,NSE,5.0
INE860H07IW8,8.14,2026-06-12,NSE,5.0
INE860H07IW8,7.9167,2026-06-19,BSE,15.0
INE860H07IW8,7.935,2026-06-29,NSE,8.0
INE860H07IW8,7.75,2026-06-30,BSE,4.0
INE860H07IW8,7.79,2026-07-10,BSE,45.0
INE860H07IW8,7.91,2026-07-24,NSE,5.0
INE860H07IW8,7.9,2026-07-28,NSE,45.0
INE860H07IW8,7.8,2026-07-29,BSE,10.0
INE860H07IW8,7.9,2026-07-30,BSE,5.0
INE860H07IY4,7.65,2026-06-30,NSE,5.5
INE860H07IY4,7.55,2026-07-01,NSE,25.0
INE860H07IY4,7.5,2026-07-02,BSE,25.0
INE860H07IY4,7.63,2026-07-15,BSE,50.0
INE860H07IY4,7.55,2026-07-28,BSE,5.0
INE860H07IY4,7.75,2026-07-30,NSE,1.0
INE860H07JA2,7.78,2026-07-10,NSE,10.0
INE860H07JA2,7.88,2026-07-13,NSE,50.0
INE860H07JA2,7.98,2026-07-14,NSE,50.0
INE860H07JA2,7.9117,2026-07-20,NSE,5.0
INE860H07JA2,8.0,2026-07-22,NSE,25.0
INE860H08DZ0,8.4336,2026-06-16,NSE,3.4
INE860H08DZ0,9.499,2026-07-15,NSE,1.7
INE860H08DZ0,9.1392,2026-07-23,BSE,5.1
INE860H08EA1,8.4328,2026-06-16,NSE,1.8
INE860H08EA1,8.1,2026-06-17,BSE,1.8
INE860H08EI4,8.3067,2026-06-09,NSE,3.6
INE861G08068,7.4,2026-06-11,NSE,100.0
INE861G08068,7.46,2026-07-10,NSE,1.5
INE861G08076,7.4,2026-06-11,NSE,400.0
INE861G08076,7.35,2026-06-15,NSE,100.0
INE861G08076,7.35,2026-06-17,NSE,100.0
INE861G08076,7.2,2026-07-02,NSE,25.0
INE861G08076,7.18,2026-07-07,NSE,100.0
INE861G08076,7.318,2026-07-08,NSE,86.5
INE861G08076,7.32,2026-07-13,NSE,50.0
INE861G08076,7.34,2026-07-16,NSE,75.0
INE861G08084,7.35,2026-06-18,NSE,100.0
INE861G08084,7.35,2026-06-23,NSE,175.0
INE861G08084,7.31,2026-06-25,NSE,125.0
INE861G08084,7.5,2026-07-14,NSE,5.0
INE861G08084,7.4625,2026-07-16,NSE,10.0
INE871D07RM6,0.0001,2026-06-12,BSE,1.7
INE882Z08015,11.1393,2026-06-10,BSE,2.93
INE882Z08015,11.2766,2026-06-23,BSE,14.15
INE882Z08015,10.7468,2026-06-25,BSE,1.21
INE882Z08015,11.1337,2026-07-16,BSE,2.0
INE882Z08015,11.1788,2026-07-17,BSE,2.9
INE882Z08015,11.2752,2026-07-23,BSE,10.29
INE882Z08015,10.975,2026-07-29,BSE,1.1
INE882Z08049,10.7337,2026-07-03,NSE,2.0
INE882Z08049,10.664,2026-07-06,BSE,1.39
INE882Z08049,10.7007,2026-07-07,BSE,1.03
INE882Z08049,10.2386,2026-07-29,BSE,10.65
INE883F07314,7.6,2026-06-10,NSE,25.0
INE883F07314,7.45,2026-06-15,NSE,35.0
INE883F07314,7.3722,2026-06-16,NSE,45.0
INE883F07314,7.15,2026-07-10,NSE,20.0
INE883F07314,7.3,2026-07-16,NSE,50.0
INE883F07314,7.3,2026-07-17,NSE,75.0
INE883F07314,8.0,2026-07-22,NSE,15.0
INE883F07330,8.0223,2026-06-18,NSE,25.0
INE883F07330,8.15,2026-07-10,NSE,5.0
INE883F07330,8.15,2026-07-21,NSE,35.0
INE883F07389,8.24,2026-06-18,NSE,75.0
INE883F07389,8.205,2026-06-19,NSE,40.0
INE883F07405,8.25,2026-06-16,NSE,25.0
INE883F07405,8.25,2026-06-17,NSE,25.0
INE884Q07814,12.98,2026-06-11,BSE,3.2
INE884Q07814,12.9972,2026-06-15,BSE,3.21
INE884Q07814,12.9911,2026-06-18,BSE,3.4
INE884Q07814,13.0147,2026-06-19,BSE,3.37
INE884Q07814,13.0415,2026-07-01,BSE,3.25
INE884Q07814,13.0468,2026-07-02,BSE,3.26
INE884Q07814,13.0043,2026-07-08,BSE,1.12
INE884Q07814,13.0667,2026-07-09,BSE,1.5
INE884Q07814,12.5106,2026-07-13,NSE,3.31
INE884Q07814,12.2689,2026-07-14,NSE,3.46
INE884Q07814,12.2743,2026-07-15,NSE,2.26
INE884Q07814,12.3329,2026-07-16,NSE,2.06
INE884Q07814,12.2486,2026-07-17,NSE,1.38
INE884Q07822,12.5085,2026-06-17,NSE,1.41
INE884Q07822,12.5151,2026-06-18,NSE,1.93
INE884Q07822,12.4596,2026-06-19,NSE,2.66
INE884Q07822,12.5075,2026-06-22,NSE,2.21
INE884Q07822,12.4841,2026-06-29,NSE,4.83
INE884Q07822,12.5211,2026-06-30,NSE,3.02
INE884Q07822,12.7901,2026-07-01,NSE,8.65
INE884Q07822,12.692,2026-07-02,NSE,10.0
INE884Q07822,12.141,2026-07-03,NSE,2.69
INE884Q07822,11.8536,2026-07-06,NSE,7.37
INE884Q07830,11.8972,2026-07-13,NSE,1.37
INE884Q07855,11.759,2026-06-08,BSE,1.16
INE884Q07855,11.6797,2026-06-15,BSE,2.42
INE884Q07855,12.75,2026-06-17,NSE,1.0
INE884Q07855,12.6738,2026-06-18,NSE,3.2
INE884Q07855,12.6999,2026-06-19,NSE,3.6
INE884Q07855,11.6943,2026-06-22,BSE,2.29
INE884Q07855,12.6795,2026-06-23,NSE,3.2
INE884Q07855,12.6993,2026-06-24,NSE,3.0
INE884Q07855,12.6079,2026-06-25,NSE,1.04
INE884Q07855,11.725,2026-06-29,BSE,4.74
INE884Q07855,11.4041,2026-06-30,BSE,5.12
INE884Q07855,12.6453,2026-07-01,NSE,3.89
INE884Q07855,11.4459,2026-07-02,BSE,5.58
INE884Q07855,11.7154,2026-07-03,BSE,2.63
INE884Q07855,11.6564,2026-07-06,BSE,4.87
INE884Q07855,12.6269,2026-07-07,NSE,2.62
INE884Q07855,12.2597,2026-07-08,BSE,2.1
INE884Q07855,12.3315,2026-07-09,BSE,1.08
INE884Q07855,12.3867,2026-07-10,BSE,1.33
INE884Q07855,12.3314,2026-07-13,BSE,2.69
INE884Q07855,12.405,2026-07-14,BSE,1.09
INE884Q07855,12.2283,2026-07-16,BSE,1.31
INE884Q07855,12.2083,2026-07-17,BSE,1.75
INE884Q07855,12.2641,2026-07-20,BSE,5.24
INE884Q07855,12.1169,2026-07-21,BSE,3.64
INE884Q07855,11.6644,2026-07-22,BSE,1.32
INE884Q07855,11.7441,2026-07-24,BSE,1.81
INE884Q07855,11.8666,2026-07-27,BSE,3.37
INE884Q07855,11.8555,2026-07-28,BSE,1.09
INE884Q07855,11.9209,2026-07-29,BSE,1.34
INE884Q07855,11.8026,2026-07-30,BSE,1.32
INE884Q07863,13.0,2026-06-10,BSE,10.0
INE884Q07863,11.4999,2026-06-11,NSE,5.87
INE884Q07863,11.5,2026-06-12,NSE,2.6
INE884Q07863,11.4558,2026-06-15,NSE,7.78
INE884Q07863,11.7913,2026-06-16,BSE,10.0
INE884Q07863,11.5489,2026-06-17,NSE,5.94
INE884Q07863,11.4936,2026-06-18,NSE,4.39
INE884Q07863,13.0,2026-06-23,BSE,10.0
INE884Q07863,11.5853,2026-07-03,NSE,6.67
INE884Q07863,11.595,2026-07-06,NSE,3.09
INE884Z07013,11.5,2026-06-11,BSE,50.0
INE884Z07013,13.44,2026-06-25,BSE,50.0
INE884Z07013,11.25,2026-07-24,BSE,15.0
INE891F08018,10.9167,2026-07-15,BSE,2.88
INE891K07853,7.6967,2026-06-10,BSE,3.0
INE891K07853,8.0,2026-07-20,NSE,1.06
INE891K07853,7.8145,2026-07-27,BSE,2.06
INE891K07903,8.045,2026-07-01,NSE,20.0
INE891K07903,7.55,2026-07-03,BSE,10.0
INE891K07952,7.6,2026-07-01,BSE,5.0
INE891K07978,7.7033,2026-07-03,BSE,30.0
INE891K07AF9,8.25,2026-06-08,NSE,100.0
INE891K07AG7,7.9,2026-06-17,NSE,25.0
INE891K07AG7,7.9,2026-06-18,NSE,25.0
INE891K07AK9,7.7163,2026-06-10,BSE,2.2
INE891K07AK9,7.9062,2026-06-24,BSE,6.4
INE891K07AK9,7.9,2026-06-25,BSE,3.2
INE891K07AK9,7.7074,2026-06-29,BSE,1.0
INE891K07AK9,7.6992,2026-07-21,BSE,1.0
INE891K07AM5,7.7475,2026-06-30,NSE,25.0
INE891K07AM5,7.8295,2026-07-07,NSE,150.0
INE891K07AM5,7.8527,2026-07-08,NSE,325.0
INE891K07AN3,7.8112,2026-07-08,NSE,155.0
INE891K07AN3,7.795,2026-07-09,NSE,9.66
INE891K07AN3,7.8039,2026-07-30,NSE,25.0
INE891K08083,8.72,2026-07-07,BSE,1.0
INE896L07975,8.62,2026-06-19,BSE,10.0
INE896L07975,8.5,2026-06-22,BSE,10.0
INE896L07983,8.55,2026-06-11,NSE,11.57
INE896L07983,8.63,2026-06-12,NSE,5.0
INE896L07983,8.5,2026-06-15,BSE,5.0
INE896L07983,8.4877,2026-06-18,BSE,23.15
INE896L07983,8.425,2026-07-08,NSE,30.0
INE896L07983,8.4,2026-07-13,NSE,50.0
INE896L07983,8.175,2026-07-14,BSE,10.0
INE896L07983,8.3,2026-07-20,BSE,5.0
INE896L07AA7,8.8143,2026-06-18,NSE,1.5
INE896L07AE9,9.3963,2026-06-19,NSE,2.1
INE896L07AE9,9.045,2026-07-23,BSE,4.0
INE896L07AO8,9.2932,2026-06-25,NSE,70.0
INE896L07AO8,9.35,2026-07-09,NSE,5.0
INE896L07AO8,9.3567,2026-07-24,NSE,70.06
INE896L07AQ3,9.37,2026-06-09,BSE,1.56
INE896L07AQ3,9.26,2026-06-10,BSE,8.18
INE896L07AQ3,9.19,2026-06-18,BSE,1.06
INE896L07AQ3,9.17,2026-06-25,BSE,1.38
INE896L07AQ3,9.11,2026-06-29,BSE,7.1
INE896L07AQ3,9.24,2026-07-08,BSE,8.7
INE896L07AQ3,9.45,2026-07-10,NSE,1.21
INE896L07AQ3,9.2432,2026-07-14,NSE,5.56
INE896L07AQ3,9.25,2026-07-15,BSE,3.94
INE896L07AQ3,9.3,2026-07-17,NSE,5.0
INE896L07AQ3,9.0115,2026-07-20,BSE,10.06
INE896L07AQ3,8.74,2026-07-28,BSE,30.0
INE896L07AQ3,8.74,2026-07-30,BSE,50.0
INE903Q08018,12.47,2026-06-29,NSE,4.26
INE906B07CB9,5.6726,2026-07-24,BSE,10.69
INE906B07CB9,5.2136,2026-07-27,BSE,9.07
INE906B07CB9,5.5969,2026-07-29,BSE,5.04
INE906B07DE1,5.15,2026-06-08,BSE,5.0
INE906B07EF6,5.245,2026-07-09,NSE,1.0
INE906B07EI0,5.75,2026-06-11,BSE,2.33
INE906B07EI0,5.27,2026-06-15,BSE,2.33
INE906B07EI0,5.3833,2026-06-16,BSE,7.0
INE906B07EI0,5.36,2026-06-17,BSE,4.67
INE906B07EI0,5.267,2026-06-19,NSE,7.62
INE906B07EI0,5.1026,2026-06-22,BSE,2.0
INE906B07EI0,5.17,2026-06-23,BSE,1.39
INE906B07EI0,5.2617,2026-06-25,BSE,10.6
INE906B07EI0,5.2464,2026-06-30,BSE,18.0
INE906B07EI0,5.2481,2026-07-01,BSE,2.93
INE906B07EI0,5.2,2026-07-02,BSE,2.57
INE906B07EI0,5.1435,2026-07-07,BSE,1.1
INE906B07EI0,5.28,2026-07-08,NSE,5.36
INE906B07EI0,5.1973,2026-07-17,NSE,5.36
INE906B07EJ8,5.28,2026-07-08,NSE,7.4
INE906B07EJ8,5.2,2026-07-16,BSE,10.0
INE906B07EJ8,5.22,2026-07-22,NSE,2.4
INE906B07EJ8,5.15,2026-07-23,BSE,2.4
INE906B07GN5,7.085,2026-06-15,NSE,50.0
INE906B07GN5,7.02,2026-07-08,NSE,50.0
INE906B07GP0,7.1,2026-06-17,NSE,50.0
INE906B07GP0,7.0176,2026-07-08,NSE,200.0
INE906B07HG7,7.32,2026-06-08,NSE,25.0
INE906B07HH5,7.085,2026-06-15,NSE,50.0
INE906B07HH5,7.2447,2026-06-29,NSE,9.6
INE906B07HH5,7.02,2026-07-08,NSE,75.0
INE906B07HH5,7.13,2026-07-24,NSE,25.0
INE906B07HJ1,7.605,2026-07-16,NSE,20.0
INE906B07HJ1,7.6,2026-07-27,NSE,50.0
INE906B07HM5,7.4375,2026-07-06,NSE,10.0
INE906B07HM5,7.6052,2026-07-16,NSE,185.0
INE906B07HM5,7.6,2026-07-27,NSE,25.0
INE906B07ID2,7.69,2026-07-29,BSE,1.5
INE906B07ID2,7.406,2026-07-30,BSE,1.0
INE906B07IE0,6.87,2026-06-09,NSE,50.0
INE906B07IE0,7.1268,2026-06-11,BSE,50.0
INE906B07IE0,7.2742,2026-06-15,NSE,100.0
INE906B07IE0,7.32,2026-07-01,NSE,50.0
INE906B07IE0,7.3525,2026-07-17,NSE,100.0
INE906B07IE0,7.15,2026-07-21,NSE,50.0
INE906B07IE0,7.3,2026-07-22,NSE,50.0
INE906B07IG5,7.65,2026-06-08,NSE,15.0
INE906B07IH3,7.77,2026-06-08,BSE,5.0
INE906B07IH3,7.9,2026-06-12,BSE,1.5
INE906B07IH3,7.4,2026-07-07,NSE,10.0
INE906B07IZ5,7.41,2026-07-16,NSE,1.0
INE909H08469,7.55,2026-07-16,NSE,450.0
INE910T07027,10.75,2026-06-08,BSE,23.89
INE911L07154,12.0,2026-06-30,NSE,1.0
INE911L07154,12.0,2026-07-14,NSE,4.61
INE916DA7RP6,7.77,2026-06-09,NSE,25.0
INE916DA7RP6,7.83,2026-06-11,NSE,25.0
INE916DA7RP6,7.5,2026-07-01,NSE,90.0
INE916DA7RS0,7.6,2026-06-09,NSE,25.0
INE916DA7RS0,6.85,2026-07-20,NSE,25.0
INE916DA7RS0,6.9,2026-07-22,NSE,40.0
INE916DA7RX0,7.83,2026-06-11,NSE,25.0
INE916DA7SJ7,7.785,2026-06-23,NSE,50.0
INE916DA7SL3,7.7,2026-06-10,NSE,10.0
INE916DA7SL3,7.6,2026-06-17,NSE,25.0
INE916DA7SL3,7.25,2026-07-13,NSE,11.5
INE916DA7SL3,7.3,2026-07-29,NSE,3.5
INE916DA7SN9,7.69,2026-06-11,NSE,10.0
INE916DA7SN9,7.54,2026-06-12,BSE,10.0
INE916DA7SP4,7.55,2026-06-17,NSE,25.0
INE916DA7SP4,7.26,2026-06-29,NSE,50.0
INE916DA7SP4,7.35,2026-07-14,NSE,25.0
INE916DA7SP4,7.22,2026-07-15,BSE,25.0
INE916DA7SS8,8.1788,2026-06-15,BSE,100.0
INE916DA7SU4,8.0,2026-06-08,BSE,5.0
INE916DA7SU4,7.85,2026-06-11,NSE,25.0
INE916DA7SU4,7.7429,2026-06-17,NSE,35.0
INE916DA7SU4,7.65,2026-07-20,NSE,1.0
INE916DA7SX8,7.77,2026-06-09,NSE,25.0
INE916DA7SX8,8.0592,2026-06-10,BSE,25.0
INE916DA7SY6,7.7,2026-06-10,NSE,5.0
INE916DA7SY6,7.58,2026-06-11,BSE,5.0
INE916DA7SZ3,7.77,2026-07-16,NSE,85.0
INE916DA7SZ3,7.67,2026-07-17,BSE,85.0
INE916DA7SZ3,7.77,2026-07-22,NSE,25.0
INE916DA7TA4,7.95,2026-06-08,NSE,100.0
INE916DA7TA4,7.8525,2026-06-09,NSE,100.0
INE916DA7TA4,7.8,2026-06-16,NSE,25.0
INE916DA7TA4,7.77,2026-06-18,NSE,50.0
INE916DA7TB2,8.1616,2026-06-10,NSE,75.0
INE916DA7TB2,8.175,2026-06-11,NSE,50.0
INE916DA7TB2,7.8,2026-06-16,NSE,25.0
INE916DA7TB2,7.7,2026-06-17,BSE,25.0
INE916DA7TB2,7.7738,2026-06-23,NSE,50.0
INE916DA7TD8,7.75,2026-06-11,NSE,120.0
INE916DA7TE6,7.75,2026-06-11,NSE,40.0
INE916DA7TJ5,7.84,2026-07-22,NSE,25.0
INE916DA7TK3,7.9873,2026-06-09,BSE,2.33
INE916DA7TK3,7.72,2026-07-02,NSE,5.0
INE916DA7TK3,7.71,2026-07-03,NSE,5.0
INE916DA7TL1,8.0497,2026-06-09,NSE,35.0
INE916DA7TL1,7.8008,2026-07-15,NSE,9.6
INE916DA7TL1,7.85,2026-07-20,NSE,4.5
INE916DA7TM9,7.8939,2026-06-19,NSE,107.5
INE916DA7TM9,7.8,2026-06-23,NSE,25.0
INE916DA7TM9,7.83,2026-07-10,NSE,116.42
INE916DA7TM9,7.872,2026-07-14,NSE,125.0
INE916DA7TM9,7.8,2026-07-16,NSE,30.0
INE916DA7TM9,7.8,2026-07-28,NSE,25.0
INE916Y07073,13.3003,2026-06-19,NSE,8.51
INE916Y07073,13.29,2026-06-23,NSE,4.58
INE916Y07073,13.294,2026-06-29,BSE,2.5
INE916Y07073,13.2824,2026-06-30,BSE,2.57
INE916Y07073,13.3674,2026-07-07,NSE,2.12
INE916Y07073,13.3143,2026-07-13,NSE,2.17
INE916Y07073,13.3674,2026-07-30,NSE,1.03
INE916Y07081,13.4,2026-07-01,BSE,12.3
INE916Y07081,13.2,2026-07-13,NSE,8.0
INE916Y07081,13.0596,2026-07-14,BSE,1.11
INE916Y07081,13.4293,2026-07-30,BSE,12.52
INE916Y07099,12.8247,2026-07-17,BSE,7.39
INE916Y07099,12.6703,2026-07-20,BSE,4.17
INE916Y07099,12.5735,2026-07-21,BSE,1.89
INE916Y07099,12.7233,2026-07-22,BSE,1.51
INE916Y07099,13.0566,2026-07-27,BSE,3.79
INE918K07JI5,9.0,2026-06-09,NSE,2.2
INE918K07JI5,9.0,2026-06-16,NSE,1.2
INE918K07JJ3,9.0,2026-07-02,NSE,1.0
INE918K07JT2,9.0,2026-06-09,NSE,1.0
INE918K07JU0,9.0,2026-06-09,NSE,3.4
INE918K07JU0,9.0,2026-06-11,NSE,1.0
INE918K07JU0,9.0,2026-06-16,NSE,1.1
INE918K07JU0,9.0,2026-07-16,NSE,2.3
INE918K07JW6,9.0,2026-06-16,NSE,1.6
INE918K07JW6,9.0,2026-06-18,NSE,1.5
INE918K07JW6,9.0,2026-06-25,NSE,1.0
INE918K07KA0,9.0,2026-07-16,NSE,1.2
INE918K07KG7,9.0,2026-06-09,NSE,1.6
INE918K07KG7,9.0,2026-06-11,NSE,1.6
INE918K07KG7,9.0,2026-06-16,NSE,2.8
INE918K07KG7,9.0,2026-07-14,NSE,1.4
INE918K07KG7,9.0,2026-07-16,NSE,1.7
INE918K07KR4,9.0,2026-07-02,NSE,2.5
INE918K07KR4,9.0,2026-07-09,NSE,1.2
INE918K07KR4,9.0,2026-07-14,NSE,3.6
INE918K07KR4,9.0,2026-07-16,NSE,7.0
INE918K07KW4,9.0,2026-07-16,NSE,1.1
INE918K07KW4,9.0,2026-07-29,NSE,1.1
INE918K07PR3,8.585,2026-06-08,NSE,6.18
INE918K07PR3,8.7532,2026-06-09,NSE,1.31
INE918K07PR3,9.0,2026-06-11,NSE,1.53
INE918K07PR3,8.725,2026-06-18,NSE,2.04
INE918K07PR3,8.7868,2026-06-25,NSE,1.36
INE918K07PR3,8.645,2026-06-29,NSE,7.28
INE918K07PR3,8.665,2026-07-01,NSE,4.78
INE918K07PR3,8.6197,2026-07-09,NSE,1.43
INE918K07PR3,8.88,2026-07-15,NSE,1.34
INE918K07PR3,9.1568,2026-07-16,NSE,4.12
INE918K07PR3,8.57,2026-07-23,NSE,15.14
INE918K07PT9,9.625,2026-07-10,NSE,1.0
INE918K07PV5,8.675,2026-06-10,BSE,10.0
INE918K07PV5,8.669,2026-06-11,BSE,12.5
INE918K07PV5,9.175,2026-06-24,BSE,2.36
INE918K07PV5,7.925,2026-07-13,BSE,29.9
INE918K07PV5,8.485,2026-07-14,BSE,5.54
INE918K07PV5,8.47,2026-07-24,BSE,2.3
INE918K07PV5,8.27,2026-07-28,BSE,3.74
INE918K07QF6,9.35,2026-06-30,NSE,15.0
INE918K07QF6,9.3228,2026-07-01,NSE,10.0
INE918K07QF6,9.3261,2026-07-06,NSE,20.0
INE918K07QK6,9.35,2026-06-30,NSE,60.0
INE918K07QK6,9.3251,2026-07-02,BSE,30.0
INE918K07QK6,9.3171,2026-07-03,NSE,75.0
INE918K07QK6,9.3185,2026-07-06,BSE,20.0
INE918K07QK6,9.3274,2026-07-15,BSE,25.0
INE918K07QK6,9.2885,2026-07-20,BSE,25.0
INE918K07QK6,9.3185,2026-07-29,BSE,10.0
INE918K07QN0,11.75,2026-06-09,NSE,1.15
INE918K07QN0,11.75,2026-06-12,NSE,1.25
INE918K07QS9,9.2412,2026-06-23,BSE,1.0
INE918K07QS9,9.2449,2026-06-24,BSE,25.0
INE918K07QS9,9.3,2026-06-29,NSE,3.98
INE918K07QS9,9.3,2026-07-01,NSE,1.43
INE918K07QS9,9.1167,2026-07-02,BSE,25.0
INE918K07QS9,9.3,2026-07-03,NSE,1.05
INE918K07QS9,9.1641,2026-07-06,NSE,1.84
INE918K07QS9,9.2234,2026-07-07,NSE,2.61
INE918K07QS9,9.3,2026-07-10,NSE,1.32
INE918K07QS9,9.3,2026-07-14,NSE,9.02
INE918K07QS9,9.1917,2026-07-15,NSE,12.93
INE918K07QS9,9.13,2026-07-16,BSE,10.0
INE918K07QS9,9.3,2026-07-17,NSE,1.61
INE918K07QS9,9.3,2026-07-20,NSE,1.48
INE918K07QS9,9.3,2026-07-22,NSE,2.53
INE918K07QS9,9.0872,2026-07-24,NSE,2.82
INE918K07QS9,9.1058,2026-07-28,NSE,4.12
INE918K07QS9,9.22,2026-07-29,BSE,8.72
INE918K07QT7,10.0,2026-06-25,BSE,15.84
INE918K07QT7,10.0,2026-06-29,BSE,1.2
INE918K07QT7,10.0,2026-07-30,BSE,4.7
INE918K07QV3,11.6,2026-07-13,NSE,8.05
INE918K07QV3,11.6,2026-07-14,NSE,2.9
INE918K07QV3,11.6,2026-07-15,NSE,2.4
INE918K07QV3,11.6,2026-07-17,NSE,3.35
INE918K07QV3,11.6,2026-07-20,NSE,2.9
INE918K07QV3,11.6,2026-07-21,NSE,1.9
INE918K07QV3,11.6,2026-07-22,NSE,2.95
INE918K07QV3,11.6,2026-07-23,NSE,2.25
INE918K07QV3,11.6,2026-07-24,NSE,2.25
INE918K07QV3,11.5988,2026-07-30,NSE,4.48
INE918T07145,11.75,2026-07-30,BSE,16.8
INE918T07152,11.0,2026-07-13,BSE,20.0
INE918T07152,10.9349,2026-07-14,BSE,20.0
INE918T07160,13.2102,2026-06-11,BSE,15.0
INE918T07160,11.0,2026-06-22,BSE,15.0
INE918T07186,11.0,2026-07-09,BSE,1.0
INE918T07194,11.0,2026-07-02,BSE,100.0
INE926R07027,16.3686,2026-06-09,BSE,2.39
INE926R07027,15.5031,2026-06-12,BSE,1.53
INE926R07027,14.846,2026-06-15,BSE,1.78
INE926R07027,16.7357,2026-07-23,BSE,1.01
INE926R07035,14.5339,2026-06-08,NSE,5.04
INE926R07035,14.0956,2026-06-09,NSE,4.3
INE926R07035,14.301,2026-06-10,NSE,4.24
INE926R07035,16.4921,2026-06-11,BSE,1.94
INE926R07035,16.266,2026-06-16,NSE,1.73
INE926R07035,13.945,2026-06-18,BSE,4.25
INE926R07035,14.1831,2026-06-19,BSE,5.75
INE926R07035,14.8361,2026-06-22,NSE,3.15
INE926R07035,14.1203,2026-06-23,BSE,9.29
INE926R07035,14.5712,2026-06-24,NSE,1.51
INE926R07035,15.1145,2026-06-25,NSE,1.72
INE926R07035,15.1801,2026-06-29,NSE,5.2
INE926R07035,15.8473,2026-06-30,NSE,7.41
INE926R07035,14.9771,2026-07-01,NSE,5.32
INE926R07035,16.3856,2026-07-02,NSE,2.84
INE926R07035,16.6461,2026-07-03,BSE,1.96
INE926R07035,13.7901,2026-07-27,NSE,2.77
INE932X07049,11.0809,2026-07-13,NSE,14.17
INE932X07049,11.1262,2026-07-14,BSE,11.5
INE932X07049,11.0,2026-07-15,BSE,20.0
INE932X07049,10.9728,2026-07-16,NSE,12.07
INE932X07049,10.9236,2026-07-17,NSE,5.94
INE932X07049,11.95,2026-07-21,BSE,2.0
INE932X07049,11.95,2026-07-23,BSE,2.0
INE932X07049,10.8272,2026-07-27,NSE,4.13
INE936D07174,6.6,2026-07-06,NSE,325.0
INE936D07174,6.7,2026-07-09,NSE,200.0
INE936D07174,6.7,2026-07-10,NSE,200.0
INE936D07174,7.0,2026-07-21,NSE,230.0
INE936D07174,7.1,2026-07-30,NSE,75.0
INE936D07182,7.5,2026-06-15,NSE,100.0
INE936D07182,7.5,2026-06-16,NSE,75.0
INE936D07182,7.55,2026-06-19,NSE,20.0
INE936D07182,7.2004,2026-06-22,NSE,20.0
INE936D07182,7.59,2026-07-20,NSE,50.0
INE939L08039,8.0,2026-07-06,NSE,10.0
INE939X07150,13.0475,2026-06-11,BSE,1.0
INE939X07150,10.75,2026-06-12,NSE,1.0
INE939X07176,11.0,2026-07-03,BSE,3.15
INE939X07176,10.4695,2026-07-07,NSE,1.26
INE939X07242,11.4,2026-07-01,NSE,7.15
INE939X07242,10.6821,2026-07-13,BSE,1.18
INE939X07242,11.5,2026-07-15,BSE,1.05
INE939X07242,11.75,2026-07-16,BSE,1.9
INE939X07259,11.5,2026-06-10,BSE,2.0
INE939X07259,11.5,2026-06-29,BSE,4.0
INE939X07259,11.5,2026-07-24,BSE,14.0
INE939X07259,11.5,2026-07-27,BSE,12.5
INE941D07158,7.2423,2026-07-30,NSE,65.0
INE949L08459,8.48,2026-07-24,NSE,10.0
INE949L08459,8.2,2026-07-27,NSE,10.0
INE950O07537,7.86,2026-06-24,NSE,50.0
INE950O07578,8.0433,2026-06-24,NSE,15.1
INE950O07578,7.9925,2026-06-29,NSE,10.0
INE950O07578,7.97,2026-06-30,NSE,5.0
INE950O07578,7.9596,2026-07-02,NSE,10.4
INE950O07578,7.9675,2026-07-03,NSE,10.0
INE950O07578,7.85,2026-07-08,BSE,10.0
INE950O07578,7.9775,2026-07-09,NSE,10.0
INE950O07578,7.845,2026-07-15,NSE,1.0
INE950O07578,7.8971,2026-07-22,BSE,3.0
INE950O08303,7.95,2026-06-24,NSE,125.0
INE950O08303,7.6,2026-07-06,NSE,100.0
INE957N07799,7.8,2026-07-17,NSE,50.0
INE957N08201,9.08,2026-06-11,BSE,1.85
INE957N08201,8.9359,2026-06-16,NSE,3.55
INE957N08201,8.6963,2026-06-17,NSE,2.55
INE957N08201,9.1,2026-06-19,NSE,6.0
INE957N08201,9.0648,2026-06-22,BSE,10.0
INE957N08201,9.2637,2026-07-07,BSE,51.83
INE957N08201,8.9358,2026-07-09,BSE,19.5
INE957N08201,8.87,2026-07-15,NSE,2.0
INE957N08201,8.9091,2026-07-16,NSE,5.5
INE957N08201,9.1432,2026-07-17,NSE,8.97
INE957N08201,9.2687,2026-07-21,BSE,25.2
INE957N08201,8.9267,2026-07-30,NSE,1.27
INE964R07069,15.0,2026-06-09,BSE,12.5
INE964R07069,15.9,2026-06-11,BSE,2.5
INE964R07069,15.7654,2026-06-12,BSE,6.5
INE964R07069,15.9,2026-06-23,BSE,7.6
INE964R07069,15.0,2026-06-29,BSE,1.6
INE964R07069,11.3158,2026-06-30,BSE,1.33
INE964R07069,15.7067,2026-07-02,NSE,1.06
INE964R07069,15.9427,2026-07-06,NSE,1.9
INE964R07069,15.3568,2026-07-07,BSE,2.91
INE964R07069,15.0,2026-07-14,BSE,32.0
INE964R07093,14.5712,2026-06-24,BSE,1.05
INE964R07093,15.1419,2026-06-25,BSE,2.01
INE964R07093,14.968,2026-06-29,BSE,3.17
INE964R07093,14.0422,2026-07-08,BSE,1.56
INE964R07093,13.929,2026-07-09,BSE,1.43
INE964R07093,14.0349,2026-07-10,BSE,2.71
INE964R07093,15.916,2026-07-14,BSE,1.05
INE964R07093,13.7922,2026-07-15,BSE,1.21
INE964R07093,14.1287,2026-07-17,BSE,1.27
INE964R07093,13.8428,2026-07-21,BSE,1.25
INE964R07101,15.2553,2026-07-28,NSE,1.72
INE964R07101,15.569,2026-07-30,BSE,10.5
INE975F07IR8,7.95,2026-06-09,NSE,5.0
INE976I07CT9,7.78,2026-06-15,NSE,65.0
INE976I07CT9,7.82,2026-06-18,NSE,25.0
INE976I07CT9,7.78,2026-06-19,NSE,25.0
INE976I07CX1,7.8083,2026-06-24,NSE,10.0
INE976I07CX1,7.783,2026-06-25,NSE,5.0
INE976I07CY9,7.485,2026-06-23,BSE,10.0
INE976I07CY9,7.65,2026-06-30,NSE,50.0
INE976I07CY9,7.6,2026-07-07,NSE,25.0
INE976I07CY9,7.65,2026-07-13,NSE,25.0
INE976I07CY9,7.64,2026-07-14,BSE,80.0
INE976I07CY9,7.68,2026-07-15,BSE,25.0
INE976I07CY9,7.73,2026-07-16,NSE,25.0
INE976I07DB5,7.7,2026-06-18,NSE,10.0
INE976I07DB5,7.785,2026-07-22,NSE,35.0
INE976I07DC3,7.7422,2026-06-11,NSE,45.0
INE976I07DC3,7.6889,2026-06-12,NSE,45.0
INE976I07DC3,7.75,2026-06-17,NSE,25.0
INE976I07DC3,7.7,2026-06-18,NSE,50.0
INE976I07DC3,7.67,2026-06-19,BSE,25.0
INE976I07DC3,7.67,2026-06-22,NSE,25.0
INE976I07DC3,7.65,2026-06-23,BSE,25.0
INE976I07DC3,7.41,2026-06-25,BSE,5.0
INE976I07DC3,7.2375,2026-07-03,NSE,200.0
INE976I07DC3,7.3,2026-07-09,BSE,10.0
INE976I07DC3,7.3,2026-07-13,BSE,5.0
INE976I07DC3,7.51,2026-07-15,NSE,10.0
INE976I07DC3,7.505,2026-07-17,NSE,150.0
INE976I07DC3,7.53,2026-07-20,NSE,25.0
INE976I07DC3,7.52,2026-07-29,NSE,30.0
INE976I07DD1,7.915,2026-06-08,BSE,1.9
INE976I07DD1,7.9162,2026-06-10,NSE,20.0
INE976I07DD1,7.9401,2026-06-11,NSE,11.9
INE976I07DD1,7.91,2026-06-12,NSE,5.0
INE976I07DD1,7.82,2026-06-15,BSE,5.0
INE976I07DD1,7.78,2026-06-25,NSE,3.0
INE976I07DD1,7.73,2026-06-29,NSE,3.0
INE976I07DD1,7.85,2026-07-08,NSE,5.0
INE976I07DD1,7.8217,2026-07-09,NSE,5.0
INE976I07DD1,7.8809,2026-07-13,BSE,10.0
INE976I07DD1,7.8769,2026-07-14,NSE,5.0
INE976I07DF6,8.0067,2026-06-16,NSE,147.65
INE976I07DF6,8.0375,2026-06-17,NSE,125.0
INE976I07DF6,7.8205,2026-06-24,NSE,76.76
INE976I07DF6,8.118,2026-06-25,NSE,300.0
INE976I07DF6,7.7457,2026-06-29,NSE,350.0
INE976I07DF6,7.66,2026-06-30,NSE,25.0
INE976I07DF6,7.71,2026-07-01,NSE,10.0
INE976I07DF6,7.7,2026-07-03,NSE,25.0
INE976I07DF6,7.7641,2026-07-06,NSE,120.0
INE976I07DF6,7.779,2026-07-13,NSE,12.35
INE976I07DF6,7.89,2026-07-14,BSE,100.0
INE976I07DF6,7.8933,2026-07-15,NSE,75.0
INE976I07DF6,7.9,2026-07-20,NSE,25.0
INE976I07DF6,7.9267,2026-07-22,NSE,75.0
INE976I07DG4,7.8614,2026-07-09,NSE,181.0
INE976I07DG4,7.8686,2026-07-10,NSE,110.95
INE976I07DG4,7.8704,2026-07-13,NSE,132.23
INE976I07DG4,7.8704,2026-07-14,NSE,55.0
INE976I07DG4,7.8674,2026-07-15,NSE,110.0
INE976I07DG4,7.8833,2026-07-16,NSE,130.0
INE976I07DG4,7.8444,2026-07-17,NSE,40.0
INE976I07DG4,7.8641,2026-07-20,NSE,45.0
INE976I07DG4,7.84,2026-07-21,NSE,2.0
INE976I07DG4,7.7912,2026-07-22,NSE,1.3
INE976I07DG4,7.8971,2026-07-23,NSE,5.08
INE976I07DG4,7.827,2026-07-24,NSE,1.42
INE976I07DG4,7.8683,2026-07-27,NSE,51.51
INE976I07DG4,7.8539,2026-07-28,NSE,20.06
INE976I07DG4,7.8028,2026-07-29,NSE,4.31
INE993W07035,15.75,2026-07-27,BSE,2.5
INE996U07230,11.0,2026-06-23,BSE,2.0
INE996U07230,12.2279,2026-06-25,NSE,13.2
INE996U07248,13.195,2026-07-08,BSE,2.0
INE996U07339,12.9636,2026-06-16,BSE,78.95
INE996U07339,12.425,2026-06-17,BSE,21.5
INE996U07339,11.75,2026-06-18,BSE,4.3
INE996U07339,11.75,2026-06-19,BSE,32.14
INE996U07339,12.0,2026-06-23,BSE,2.14
INE996U07339,12.0,2026-07-10,BSE,1.5
INE996U07339,12.5,2026-07-30,BSE,10.75
INE996U07461,12.234,2026-06-23,BSE,122.0
INE996U07461,13.435,2026-06-25,BSE,5.0
INE996U07461,12.5,2026-06-29,BSE,25.0
INE996U07461,12.435,2026-06-30,BSE,50.0
INE996U07461,11.5,2026-07-17,BSE,2.0
INE996U07461,12.6,2026-07-28,BSE,25.0
INE996U07511,12.4345,2026-07-09,BSE,30.0
INE996U07511,12.275,2026-07-10,BSE,21.38
INE996U07537,12.25,2026-06-16,BSE,30.0
INE996U07537,12.25,2026-06-17,BSE,10.0
INE996U07537,12.5,2026-07-17,BSE,4.9
INE996U07537,12.3,2026-07-21,BSE,40.0
INE996U07552,11.3,2026-06-11,BSE,5.0
INE996U07552,11.3,2026-06-12,BSE,5.0
INE996U07552,12.7,2026-06-18,NSE,17.0
INE996U07552,12.7,2026-06-23,NSE,6.0
INE996U07552,12.7,2026-06-25,NSE,10.0
INE996U07560,11.4805,2026-07-15,BSE,60.0
INE996U07560,12.2595,2026-07-16,NSE,59.48
INE996U07560,11.7991,2026-07-17,BSE,20.15
INE996U07560,12.1684,2026-07-20,NSE,29.1
INE996U07560,12.0366,2026-07-21,NSE,3.05
INE996U07560,11.9234,2026-07-22,BSE,85.2
INE996U07560,11.8935,2026-07-23,BSE,35.8
INE996U07560,11.6177,2026-07-24,BSE,17.7
INE996U07560,12.2194,2026-07-27,BSE,37.1
INE996U07560,11.9868,2026-07-28,NSE,7.62
INE996U07560,12.0403,2026-07-29,NSE,4.59
INE996U07560,12.25,2026-07-30,BSE,18.2
